"cell_id","cell_x","cell_y","ColorDiversity","MeanBrightness","ColorDiversity_var"
1,262000,9606000,1.56913688153135,0.110151547032393,0.0049565678109849
2,263000,9606000,1.57453303170249,0.108838298475204,0.0142778165973145
3,264000,9606000,1.58149672275936,0.103919303623136,0.0179773930244945
4,265000,9606000,1.44529705531841,0.0963510401307596,0.0404562777250991
5,266000,9606000,1.3931738131673,0.0902188683642045,0.100690103243418
6,267000,9606000,1.55477604611441,0.0828074084592772,0.0195872690938781
7,268000,9606000,1.43203049535241,0.0903563278633715,0.0069899012209305
8,269000,9606000,1.5319414200472,0.0940622254765948,0.0171854542648944
9,270000,9606000,1.39465373001136,0.097951338733397,0.0766581061230768
10,271000,9606000,1.38819143106161,0.0996806901327263,0.0742220902373224
11,272000,9606000,1.3953152003955,0.101612692388018,0.045074817549587
12,273000,9606000,1.35361875982932,0.117103113966582,0.0517151753368948
13,274000,9606000,1.46888532015528,0.110836062669906,0.0355795367057139
14,275000,9606000,1.51138756532474,0.137300364473279,0.00942357814760315
15,276000,9606000,1.54218744849087,0.163572905960093,0.017262253997049
16,277000,9606000,1.5310670486078,0.167863592013539,0.00762585348051745
17,278000,9606000,1.33130371551691,0.111033013286673,0.0241043023657706
18,279000,9606000,1.27123631598007,0.0917961838969951,0.108288927736504
19,280000,9606000,1.197203280776,0.0976213774657885,0.0697786148022891
20,281000,9606000,1.38936283219472,0.100470894127568,0.0199354208262273
21,282000,9606000,1.34831175652374,0.0858749734690866,0.024292833628487
22,283000,9606000,1.49126308941609,0.108171267382256,0.0245700539157913
23,284000,9606000,1.51649066947452,0.0969545260714319,0.0114522624022681
24,285000,9606000,1.46552689849338,0.0848748026632911,0.0164707849163677
25,286000,9606000,1.4425262035848,0.0927535871810052,0.022658242246173
26,287000,9606000,1.42742640965927,0.0917821579161884,0.0362661259309835
27,288000,9606000,1.55079698955702,0.0895533910997288,0.00436018322285267
28,289000,9606000,1.48320983528523,0.0904256681452444,0.00569245366737928
29,290000,9606000,1.3642985801101,0.0955929168732766,0.0412684949764877
30,291000,9606000,1.34363352114058,0.102062421636012,0.0328280643097455
31,292000,9606000,1.39214038986776,0.106261881345511,0.0210455210232493
32,293000,9606000,1.5001692975409,0.109280516799422,0.00261869271517
33,294000,9606000,1.44771888228661,0.11959181346747,0.0163220921184986
34,295000,9606000,1.44135870440067,0.112557985419405,0.0169314869789737
35,296000,9606000,1.43734137901316,0.0964160897527789,0.0137597695415177
36,297000,9606000,1.51656291085371,0.09178960428071,0.0245345027905375
37,298000,9606000,1.49248192612593,0.0849525369815955,0.0199549802233351
38,299000,9606000,1.43798600794422,0.0850152938391684,0.015465780537172
39,3e+05,9606000,1.45183688267921,0.0812239827316129,0.0165556853183384
40,301000,9606000,1.4715639612015,0.0749428472533989,0.0274230895205036
41,302000,9606000,1.48006439358399,0.0689831182747357,0.0534080115271208
42,303000,9606000,1.4933257329262,0.0670526420235821,0.0226469787445398
43,304000,9606000,1.45336347558256,0.068193029468348,0.0406249967318025
44,305000,9606000,1.43212511973976,0.0655438481305054,0.051221834083608
45,306000,9606000,1.30356777814348,0.0711228616962909,0.0930266431142588
46,307000,9606000,1.53550514384236,0.0901716533157062,0.0380646645736229
47,308000,9606000,1.57462468349354,0.0994006871153508,0.00702928919439877
48,309000,9606000,1.43476337816297,0.125312718936197,0.0104403649878061
49,310000,9606000,1.4663747089212,0.12233134938127,0.0130239546576667
50,311000,9606000,1.14190010407572,0.0794267347642006,0.140615009506176
51,312000,9606000,1.43346721313035,0.0719692896949192,0.0363253536414451
52,313000,9606000,1.47296287686903,0.0720548183311341,0.0688102785282284
53,314000,9606000,1.53773828279013,0.0714693390373535,0.0624224800937492
54,315000,9606000,1.49895331813034,0.0603636337832308,0.0110561206613723
55,316000,9606000,1.30103374918519,0.0480605780687389,0.00914226997780651
56,317000,9606000,1.5518476225573,0.0432941226867229,0.0131545181698544
57,318000,9606000,1.35627482442383,0.0461140285530873,0.0284026959420866
58,319000,9606000,1.54848276425497,0.0845322401592492,0.011569457246536
59,320000,9606000,1.4848102500301,0.0986815859944606,0.0107234772942799
60,321000,9606000,1.55511447159646,0.086856382279613,0.012096887359783
61,322000,9606000,1.51233742543496,0.0802435823873188,0.0208804915798266
62,323000,9606000,1.53401134643033,0.0928606893799378,0.014704879722844
63,324000,9606000,1.58520557433488,0.099656202586113,0.019015495607283
64,325000,9606000,1.55514928379397,0.0969674359728565,0.0146298094317341
65,326000,9606000,1.58127961862995,0.113863962737805,0.0170571236708183
66,327000,9606000,1.51905343618696,0.129515806299375,0.0207363723848568
67,328000,9606000,1.56795948380826,0.1151233298428,0.00371062967261847
68,329000,9606000,1.58919578752497,0.127150449234555,0.012547833384887
69,330000,9606000,1.37373305921844,0.0829396700387177,0.0652813663630036
70,331000,9606000,1.51166165013113,0.0904184267673762,0.0357037238068384
71,332000,9606000,1.51355762546961,0.115866648990509,0.00930474127088918
72,333000,9606000,1.31728758227335,0.118499005492616,0.0369070559473294
73,334000,9606000,1.48241824474257,0.108837568377792,0.024759620399708
74,335000,9606000,1.49851859493202,0.100622074685611,0.0462422355879931
75,336000,9606000,1.48586992576354,0.0984122976355284,0.0431333893505629
76,337000,9606000,1.44480399935107,0.10242158625922,0.0688810392471604
77,338000,9606000,1.56279350127047,0.118897742721047,0.0224966334557702
78,339000,9606000,1.47029529809897,0.104665669652747,0.0213765113220283
79,340000,9606000,1.57288678933113,0.0963867319900905,0.012608587945114
80,341000,9606000,1.53928636779953,0.0766041135655454,0.0407678621980895
81,342000,9606000,1.40037532536982,0.0605913314117346,0.0273183948157337
82,343000,9606000,1.52015133667593,0.0650962445892862,0.037016534762626
83,344000,9606000,1.42239714547179,0.0766603781072711,0.0267432824524814
84,345000,9606000,1.4397541825313,0.0875794551943242,0.0189325926160976
85,346000,9606000,1.58545533768491,0.0949490510485557,0.0236174058626019
86,347000,9606000,1.56258988693875,0.0933158442722423,0.0254130887108382
87,348000,9606000,1.45976827768666,0.0828282797447688,0.0422188112050206
88,349000,9606000,1.51226795172272,0.0699533113724454,0.0711723957891626
89,350000,9606000,1.45883482556503,0.0670340773905465,0.04696101395534
90,351000,9606000,1.49860216208232,0.0738679927495244,0.0430472568712729
91,352000,9606000,1.53694392428015,0.0575032468276369,0.0231479660463374
92,353000,9606000,1.51451815897877,0.0478680193272822,0.0397800794298637
93,354000,9606000,1.5526251691181,0.0518775977364378,0.019196898483442
94,355000,9606000,1.51917920685185,0.0599116560923746,0.054485790821691
95,356000,9606000,1.46014763598048,0.0668495293758129,0.0432353461474246
96,357000,9606000,1.41643955578524,0.0799303940562481,0.0681705766178106
97,358000,9606000,1.49954575792712,0.0829132301632968,0.010214582772674
98,359000,9606000,1.22451694772598,0.0662073426461748,0.130967131739981
99,360000,9606000,1.52892290563397,0.044417404359551,0.0313365509073205
100,361000,9606000,1.56507027362963,0.0465711711904294,0.0423807217529675
101,362000,9606000,1.29266583935819,0.0697384186472541,0.143145808053948
102,363000,9606000,1.37008344519255,0.0976411339928979,0.0063901532667757
103,364000,9606000,1.5107597925885,0.093298835943853,0.0132435689702268
104,365000,9606000,1.52899567540233,0.089350205105711,0.0175445703119684
105,366000,9606000,1.52157734204766,0.0891129581089141,0.0168308954198862
106,367000,9606000,1.49740231876487,0.0861128518333928,0.013187635939515
107,368000,9606000,1.54253290514089,0.100284359508641,0.0385179705482173
108,369000,9606000,1.56523245186683,0.102859728984717,0.0401186057843242
109,370000,9606000,1.51431404985727,0.0986881782237136,0.0740759168142023
110,371000,9606000,1.41574654463858,0.0976616409048664,0.0736428238269703
111,372000,9606000,1.58595939414659,0.0997206802332009,0.0690640304452129
112,373000,9606000,1.59886125094641,0.0975135008713338,0.0609630047562501
113,374000,9606000,1.5765017179539,0.0990682521232377,0.0383693509954531
114,375000,9606000,1.59639640696993,0.101335162607873,0.0212837516327056
115,262000,9607000,1.49232239710147,0.075515294957874,0.0307491983255382
116,263000,9607000,1.46122019765168,0.0723365484390579,0.0152748652278227
117,264000,9607000,1.54257102358112,0.0778036461883786,0.0510183984824466
118,265000,9607000,1.52456605483001,0.0891489020572914,0.0136741884699421
119,266000,9607000,1.35545832443429,0.0894207357990636,0.011523495692607
120,267000,9607000,1.42087003575004,0.0930489357276057,0.0124488104249629
121,268000,9607000,1.44796511386403,0.0953932329802389,0.0639404740207333
122,269000,9607000,1.5537905506747,0.0892749338165888,0.0133687782328353
123,270000,9607000,1.44503113051866,0.0954026689561703,0.0685284824283234
124,271000,9607000,1.52288620264527,0.095899306386079,0.0111146309190805
125,272000,9607000,1.39721269031277,0.10251310427032,0.035980307064697
126,273000,9607000,1.43437177340614,0.106036798252673,0.0258342883662304
127,274000,9607000,1.53621678538045,0.129482550255564,0.0160833567858082
128,275000,9607000,1.47722591716549,0.128573138656714,0.0275757843116024
129,276000,9607000,1.46090438566193,0.148634713737761,0.0361142102680727
130,277000,9607000,1.52791818219212,0.157042058305076,0.015192426525197
131,278000,9607000,1.31927830732152,0.112045994899519,0.0226242715009957
132,279000,9607000,1.33638861177219,0.0906179076573841,0.026537286049538
133,280000,9607000,1.22904163826753,0.0943873397043994,0.0353889237941811
134,281000,9607000,1.45836540996974,0.111874415584308,0.0440120291628155
135,282000,9607000,1.43892996232305,0.101153229022955,0.0228475605564438
136,283000,9607000,1.52860124477802,0.114331910002656,0.0253706387543417
137,284000,9607000,1.48307134379895,0.109531139663356,0.0342125884294765
138,285000,9607000,1.53577164906552,0.0886069762760811,0.00585254082270088
139,286000,9607000,1.4868396016573,0.0925045629268466,0.0139809836473908
140,287000,9607000,1.48449131179186,0.0979616065197272,0.0127488498840677
141,288000,9607000,1.49947429629752,0.104245889162914,0.0124252480251551
142,289000,9607000,1.47299355580886,0.0970147925291053,0.0241405234401964
143,290000,9607000,1.4139436855825,0.099422629731741,0.0218050033988336
144,291000,9607000,1.39228863498121,0.10548537837206,0.0185292554104792
145,292000,9607000,1.45256791082731,0.110057972023566,0.0155123370975522
146,293000,9607000,1.39104162539967,0.104227020648322,0.0167851583581204
147,294000,9607000,1.34237694479554,0.103108253201522,0.0136038114981599
148,295000,9607000,1.52926693964083,0.0963044351198473,0.00764065207170657
149,296000,9607000,1.48007312587674,0.0935391523173385,0.0195199049747935
150,297000,9607000,1.49361788835006,0.0883025725548393,0.0162829166697745
151,298000,9607000,1.48618659900835,0.0856622897408318,0.0046517682066021
152,299000,9607000,1.4981846394453,0.0887772541878069,0.0141974162958615
153,3e+05,9607000,1.44648704922422,0.0878629183372804,0.0181776746610185
154,301000,9607000,1.46951195099131,0.0800474624066048,0.0429773721475131
155,302000,9607000,1.35985136990412,0.0731248350498523,0.0276395192358303
156,303000,9607000,1.44197041778594,0.0701785892297326,0.0511468768471971
157,304000,9607000,1.49413590863641,0.0728531755875955,0.026139282538188
158,305000,9607000,1.45964303392609,0.0740672744059844,0.0553381894858696
159,306000,9607000,1.56444558084652,0.0938917980129413,0.0110169337040918
160,307000,9607000,1.57045297283958,0.103738498136863,0.00178672391913158
161,308000,9607000,1.55664925811553,0.103915725554873,0.0141081661307558
162,309000,9607000,1.49060994208257,0.118755880545625,0.0351886779197481
163,310000,9607000,1.46390658677073,0.130784232704653,0.00721328848992779
164,311000,9607000,1.52103879655277,0.0851869144375923,0.0156041744668767
165,312000,9607000,1.51454088221412,0.0713450409437187,0.0240245275039638
166,313000,9607000,1.55623485351413,0.0761897367498242,0.00746274081208622
167,314000,9607000,1.59915744078146,0.0887703012298813,0.0223606942735191
168,315000,9607000,1.31531134189108,0.054145618437783,0.128469513809627
169,316000,9607000,1.43415593947062,0.0450159800394301,0.0307348441208279
170,317000,9607000,1.47052050391089,0.043013484215322,0.0324296394234344
171,318000,9607000,1.12625396510744,0.0507934526112682,0.0699451477592235
172,319000,9607000,1.52495714025107,0.0777515221824241,0.0180804942452178
173,320000,9607000,1.50899934278833,0.0813661531467655,0.0175981046592127
174,321000,9607000,1.52709984162476,0.0724694750850546,0.00605082533836791
175,322000,9607000,1.53521952315917,0.0816958716942915,0.0262929224301191
176,323000,9607000,1.53238221802949,0.0798564975248706,0.0131203039010466
177,324000,9607000,1.51562166398339,0.0860163971189071,0.00750946635575643
178,325000,9607000,1.57947716857848,0.0965062663200457,0.0135443321515752
179,326000,9607000,1.55218352294801,0.085302869994041,0.00954975688520696
180,327000,9607000,1.51618849228384,0.0877776887495681,0.0329799354436519
181,328000,9607000,1.51689826781483,0.0988792747689913,0.0218351956450835
182,329000,9607000,1.55649820285903,0.0957150133020191,0.0119986223246536
183,330000,9607000,1.43726440598196,0.0916636828623583,0.0685985962762181
184,331000,9607000,1.55631378227136,0.105962074775461,0.00990914060542952
185,332000,9607000,1.52757526000208,0.101180155500141,0.015274556542112
186,333000,9607000,1.54147068911959,0.130301724348661,0.0264032596209078
187,334000,9607000,1.30905846616233,0.121754093503579,0.0476508396426691
188,335000,9607000,1.37819534182823,0.110622945745988,0.00855193735589184
189,336000,9607000,1.41489878943992,0.11613477415913,0.0415370089956804
190,337000,9607000,1.46291588945112,0.114406105963976,0.0665779576365667
191,338000,9607000,1.53798659393651,0.121742618333155,0.0233856119321519
192,339000,9607000,1.38511137181154,0.109066000908439,0.00550189176375611
193,340000,9607000,1.58710026356533,0.101240453675897,0.00651183341674825
194,341000,9607000,1.57653457532402,0.0766170466762659,0.0311810733824489
195,342000,9607000,1.52585446754805,0.0621894485874943,0.0406315578701976
196,343000,9607000,1.44299779092202,0.0750694692743965,0.041989487207175
197,344000,9607000,1.54545562184433,0.0914987649285183,0.0588446212859381
198,345000,9607000,1.59303985729726,0.089981093193292,0.0178087119314539
199,346000,9607000,1.58567740713882,0.089258173028993,0.0210964600239666
200,347000,9607000,1.49223516168912,0.0820066009369907,0.00642893973377806
201,348000,9607000,1.35042181147848,0.0781500662574318,0.0275835698656924
202,349000,9607000,1.36949451149688,0.0696277119816465,0.051720522763316
203,350000,9607000,1.50500133561849,0.0650761143378771,0.0210470181501847
204,351000,9607000,1.49277852057674,0.0662442752448238,0.0224442253210576
205,352000,9607000,1.53109403196459,0.0508938592605914,0.0203313759440183
206,353000,9607000,1.49180729052553,0.054006552150169,0.0388542555283822
207,354000,9607000,1.50234095310543,0.05173474512416,0.051653355903552
208,355000,9607000,1.50445160332814,0.0692899261624557,0.0157525842138691
209,356000,9607000,1.50265083253195,0.0741274575348341,0.0249584113714901
210,357000,9607000,1.5014387421053,0.0869872990577858,0.0237439961928097
211,358000,9607000,1.56871662728473,0.0932274540429365,0.0125284899977825
212,359000,9607000,1.34509519629986,0.0612199270715485,0.167191583351078
213,360000,9607000,1.54235268451472,0.0482353667163646,0.0435183301285359
214,361000,9607000,1.5650426994424,0.0450506332549602,0.085273076522573
215,362000,9607000,1.36833932569595,0.0793336807497554,0.0647233036930051
216,363000,9607000,1.48330175087952,0.0933196296443431,0.0342910916338917
217,364000,9607000,1.53966160377402,0.0886081846496345,0.0272216088020261
218,365000,9607000,1.52725744260987,0.0873105236337622,0.0131784106952038
219,366000,9607000,1.53237702534004,0.0867795629370913,0.00225533196723485
220,367000,9607000,1.51616931753752,0.0850718222074744,0.0121506535588362
221,368000,9607000,1.49872635518659,0.097319343790092,0.0171404297016117
222,369000,9607000,1.5386768435878,0.0972996874651635,0.0169641656318013
223,370000,9607000,1.56216845196753,0.0959963271899769,0.0538318135422005
224,371000,9607000,1.43820673357209,0.096632575796826,0.0435964176356777
225,372000,9607000,1.53741143974702,0.0953672709248906,0.05654901918815
226,373000,9607000,1.58966916537359,0.0996349600330203,0.0564159944709138
227,374000,9607000,1.57371673157964,0.102035884930939,0.0677685720121738
228,375000,9607000,1.58975400240107,0.102140857406566,0.039196461820171
229,262000,9608000,1.5004081710289,0.0809975177635059,0.0102219212250891
230,263000,9608000,1.44700500231306,0.0778643079988086,0.0342864934063948
231,264000,9608000,1.47572302438944,0.0830404362407102,0.0224611403314859
232,265000,9608000,1.26968948697267,0.0890002974921858,0.118909287421327
233,266000,9608000,1.27560574553774,0.0962657696914363,0.0805883261983023
234,267000,9608000,1.44953012411393,0.0999130380142454,0.0335137992770064
235,268000,9608000,1.40270885015999,0.0913883900882956,0.0775539281970981
236,269000,9608000,1.58959605029077,0.0856921721552728,0.00259790784326078
237,270000,9608000,1.57412138311612,0.0891964340909379,0.0111554455186863
238,271000,9608000,1.50851857678567,0.0973503718875157,0.0142906672498258
239,272000,9608000,1.4350306132253,0.105405882885498,0.0273353486290959
240,273000,9608000,1.44141018121411,0.117175019805952,0.0180022192078484
241,274000,9608000,1.4436313358712,0.122568902272252,0.0206538603773529
242,275000,9608000,1.38153128224994,0.129429105129927,0.0545089706360756
243,276000,9608000,1.34652714587326,0.127964100030672,0.0507890605213336
244,277000,9608000,1.45775016601917,0.149671982529362,0.0707538414084184
245,278000,9608000,1.56583279367745,0.147973424460352,0.0213501977054533
246,279000,9608000,1.521860484235,0.130561917938526,0.0625419302357628
247,280000,9608000,1.34987031155834,0.097397693640463,0.0189887241341739
248,281000,9608000,1.36027942819059,0.102366254246996,0.0359858189877312
249,282000,9608000,1.42772760227247,0.103097468226657,0.0274880388312694
250,283000,9608000,1.55021075029863,0.1124292608368,0.0127639707521294
251,284000,9608000,1.49357296804374,0.107994705169121,0.0253805653635237
252,285000,9608000,1.53208869369106,0.102847189367628,0.0128943496370803
253,286000,9608000,1.49707766804575,0.0966384260993826,0.0074071922778508
254,287000,9608000,1.49555627843363,0.101280248474948,0.0207546842247787
255,288000,9608000,1.48491416774661,0.103720310502527,0.00121712576882278
256,289000,9608000,1.45695385835959,0.0953346382240313,0.0137140180325666
257,290000,9608000,1.4465178881642,0.0926793793495623,0.0416807034892968
258,291000,9608000,1.47968213619959,0.0953380333959709,0.0116282943640563
259,292000,9608000,1.44382355636731,0.100536596076918,0.0198537564235094
260,293000,9608000,1.35797878182203,0.101521489861781,0.0131426511982996
261,294000,9608000,1.40734370355858,0.096181929791663,0.0328938690772956
262,295000,9608000,1.48594800008251,0.0913772785984711,0.0152030141696807
263,296000,9608000,1.53789514908789,0.0973803309648765,0.0267296098061248
264,297000,9608000,1.54563157664073,0.0954266825228927,0.0126706848701507
265,298000,9608000,1.53639105764802,0.0982344209554678,0.0146198322685264
266,299000,9608000,1.55343342433202,0.0971647472318029,0.00635904940678426
267,3e+05,9608000,1.58040134025749,0.108149480678558,0.0103560871201923
268,301000,9608000,1.54397766620625,0.0986033324840465,0.00286183937563823
269,302000,9608000,1.54621274967543,0.0904314719684364,0.0178761555498208
270,303000,9608000,1.49067757557969,0.081983138183466,0.0368651320125858
271,304000,9608000,1.363398457985,0.0815984767646624,0.0359543436283054
272,305000,9608000,1.54114755057065,0.088377720105605,0.0156405152955245
273,306000,9608000,1.52885962349492,0.0918228191149226,0.0103945201864372
274,307000,9608000,1.55290459113469,0.0951094592968703,0.00987115002953738
275,308000,9608000,1.55152512402698,0.102911640227248,0.00906555367777586
276,309000,9608000,1.52333622351345,0.120931626529628,0.00744179053753932
277,310000,9608000,1.40037611389152,0.123006713666734,0.0370842761610757
278,311000,9608000,1.46294219473825,0.0782246677235526,0.0330967804031155
279,312000,9608000,1.57299315329051,0.0773815730547085,0.025977064560515
280,313000,9608000,1.52840081318744,0.0802498176148697,0.014797182429912
281,314000,9608000,1.51117045870949,0.0832168665561073,0.0299086602612945
282,315000,9608000,1.41628296217725,0.0628727261571508,0.0275750817735033
283,316000,9608000,1.34614760708763,0.0424512735126306,0.031234785302056
284,317000,9608000,1.26299129860497,0.0472728504898343,0.0271840023900945
285,318000,9608000,1.29073518543976,0.053301448988406,0.0348386635528667
286,319000,9608000,1.47008459627058,0.0673938767141662,0.0419809760591828
287,320000,9608000,1.5167044809845,0.072393357328564,0.0146274692017899
288,321000,9608000,1.50641319051527,0.0674068066066428,0.0429078288381178
289,322000,9608000,1.57799563725889,0.0863299649435598,0.024520195804244
290,323000,9608000,1.58043130078872,0.094325270771954,0.00685379130928471
291,324000,9608000,1.54393876966429,0.090217956449583,0.0148984407261448
292,325000,9608000,1.49702269852277,0.0822055040831676,0.0336482769779147
293,326000,9608000,1.53271963407417,0.0801207055606528,0.0224406556594914
294,327000,9608000,1.41592513382895,0.0734578197915298,0.0580804767272407
295,328000,9608000,1.42032569473892,0.0927528386059847,0.0422924891589952
296,329000,9608000,1.2767168508851,0.0679655408031018,0.08463455334217
297,330000,9608000,1.54985502304455,0.0875257517879548,0.00271648027970023
298,331000,9608000,1.53424636447647,0.115322228839038,0.0240538786738777
299,332000,9608000,1.57692248459734,0.1047228690808,0.00981511619169451
300,333000,9608000,1.58550870713971,0.120750023290121,0.0106527733963816
301,334000,9608000,1.57437312434236,0.105325797138409,0.01022129996726
302,335000,9608000,1.51424563816869,0.0932552937746237,0.00905251103785943
303,336000,9608000,1.56775318122833,0.102757287630759,0.00887214337644507
304,337000,9608000,1.58688270263563,0.112638708432273,0.00618925341120467
305,338000,9608000,1.56941763135021,0.107561131297287,0.00848408129086029
306,339000,9608000,1.48051310946287,0.104149888488626,0.0142259134259893
307,340000,9608000,1.55539191418361,0.0962923533877219,0.0448582580543626
308,341000,9608000,1.50604720629237,0.0762104829392398,0.0209817775703493
309,342000,9608000,1.2272140060651,0.0744338829639442,0.0200571213973385
310,343000,9608000,1.44460769721365,0.0915332043836585,0.0169036630646859
311,344000,9608000,1.5014780129285,0.101608361284016,0.0560532564883528
312,345000,9608000,1.54240920383979,0.0912617471215055,0.0265482612591253
313,346000,9608000,1.46029677090787,0.0793890976737461,0.0389600692312966
314,347000,9608000,1.41717474791917,0.08140504045975,0.0318938449625667
315,348000,9608000,1.49541393541458,0.0774244829654094,0.0122561683029849
316,349000,9608000,1.31320730750866,0.072723353602533,0.02503617679796
317,350000,9608000,1.35802527164328,0.0703322132809569,0.0653981626151153
318,351000,9608000,1.32047695066325,0.0690767208791159,0.0734938661536586
319,352000,9608000,1.39569048958479,0.0555094778806984,0.0726470098481637
320,353000,9608000,1.39205542190403,0.0574092489821678,0.0821852107456577
321,354000,9608000,1.33699458360976,0.0640161705877217,0.0699175121458925
322,355000,9608000,1.46801882153058,0.0782730154689491,0.00572632520734043
323,356000,9608000,1.56227485560654,0.0852046291527224,0.0155817500998929
324,357000,9608000,1.52132292317699,0.0943634086913549,0.0207007133620248
325,358000,9608000,1.43182918673677,0.0774855108259097,0.04060602318894
326,359000,9608000,1.44735038658523,0.0478407534236356,0.130319095557602
327,360000,9608000,1.58574899447744,0.0476137967205839,0.0518703140583224
328,361000,9608000,1.57335809792329,0.0430284625491178,0.0363141031576633
329,362000,9608000,1.46268106858419,0.0947075548438419,0.0148434846280985
330,363000,9608000,1.43473180377619,0.0941499233551702,0.0537289921039765
331,364000,9608000,1.55584277218288,0.0892739287399408,0.00584628249716526
332,365000,9608000,1.4635421701386,0.089162710337718,0.0211041649876536
333,366000,9608000,1.47753279493962,0.0904333484915732,0.0264769122015743
334,367000,9608000,1.50559344229807,0.084406964670812,0.016016001333395
335,368000,9608000,1.5142030838345,0.0926764629502317,0.00675688478203845
336,369000,9608000,1.47353350393084,0.0928440765703838,0.0278266046175602
337,370000,9608000,1.52448494146341,0.0940427577575289,0.0144143723177904
338,371000,9608000,1.54140001856932,0.0955618702719789,0.0636384813991714
339,372000,9608000,1.55833318282746,0.0927663309198184,0.0274050058270372
340,373000,9608000,1.58958877413479,0.0983451733734964,0.0369460483426806
341,374000,9608000,1.5880627863549,0.101488254091377,0.0457799420030441
342,375000,9608000,1.59034975650869,0.10356678702874,0.0610072749634527
343,262000,9609000,1.54461148592366,0.10095266429982,0.0407186166783544
344,263000,9609000,1.47602414581622,0.0841110267225902,0.0447897959940012
345,264000,9609000,1.43562816870328,0.0785086192017507,0.076232111142747
346,265000,9609000,1.25734697883135,0.0833331672375619,0.0769952145016697
347,266000,9609000,1.41564770539106,0.084371748973196,0.0772418710180592
348,267000,9609000,1.60405288168126,0.0868973310853816,0.0219642417973883
349,268000,9609000,1.56944870655679,0.0892293863187641,0.0148728838093781
350,269000,9609000,1.46642310924355,0.0917470917647345,0.0305862929925962
351,270000,9609000,1.48979477853712,0.0969017766414168,0.0227401656555328
352,271000,9609000,1.4949228776421,0.114492362704482,0.0199466345861374
353,272000,9609000,1.51861147933013,0.115500856404056,0.0108220960668935
354,273000,9609000,1.44619662305933,0.131692681116504,0.029473490191128
355,274000,9609000,1.42445223862754,0.140228395206657,0.0196660150376145
356,275000,9609000,1.47036157607256,0.135229065621867,0.0240825088827207
357,276000,9609000,1.43796314175252,0.12225107365643,0.028637955721728
358,277000,9609000,1.40438349424117,0.125049909415234,0.0634659098791504
359,278000,9609000,1.4625385837308,0.14026571742184,0.0621091871131612
360,279000,9609000,1.59228189838394,0.1503513978579,0.0036725321644968
361,280000,9609000,1.59792374888804,0.137906065310083,0.0183176230859675
362,281000,9609000,1.55889242841573,0.138525700684793,0.0139575158161621
363,282000,9609000,1.49488293630104,0.112843805827878,0.00850708644779045
364,283000,9609000,1.51301895581133,0.110386421779134,0.0127624372095171
365,284000,9609000,1.5258770050038,0.110708989858919,0.0146359317054135
366,285000,9609000,1.53207393017893,0.101167692699395,0.00981645244842991
367,286000,9609000,1.47111074294018,0.099722555365419,0.018236958009004
368,287000,9609000,1.49750274123937,0.0995839039121931,0.00508868034427909
369,288000,9609000,1.19341651146904,0.103239620561956,0.0709356782729393
370,289000,9609000,1.39926940552779,0.0940528456119952,0.00984705086609233
371,290000,9609000,1.52216911706024,0.0972843117404921,0.00847851972711539
372,291000,9609000,1.47374669987992,0.0974035729834373,0.0196812792327885
373,292000,9609000,1.47976022302217,0.0983317113636596,0.0177915505405129
374,293000,9609000,1.34921187939676,0.0994037856143726,0.0177700407962905
375,294000,9609000,1.49925931464446,0.0945678611711391,0.0159473598070561
376,295000,9609000,1.50778892755355,0.0911273866514242,0.00985683380580601
377,296000,9609000,1.54136767774031,0.0928887398357722,0.00896198493436994
378,297000,9609000,1.50709042370179,0.0935144009731563,0.00936295065190053
379,298000,9609000,1.48476880398345,0.104150836666944,0.0224014928878704
380,299000,9609000,1.52621105682373,0.104907291151478,0.0109599634247699
381,3e+05,9609000,1.52201422848265,0.112639081428653,0.0113251045505787
382,301000,9609000,1.50828029903016,0.106118724504141,0.010904234538122
383,302000,9609000,1.50054185332504,0.104953952911922,0.0137745306397464
384,303000,9609000,1.51443255932523,0.104153170951748,0.0209228064867162
385,304000,9609000,1.50542636389485,0.0984438337072443,0.0111849788044928
386,305000,9609000,1.53591278929832,0.0942752347751097,0.00796615675569936
387,306000,9609000,1.55682499005762,0.097194828332938,0.00811100614012867
388,307000,9609000,1.52547777167353,0.101531577731311,0.00480142009226854
389,308000,9609000,1.54387918498611,0.112617172160226,0.00636572865640148
390,309000,9609000,1.51921061811062,0.124185714166529,0.0127008095117654
391,310000,9609000,1.55248099861585,0.104616061362384,0.017249809241291
392,311000,9609000,1.4806973694822,0.0666512711930481,0.0362394407448526
393,312000,9609000,1.56919713233874,0.0834755101406953,0.0164925263509166
394,313000,9609000,1.48620421095111,0.0795747200194622,0.0670690899666215
395,314000,9609000,1.31928718538284,0.080718687304205,0.078699712980414
396,315000,9609000,1.44631718443408,0.0627947365269508,0.0806349748920864
397,316000,9609000,1.35213277659219,0.0563342396846361,0.104370453715585
398,317000,9609000,1.31523953938265,0.0520219801933607,0.0669993769744524
399,318000,9609000,1.21076247472566,0.0508225274768397,0.0776775840395613
400,319000,9609000,1.35808219423861,0.0602577536002506,0.0351422099530381
401,320000,9609000,1.50866431417257,0.0667567694341363,0.0259688990527479
402,321000,9609000,1.58677332949374,0.0833010364932097,0.0125766323578628
403,322000,9609000,1.50160584304252,0.0996506832822947,0.024114031089228
404,323000,9609000,1.52934228968694,0.0921462249333881,0.0211679452060402
405,324000,9609000,1.57745364120063,0.0850303507042326,0.0151816981297326
406,325000,9609000,1.43769250423062,0.0736307852701022,0.0368921430755542
407,326000,9609000,1.57234437945472,0.0771934990519628,0.0306030650109662
408,327000,9609000,1.45368139465707,0.0707827814495675,0.0539981092287549
409,328000,9609000,1.43995714512307,0.0710874082567612,0.117877743312658
410,329000,9609000,1.48932564278004,0.0610495399248092,0.0324625023308412
411,330000,9609000,1.38917857937807,0.0702403374736549,0.0243414808732075
412,331000,9609000,1.24608319871739,0.0667355526643829,0.051821325583794
413,332000,9609000,1.44495459168518,0.0734356758385141,0.0259765483706998
414,333000,9609000,1.56866139538673,0.0998125953171201,0.0100409218496718
415,334000,9609000,1.54592690874175,0.0943217943130322,0.0175796752099762
416,335000,9609000,1.47390797916307,0.0768116483553831,0.0184965207695649
417,336000,9609000,1.49930402965591,0.0737618667744554,0.0131687939443232
418,337000,9609000,1.55140694235352,0.0927519671682827,0.00704104922080824
419,338000,9609000,1.54468381479137,0.0884775063170141,0.00575753931237961
420,339000,9609000,1.55008394851031,0.0907870620062935,0.0112500268187944
421,340000,9609000,1.44042207229015,0.102122212577401,0.0434222597923043
422,341000,9609000,1.37183353558123,0.0810846172968837,0.0675833393424404
423,342000,9609000,1.29995698203133,0.0804740553828267,0.0312126080093473
424,343000,9609000,1.48981666912514,0.106174010059317,0.0171358946085908
425,344000,9609000,1.5221531420464,0.0861269323486242,0.0250380271519383
426,345000,9609000,1.33991248228562,0.0726853911398728,0.108621923343535
427,346000,9609000,1.45869108329566,0.0878660358007835,0.0360770293130204
428,347000,9609000,1.35609293463123,0.0856723171420053,0.0334971775928072
429,348000,9609000,1.21979367827087,0.0892565707197985,0.0662994003746924
430,349000,9609000,1.3226215898257,0.082439333561366,0.0293950881001701
431,350000,9609000,1.31669004771638,0.0758176636512471,0.0883398938048428
432,351000,9609000,1.4127853797505,0.0762974019873098,0.0152122141661456
433,352000,9609000,1.49937148916192,0.0713438023307499,0.0301211694928368
434,353000,9609000,1.32923685594061,0.0656233489638751,0.035582795404274
435,354000,9609000,1.39536795959047,0.0742121700661128,0.145629012022381
436,355000,9609000,1.45951134689218,0.0744381553576461,0.0210394054031665
437,356000,9609000,1.46057097136399,0.0733913367155414,0.0801033192372915
438,357000,9609000,1.16191690462117,0.0612476575777882,0.131948189158226
439,358000,9609000,1.35086960219277,0.0476349496037557,0.0595610764484253
440,359000,9609000,1.49930273259158,0.0457358547381788,0.0616501456583646
441,360000,9609000,1.47543090492727,0.0457729364371855,0.0369943068532282
442,361000,9609000,1.57076235070867,0.0443640325959394,0.00880356443625058
443,362000,9609000,1.50038655789628,0.0760451884835776,0.0273085623266943
444,363000,9609000,1.46676207171009,0.096927156573105,0.0229060214311427
445,364000,9609000,1.46899222092149,0.0888371410229761,0.043716875145552
446,365000,9609000,1.5552597915629,0.0917698654658167,0.00654311856034549
447,366000,9609000,1.54923971527556,0.0930914993804425,0.0148602428314285
448,367000,9609000,1.55061747238263,0.0928440591297714,0.0232191679981777
449,368000,9609000,1.50974563714199,0.095914751839178,0.0237992344100686
450,369000,9609000,1.45160164552911,0.0931567484956165,0.0454341871908401
451,370000,9609000,1.5159408303724,0.0918377579744233,0.0297304530440394
452,371000,9609000,1.53549527850317,0.0952063545863954,0.0148223214415572
453,372000,9609000,1.5048682854677,0.0994137618611085,0.0229125040196585
454,373000,9609000,1.51398811089278,0.0982915609576352,0.024485698490141
455,374000,9609000,1.59500334582934,0.0997181969423309,0.0502253096367285
456,375000,9609000,1.50805012448506,0.100187948065794,0.0246541065234168
457,262000,9610000,1.48570647255541,0.0844650896277923,0.0210120640023786
458,263000,9610000,1.36705203504812,0.0781563197482127,0.0564540496991677
459,264000,9610000,1.3782188338385,0.073553304573494,0.040571939195259
460,265000,9610000,1.59739019635745,0.0915318321797901,0.00537498827629444
461,266000,9610000,1.45609545877099,0.107385491050238,0.0164971602336277
462,267000,9610000,1.53403146633564,0.106768847644785,0.016936234811329
463,268000,9610000,1.57262527154692,0.101351152666933,0.00132849324923474
464,269000,9610000,1.52828775816145,0.109671715276894,0.0190127617849957
465,270000,9610000,1.5274438213931,0.111005098595408,0.0110172667721043
466,271000,9610000,1.51095717913599,0.118580211282052,0.0244270395612593
467,272000,9610000,1.50899901759205,0.121340134112519,0.00971806608672145
468,273000,9610000,1.47635607092275,0.132298433764759,0.0254439765580466
469,274000,9610000,1.33440158656166,0.141227781675828,0.0421541551272129
470,275000,9610000,1.52724832021598,0.136393683824271,0.0222917352151879
471,276000,9610000,1.54015530069062,0.123346848912858,0.0230822504063897
472,277000,9610000,1.53995601664806,0.123225362584196,0.0110972745310564
473,278000,9610000,1.46941183471696,0.118612008535312,0.109963588776615
474,279000,9610000,1.41872746982388,0.118057575819418,0.0244707888565297
475,280000,9610000,1.50427548565549,0.152970686981527,0.0153124520970169
476,281000,9610000,1.52338890599417,0.15398061562956,0.00416596269114123
477,282000,9610000,1.56281062473924,0.129375470618659,0.00724537665333542
478,283000,9610000,1.53844917833556,0.128659361715945,0.00705055301233619
479,284000,9610000,1.55890726430887,0.122506473141668,0.00515129415309068
480,285000,9610000,1.52570862360188,0.109159565035882,0.00892284903000245
481,286000,9610000,1.51193450485283,0.110469422830613,0.00801196376315713
482,287000,9610000,1.50373151849092,0.109800747163049,0.0161724351613618
483,288000,9610000,1.31496538176801,0.117169164861067,0.0342147849285048
484,289000,9610000,1.30828979785036,0.0994517359952542,0.0316744448885318
485,290000,9610000,1.45317960426099,0.0949183887045267,0.0227865030962579
486,291000,9610000,1.45620451114363,0.0979611859392831,0.0242644976668694
487,292000,9610000,1.46040375404988,0.0946691892842022,0.0216218018397399
488,293000,9610000,1.41116673669932,0.099324114696348,0.0217461308865929
489,294000,9610000,1.49809641784103,0.099338010138586,0.0224727849257528
490,295000,9610000,1.48790932763709,0.0928988241902039,0.0110281140227184
491,296000,9610000,1.53659864355505,0.0929265721416443,0.00595341223543491
492,297000,9610000,1.52180371809063,0.0934600913726613,0.0137507743587458
493,298000,9610000,1.45878409068885,0.10066151826527,0.0331476856002878
494,299000,9610000,1.49809132404687,0.103055698143069,0.00794318302541528
495,3e+05,9610000,1.52199077294276,0.102621324874858,0.0128674019945634
496,301000,9610000,1.52040486620502,0.105796703671942,0.00461227441336785
497,302000,9610000,1.53448338952226,0.10958649264233,0.013427856825466
498,303000,9610000,1.54815537356249,0.106467674118935,0.00601704465179849
499,304000,9610000,1.5486839957964,0.0993069739373227,0.0033584748294377
500,305000,9610000,1.51285310091831,0.0961776306612206,0.0231965334334459
501,306000,9610000,1.52678589553787,0.102865483907027,0.00804582441373619
502,307000,9610000,1.56047292281187,0.108247491440089,0.00487807438908272
503,308000,9610000,1.54694157591061,0.111876941661223,0.00833117956137719
504,309000,9610000,1.5138836331315,0.132085204103674,0.0131548872665461
505,310000,9610000,1.5834160629937,0.111822992237744,0.0210397190578505
506,311000,9610000,1.45376337391344,0.0706385143973757,0.0455331474748731
507,312000,9610000,1.54504602656961,0.0739737742007465,0.0358641289686518
508,313000,9610000,1.47216200121545,0.0727759876801748,0.0169325941386366
509,314000,9610000,1.40872141331968,0.0686860163016101,0.0847425219202833
510,315000,9610000,1.48695489160561,0.0725001685376649,0.03477104343749
511,316000,9610000,1.48685290479247,0.0656946133649928,0.0190309494349777
512,317000,9610000,1.35371254155028,0.0611235278889798,0.0934633275382338
513,318000,9610000,1.55288050224569,0.077171760606518,0.0124457984999097
514,319000,9610000,1.32118789649853,0.0644778874568568,0.0508432814093098
515,320000,9610000,1.55532295117719,0.085260327235233,0.0115446245778036
516,321000,9610000,1.57791158310215,0.0855933956753066,0.0214107234540977
517,322000,9610000,1.55998197522889,0.0901573504074812,0.0135869074550208
518,323000,9610000,1.51378833761815,0.0818800823079974,0.0188641189554619
519,324000,9610000,1.52748338339514,0.0696795234041727,0.0203649477319606
520,325000,9610000,1.41535823402153,0.0646594848631317,0.0767089775318999
521,326000,9610000,1.41892262043889,0.0615640837653899,0.0614121229948163
522,327000,9610000,1.55088217780997,0.0657922662682049,0.105973110360699
523,328000,9610000,1.42000764530999,0.0728767987185382,0.0954586668271509
524,329000,9610000,1.42698038057499,0.0686882936299525,0.0505225882355454
525,330000,9610000,1.4732662510158,0.064178657783926,0.00797902502371697
526,331000,9610000,1.33526076825931,0.0565601727192164,0.0296376582880242
527,332000,9610000,1.43246959813625,0.0844770264394112,0.00790580801670776
528,333000,9610000,1.53434551848902,0.103649968657926,0.0179097164811674
529,334000,9610000,1.56443999007838,0.0956909033371339,0.00123981419289754
530,335000,9610000,1.52837169365371,0.0867344813502658,0.0324886111120852
531,336000,9610000,1.49377848452225,0.0740938452968876,0.0145742561694778
532,337000,9610000,1.44796287439909,0.0807104748040476,0.0253943085092748
533,338000,9610000,1.57258139034529,0.0905148541057203,0.00480039110878465
534,339000,9610000,1.5719011420487,0.0993862777159205,0.00781438102770751
535,340000,9610000,1.52589661363319,0.108914308015778,0.00861065104626055
536,341000,9610000,1.58508368256488,0.0915371502943886,0.0143554744226235
537,342000,9610000,1.31846227506204,0.0753836761276181,0.0132495534171289
538,343000,9610000,1.19015279043709,0.0668758691629098,0.0188015362187453
539,344000,9610000,1.36122473224151,0.0476662798079212,0.0230878553965522
540,345000,9610000,1.58310051095687,0.0490304436731158,0.0418749529990817
541,346000,9610000,1.56601827379755,0.0480236719511945,0.0575138515293619
542,347000,9610000,0.978047129450921,0.0495066845935942,0.0964066060809619
543,348000,9610000,0.908683095253367,0.0540716688006356,0.019670371885249
544,349000,9610000,1.2898305049047,0.0647212493494046,0.053574809023884
545,350000,9610000,1.52603047020901,0.0781191869057628,0.0256996910455607
546,351000,9610000,1.44197821789637,0.0830245341169457,0.0284674080183992
547,352000,9610000,1.5104984300013,0.0817859988201404,0.0297444946042631
548,353000,9610000,1.4438430023878,0.0837204940759925,0.0198741771409384
549,354000,9610000,1.28495240365461,0.0707796895796882,0.0659933986693116
550,355000,9610000,1.22806611723415,0.0522723601626564,0.0770945923518205
551,356000,9610000,1.31970514724157,0.060479214349031,0.0664895141553092
552,357000,9610000,1.18178956874329,0.0489903688301796,0.0765226481041866
553,358000,9610000,1.21745239382383,0.0539980410515717,0.0524937252527116
554,359000,9610000,1.53746283148122,0.0455803983332061,0.0431320035166336
555,360000,9610000,1.57869458629112,0.0463686989046194,0.037848182512243
556,361000,9610000,1.45267482770748,0.0457744887849234,0.0966898916311665
557,362000,9610000,1.60066694449263,0.0794468198451961,0.0210613440085439
558,363000,9610000,1.5453169799607,0.100003441659965,0.00892922408630977
559,364000,9610000,1.55368671720108,0.0953479329849378,0.00909279237448591
560,365000,9610000,1.55418685291772,0.093362382674847,0.00843302249101756
561,366000,9610000,1.54611937457445,0.0924864392073575,0.0154029091543971
562,367000,9610000,1.55192833084078,0.0958469127795532,0.0162635074056928
563,368000,9610000,1.44512051307611,0.1012297569464,0.053247759214218
564,369000,9610000,1.54691771400353,0.102509238507351,0.0249087720473421
565,370000,9610000,1.54907125982716,0.0890633668588638,0.022324498867806
566,371000,9610000,1.48837028519985,0.0913172500035919,0.0402704303987685
567,372000,9610000,1.55664660161618,0.0961477935295479,0.018097562700632
568,373000,9610000,1.53046216964753,0.097815967185624,0.00592793292888846
569,374000,9610000,1.58014443161088,0.0966182225182975,0.02873403754824
570,375000,9610000,1.58329565028263,0.0996698970049859,0.0369002181190501
571,262000,9611000,1.37056970207757,0.073088783181553,0.0614366197417652
572,263000,9611000,1.41974977808214,0.0738865902598377,0.0432676653687271
573,264000,9611000,1.57301109062676,0.0854567403823804,0.0160806814353944
574,265000,9611000,1.33727139647577,0.112269568034548,0.0576859734382119
575,266000,9611000,1.43033797655475,0.109879346818323,0.0290122779185303
576,267000,9611000,1.54728149457543,0.100362057337403,0.00441237193312993
577,268000,9611000,1.54382395581827,0.108977879295158,0.0179278748303783
578,269000,9611000,1.49622869090892,0.117963443507551,0.0121402089660989
579,270000,9611000,1.5049193504729,0.113983012705631,0.0172560763095813
580,271000,9611000,1.52962005816939,0.111225073234626,0.00725520862890223
581,272000,9611000,1.47783005265706,0.111793733743937,0.0202798070512497
582,273000,9611000,1.47739531477585,0.118626000449601,0.0269813833250113
583,274000,9611000,1.47630440347687,0.124303428939163,0.0452397258200043
584,275000,9611000,1.5264387611365,0.114705884028649,0.0279092247111958
585,276000,9611000,1.477710566893,0.120043077282601,0.0309714942142903
586,277000,9611000,1.4341457591362,0.118674104162036,0.050529604279781
587,278000,9611000,1.50736948075865,0.115806130384432,0.0537482354697814
588,279000,9611000,1.48040667220329,0.102965461807874,0.0494973258074427
589,280000,9611000,1.36707916600066,0.110145495262352,0.0276948783875098
590,281000,9611000,1.56016309224768,0.128803633388217,0.0293995011874954
591,282000,9611000,1.52741595348678,0.146471796595225,0.012566554392664
592,283000,9611000,1.49568590058883,0.134419771392234,0.00823019526103642
593,284000,9611000,1.50998427935494,0.135375390433971,0.00903199196006072
594,285000,9611000,1.5028225895082,0.121568445609472,0.0182053520515257
595,286000,9611000,1.53115599150801,0.123135458544083,0.014380867762699
596,287000,9611000,1.48323589980628,0.118665885898248,0.0129826478434422
597,288000,9611000,1.37811809687725,0.117848546498374,0.0328344817680828
598,289000,9611000,1.48458660733778,0.100981589375737,0.0109223787579341
599,290000,9611000,1.45277293640028,0.100775052373199,0.0239532156129231
600,291000,9611000,1.47446340995276,0.106424307534106,0.00751840053975444
601,292000,9611000,1.46303961816498,0.101190234086441,0.00965763771854181
602,293000,9611000,1.42959228919661,0.0994261399083405,0.0126577444163645
603,294000,9611000,1.48385415992917,0.103571147115915,0.0145696367006397
604,295000,9611000,1.49157335992274,0.093694550615115,0.00396941264873105
605,296000,9611000,1.49072422451711,0.0985668653808049,0.0135379321266101
606,297000,9611000,1.52397925433087,0.103561318374728,0.0115838408680719
607,298000,9611000,1.51589053430496,0.101676482675577,0.0209476611506011
608,299000,9611000,1.54509159661423,0.100306871698172,0.00552816973779789
609,3e+05,9611000,1.53029421028263,0.107299598065302,0.00621228223124915
610,301000,9611000,1.48385191421708,0.103986149945361,0.0112239666554702
611,302000,9611000,1.4849758557042,0.11011185866787,0.0302663244161693
612,303000,9611000,1.53653353332075,0.111344607546146,0.00418332179662003
613,304000,9611000,1.52440346271171,0.101061498481025,0.00430861462420823
614,305000,9611000,1.48831152667524,0.0933561361842218,0.0143663280855419
615,306000,9611000,1.55864021911711,0.105837669709899,0.00336954750515626
616,307000,9611000,1.56422077852007,0.1169977551888,0.00750773198110878
617,308000,9611000,1.56232546932684,0.125408407724212,0.00292920246826237
618,309000,9611000,1.52681239423049,0.128826482709481,0.0179892972853898
619,310000,9611000,1.52413865192482,0.117104856869257,0.0194763327819107
620,311000,9611000,1.59411774906172,0.081105604006847,0.017615180681345
621,312000,9611000,1.35013543644441,0.0613273204156935,0.0865844491396682
622,313000,9611000,1.31154863271276,0.0627922953192514,0.11601952228763
623,314000,9611000,1.42747321821267,0.0656680528915187,0.0915816978033806
624,315000,9611000,1.43289977260634,0.0678478888029776,0.0435956067924871
625,316000,9611000,1.36658592068699,0.0660672674287903,0.0783028312474003
626,317000,9611000,1.46483822597,0.0779104399495519,0.0650781453024527
627,318000,9611000,1.58720640580705,0.0899107757357416,0.0215059570462916
628,319000,9611000,1.57138820113707,0.081574910593514,0.0474047865131671
629,320000,9611000,1.31306485503252,0.0600671094268641,0.0971047322894508
630,321000,9611000,1.41083959175464,0.0722576640806898,0.108763624496806
631,322000,9611000,1.51568269027504,0.0770715770065708,0.0703974299721698
632,323000,9611000,1.57758207279132,0.0818245120293392,0.0253569607950985
633,324000,9611000,1.49535061737136,0.0657626069518789,0.0138008840074318
634,325000,9611000,1.46027633251315,0.0612906245005718,0.0453440413905261
635,326000,9611000,1.43742184383869,0.0600199619545143,0.0666947517280656
636,327000,9611000,1.39201445719685,0.0579715735402992,0.0250338588302991
637,328000,9611000,1.34009661287211,0.0707273146036827,0.0804608862475838
638,329000,9611000,1.41447610929804,0.0642470754780409,0.0293918222355087
639,330000,9611000,1.48106366125477,0.073259537125167,0.00382513974613351
640,331000,9611000,1.47034773354161,0.0771214701146993,0.0110052324268441
641,332000,9611000,1.60125753197932,0.122731030447283,0.00466009092220562
642,333000,9611000,1.53098234742392,0.107770932157489,0.00429275110643341
643,334000,9611000,1.50991611698838,0.0834923069012099,0.00826821648432437
644,335000,9611000,1.51742854677647,0.0981796384225218,0.0254163639601768
645,336000,9611000,1.50493610207727,0.0750956939314157,0.0215651774740269
646,337000,9611000,1.5091399431878,0.0757623803487152,0.0279110658130329
647,338000,9611000,1.53572140884354,0.0928778734803858,0.0101316611573801
648,339000,9611000,1.53692459668888,0.103015457167872,0.0247293254085031
649,340000,9611000,1.51993492568076,0.109033916675979,0.03140815126795
650,341000,9611000,1.54376302405976,0.108356918150212,0.0113135657135646
651,342000,9611000,1.59798265381672,0.0949899133602665,0.00609236731375921
652,343000,9611000,1.40693868745204,0.0787440068284554,0.0191423180830791
653,344000,9611000,1.11295641684008,0.0571804797226384,0.0307460790291588
654,345000,9611000,1.55224397607666,0.0527126743673079,0.0189592376296349
655,346000,9611000,1.58165808559584,0.0505748524891618,0.0713214336192442
656,347000,9611000,0.992590871160192,0.0570594395392597,0.124604433505127
657,348000,9611000,1.17167459237457,0.0669252870321398,0.0886480183241912
658,349000,9611000,1.14211009437277,0.060135371385154,0.00762864630817437
659,350000,9611000,1.22655859796178,0.051521228419078,0.0272419617553127
660,351000,9611000,1.39901798480435,0.0752032232346322,0.00737935651431438
661,352000,9611000,1.46358029849464,0.0823610941217622,0.0137929237723941
662,353000,9611000,1.52911830200987,0.0776639780213443,0.11280763453412
663,354000,9611000,1.17591191422874,0.0537467280640501,0.0521094519185145
664,355000,9611000,1.35328694162001,0.0634960530029787,0.0196192894287037
665,356000,9611000,1.45383648430827,0.0686786798811804,0.040304616089588
666,357000,9611000,1.51861250542525,0.0702738508818539,0.0271616450998652
667,358000,9611000,1.33121134712349,0.0557371061649343,0.0342297815986446
668,359000,9611000,1.58906124955639,0.0479337783889794,0.040072459194754
669,360000,9611000,1.4441115705863,0.0490926857120931,0.0410727515734905
670,361000,9611000,1.46762852640219,0.0528639454831672,0.0320425597492865
671,362000,9611000,1.57530931898072,0.0809425428168366,0.00985100553267323
672,363000,9611000,1.4168937433663,0.0963162158841489,0.0107745629543057
673,364000,9611000,1.48407183097862,0.093756090887902,0.017780531647689
674,365000,9611000,1.51741295237915,0.0912676218434473,0.0119270378033059
675,366000,9611000,1.55968009071182,0.0933738660314391,0.010698841873521
676,367000,9611000,1.53865001187942,0.095890430418013,0.0133426953573178
677,368000,9611000,1.55276686682743,0.107902282017793,0.0253567274854198
678,369000,9611000,1.55730739830476,0.0986299730622997,0.0128362425130808
679,370000,9611000,1.49444784842357,0.0908940231028808,0.0232066020759598
680,371000,9611000,1.49612342699189,0.0956543328595106,0.0167584336555342
681,372000,9611000,1.57945365043333,0.0939446284670641,0.0162895454287723
682,373000,9611000,1.54605834757126,0.0943393439941315,0.0216476127053339
683,374000,9611000,1.57376737425692,0.0981448619852584,0.0512402412914735
684,375000,9611000,1.57935760307847,0.101739546558145,0.0409682946922494
685,262000,9612000,1.5407699343509,0.0924270110804144,0.0191334767040052
686,263000,9612000,1.34837769923515,0.0839861301301131,0.0134695453043008
687,264000,9612000,1.53796447053199,0.099846917454314,0.0296227378985041
688,265000,9612000,1.38622050438008,0.108007603674867,0.0492772979286168
689,266000,9612000,1.40080300319676,0.117378862287803,0.0292480317690234
690,267000,9612000,1.47796815346818,0.111779000548129,0.0190529484827325
691,268000,9612000,1.47623696099601,0.113540830106657,0.017517019401682
692,269000,9612000,1.50283463930192,0.116690186394192,0.00590981334099618
693,270000,9612000,1.39340234971427,0.115179093488303,0.0476121999888394
694,271000,9612000,1.44601495313986,0.113702397091966,0.0187211753207998
695,272000,9612000,1.40926254064645,0.114839597334031,0.024776924220458
696,273000,9612000,1.44462521590895,0.114751921872224,0.0383632277298968
697,274000,9612000,1.47639498100661,0.113806366235008,0.0172808277679263
698,275000,9612000,1.51596034609542,0.112799191326724,0.0312206515028475
699,276000,9612000,1.50369559070071,0.113314908717245,0.0183727080288432
700,277000,9612000,1.44681611502381,0.112795535917563,0.031125927531885
701,278000,9612000,1.47784444735457,0.116158028947666,0.0386812767755037
702,279000,9612000,1.47658624665616,0.102319468136549,0.0358682559968467
703,280000,9612000,1.46163917751103,0.103792351115475,0.0485550408156186
704,281000,9612000,1.42383696818136,0.104231073447406,0.0812108575557761
705,282000,9612000,1.385564123971,0.111808633142388,0.0594481431841996
706,283000,9612000,1.53061470082795,0.12436382229071,0.0371838162244488
707,284000,9612000,1.4453723591496,0.130307852328056,0.0292263600966495
708,285000,9612000,1.46845453922883,0.121348496480684,0.0185502549497299
709,286000,9612000,1.52633705556228,0.124091918858817,0.00636939521244495
710,287000,9612000,1.51294184344288,0.124360724610106,0.0133804533590842
711,288000,9612000,1.39791713586128,0.131971176141303,0.0494927744005381
712,289000,9612000,1.56052412497376,0.124995858956327,0.00579907442497402
713,290000,9612000,1.47625913740202,0.108440069075456,0.00704557035225632
714,291000,9612000,1.54076891350273,0.12547131090448,0.00680757780147369
715,292000,9612000,1.54466483780472,0.115470471990602,0.00863548559746775
716,293000,9612000,1.52617528794414,0.104832388749694,0.00302908978889876
717,294000,9612000,1.50012275606681,0.106834829963264,0.0104187110818888
718,295000,9612000,1.53788142875093,0.106677128714867,0.00994751402013605
719,296000,9612000,1.27680334812625,0.107482571147734,0.0173734267482303
720,297000,9612000,1.54511793518474,0.112100791327204,0.00326461408378431
721,298000,9612000,1.55584906006998,0.111025312596,0.00586130224896075
722,299000,9612000,1.53411028674033,0.109262655738729,0.00989640301462178
723,3e+05,9612000,1.51044731034686,0.103387304890151,0.00217930282268711
724,301000,9612000,1.54053290969291,0.101614717037358,0.0212358431957529
725,302000,9612000,1.48032373422586,0.102349684016717,0.00685684299232017
726,303000,9612000,1.5295969393045,0.102378686834515,0.00539513942107009
727,304000,9612000,1.55917439790729,0.101868054070836,0.00185463603334564
728,305000,9612000,1.53418372652222,0.0978781779118015,0.00584437055925206
729,306000,9612000,1.52019470948434,0.104601530329367,0.0103724898126197
730,307000,9612000,1.48469348627375,0.109867455700087,0.0203027196106664
731,308000,9612000,1.52302414173336,0.118649356306288,0.017383855163218
732,309000,9612000,1.48127047458047,0.125530014933792,0.016802868801977
733,310000,9612000,1.43750669188062,0.108734541806154,0.0461148526613604
734,311000,9612000,1.52335107966589,0.0761855863508091,0.03171679747136
735,312000,9612000,1.43286267022013,0.0626733094328025,0.0609364885694475
736,313000,9612000,1.51313832949788,0.0715538785533782,0.20887661851579
737,314000,9612000,1.2853760573602,0.0775041771684895,0.0509589246833277
738,315000,9612000,1.36443928375339,0.0710227540183413,0.145999901625993
739,316000,9612000,1.43909567186136,0.0710224298534606,0.0197475056559791
740,317000,9612000,1.5458869748007,0.0823362939508861,0.0301899964594347
741,318000,9612000,1.54835971252947,0.098354646592808,0.0223929345689557
742,319000,9612000,1.49978765892907,0.0772718465859308,0.0330857775330667
743,320000,9612000,1.2532257920115,0.0555441335005868,0.115596874087984
744,321000,9612000,1.34420150807506,0.064049751390458,0.0794788031808854
745,322000,9612000,1.49756238050374,0.073042557920397,0.101333063263636
746,323000,9612000,1.47416085132459,0.0744590549303839,0.0860134841468024
747,324000,9612000,1.59937155833552,0.0794113427687136,0.025350400508797
748,325000,9612000,1.59652390510776,0.0795037205371975,0.0238404920381134
749,326000,9612000,1.48209936595815,0.0705569297685851,0.0262927436103273
750,327000,9612000,1.46504179272921,0.0673989136442303,0.0481598805148566
751,328000,9612000,1.48824050040298,0.0689249558945736,0.0740091813169349
752,329000,9612000,1.48360744954193,0.0634342304023676,0.0403619443788402
753,330000,9612000,1.46680473710321,0.0683016639069861,0.0121441697076869
754,331000,9612000,1.5121635517636,0.0864473578330011,0.00785945394724712
755,332000,9612000,1.57240872406141,0.125982203979873,0.00668845749165804
756,333000,9612000,1.47338975386071,0.0907797128032494,0.0142831868151848
757,334000,9612000,1.51063739213799,0.0921164924288984,0.0455047447520641
758,335000,9612000,1.55857457547234,0.0826206067763996,0.0159085140938594
759,336000,9612000,1.52025011851725,0.0809217152474623,0.022392852918965
760,337000,9612000,1.44317110452342,0.0742497990207567,0.0561018235491162
761,338000,9612000,1.43048061716956,0.0857103725466417,0.0211598803955905
762,339000,9612000,1.44756222586769,0.0890700223551466,0.0293493965397417
763,340000,9612000,1.56588868424372,0.0990057794710849,0.0115553610271169
764,341000,9612000,1.50427022771331,0.108976245650353,0.0177795773195863
765,342000,9612000,1.51869040949755,0.10379557425695,0.0119259332134811
766,343000,9612000,1.54066071664383,0.116684343116723,0.0137601028030866
767,344000,9612000,1.44409836201264,0.104486372975666,0.0496142947771212
768,345000,9612000,1.29399268144508,0.0531489949918927,0.134447194101957
769,346000,9612000,1.37624518301968,0.0524469767579853,0.0679482642951634
770,347000,9612000,1.38716265251023,0.0840307411446085,0.0216379281348753
771,348000,9612000,1.4428379934548,0.0817087005506484,0.04185798196193
772,349000,9612000,1.51317865790599,0.0969511294375768,0.0647280105646817
773,350000,9612000,0.864370231311063,0.053403455596412,0.160167560594316
774,351000,9612000,1.39346707251509,0.0494878962604396,0.0283284376238863
775,352000,9612000,1.33393477936108,0.058668566454899,0.0894349149748667
776,353000,9612000,1.47258092829502,0.0707628335139753,0.023525764934639
777,354000,9612000,1.50107614707621,0.060328590407783,0.0321523153880686
778,355000,9612000,1.52072214070426,0.0846214852176609,0.0136032904026863
779,356000,9612000,1.55094218459235,0.0890497909105229,0.0232329697875796
780,357000,9612000,1.56097757343476,0.0942904211295591,0.0231788709677479
781,358000,9612000,1.38992210840581,0.0587909846532595,0.0455605416693845
782,359000,9612000,1.57783137065508,0.0489164726610162,0.0462375089740017
783,360000,9612000,1.38848412950541,0.0744951013795534,0.0474899860484522
784,361000,9612000,1.50915997328784,0.0712346336011347,0.0269008534702268
785,362000,9612000,1.54950420500293,0.072630247314843,0.0164602382269037
786,363000,9612000,1.54704376949099,0.0808413994838685,0.0199052485419147
787,364000,9612000,1.52601534064266,0.0882014036657322,0.0155889431362509
788,365000,9612000,1.57795360637287,0.0910049417109124,0.0237816426039659
789,366000,9612000,1.58339726944568,0.0928709031175147,0.0204360355726222
790,367000,9612000,1.56259280434317,0.0957067404042768,0.0109786708683293
791,368000,9612000,1.58194817283753,0.108603445146123,0.0188358815216648
792,369000,9612000,1.50640126817747,0.0972961029419608,0.022166317831804
793,370000,9612000,1.47594529767888,0.0916378521074775,0.0303846025744105
794,371000,9612000,1.55371847397955,0.0925770915358556,0.0165968755671963
795,372000,9612000,1.57037048906696,0.0971228783338331,0.0131822203411835
796,373000,9612000,1.57477063125824,0.0969385841026311,0.0242275742045994
797,374000,9612000,1.54207669862887,0.10270346604654,0.0307849794132646
798,375000,9612000,1.41450231280651,0.103355256838593,0.0952644183452439
799,262000,9613000,1.41640520565407,0.0966560517518756,0.035583956479896
800,263000,9613000,1.39772887881476,0.0893883958998579,0.086575300083027
801,264000,9613000,1.48046270223353,0.0956102993646105,0.017685126870784
802,265000,9613000,1.39342644208299,0.100351989272979,0.0444943269807936
803,266000,9613000,1.42348360153595,0.109731855406179,0.0479310593224207
804,267000,9613000,1.47459618136873,0.117896626962632,0.035741876704499
805,268000,9613000,1.50347929177029,0.103256152444911,0.0152398100005848
806,269000,9613000,1.44068531811471,0.10824619937632,0.0255215757330215
807,270000,9613000,1.44328519631246,0.108280034679788,0.0419901272796142
808,271000,9613000,1.5399495637322,0.111276741797698,0.0377620102163609
809,272000,9613000,1.54519410901166,0.112941830560287,0.0232661909859933
810,273000,9613000,1.5400693229196,0.106713269254929,0.00611741262693445
811,274000,9613000,1.48128703194007,0.111439995866232,0.0166214549694424
812,275000,9613000,1.40638253888824,0.10972526730742,0.042450437366776
813,276000,9613000,1.44615707954787,0.108129087714179,0.0316028417208667
814,277000,9613000,1.44772534975288,0.105145132755901,0.0156763625226796
815,278000,9613000,1.55833753760986,0.109398849705329,0.031860141846892
816,279000,9613000,1.47172245453155,0.102077401729415,0.0364548166936
817,280000,9613000,1.50251077211168,0.0997006855866965,0.0167162149254427
818,281000,9613000,1.47757967024548,0.100759993763344,0.0248878162688309
819,282000,9613000,1.50055224120408,0.106808340365923,0.0459321551518778
820,283000,9613000,1.45811057081863,0.105239411411891,0.0447821357303123
821,284000,9613000,1.55229636313453,0.105806392963978,0.02952800820448
822,285000,9613000,1.50975780280861,0.109224854789548,0.0338425591763348
823,286000,9613000,1.40864743713308,0.118029230604093,0.0847057019614183
824,287000,9613000,1.41682588696624,0.118168217878751,0.0385108236992926
825,288000,9613000,1.54661922179629,0.11444122984399,0.0211765169879619
826,289000,9613000,1.51735905742876,0.124886628599094,0.0215826458874255
827,290000,9613000,1.54911977014399,0.120836580971571,0.0138470160003616
828,291000,9613000,1.52072640027693,0.14875625466272,0.00738697063132291
829,292000,9613000,1.55885915119636,0.144828799471303,0.0230146655594334
830,293000,9613000,1.51435285281026,0.123682576938591,0.00687077409368493
831,294000,9613000,1.58577272505447,0.132117761239713,0.00789663253801381
832,295000,9613000,1.49625450105725,0.121443798857131,0.0154466327020826
833,296000,9613000,1.41778239674038,0.108345186233252,0.0754902247898209
834,297000,9613000,1.54228915385088,0.11542832550613,0.0168586951445688
835,298000,9613000,1.52650870346006,0.119798718450661,0.0140573056301563
836,299000,9613000,1.51686704339927,0.105340495506406,0.00820465335353656
837,3e+05,9613000,1.56427943221305,0.104188723585216,0.00908219686707963
838,301000,9613000,1.53555969602649,0.0978513769365655,0.0203011003546832
839,302000,9613000,1.53786255624362,0.0972261771140369,0.00888464131071048
840,303000,9613000,1.52995026353462,0.0932357223244942,0.037024200455183
841,304000,9613000,1.44755066265024,0.0918029513509418,0.0536842929178249
842,305000,9613000,1.50785091689544,0.0978260109199169,0.041672226239677
843,306000,9613000,1.52029079736356,0.105446587485331,0.0214443565456093
844,307000,9613000,1.39401914403916,0.109830268251471,0.0435485766517634
845,308000,9613000,1.49036932467703,0.116795126927196,0.0172522449264147
846,309000,9613000,1.39392502450859,0.118651218921657,0.0194569244146776
847,310000,9613000,1.45196123728385,0.0892606258675765,0.0852974149740521
848,311000,9613000,1.43416903759185,0.0657485848262236,0.0331594359955706
849,312000,9613000,1.47056770558761,0.0688873664011095,0.0831539861523768
850,313000,9613000,1.38631215767865,0.0741333868174493,0.161694320767175
851,314000,9613000,1.36539971136121,0.0698865170362121,0.0207977812298351
852,315000,9613000,1.44047758539002,0.0729935222825125,0.0263984193180815
853,316000,9613000,1.52879446555991,0.0783567670700706,0.0346037377398332
854,317000,9613000,1.5247384786981,0.0822461970801652,0.0437561881224993
855,318000,9613000,1.52259260825817,0.0946611812913752,0.0129983773414966
856,319000,9613000,1.50280814242759,0.0911830870703356,0.0371388119921668
857,320000,9613000,1.52871283399911,0.0815479562329213,0.0272579816734666
858,321000,9613000,1.54614849108902,0.0714184375051987,0.0177647045164073
859,322000,9613000,1.29172766832055,0.063631670687678,0.116643413266594
860,323000,9613000,1.48001213278723,0.0641030814791443,0.0777506845425628
861,324000,9613000,1.39583546772668,0.0636942531712849,0.0945857651882839
862,325000,9613000,1.42563031242458,0.0691391104831599,0.11135943768558
863,326000,9613000,1.49649723723874,0.0859682167309133,0.00552699747006054
864,327000,9613000,1.45519666002249,0.0866018126491973,0.0501796393850599
865,328000,9613000,1.49068703199507,0.0781809862580242,0.0165088415558734
866,329000,9613000,1.55143067625855,0.0650656837458821,0.0287935252674675
867,330000,9613000,1.4148288636102,0.0652886933397255,0.0393825365990294
868,331000,9613000,1.54480454795939,0.0926635922702366,0.0069017498048963
869,332000,9613000,1.54367680717506,0.107030004459525,0.0156738680033394
870,333000,9613000,1.37528508913688,0.0794587830481277,0.0822568311536096
871,334000,9613000,1.58797303874354,0.0892937314613676,0.00509037268192307
872,335000,9613000,1.53992706843761,0.083161763365284,0.0142405548348513
873,336000,9613000,1.53369119321229,0.0792895240981795,0.0147877516941323
874,337000,9613000,1.36504960804743,0.0676117145812091,0.0515871853612473
875,338000,9613000,1.44977720420539,0.0748296825953751,0.0318871416696748
876,339000,9613000,1.4431389139636,0.0828168688769719,0.0417345473711012
877,340000,9613000,1.58662575835002,0.0995630299067185,0.0053785696298025
878,341000,9613000,1.4584422281984,0.109920032824601,0.0125792716354184
879,342000,9613000,1.50235855806213,0.108394340335316,0.00543740322657181
880,343000,9613000,1.51868623661211,0.10864323413432,0.0104638055394382
881,344000,9613000,1.5283550811757,0.133617870464608,0.0224200163935551
882,345000,9613000,1.12680300939191,0.0845091084076265,0.159371171436946
883,346000,9613000,1.11461441398223,0.0526895624661891,0.0989188370047306
884,347000,9613000,1.53523870156485,0.0877595359512241,0.021772394108766
885,348000,9613000,1.54034414941791,0.0753817392168087,0.0181831853827753
886,349000,9613000,1.49960769461091,0.10147270175962,0.0181485099987548
887,350000,9613000,1.20216336399357,0.0612991541638526,0.0728715030992872
888,351000,9613000,1.28158974188566,0.0581571795860955,0.0615250890915011
889,352000,9613000,1.52066921570281,0.0841729550612968,0.00714387164790577
890,353000,9613000,1.51979256882203,0.0829949073174816,0.0243916188076549
891,354000,9613000,1.58787081287081,0.0695823573676267,0.0427376625971264
892,355000,9613000,1.46317919049982,0.0601335774006318,0.0223968023372081
893,356000,9613000,1.47789842401943,0.0791574317210848,0.0578424476144249
894,357000,9613000,1.57770551637668,0.113762755674916,0.0175996650189973
895,358000,9613000,1.41016406331934,0.0591567124843149,0.0415150673733194
896,359000,9613000,1.06996160871698,0.0622563046569617,0.103916345221665
897,360000,9613000,1.57195991045742,0.107735199420797,0.0374623816850434
898,361000,9613000,1.5476313032549,0.0750732188210685,0.0287305492898232
899,362000,9613000,1.56498354493354,0.0792420443770207,0.0171404022214288
900,363000,9613000,1.54816920744143,0.0834440347372545,0.0185490861179109
901,364000,9613000,1.54420654438833,0.0881580580232814,0.0188501706488184
902,365000,9613000,1.51661217009003,0.0918619597477339,0.014695163490221
903,366000,9613000,1.4857101368261,0.0869170060044275,0.0414585742379953
904,367000,9613000,1.51044822000216,0.0971629613243268,0.023850293256119
905,368000,9613000,1.50755436444335,0.105294651640494,0.00702862812420962
906,369000,9613000,1.57778222648333,0.10005960104283,0.0298027766268155
907,370000,9613000,1.4721235105511,0.0940753567456018,0.039218521232743
908,371000,9613000,1.5330841045854,0.0927423197106199,0.0334789389834114
909,372000,9613000,1.48262574778198,0.0984814719482772,0.0405352285421144
910,373000,9613000,1.53397729823206,0.103925904030194,0.0125502352980347
911,374000,9613000,1.5558655631256,0.103377024100241,0.0530394201362354
912,375000,9613000,1.53520476794179,0.098932236450968,0.00972481257031837
913,262000,9614000,1.40564328523061,0.0952141937650615,0.0740218489739224
914,263000,9614000,1.35428807534074,0.0826491797373629,0.075119483103795
915,264000,9614000,1.47744890007949,0.087678908780605,0.0232809944126211
916,265000,9614000,1.46032375781715,0.0943520171582515,0.0174863234431615
917,266000,9614000,1.48862575574674,0.107746821016417,0.0295364738793376
918,267000,9614000,1.44885620353261,0.107990479259695,0.0323335545483449
919,268000,9614000,1.44941253757565,0.101559238551109,0.0221059947897675
920,269000,9614000,1.44441839162694,0.10436123938579,0.0322074272025815
921,270000,9614000,1.45361422642054,0.109143454927174,0.0387151475864531
922,271000,9614000,1.57422917859136,0.107544152099355,0.0197013728153833
923,272000,9614000,1.48371999284583,0.109508812092148,0.0377661700740763
924,273000,9614000,1.53784949221336,0.109143289935476,0.0168714588370392
925,274000,9614000,1.52505583034439,0.107893001788811,0.0200861190837866
926,275000,9614000,1.43563373723605,0.110195791540049,0.0633090226507263
927,276000,9614000,1.4456789742653,0.114206865854938,0.0273169650429541
928,277000,9614000,1.44395265205505,0.113364274307533,0.0335381153928048
929,278000,9614000,1.42192243608292,0.115336639051822,0.062099962689784
930,279000,9614000,1.39474547137068,0.116646649017892,0.08018168840767
931,280000,9614000,1.43006559766561,0.11348928126996,0.0421465995165496
932,281000,9614000,1.48483606598104,0.104046982521117,0.0268671830421451
933,282000,9614000,1.47854491450737,0.106517067608472,0.0201933313388593
934,283000,9614000,1.52118511779549,0.105372206789018,0.0203975717107019
935,284000,9614000,1.52403026907911,0.102365340964447,0.0204318036583875
936,285000,9614000,1.5054945533716,0.0995677705342721,0.0249551948636892
937,286000,9614000,1.4571727969995,0.10419809098168,0.0134647176192868
938,287000,9614000,1.45823473838549,0.103846301642205,0.0158067598878374
939,288000,9614000,1.49433631654108,0.100682413131487,0.0119971218852941
940,289000,9614000,1.47849933790968,0.11163557474504,0.0286369510163287
941,290000,9614000,1.44017752486685,0.108615675593876,0.0705212419164646
942,291000,9614000,1.53438085893758,0.124580300757622,0.023736518581666
943,292000,9614000,1.48730357726066,0.131685615395481,0.0349045082469617
944,293000,9614000,1.50461013585124,0.120967585773139,0.036402604098721
945,294000,9614000,1.51606587964573,0.137268437477783,0.0166076482941601
946,295000,9614000,1.49529027904307,0.118833686609834,0.0240878595421632
947,296000,9614000,1.49499447006061,0.109553345239878,0.019228313096949
948,297000,9614000,1.49180783218592,0.120124738632183,0.0111340904889619
949,298000,9614000,1.41749966518319,0.112862563963344,0.0577432442757649
950,299000,9614000,1.50461204910572,0.107227462171943,0.00833592717834811
951,3e+05,9614000,1.51710177322646,0.106443815144445,0.0133811296764691
952,301000,9614000,1.54047783811923,0.0986045676117843,0.015147500799533
953,302000,9614000,1.55965723739413,0.0871389675632654,0.0523447635049078
954,303000,9614000,1.55974207664969,0.0886324038434733,0.025314772148447
955,304000,9614000,1.42137577110013,0.100133672674838,0.0667355325725168
956,305000,9614000,1.43260735115115,0.109698676596219,0.0131330304358479
957,306000,9614000,1.5704774022177,0.10725307099507,0.00861130244653282
958,307000,9614000,1.51341452538899,0.109027058971974,0.0288807323255846
959,308000,9614000,1.49146276645919,0.102588161185427,0.0087200741132446
960,309000,9614000,1.40383492323834,0.104816067158606,0.00708936080614628
961,310000,9614000,1.35722810514091,0.070863986158178,0.0717864429169639
962,311000,9614000,1.38256893404639,0.0716642847428035,0.0346133194781304
963,312000,9614000,1.44084208628437,0.0726982408774462,0.120325380251042
964,313000,9614000,1.37182277515364,0.0664552008008301,0.0372905197103141
965,314000,9614000,1.44329320489872,0.0700842419947939,0.0181228307590975
966,315000,9614000,1.41344974304363,0.0790793549331422,0.0767589383714091
967,316000,9614000,1.4548742167494,0.0712195122547411,0.10102261334698
968,317000,9614000,1.53547426998721,0.0794192171433716,0.0125450649528274
969,318000,9614000,1.54684464282726,0.0876178425804423,0.104701032305908
970,319000,9614000,1.46310545738823,0.0924703593206213,0.0462082847037537
971,320000,9614000,1.47005411132129,0.0877040179836252,0.0204484663865279
972,321000,9614000,1.53438780015443,0.0889663379196148,0.0137651199301845
973,322000,9614000,1.48006869835152,0.0882476146046718,0.0477072935712386
974,323000,9614000,1.56303393896038,0.08534129142559,0.0152505107404878
975,324000,9614000,1.53163847135011,0.0648837946717206,0.0348683265367269
976,325000,9614000,1.39579162431682,0.0776542120083002,0.0239842364276877
977,326000,9614000,1.42021054863421,0.0800438500062285,0.0221956294766623
978,327000,9614000,1.42403712833031,0.0701236080458891,0.0644550083627269
979,328000,9614000,1.45930726020679,0.0664497990089587,0.0412131275465772
980,329000,9614000,1.46326160435945,0.0651995922033392,0.0188997318716172
981,330000,9614000,1.50628199523047,0.0762529524736543,0.011445886526678
982,331000,9614000,1.53551316968487,0.0904203441802937,0.00827859252946045
983,332000,9614000,1.31701609371939,0.0728948004439464,0.0469636731954305
984,333000,9614000,1.42706494250369,0.0676366960102868,0.0217637314706928
985,334000,9614000,1.55261474084549,0.0868447074587581,0.0251383018167486
986,335000,9614000,1.51632499903591,0.0918426555067164,0.0113950950687261
987,336000,9614000,1.53460174703741,0.0896529013681952,0.0230594668367409
988,337000,9614000,1.49393512866476,0.0807014535790073,0.0272680818486324
989,338000,9614000,1.45237008241298,0.0704006553713428,0.0269882231747054
990,339000,9614000,1.43860159450879,0.0770268207720666,0.0336800677814468
991,340000,9614000,1.54968545231817,0.089071249342166,0.00385359500534731
992,341000,9614000,1.52932062910755,0.0970999942372201,0.00863372543433543
993,342000,9614000,1.5025353248512,0.0983103051741659,0.00587635555953348
994,343000,9614000,1.59064738286277,0.0975141790483391,0.0250699337513096
995,344000,9614000,1.56186712094858,0.110185999982163,0.0344494861455475
996,345000,9614000,1.57499905400426,0.11549896941289,0.0082748025946161
997,346000,9614000,1.14117094498048,0.0534241204712728,0.0501652187139397
998,347000,9614000,1.47862407187842,0.0801149517087206,0.115927233448177
999,348000,9614000,1.48999989498109,0.100628538111141,0.0142602348958167
1000,349000,9614000,1.54479476202419,0.098121272588182,0.00969740232420931
1001,350000,9614000,1.31932787860034,0.0609659033318104,0.0275788826461162
1002,351000,9614000,1.34527066454184,0.0619711075883638,0.0227202553243564
1003,352000,9614000,1.51833822436056,0.0947005868150341,0.0317664052612748
1004,353000,9614000,1.38480939930203,0.082946680397208,0.0201940495533768
1005,354000,9614000,1.44992442256328,0.0647529037087116,0.0315304026612363
1006,355000,9614000,1.5124320473164,0.0626264675581392,0.026881644519751
1007,356000,9614000,1.5584482908689,0.085389167429006,0.0262151315399597
1008,357000,9614000,1.41637019610647,0.075025756467024,0.0146697329616318
1009,358000,9614000,1.31799579668861,0.0540119783351083,0.0350853444022193
1010,359000,9614000,1.44851276224564,0.0921402166239231,0.104039600775652
1011,360000,9614000,1.41513150507485,0.0854206370106419,0.0867243487462467
1012,361000,9614000,1.5020424022644,0.0770644567205032,0.0269097496198956
1013,362000,9614000,1.52353463846942,0.0851870190382847,0.0267393641735727
1014,363000,9614000,1.53578354606851,0.0842633122788802,0.0134160575810973
1015,364000,9614000,1.56686376825509,0.0900382018891523,0.00933728006594953
1016,365000,9614000,1.53737856491094,0.0922195796618804,0.00902761388744822
1017,366000,9614000,1.47772480005411,0.0890307771848824,0.026628419285072
1018,367000,9614000,1.51836850726771,0.0905171256952353,0.0309390745670682
1019,368000,9614000,1.49957576807233,0.0952458670650243,0.00770693309955381
1020,369000,9614000,1.53653990500073,0.0974852528542884,0.0128702127227642
1021,370000,9614000,1.48843180482286,0.0923562639893808,0.0505289262522238
1022,371000,9614000,1.52528820600627,0.0943134156354243,0.0260088202323935
1023,372000,9614000,1.56172824398345,0.099065816154048,0.039775151624341
1024,373000,9614000,1.57577036484215,0.102330695789517,0.0233373764698679
1025,374000,9614000,1.49131097925446,0.0998863880403948,0.0167857648346043
1026,375000,9614000,1.44778466014791,0.0955664259055206,0.0899224693855909
1027,262000,9615000,1.49974068723867,0.0805447415437253,0.0348406456684295
1028,263000,9615000,1.543787042706,0.0752358373243197,0.0203744972207668
1029,264000,9615000,1.47462524815061,0.0796434212203146,0.030879336842622
1030,265000,9615000,1.51941639793118,0.103725830844196,0.0250473645074987
1031,266000,9615000,1.37773152692767,0.105051465263252,0.0528931887807484
1032,267000,9615000,1.32954154164873,0.101594880665129,0.0761406096562356
1033,268000,9615000,1.28389334077954,0.10320934895194,0.0787669649023341
1034,269000,9615000,1.47264584125514,0.103454371243608,0.036179549480622
1035,270000,9615000,1.47803227368571,0.104704223681161,0.0299918916654696
1036,271000,9615000,1.46528883204362,0.103160638655123,0.0308486370222596
1037,272000,9615000,1.5415076878373,0.106658783045098,0.0162192234142856
1038,273000,9615000,1.51766780766511,0.102512404787766,0.0124508548981303
1039,274000,9615000,1.55646858385705,0.101909921762623,0.0178720044987353
1040,275000,9615000,1.47536687628107,0.109502004348084,0.0470398865503392
1041,276000,9615000,1.44727601524666,0.111735601463622,0.0242097559427041
1042,277000,9615000,1.38521564869541,0.113017381269929,0.083984278541943
1043,278000,9615000,1.34431402542344,0.112520268675183,0.06989939240183
1044,279000,9615000,1.34695454817255,0.117093387471336,0.0729412541996646
1045,280000,9615000,1.45990297135179,0.114648237378603,0.0493216177358154
1046,281000,9615000,1.53310613334267,0.0999096324189467,0.025667299558313
1047,282000,9615000,1.43526088538367,0.10851978997697,0.0100146983137583
1048,283000,9615000,1.4592788205792,0.110340791795632,0.012442332385388
1049,284000,9615000,1.48480981350961,0.106943981268369,0.0159616840578902
1050,285000,9615000,1.48547278894521,0.124340020246969,0.0113502065680146
1051,286000,9615000,1.41836576188317,0.120205557549507,0.0254019490809654
1052,287000,9615000,1.41972102863355,0.125813529483709,0.050480847551058
1053,288000,9615000,1.29030368273016,0.122450921455525,0.0202049581757219
1054,289000,9615000,1.49853037616868,0.110842288349435,0.024452604125345
1055,290000,9615000,1.50824494445047,0.11877103090218,0.0111268129745835
1056,291000,9615000,1.59028383742975,0.122247303215426,0.01529198189932
1057,292000,9615000,1.53656954264618,0.133191480823945,0.00739721031011763
1058,293000,9615000,1.51541240245725,0.156415042320246,0.00677422485927464
1059,294000,9615000,1.59178629930752,0.148176252592887,0.00744680992052964
1060,295000,9615000,1.5237790634524,0.108683556489173,0.0112897390494833
1061,296000,9615000,1.52698956812526,0.114328842529524,0.00715045989290295
1062,297000,9615000,1.5514787685449,0.12690859019419,0.0046692106371623
1063,298000,9615000,1.4589058243309,0.122291796830599,0.0148033329417536
1064,299000,9615000,1.53074595320094,0.112139014043014,0.0108183806368398
1065,3e+05,9615000,1.54017188240396,0.104242482379828,0.013522445757143
1066,301000,9615000,1.60251392135338,0.0922191822937728,0.00445149033454955
1067,302000,9615000,1.56897001082436,0.0895383261844255,0.0183494844906941
1068,303000,9615000,1.44736945890346,0.107355178748793,0.0223475093618986
1069,304000,9615000,1.56326007423114,0.112750419489291,0.00987652826896536
1070,305000,9615000,1.56812863999325,0.107388007813148,0.0132113714885524
1071,306000,9615000,1.5705338672761,0.107447600666798,0.00688273680935493
1072,307000,9615000,1.48664407208526,0.105243275989454,0.097138392981894
1073,308000,9615000,1.52061639340599,0.0970693019730892,0.0383374940844986
1074,309000,9615000,1.53305176886672,0.089054342171447,0.0436186448691317
1075,310000,9615000,1.37603785841192,0.0646228295655083,0.0811958816234236
1076,311000,9615000,1.57560881951095,0.072002330859685,0.102790831829715
1077,312000,9615000,1.36834079629636,0.0714994899475894,0.1688959490789
1078,313000,9615000,1.45518376913592,0.0668044199950288,0.0436454523591371
1079,314000,9615000,1.3667006582401,0.067583348486139,0.0393475260423451
1080,315000,9615000,1.44034269210552,0.0723935408920443,0.0230271903443228
1081,316000,9615000,1.44584000724436,0.0686013095272519,0.020947165500591
1082,317000,9615000,1.58790224601203,0.0843726099715666,0.0203695741662448
1083,318000,9615000,1.56889410878949,0.0855994516295655,0.0319503329834774
1084,319000,9615000,1.50646693933868,0.0908124849936009,0.0975542585310285
1085,320000,9615000,1.52369425606445,0.0827254334561282,0.0709323858356367
1086,321000,9615000,1.59130575189369,0.0834830068536608,0.0415439349516821
1087,322000,9615000,1.53363736513544,0.0839609837344428,0.051868569463747
1088,323000,9615000,1.54804598965228,0.0746375197987241,0.0233434085377579
1089,324000,9615000,1.54752872444326,0.0785027410368241,0.0219930101564083
1090,325000,9615000,1.44974157812567,0.0815975669740094,0.036031123394068
1091,326000,9615000,1.35143623319795,0.0711834600526333,0.106874509194492
1092,327000,9615000,1.50770031650769,0.0506726599315385,0.0239436138014143
1093,328000,9615000,1.55503283511743,0.0616034428212206,0.0125378844798405
1094,329000,9615000,1.54864307784746,0.0639772123661842,0.0113678400499008
1095,330000,9615000,1.47533171319249,0.0702879683054076,0.0167387959368209
1096,331000,9615000,1.54813761437145,0.0893842024722336,0.018885545902856
1097,332000,9615000,1.19033861650267,0.0697810060456226,0.0821536119943863
1098,333000,9615000,1.35967711819961,0.0699189405949005,0.0427103642561019
1099,334000,9615000,1.52329687289861,0.0756759621190133,0.0214232680616271
1100,335000,9615000,1.50712739311934,0.082278901765862,0.0224453334216305
1101,336000,9615000,1.47817724156745,0.0890869539351221,0.032702511748189
1102,337000,9615000,1.4821211487985,0.0852520822128896,0.0694832944091051
1103,338000,9615000,1.43341310146718,0.0708229713096729,0.0417011889263365
1104,339000,9615000,1.50089900409252,0.0699467024945369,0.0199029416988356
1105,340000,9615000,1.46157182536979,0.0790361638063522,0.0256708524919075
1106,341000,9615000,1.5302264405703,0.0846927740436177,0.0200231418948157
1107,342000,9615000,1.52754990454066,0.0958804599415295,0.024204929578049
1108,343000,9615000,1.55350589754467,0.0771953256053756,0.0232112516659464
1109,344000,9615000,1.54143407596102,0.0816392731517976,0.013648281568044
1110,345000,9615000,1.38033237179669,0.0751967478223556,0.0220970698343011
1111,346000,9615000,1.37140944918969,0.046789730942321,0.0283062721045834
1112,347000,9615000,1.23436769948865,0.0710659114540307,0.0958552870788685
1113,348000,9615000,1.53042135416631,0.0935630949355124,0.00507446528540974
1114,349000,9615000,1.54114228068294,0.0763944901976919,0.0629815578404006
1115,350000,9615000,1.3979405715965,0.0617355410400747,0.0423685063979917
1116,351000,9615000,1.51868014726895,0.0659559700234812,0.035871113016718
1117,352000,9615000,1.53166460613604,0.0806948352680161,0.037943228147051
1118,353000,9615000,1.46390683039924,0.0853233803125962,0.00793221365870815
1119,354000,9615000,1.48826725129831,0.0725030350195167,0.0469081453122638
1120,355000,9615000,1.55196635972168,0.0747551927125287,0.0373609642948211
1121,356000,9615000,1.59415463953917,0.087875431127099,0.0284978281089743
1122,357000,9615000,1.52168489432799,0.0530149737956218,0.016693202243825
1123,358000,9615000,1.20240660883227,0.0743463016252343,0.0231042697852832
1124,359000,9615000,1.44149969715535,0.0978741088459539,0.0675614815636848
1125,360000,9615000,1.48419073936481,0.0808008924245832,0.0263978612715373
1126,361000,9615000,1.47707936274965,0.0808528641830603,0.0144120080345946
1127,362000,9615000,1.55093933187065,0.0902281732521872,0.0112453212353868
1128,363000,9615000,1.55780926371788,0.0889311768504999,0.00705189960454777
1129,364000,9615000,1.56866387034383,0.0897749547675553,0.0102808211961753
1130,365000,9615000,1.55921753270425,0.0902040214942663,0.0187443412016757
1131,366000,9615000,1.53148702248793,0.0981798220132717,0.0221635458250483
1132,367000,9615000,1.49738196931363,0.0898963063043722,0.02981803596257
1133,368000,9615000,1.5481705501536,0.0956220022445296,0.0183235586584099
1134,369000,9615000,1.50783117056688,0.101488854787945,0.0339930114050088
1135,370000,9615000,1.45554292027404,0.0960235499256093,0.0553409609764511
1136,371000,9615000,1.46936567934765,0.0956829836069021,0.0274813495398235
1137,372000,9615000,1.5662761880205,0.0962353539426308,0.0172572242118688
1138,373000,9615000,1.51777783028403,0.0938964991617846,0.0419015764511909
1139,374000,9615000,1.53818134796816,0.097024422568058,0.0448745518421204
1140,375000,9615000,1.50115698994358,0.0989679307395312,0.0312433207676326
1141,262000,9616000,1.48481401180569,0.0760368794590769,0.0298368076985984
1142,263000,9616000,1.42414487706598,0.075778612453495,0.0125987890665897
1143,264000,9616000,1.44794534463383,0.0859579661986416,0.0204661711522604
1144,265000,9616000,1.46593431225823,0.0929655233922869,0.0285504632678159
1145,266000,9616000,1.38858634381048,0.094242633460029,0.0558007193555221
1146,267000,9616000,1.49188440304877,0.0976357212162736,0.0145865413743687
1147,268000,9616000,1.33969680480571,0.100802608607671,0.0339141895246699
1148,269000,9616000,1.42446871933827,0.100638493530464,0.0133499282169444
1149,270000,9616000,1.46813634003741,0.101003973891979,0.0402830638805941
1150,271000,9616000,1.44269580293577,0.100032257491165,0.0376399206428175
1151,272000,9616000,1.43189444343063,0.101342761297652,0.043437746946508
1152,273000,9616000,1.32349656172151,0.0995035997483181,0.0953132514170511
1153,274000,9616000,1.48885999304993,0.102275283585681,0.0102059716595019
1154,275000,9616000,1.45563505949145,0.108699531814952,0.0217389932586187
1155,276000,9616000,1.42937299412339,0.111991279791929,0.0237360012552304
1156,277000,9616000,1.45832586454841,0.112517039670565,0.0499055149687267
1157,278000,9616000,1.42745971810974,0.115767806519528,0.083349096119429
1158,279000,9616000,1.39533443952755,0.114650104574057,0.0579380627690862
1159,280000,9616000,1.43768337437958,0.11360098299726,0.0179776397340602
1160,281000,9616000,1.50794588066627,0.115010087905536,0.0324445622730995
1161,282000,9616000,1.50839699155068,0.132040124840956,0.00638334329788874
1162,283000,9616000,1.48144439661599,0.127315006330267,0.0251670835500735
1163,284000,9616000,1.51313599965837,0.127022055731136,0.0116631802148424
1164,285000,9616000,1.43569349385282,0.146910262177677,0.0354394250117287
1165,286000,9616000,1.53479840227141,0.133147706434707,0.038007924474784
1166,287000,9616000,1.46416507279525,0.132596057633308,0.0362312033340889
1167,288000,9616000,1.37380493749833,0.127789340590995,0.0527254885750141
1168,289000,9616000,1.33000522666327,0.125342092000389,0.0630620148842731
1169,290000,9616000,1.43655038089031,0.139613414486515,0.0161738912667375
1170,291000,9616000,1.46431391845469,0.145013050774836,0.0125740311667266
1171,292000,9616000,1.53540642142626,0.137870943783047,0.0259234737175104
1172,293000,9616000,1.53257902299649,0.157306642812296,0.00974267940799733
1173,294000,9616000,1.55972593600582,0.149278620605034,0.00600646119047176
1174,295000,9616000,1.53965496075697,0.119873964777327,0.0282659075845346
1175,296000,9616000,1.59742837551123,0.118462418692474,0.0132563742390495
1176,297000,9616000,1.50491216301858,0.103287062016171,0.0236579304521511
1177,298000,9616000,1.51955790558375,0.118616560976059,0.0126762765270945
1178,299000,9616000,1.568853086662,0.109881175689827,0.0192232664072271
1179,3e+05,9616000,1.43890370170448,0.105675263801542,0.0176558179832248
1180,301000,9616000,1.51730614116335,0.106622038316917,0.0276950585332533
1181,302000,9616000,1.54386619921258,0.107504410743918,0.0126169237464986
1182,303000,9616000,1.57222240492987,0.10803631255772,0.00231170883167593
1183,304000,9616000,1.55272396917557,0.10846777400807,0.0176538795034611
1184,305000,9616000,1.58428583659349,0.0975917922274881,0.00812753408906628
1185,306000,9616000,1.46782825541014,0.109122549545617,0.0164527789876099
1186,307000,9616000,1.44687011018134,0.0983304959631138,0.049165723879289
1187,308000,9616000,1.54619770795329,0.0957557097740325,0.0356965417114543
1188,309000,9616000,1.56606690412598,0.0893801009350168,0.00551577232305631
1189,310000,9616000,1.43105645915547,0.0615481095866659,0.0427118254442028
1190,311000,9616000,1.38085799137105,0.0666798685021494,0.0761809571748847
1191,312000,9616000,1.32387022890475,0.0691132332008041,0.092221340047094
1192,313000,9616000,1.44481569268744,0.0693708217676316,0.0509133013098725
1193,314000,9616000,1.38611802616311,0.0718795652488299,0.0418435429009179
1194,315000,9616000,1.47650707460403,0.0718768428539126,0.0330475191040107
1195,316000,9616000,1.5183667405745,0.0715642545448776,0.0855276700550085
1196,317000,9616000,1.55654321528606,0.0943961017720088,0.0208276764670592
1197,318000,9616000,1.40212289791142,0.0982092059833167,0.0166221201646805
1198,319000,9616000,1.48585221921721,0.0921002092191991,0.0677667295358684
1199,320000,9616000,1.52752882476127,0.0829049393904835,0.0461005382954681
1200,321000,9616000,1.50328656371589,0.0700325769538326,0.0509646555477619
1201,322000,9616000,1.50988278240707,0.0831065277459398,0.0812959583799422
1202,323000,9616000,1.51870364658504,0.0661152038600041,0.0410154478561437
1203,324000,9616000,1.54224029933026,0.0734950676659092,0.0634136359361258
1204,325000,9616000,1.52430350392403,0.0763654536617406,0.0440640212855583
1205,326000,9616000,1.46683625272558,0.0669863497568971,0.0309372102622904
1206,327000,9616000,1.54864970488123,0.0566627707811625,0.0235356521639215
1207,328000,9616000,1.55927376633785,0.0648024993268023,0.0125432241922531
1208,329000,9616000,1.45562038860281,0.0661845801160609,0.0306620880506381
1209,330000,9616000,1.47724100629281,0.0687052984257942,0.0263446876127006
1210,331000,9616000,1.57051214660458,0.0898682387892159,0.0225984654473773
1211,332000,9616000,1.54821929764942,0.0949094744067107,0.0106757991461502
1212,333000,9616000,1.45825707041062,0.0846581172602686,0.0260921454002037
1213,334000,9616000,1.45631157710883,0.0799523297220563,0.0434977613506437
1214,335000,9616000,1.4571992992849,0.0863890407514675,0.0402926518055925
1215,336000,9616000,1.39728767828157,0.0857935908341756,0.0721015402074063
1216,337000,9616000,1.24964571966306,0.079978151175052,0.0695903288428075
1217,338000,9616000,1.22264399560871,0.0744191404376394,0.0903079662450407
1218,339000,9616000,1.28657023899449,0.0668786856813138,0.0380674705769369
1219,340000,9616000,1.43065262787458,0.0843664401428655,0.0311887455799552
1220,341000,9616000,1.45369083430213,0.0603906291070893,0.0132881423967194
1221,342000,9616000,1.4621877078518,0.0628715177478439,0.0223868003042238
1222,343000,9616000,1.22268873961032,0.0621457009220544,0.0427896219821812
1223,344000,9616000,1.47979449193529,0.0600225054087153,0.0270433592416448
1224,345000,9616000,1.51142103497204,0.0552294223613398,0.0312004408602996
1225,346000,9616000,1.3223339253858,0.0465315835227347,0.0813442038966398
1226,347000,9616000,1.5016073806695,0.0785871119744266,0.0191740175517523
1227,348000,9616000,1.5464047985494,0.0774331683988404,0.0215502678950558
1228,349000,9616000,1.41001754235002,0.0697392940433891,0.0294036834764726
1229,350000,9616000,1.57198902908455,0.0544919839051718,0.0322801855856229
1230,351000,9616000,1.49448183114502,0.0671309642143115,0.0770241005058293
1231,352000,9616000,1.49159313191718,0.0673312291380975,0.0340269363208711
1232,353000,9616000,1.40482697652627,0.0642676892308846,0.0391305032955947
1233,354000,9616000,1.40421233070716,0.0624145973286536,0.0191758724444155
1234,355000,9616000,1.4758815820465,0.0830493528781735,0.0340844030352572
1235,356000,9616000,1.58166027234891,0.108495506873998,0.007743284578652
1236,357000,9616000,1.38156653131419,0.0592796117246797,0.0255971729647532
1237,358000,9616000,1.23128384495096,0.055923646390729,0.0889898599130066
1238,359000,9616000,1.48168728892341,0.0751669432325204,0.0568324953075655
1239,360000,9616000,1.57412615849663,0.087549399371569,0.0561786147243626
1240,361000,9616000,1.54066967425942,0.0815454034920284,0.00583125634816959
1241,362000,9616000,1.55204611380178,0.0823700409621516,0.00631268295393891
1242,363000,9616000,1.52277579053873,0.0848913344209707,0.0210961093864155
1243,364000,9616000,1.39903214789648,0.0933838492944327,0.0313013608947378
1244,365000,9616000,1.49002106454199,0.092264710056008,0.0170341251185687
1245,366000,9616000,1.53564405009196,0.0962430493919818,0.00884296190484661
1246,367000,9616000,1.49090157130655,0.0971789726405556,0.0172772227898368
1247,368000,9616000,1.52445301573769,0.103464359107636,0.00737557759350296
1248,369000,9616000,1.51158899675853,0.100785451514834,0.0075015955372702
1249,370000,9616000,1.48939666770639,0.10452332217525,0.0154399833396668
1250,371000,9616000,1.50427689872926,0.0996030965277333,0.0145487962163336
1251,372000,9616000,1.55849184170591,0.0938159160531204,0.0178624730423902
1252,373000,9616000,1.54867335146697,0.0930752463601211,0.0188262013896419
1253,374000,9616000,1.51235907289553,0.0958419060694695,0.0344397763342466
1254,375000,9616000,1.48042315707062,0.0976768058234873,0.0217360990035768
1255,262000,9617000,1.53149581099494,0.0818059630299174,0.049425936334675
1256,263000,9617000,1.38322702513789,0.0743544455457078,0.0345132582977953
1257,264000,9617000,1.41342755236597,0.0760867308373704,0.0257609539430292
1258,265000,9617000,1.48513877429642,0.0797350425736331,0.0696508397373873
1259,266000,9617000,1.48214085053413,0.0840026898828837,0.0259867472417352
1260,267000,9617000,1.53355274781156,0.0960523285578398,0.0212199160651384
1261,268000,9617000,1.41466920667478,0.0998307167593792,0.0191084121855545
1262,269000,9617000,1.4762537240823,0.0992670641501465,0.0274466114191718
1263,270000,9617000,1.46874343837342,0.0983882913825475,0.00977914418929245
1264,271000,9617000,1.47829465467338,0.096838886298303,0.0275040265454347
1265,272000,9617000,1.42223454048506,0.0958540191777642,0.0433557559870311
1266,273000,9617000,1.35631171036468,0.0987262444977194,0.0855541373966493
1267,274000,9617000,1.48394242132914,0.0957351169727437,0.0500753504902792
1268,275000,9617000,1.40968226148677,0.102990158592638,0.0523386990484517
1269,276000,9617000,1.50020094001886,0.106674083316019,0.00851873062224206
1270,277000,9617000,1.46747824689905,0.112118770951361,0.0495054830171959
1271,278000,9617000,1.41323177943892,0.112747816769238,0.0497429016978112
1272,279000,9617000,1.36731249988184,0.113363634046031,0.0594540003164191
1273,280000,9617000,1.49130262470551,0.11401916602268,0.025562316261711
1274,281000,9617000,1.4088745049953,0.119146857067072,0.0493048067314861
1275,282000,9617000,1.47745103149381,0.13513665764431,0.0383233438930649
1276,283000,9617000,1.48335226134081,0.130605612167018,0.0581434765179054
1277,284000,9617000,1.49604253663721,0.137040697677928,0.0445056514581415
1278,285000,9617000,1.48539891253897,0.137172496089735,0.0388600707164895
1279,286000,9617000,1.46413468662779,0.137668057541195,0.0420289140064968
1280,287000,9617000,1.42452531694186,0.137413598057198,0.0267261495627979
1281,288000,9617000,1.49211911643977,0.141827586513663,0.0238354202409192
1282,289000,9617000,1.50309192254347,0.140599628243485,0.0528050546480209
1283,290000,9617000,1.4441423709913,0.136319284543148,0.0392522594920108
1284,291000,9617000,1.44569773599442,0.14645762691355,0.0112474749008883
1285,292000,9617000,1.49157929242094,0.138074012394447,0.00505123505780261
1286,293000,9617000,1.40769745438221,0.134082137737932,0.0427371992582608
1287,294000,9617000,1.46874208291249,0.147773843938196,0.0172794059835386
1288,295000,9617000,1.52431521249345,0.145732764030011,0.0020890648178166
1289,296000,9617000,1.53048591762261,0.120579151612208,0.0172542406509579
1290,297000,9617000,1.46705050811724,0.10723462662346,0.0321168362480129
1291,298000,9617000,1.41189313110738,0.117328195335886,0.0154714320496183
1292,299000,9617000,1.42344308125231,0.111831602102632,0.0258061640881366
1293,3e+05,9617000,1.46963473714269,0.113253576467925,0.0150257356933892
1294,301000,9617000,1.45695202483108,0.112028543901993,0.0230457672002844
1295,302000,9617000,1.48946154227851,0.111880995573773,0.00693235567904172
1296,303000,9617000,1.5896060751593,0.110743731449888,0.00838264710625026
1297,304000,9617000,1.57918049102779,0.113663718885313,0.00477975043657203
1298,305000,9617000,1.54332352728618,0.0980305726541929,0.0158137555039699
1299,306000,9617000,1.47066293123159,0.102194745817658,0.035696180372927
1300,307000,9617000,1.44471322981127,0.0944285439368047,0.0189280626546264
1301,308000,9617000,1.52643661856811,0.097993239955658,0.0117635743392962
1302,309000,9617000,1.57067372107516,0.0870692752719654,0.0119821194733224
1303,310000,9617000,1.51328855728695,0.065448493020679,0.0851573035776568
1304,311000,9617000,1.36503070635867,0.0705692171216372,0.0496268191515392
1305,312000,9617000,1.37946162887504,0.0668919862322108,0.0723531999500602
1306,313000,9617000,1.4010930663824,0.0667675416533536,0.07024187410076
1307,314000,9617000,1.42623726900311,0.0776258540631683,0.0348604722315177
1308,315000,9617000,1.44996467195524,0.0871365705098913,0.033588151978069
1309,316000,9617000,1.49184186729193,0.0930740159119373,0.0117936411982406
1310,317000,9617000,1.43699519778856,0.103650981889749,0.133878519449933
1311,318000,9617000,1.52206586369925,0.103684431375916,0.0428028995606003
1312,319000,9617000,1.52993004012033,0.103694750436189,0.0257361250936889
1313,320000,9617000,1.58264425280481,0.094891305330176,0.0427713725988049
1314,321000,9617000,1.51172538324302,0.0877656000796176,0.0393180498206532
1315,322000,9617000,1.50456625375864,0.0831357316134093,0.0353370393597732
1316,323000,9617000,1.51331311523101,0.0737074642669154,0.0757132635685647
1317,324000,9617000,1.45368357445242,0.0750033893551644,0.0255467352665129
1318,325000,9617000,1.38810304890597,0.0751048278373544,0.0712001575495122
1319,326000,9617000,1.56223941129526,0.0870518812133707,0.0173553372735004
1320,327000,9617000,1.54462359321247,0.0878837923422355,0.0110338692110954
1321,328000,9617000,1.55917566118133,0.0922143381872606,0.0155055412448312
1322,329000,9617000,1.39697905187999,0.0692333833260891,0.0217248140619562
1323,330000,9617000,1.51178759519001,0.088266021848905,0.0459236855497937
1324,331000,9617000,1.53695343750614,0.0895820064648939,0.0406056357522289
1325,332000,9617000,1.51981725409395,0.0903810014193183,0.105223089987627
1326,333000,9617000,1.48707915500219,0.0897992854710404,0.0365192549996761
1327,334000,9617000,1.57615443367315,0.0861069913632367,0.00786843571606202
1328,335000,9617000,1.4895698634455,0.0766519218495212,0.0137092024149564
1329,336000,9617000,1.37369122237958,0.0790760201989128,0.0455162330912168
1330,337000,9617000,1.34417286945518,0.0789493098238206,0.0749964023140144
1331,338000,9617000,1.49659496495764,0.0738781988365809,0.0360130709359755
1332,339000,9617000,1.49519453314148,0.0734624895836821,0.0147348542975211
1333,340000,9617000,1.50487266535548,0.083051086430526,0.0243993102279738
1334,341000,9617000,1.54315193750138,0.0679434235283918,0.0154272953821869
1335,342000,9617000,1.51499137850101,0.0565715502933891,0.0125415521532109
1336,343000,9617000,1.46027929148291,0.0579310014187652,0.0482146810239662
1337,344000,9617000,1.46535160686327,0.0597166423350389,0.0288005139313891
1338,345000,9617000,1.47537679950046,0.054504341021193,0.0433752776035845
1339,346000,9617000,1.18417460612906,0.0454233222116262,0.0861286007859878
1340,347000,9617000,1.35069178212277,0.0659769137611924,0.0537465285350745
1341,348000,9617000,1.45801422297804,0.0644692043764913,0.0210132830708408
1342,349000,9617000,1.53553719127966,0.0613444053685162,0.034929413706957
1343,350000,9617000,1.49815348217381,0.0529458601149185,0.034997899709437
1344,351000,9617000,1.43051242474467,0.0591073980396342,0.0328311428792742
1345,352000,9617000,1.4061619168578,0.0586702779966397,0.0251361093922964
1346,353000,9617000,1.37636311388283,0.0591205673217915,0.0451410018604262
1347,354000,9617000,1.42650841467417,0.0677948655144816,0.0256645624762697
1348,355000,9617000,1.52287490435035,0.0832931795275661,0.0388664989456646
1349,356000,9617000,1.55246578792339,0.0798430470705585,0.0478014058355405
1350,357000,9617000,1.457224930694,0.0657084972200647,0.0125166692815595
1351,358000,9617000,1.33364345879674,0.0602077849640082,0.0481626266068076
1352,359000,9617000,1.59140176677938,0.0866457659683739,0.0444755193668988
1353,360000,9617000,1.53913167733409,0.0739727203587396,0.0530959568584812
1354,361000,9617000,1.5515878970891,0.0710662379671289,0.0161792655595488
1355,362000,9617000,1.55984895472398,0.0797817357363906,0.0141969586479991
1356,363000,9617000,1.40193527533509,0.0908192310971472,0.0996366139325237
1357,364000,9617000,1.52644637082216,0.0934252185057236,0.00712401860592425
1358,365000,9617000,1.468571246902,0.0934450699987424,0.0366072811040281
1359,366000,9617000,1.54845818129704,0.0943994156036389,0.00458213898973358
1360,367000,9617000,1.51619169010829,0.102133824856463,0.0106451875794667
1361,368000,9617000,1.47698856001525,0.108474434157589,0.0137147670781594
1362,369000,9617000,1.5260174753774,0.106726468695169,0.0242945424848322
1363,370000,9617000,1.51626314188266,0.10985034856269,0.0157362629563279
1364,371000,9617000,1.51985149959046,0.102400362521042,0.0177496177752063
1365,372000,9617000,1.53300878329731,0.0980320692014418,0.017253899958077
1366,373000,9617000,1.48760837281931,0.092439705381306,0.0507282304413073
1367,374000,9617000,1.45374656503834,0.0940746084790761,0.0301283243778621
1368,375000,9617000,1.46033144633852,0.0928636705044432,0.037646039203117
1369,262000,9618000,1.39352542253899,0.0719884472341875,0.0566164896246453
1370,263000,9618000,1.39176956762121,0.0730857861804499,0.0539209972842988
1371,264000,9618000,1.43695435152478,0.0729152840166712,0.0219278114437171
1372,265000,9618000,1.46371104306725,0.0789067787142496,0.0118354474244765
1373,266000,9618000,1.57593641878895,0.0864271542770214,0.0403212196971085
1374,267000,9618000,1.48559050633295,0.0990409858764253,0.0271730578770828
1375,268000,9618000,1.43075912340522,0.0997484349561701,0.0147076858671222
1376,269000,9618000,1.46902063826844,0.0992802833686551,0.00984179135937526
1377,270000,9618000,1.44684261448468,0.101133260226923,0.0196225176901661
1378,271000,9618000,1.38911729924221,0.0973972625974867,0.0462670146220447
1379,272000,9618000,1.46481433915767,0.0966456940217208,0.0354078104666314
1380,273000,9618000,1.51844197695661,0.0965949294439026,0.0213052221050976
1381,274000,9618000,1.48603196746051,0.0993167701480987,0.0507117419415726
1382,275000,9618000,1.365003143647,0.100186163876749,0.0577278863990659
1383,276000,9618000,1.46093446667651,0.104940162059079,0.0240073811329317
1384,277000,9618000,1.38626647954609,0.109828568319838,0.0493046076919512
1385,278000,9618000,1.36765216713379,0.109257668773497,0.0588149476289489
1386,279000,9618000,1.43802858678685,0.112501582590478,0.0323308941801979
1387,280000,9618000,1.558724582198,0.114906308172192,0.0707425982829921
1388,281000,9618000,1.52002981445445,0.110383338056422,0.0147883237220536
1389,282000,9618000,1.53090165807505,0.126609561545264,0.015419334652496
1390,283000,9618000,1.54028003858087,0.12619801432235,0.060012012852479
1391,284000,9618000,1.48679668703862,0.137125621683276,0.0256251333594848
1392,285000,9618000,1.51407322429953,0.135415103920026,0.0391716199771367
1393,286000,9618000,1.5092678996072,0.140638674747529,0.0469004938937392
1394,287000,9618000,1.45293923502494,0.13989256370188,0.0913474412907782
1395,288000,9618000,1.41229635782697,0.138236488016687,0.0556739694588138
1396,289000,9618000,1.43575676831483,0.136499703826799,0.0346436845190812
1397,290000,9618000,1.47597554867668,0.134307610661676,0.02902241878707
1398,291000,9618000,1.32323564237622,0.132141803806815,0.0278350103077038
1399,292000,9618000,1.33548740289377,0.123899164610477,0.0111781182810645
1400,293000,9618000,1.30965547441187,0.12955189981427,0.0279517406955446
1401,294000,9618000,1.48400407325813,0.128050371873615,0.0183749000079964
1402,295000,9618000,1.48016493274041,0.117895957742002,0.0126623474980748
1403,296000,9618000,1.4568581976552,0.104226832413122,0.0159069231026131
1404,297000,9618000,1.46535106334818,0.108807554866346,0.0448869561472097
1405,298000,9618000,1.45008608264019,0.128302019432452,0.0238855028833651
1406,299000,9618000,1.47811674376936,0.118220926353207,0.0109397068158802
1407,3e+05,9618000,1.5357016069392,0.100961397381645,0.0367744510239003
1408,301000,9618000,1.47602354621693,0.0920927659101988,0.0217318597834149
1409,302000,9618000,1.49939999156097,0.0925234163331145,0.0318972830548236
1410,303000,9618000,1.53552277026677,0.109757595560852,0.0339977286219651
1411,304000,9618000,1.48355956018504,0.108444148568386,0.0208634365173456
1412,305000,9618000,1.4978610718557,0.0939190498485086,0.0230591591992594
1413,306000,9618000,1.45836947483286,0.0958589178543859,0.0181349764685483
1414,307000,9618000,1.46329048160754,0.0942842431812627,0.0428985392019301
1415,308000,9618000,1.47478589619607,0.0982822621013792,0.032739103320763
1416,309000,9618000,1.56223563326205,0.0845717873431563,0.0079160790717882
1417,310000,9618000,1.43059868065018,0.062552285548045,0.037170487062504
1418,311000,9618000,1.41581410702141,0.0673523436247735,0.0926609145708586
1419,312000,9618000,1.47930504223536,0.0748602912325303,0.0467110227252992
1420,313000,9618000,1.4453928437286,0.0747480991504758,0.0490853190588874
1421,314000,9618000,1.50721538397748,0.0997870817601641,0.0163625854739893
1422,315000,9618000,1.37553443138008,0.109427931586595,0.0406603500640169
1423,316000,9618000,1.42847654962332,0.102811555427744,0.0526102244019251
1424,317000,9618000,1.44226064750311,0.10467686846948,0.0478254830752264
1425,318000,9618000,1.45984298255276,0.107222634374397,0.0188487173631173
1426,319000,9618000,1.46886996373936,0.110525716948793,0.0439822634789718
1427,320000,9618000,1.46962454129276,0.106215887061689,0.0514522749886704
1428,321000,9618000,1.40162694921007,0.0902445448132595,0.053760063808888
1429,322000,9618000,1.47961169805993,0.0772038471779323,0.0232789014859971
1430,323000,9618000,1.53166766539619,0.0777452233795275,0.0374152529915345
1431,324000,9618000,1.43258650637138,0.0781330277786271,0.048215006869784
1432,325000,9618000,1.4336811090184,0.0817357199441858,0.0433802672775042
1433,326000,9618000,1.4549017080197,0.0862858361544839,0.0303014521678306
1434,327000,9618000,1.53420042564095,0.0923223752882674,0.015247324763703
1435,328000,9618000,1.55134874700815,0.0914781407269504,0.0205882337432573
1436,329000,9618000,1.50676264389397,0.0725981839525188,0.0448349840679705
1437,330000,9618000,1.40762370405034,0.0928549277745942,0.0474548253796347
1438,331000,9618000,1.50562345253568,0.0891644741666679,0.091804979877246
1439,332000,9618000,1.53315208398157,0.0877256565548959,0.00706290028833048
1440,333000,9618000,1.51856942915552,0.0885231723566717,0.014372974248802
1441,334000,9618000,1.50856735520195,0.0845777747357812,0.040257247987171
1442,335000,9618000,1.43209858970023,0.0879098984845181,0.0116115844664152
1443,336000,9618000,1.49370589625296,0.0874383226856845,0.0242180426185905
1444,337000,9618000,1.43012068460467,0.0753386875415066,0.0372339221739154
1445,338000,9618000,1.54015149784292,0.0755939417575206,0.0335963937829227
1446,339000,9618000,1.46084173117682,0.0799441590410354,0.0823839538481579
1447,340000,9618000,1.43335726773572,0.0797240797808243,0.0297042835188205
1448,341000,9618000,1.40912364851546,0.0732209263426577,0.00499123302663581
1449,342000,9618000,1.56629234623072,0.0673464469005307,0.027928306647653
1450,343000,9618000,1.47210594879065,0.067574275010249,0.0307960334128377
1451,344000,9618000,1.51948936520418,0.0643106723416525,0.0207257379599021
1452,345000,9618000,1.58956050510849,0.0535646531038588,0.0522169830511259
1453,346000,9618000,1.50452828197084,0.0506185931940952,0.0306315543189814
1454,347000,9618000,1.37042910763474,0.0551054471533044,0.0138225246218761
1455,348000,9618000,1.46715573703779,0.0573000081897154,0.0200532223743196
1456,349000,9618000,1.44445438286913,0.0600063941537742,0.0359834117933654
1457,350000,9618000,1.53097190533875,0.0613640756284388,0.0323425150137951
1458,351000,9618000,1.48984842870117,0.0631012316824975,0.0167691257923779
1459,352000,9618000,1.36183256960524,0.0606451129898682,0.0380016921200489
1460,353000,9618000,1.44394873450062,0.0597351727351255,0.0474562315687523
1461,354000,9618000,1.43916455824495,0.0550304053297696,0.0208915066462995
1462,355000,9618000,1.23969325847388,0.0558243761027222,0.068085243783887
1463,356000,9618000,1.57036005716727,0.0813663297593053,0.0129114695830356
1464,357000,9618000,1.46627341578107,0.0726185955209711,0.0345578521817253
1465,358000,9618000,1.31245538662084,0.0520515082243689,0.0697158860445674
1466,359000,9618000,1.51501927208316,0.0793557794582667,0.0496159776631667
1467,360000,9618000,1.49642727391979,0.0794157592552799,0.0176059260969735
1468,361000,9618000,1.5330061282985,0.0890759377041529,0.00211957413495167
1469,362000,9618000,1.51542089890158,0.0863175277153578,0.0145877665793305
1470,363000,9618000,1.52501544879619,0.0889305563728067,0.0295671528283209
1471,364000,9618000,1.49538763054774,0.0994047000289149,0.0312551138327955
1472,365000,9618000,1.53285760131591,0.0997693437648697,0.0534122178690991
1473,366000,9618000,1.55086108676084,0.101787794009994,0.00983560243280697
1474,367000,9618000,1.53817848288936,0.115802431953068,0.0116551635801114
1475,368000,9618000,1.50849023691307,0.108762648758077,0.0193532924665374
1476,369000,9618000,1.53725089108359,0.098908421667014,0.00740502390627443
1477,370000,9618000,1.45655915720645,0.101798908958819,0.00740923013685662
1478,371000,9618000,1.46311922706105,0.0985884039632825,0.00720426853170678
1479,372000,9618000,1.5195175315538,0.0961245887124674,0.0151811781997258
1480,373000,9618000,1.52123908059523,0.0936110813189198,0.00437350692238318
1481,374000,9618000,1.51958976970913,0.0929160055738697,0.0225388710403448
1482,375000,9618000,1.52301108447328,0.0922040998838033,0.0252017634695932
1483,262000,9619000,1.50443737923354,0.0701071015556008,0.0510996744568091
1484,263000,9619000,1.41317307103335,0.0666125860196116,0.059239776938715
1485,264000,9619000,1.50905040928472,0.0778537937375483,0.0412826751421383
1486,265000,9619000,1.35317917573575,0.0905154478673199,0.0149673765830039
1487,266000,9619000,1.48257434544051,0.0977102447824726,0.044236427506496
1488,267000,9619000,1.39470264574797,0.0967471521990285,0.0565436763002145
1489,268000,9619000,1.38696869918368,0.0971418433575274,0.0336472507047696
1490,269000,9619000,1.45822998446115,0.0972053008027642,0.00759364569166669
1491,270000,9619000,1.42418937948457,0.0988629079323596,0.0565097910362705
1492,271000,9619000,1.41483594201305,0.097841712083653,0.0668401233860019
1493,272000,9619000,1.45383744633484,0.0962651260125309,0.0302904883715413
1494,273000,9619000,1.43430489857667,0.10086502145275,0.0241417861857554
1495,274000,9619000,1.45493333163984,0.102599457463138,0.00531476095873347
1496,275000,9619000,1.48421002233919,0.0975626906393735,0.0335509699990994
1497,276000,9619000,1.45330342644059,0.103819918950012,0.0134331371943876
1498,277000,9619000,1.4230046399531,0.106103552081353,0.0215120673575181
1499,278000,9619000,1.32786583029093,0.105722504285124,0.0281452302922832
1500,279000,9619000,1.39121059768111,0.110373120055556,0.0147540648379786
1501,280000,9619000,1.54115624944425,0.113434991489633,0.0473423502244924
1502,281000,9619000,1.52245882754651,0.105537098054422,0.0170958346583648
1503,282000,9619000,1.502594989288,0.127508070793603,0.0473794603490166
1504,283000,9619000,1.5740636137406,0.132377472614201,0.0432493040200992
1505,284000,9619000,1.52570232415966,0.137691707380354,0.0324260053847599
1506,285000,9619000,1.52686373353454,0.138391070623404,0.0254061106740802
1507,286000,9619000,1.33873178246537,0.143311931843087,0.0167848040651398
1508,287000,9619000,1.45013014854928,0.140205258882734,0.0584808143046408
1509,288000,9619000,1.37065852422593,0.142807108684865,0.0194069622202114
1510,289000,9619000,1.44034699055922,0.135983447285345,0.0484878509907655
1511,290000,9619000,1.39928011722528,0.132729510669525,0.0587425096109667
1512,291000,9619000,1.45682296121064,0.129929490900282,0.0429628497057729
1513,292000,9619000,1.38236772041011,0.128712307153172,0.0228915754065841
1514,293000,9619000,1.32695875487214,0.130957037840003,0.041758119651538
1515,294000,9619000,1.31449059441817,0.110447761037656,0.0591975148933139
1516,295000,9619000,1.53199653533855,0.0877452105693041,0.0428951537900448
1517,296000,9619000,1.56117002219873,0.10422494311724,0.0190662429202492
1518,297000,9619000,1.50148567620928,0.117810864049213,0.0150581140000069
1519,298000,9619000,1.46920158994662,0.115141028806195,0.00920794771804073
1520,299000,9619000,1.54715953601607,0.112858535565899,0.00265600807960109
1521,3e+05,9619000,1.48251945083499,0.0836089283026125,0.0625560980707158
1522,301000,9619000,1.52942248425895,0.0817469976372587,0.0313146742346335
1523,302000,9619000,1.45986002307115,0.0787339189922554,0.0621071983757494
1524,303000,9619000,1.57098753857771,0.100249453954108,0.00529267373675221
1525,304000,9619000,1.58079492870894,0.0862424870239019,0.0170861350015794
1526,305000,9619000,1.5296142033394,0.0930485557795501,0.0152787508952346
1527,306000,9619000,1.52625395558355,0.101771245883692,0.0153051216413927
1528,307000,9619000,1.42035965368184,0.0986838771648765,0.0228657481417776
1529,308000,9619000,1.45317122169831,0.101796997661717,0.0175814493935438
1530,309000,9619000,1.45775806438803,0.0821396019646517,0.0127189370069411
1531,310000,9619000,1.46505810192062,0.0631575037651339,0.0338555305386651
1532,311000,9619000,1.43635282382076,0.068398828833139,0.0332789102181244
1533,312000,9619000,1.37090721693955,0.0642743923817004,0.0802927190087635
1534,313000,9619000,1.30390069704233,0.0602257646240923,0.102249936205425
1535,314000,9619000,1.43317121367612,0.0986766802053708,0.0775671053142111
1536,315000,9619000,1.25228509041371,0.107950709981463,0.115988064812416
1537,316000,9619000,1.43154922740823,0.103885431810147,0.0602084601148597
1538,317000,9619000,1.42365886176042,0.107238179765732,0.0707910466243452
1539,318000,9619000,1.42694119763462,0.108259936835716,0.0538273530165612
1540,319000,9619000,1.48347299816757,0.104637046886768,0.0475098074182052
1541,320000,9619000,1.53681596538912,0.0949278049392418,0.0861011859037948
1542,321000,9619000,1.44374913445622,0.0738579801479079,0.0391672531423975
1543,322000,9619000,1.50931229234693,0.0637854109054213,0.0452077845382203
1544,323000,9619000,1.54171342036447,0.0753083705768262,0.0461919953230865
1545,324000,9619000,1.50757097107548,0.0758855177970338,0.0172427432211032
1546,325000,9619000,1.50282133440048,0.0755236707937262,0.0286957489171276
1547,326000,9619000,1.48522725536307,0.0785235406609806,0.0408457255290729
1548,327000,9619000,1.52485507397734,0.0858129276394956,0.0190048679653026
1549,328000,9619000,1.50391549916434,0.0845850611680474,0.0404918540693828
1550,329000,9619000,1.51373490004675,0.0784090665448422,0.0127936388261505
1551,330000,9619000,1.43841555534108,0.0930677531111769,0.0602163399066465
1552,331000,9619000,1.47840384966054,0.0855661206232042,0.0394418444278902
1553,332000,9619000,1.45163983328641,0.0861095301622965,0.0642610592241669
1554,333000,9619000,1.49691779105978,0.0870184979188047,0.0121528023980584
1555,334000,9619000,1.40944781468868,0.0884150458287865,0.0131677815969021
1556,335000,9619000,1.45942855984391,0.0956691416287956,0.012283784317991
1557,336000,9619000,1.51980173503487,0.0801028281780624,0.0163220398210452
1558,337000,9619000,1.4833679639936,0.0734304878184599,0.0330297732024144
1559,338000,9619000,1.49506137529907,0.0768787762986697,0.0400556141924563
1560,339000,9619000,1.44369256339232,0.0804842001438033,0.0352146780409679
1561,340000,9619000,1.41393622243409,0.0782790783856623,0.0735904676375107
1562,341000,9619000,1.43751536974571,0.0746611626680264,0.0564500813626281
1563,342000,9619000,1.42244751530989,0.0795100762685499,0.0702327430534473
1564,343000,9619000,1.50558472201378,0.0752206509594819,0.0232231948096396
1565,344000,9619000,1.5393226849266,0.0696723241247147,0.028741017398546
1566,345000,9619000,1.5956285044731,0.062599804859027,0.0883520939319648
1567,346000,9619000,1.55938565239856,0.054806649758837,0.0120462890147768
1568,347000,9619000,1.46243835791496,0.0588785253272903,0.0266501573368198
1569,348000,9619000,1.53608123990892,0.0753954011001743,0.0187434753389148
1570,349000,9619000,1.59354604120521,0.0833990182158809,0.0282047030838335
1571,350000,9619000,1.55257467566228,0.0846641220923805,0.0269170113003633
1572,351000,9619000,1.54078069377183,0.0783941892453049,0.0300503783593751
1573,352000,9619000,1.51151229579737,0.0683617959029108,0.0154089692542384
1574,353000,9619000,1.38001028697221,0.0631934119281807,0.0174789167437001
1575,354000,9619000,1.35585512351545,0.0561180645036389,0.0549349350437338
1576,355000,9619000,1.41686671943033,0.0596346905042313,0.0187909329570907
1577,356000,9619000,1.48271870228113,0.0662390210048603,0.0132025668658177
1578,357000,9619000,1.44426058383156,0.0560273994390579,0.0183316155825359
1579,358000,9619000,1.43389680764833,0.0582244237519986,0.0593497858092703
1580,359000,9619000,1.52206080366134,0.0734411066844381,0.0220223313854998
1581,360000,9619000,1.43520713472686,0.0822542922167105,0.031290686023406
1582,361000,9619000,1.51261945423099,0.089792456832299,0.0177708645752395
1583,362000,9619000,1.53063216171371,0.0901160009355454,0.0197970269471849
1584,363000,9619000,1.52475172362913,0.0871016767050335,0.0279016785901581
1585,364000,9619000,1.51631368248099,0.090623742822486,0.0334555078874935
1586,365000,9619000,1.57654041428774,0.0966747641333312,0.012244194428741
1587,366000,9619000,1.56157437530921,0.102947551842455,0.006741272733311
1588,367000,9619000,1.49703311352074,0.127025570531278,0.017981052718333
1589,368000,9619000,1.54701375715604,0.113249200633096,0.0272737030417529
1590,369000,9619000,1.51851073360401,0.100210451541237,0.0153103817868389
1591,370000,9619000,1.54163124131253,0.096666108975805,0.00506915421871167
1592,371000,9619000,1.51818760429145,0.0923104771368066,0.0216582666101538
1593,372000,9619000,1.55233923100328,0.0956134144779482,0.0167680063083487
1594,373000,9619000,1.51583112633194,0.0952159033409197,0.0324566306550967
1595,374000,9619000,1.5495926544727,0.0910961599174737,0.0143056508838006
1596,375000,9619000,1.52247458583126,0.090408072594619,0.0355565461251887
1597,262000,9620000,1.47769663700287,0.0652411954615442,0.0786066628445057
1598,263000,9620000,1.50182681728156,0.0724904722607965,0.0217615200904998
1599,264000,9620000,1.4570298022521,0.0830377893665915,0.0301085096315464
1600,265000,9620000,1.4057228659527,0.098552786372273,0.0182189578313896
1601,266000,9620000,1.41005247011095,0.0999076931872759,0.0407226210911737
1602,267000,9620000,1.43031139589341,0.100217245401772,0.0636346231425409
1603,268000,9620000,1.46572544084788,0.0952160939087544,0.0108089484675722
1604,269000,9620000,1.41640302803476,0.0956789529697977,0.0323534742843893
1605,270000,9620000,1.40407399302525,0.0928474240707794,0.0548376659492166
1606,271000,9620000,1.43135169454631,0.092721230780862,0.0326176682831284
1607,272000,9620000,1.46931125579064,0.0953186815311095,0.026024940698482
1608,273000,9620000,1.44039500999354,0.0995455708289438,0.0171998227293447
1609,274000,9620000,1.47059956357336,0.0981120922353218,0.0167519205981426
1610,275000,9620000,1.48334072973837,0.0947644137711595,0.0201853473673891
1611,276000,9620000,1.4606706553015,0.0991679111608675,0.0188731411078975
1612,277000,9620000,1.46836522705419,0.103649196038371,0.0216015743030022
1613,278000,9620000,1.41494665153246,0.103525090743193,0.0268899043086049
1614,279000,9620000,1.47906786632179,0.106819281044798,0.0360408841858766
1615,280000,9620000,1.50010144272574,0.0999696435944232,0.0370268413787733
1616,281000,9620000,1.58380397740284,0.106655213635153,0.00885904533426364
1617,282000,9620000,1.47557940574329,0.132119324049204,0.0470467892302761
1618,283000,9620000,1.47703582305312,0.123792636925211,0.0334990830593018
1619,284000,9620000,1.49883830256984,0.112301875413213,0.0353461331880298
1620,285000,9620000,1.39087948974006,0.114878051270365,0.13885307696373
1621,286000,9620000,1.56266456121722,0.117701903271861,0.00889733720723607
1622,287000,9620000,1.56235481219974,0.122539552020231,0.00973745567676729
1623,288000,9620000,1.50961981312838,0.132389786749054,0.0172056388540165
1624,289000,9620000,1.46604296433074,0.132163614365957,0.0604416648117061
1625,290000,9620000,1.41908131622859,0.127883174222051,0.0350182558813542
1626,291000,9620000,1.4564427243117,0.125175877292624,0.0316994647259531
1627,292000,9620000,1.4121183609535,0.119194874754579,0.0244736130316293
1628,293000,9620000,1.4729668610933,0.117127400573529,0.0311437340329998
1629,294000,9620000,1.41601639229426,0.0967465003466379,0.0539252164403944
1630,295000,9620000,1.55795935545236,0.0950318124247595,0.0330039475902145
1631,296000,9620000,1.56786758732385,0.109557160995291,0.021582031253428
1632,297000,9620000,1.47859981286733,0.111898534897307,0.025154093670913
1633,298000,9620000,1.44747579128469,0.107696858195444,0.0507432340485782
1634,299000,9620000,1.53677457992444,0.0839929854984964,0.021762251009266
1635,3e+05,9620000,1.35330486827248,0.0746952094323189,0.0539406201202742
1636,301000,9620000,1.31048675079306,0.0690227180340977,0.0669422835546106
1637,302000,9620000,1.50665608066638,0.0888374466131742,0.0372598620154644
1638,303000,9620000,1.28397820882519,0.0757686373286661,0.0721995734059583
1639,304000,9620000,1.50704179580358,0.0800654246014905,0.0457863900792961
1640,305000,9620000,1.46072192649424,0.0933178576899976,0.0309904044397491
1641,306000,9620000,1.52216766601348,0.0962799498604461,0.0305560325053442
1642,307000,9620000,1.45938630653746,0.102183450729768,0.0265480918743682
1643,308000,9620000,1.41361957601835,0.102073818363051,0.021247235957815
1644,309000,9620000,1.57351755406771,0.0903107409082737,0.0366229372353047
1645,310000,9620000,1.51566318575262,0.0677232536807851,0.0139598026271693
1646,311000,9620000,1.49896826332203,0.0630116901849747,0.055341388251223
1647,312000,9620000,1.26337287729857,0.0650743075419992,0.118658098873252
1648,313000,9620000,1.34669471401157,0.0656286438410749,0.0635452477352291
1649,314000,9620000,1.43720330910246,0.0727421024365035,0.00658095739310451
1650,315000,9620000,1.38656256043296,0.100565301484755,0.0623801416143895
1651,316000,9620000,1.42645819068534,0.104729116758952,0.106908477379079
1652,317000,9620000,1.49525144332966,0.105549864085808,0.0929602052505796
1653,318000,9620000,1.49025819228627,0.10970785583189,0.120528842942264
1654,319000,9620000,1.52909223955068,0.101325776212035,0.119653844829771
1655,320000,9620000,1.58894690417884,0.0779938278914566,0.0725329011043146
1656,321000,9620000,1.46598838384692,0.0626481653700269,0.0511308498050831
1657,322000,9620000,1.42533811178134,0.0584534021753414,0.0307940270126921
1658,323000,9620000,1.56078357239647,0.0667746212587698,0.0546671518626942
1659,324000,9620000,1.49337879012815,0.065998288539932,0.0436127816093956
1660,325000,9620000,1.52110969212439,0.0668719627772051,0.00959764404757084
1661,326000,9620000,1.43750782275003,0.0717121119814232,0.0327278932585732
1662,327000,9620000,1.51151629035275,0.0747911822009083,0.0266129348657349
1663,328000,9620000,1.50384503755365,0.0880318588687934,0.149798951019178
1664,329000,9620000,1.44925064217437,0.0907131263118883,0.0150585181779235
1665,330000,9620000,1.4666923327038,0.0926171512350175,0.0341375590897501
1666,331000,9620000,1.47058477069427,0.0916030756825504,0.0995522417755577
1667,332000,9620000,1.42278079911045,0.0926439986828431,0.0728817578042048
1668,333000,9620000,1.46819370260562,0.095794588945779,0.0332132788483249
1669,334000,9620000,1.46286521696247,0.090623057336867,0.0542768507493587
1670,335000,9620000,1.41036409893627,0.0952691555634033,0.0348447734244971
1671,336000,9620000,1.52776790068411,0.0907780419617682,0.0103518143762979
1672,337000,9620000,1.55022135998824,0.0840985766834652,0.0265027583600487
1673,338000,9620000,1.51078976264072,0.0724939045732708,0.0875930431360268
1674,339000,9620000,1.53707472228889,0.0709534974419101,0.108733770156993
1675,340000,9620000,1.49196134036349,0.0813074700842447,0.0459968078892686
1676,341000,9620000,1.47684861851039,0.0728288390621322,0.0277994798727376
1677,342000,9620000,1.4425031006152,0.0741446307808546,0.0397588769372751
1678,343000,9620000,1.5308017130137,0.0832338469465881,0.0160291957675986
1679,344000,9620000,1.54376276745332,0.0866041725443762,0.0810692543890683
1680,345000,9620000,1.45072609307453,0.0847030326667003,0.0383905337631955
1681,346000,9620000,1.45397771232531,0.0790809119146817,0.0258833345746944
1682,347000,9620000,1.56116288603932,0.0878512026340155,0.0192398901559954
1683,348000,9620000,1.35129808107285,0.0956292550278982,0.0766538911859618
1684,349000,9620000,1.48111637565828,0.0937820471359892,0.0108062782975754
1685,350000,9620000,1.43390862735783,0.0985276434298028,0.0211332365766379
1686,351000,9620000,1.52344007319434,0.0912776399294905,0.0442206536519242
1687,352000,9620000,1.50014570555034,0.0784758842494121,0.0449762119451734
1688,353000,9620000,1.37432470528447,0.0653173104078765,0.040874046393273
1689,354000,9620000,1.43883895924187,0.0698150249091944,0.0336909743032441
1690,355000,9620000,1.50604507135795,0.0560068844585224,0.0118939755508939
1691,356000,9620000,1.52052643672024,0.0545725727866854,0.0137221796019767
1692,357000,9620000,1.42786191876298,0.0526075711697001,0.0395645245980885
1693,358000,9620000,1.42516941793408,0.0651223218324036,0.0198482651318191
1694,359000,9620000,1.57819283079312,0.0749719500196099,0.014190543804999
1695,360000,9620000,1.52948813752486,0.0910587679373309,0.0204295305315489
1696,361000,9620000,1.5461896580829,0.0969384179654358,0.00820734092663628
1697,362000,9620000,1.54126796156863,0.0922507134617327,0.00729733611720708
1698,363000,9620000,1.49488908873693,0.0903244202561451,0.0093024384689787
1699,364000,9620000,1.56551903896919,0.091214861075679,0.0120832257693772
1700,365000,9620000,1.56206702687954,0.0986097021119125,0.0193333819645756
1701,366000,9620000,1.52136300388726,0.0994752312639528,0.0113819600329229
1702,367000,9620000,1.47008737257899,0.104001374555197,0.0176954224056789
1703,368000,9620000,1.47437769024366,0.102874394660398,0.0185118209155981
1704,369000,9620000,1.47899210292463,0.100434889152423,0.0155290286298942
1705,370000,9620000,1.54604528988208,0.0968948933933928,0.00738605212724422
1706,371000,9620000,1.54766761703034,0.0892628393242273,0.0157981080899669
1707,372000,9620000,1.54352487378552,0.0927924393969868,0.0186380009672757
1708,373000,9620000,1.55736126477882,0.0996571098822047,0.01484222441231
1709,374000,9620000,1.57136265684189,0.090160366782403,0.0213448529211955
1710,375000,9620000,1.57098967001587,0.0884518325862008,0.0128118763117768
1711,262000,9621000,1.38088881192701,0.0707850270918854,0.0785361103292351
1712,263000,9621000,1.46729361405969,0.0702919665117009,0.0629981931138121
1713,264000,9621000,1.47334817593699,0.0738828383933432,0.0642240641045912
1714,265000,9621000,1.46102507209962,0.0956462226521697,0.0977184182840934
1715,266000,9621000,1.42592698567543,0.0965252800936028,0.101156900328443
1716,267000,9621000,1.46543224461916,0.0932939952483695,0.0281844954264786
1717,268000,9621000,1.37103559943916,0.0964675138063513,0.0412827235055135
1718,269000,9621000,1.4144197063957,0.0942979086191155,0.0299129290365909
1719,270000,9621000,1.41598126354103,0.0941512166201441,0.0208852766918328
1720,271000,9621000,1.43974254031732,0.0889683352510799,0.0451661486677193
1721,272000,9621000,1.43172803795041,0.0912120829457197,0.0241425058635184
1722,273000,9621000,1.43498641694525,0.0926587981714528,0.0233312050200413
1723,274000,9621000,1.43124278472495,0.0971006774775536,0.0341010297712058
1724,275000,9621000,1.4747852296978,0.0985088783684584,0.022141546157331
1725,276000,9621000,1.46251783569737,0.101374586478383,0.00862151832115155
1726,277000,9621000,1.35175376117352,0.103496791988034,0.0599920622695117
1727,278000,9621000,1.47197014496986,0.104897764541446,0.0806305213766725
1728,279000,9621000,1.51160024411748,0.103453958752892,0.0387689513856716
1729,280000,9621000,1.48075069828509,0.0986879787855037,0.0206152959280938
1730,281000,9621000,1.53242278171732,0.114591610968285,0.0303024786492557
1731,282000,9621000,1.45933485945957,0.120854051665945,0.0296859957535323
1732,283000,9621000,1.41139255463333,0.117258996847476,0.0372873105186107
1733,284000,9621000,1.13833235065907,0.114085505028789,0.0979680187470358
1734,285000,9621000,1.39900704448956,0.115259714908711,0.0159309062891855
1735,286000,9621000,1.53079295850487,0.108568704752246,0.0654580151020143
1736,287000,9621000,1.53839297566129,0.121829652400256,0.01654998229694
1737,288000,9621000,1.48148227744843,0.13158207036694,0.00802579677750144
1738,289000,9621000,1.33663956775034,0.126248382633148,0.0335751924357088
1739,290000,9621000,1.26782421942234,0.121949525973423,0.0344074094163109
1740,291000,9621000,1.33440741009888,0.110310410890956,0.0386298820407677
1741,292000,9621000,1.31667836531646,0.108514361450479,0.0514293481622637
1742,293000,9621000,1.49295627930697,0.0995402015567478,0.0187187457109522
1743,294000,9621000,1.26644915501543,0.0938563569703232,0.0372358649574024
1744,295000,9621000,1.51996408962565,0.102603475375804,0.0284063019315704
1745,296000,9621000,1.51357342793964,0.10786927293475,0.0420824514340022
1746,297000,9621000,1.46533666697352,0.114292390590098,0.0238221903322165
1747,298000,9621000,1.46010918562871,0.107223139809643,0.0171321805150453
1748,299000,9621000,1.55103850961649,0.0872064464264827,0.0113097992492345
1749,3e+05,9621000,1.5303641571129,0.0885381844303938,0.0145080216101328
1750,301000,9621000,1.55255658602832,0.0957418549627978,0.00853500805902549
1751,302000,9621000,1.55258506741322,0.095888529525442,0.0136750722547663
1752,303000,9621000,1.56849322658349,0.0983610232251583,0.0214698012027071
1753,304000,9621000,1.51929663087402,0.100066232132281,0.0292514571633274
1754,305000,9621000,1.51952184399933,0.0968714352724577,0.00918952657955586
1755,306000,9621000,1.50905416488747,0.101399192499235,0.0344922810034674
1756,307000,9621000,1.55148637551613,0.104922350870297,0.0245030192234529
1757,308000,9621000,1.43014721845066,0.10716843169169,0.0598363552835686
1758,309000,9621000,1.50072215025091,0.0966309445087219,0.00615887825083913
1759,310000,9621000,1.5165184217278,0.0660392011132809,0.0139425161702884
1760,311000,9621000,1.51665048517645,0.0661502765942809,0.014628800745609
1761,312000,9621000,1.39626666832427,0.0670833543184445,0.0348915100289171
1762,313000,9621000,1.43051418212111,0.0726530094126139,0.115062543038658
1763,314000,9621000,1.34144837471127,0.0610529827231032,0.11488164680957
1764,315000,9621000,1.53203638601645,0.0839043050183897,0.0411064983495933
1765,316000,9621000,1.363220970856,0.10337340358001,0.0686208422497572
1766,317000,9621000,1.44115279128746,0.072285685115725,0.0422386574411916
1767,318000,9621000,1.21506168964726,0.068098831179303,0.118090246453121
1768,319000,9621000,1.39251644930845,0.0766444309470632,0.107562785336436
1769,320000,9621000,1.43266843362323,0.0591956137871357,0.0596124713111574
1770,321000,9621000,1.44511342407889,0.0574179053218538,0.059782924088467
1771,322000,9621000,1.50454103186851,0.0655270485120176,0.0312057054135237
1772,323000,9621000,1.50607659005391,0.0703111835886129,0.0773304074650657
1773,324000,9621000,1.58510878806395,0.0797159428537106,0.0192957127580829
1774,325000,9621000,1.58236661149447,0.0834085123289185,0.0228708268824736
1775,326000,9621000,1.55005891424893,0.0818352970175361,0.0681134432187401
1776,327000,9621000,1.42911350242151,0.0928794200474829,0.0456186780598791
1777,328000,9621000,1.53057661702173,0.0933969557953371,0.142831228931298
1778,329000,9621000,1.54760090142516,0.0974390128698667,0.110402907626583
1779,330000,9621000,1.44682133192413,0.101022822589692,0.0401197129753789
1780,331000,9621000,1.4415837073968,0.101511277691853,0.0596515793812857
1781,332000,9621000,1.48327381722265,0.0986819785870203,0.0404525931355981
1782,333000,9621000,1.41314167710099,0.0934844197797412,0.0721280520902346
1783,334000,9621000,1.37212844524229,0.0930730422165229,0.0667237857287664
1784,335000,9621000,1.38552440116934,0.0951159242720664,0.0201552303117829
1785,336000,9621000,1.44433513010294,0.0884658440884856,0.0348130235980591
1786,337000,9621000,1.49747511183284,0.0852440114839127,0.0231290441433746
1787,338000,9621000,1.50539669609043,0.0781420466557095,0.0966484749692747
1788,339000,9621000,1.55272167316742,0.0671140767760221,0.0136784662472741
1789,340000,9621000,1.54865421085806,0.0735033429117825,0.126273565373753
1790,341000,9621000,1.5196854874909,0.0746340340263601,0.0548549910270213
1791,342000,9621000,1.53101120441599,0.0767455777462602,0.0285275350547621
1792,343000,9621000,1.57203789654582,0.0794617343355655,0.0264720630554349
1793,344000,9621000,1.56534156516717,0.0851421803103555,0.0113823290191437
1794,345000,9621000,1.53307052245684,0.079555406460847,0.0300696651101727
1795,346000,9621000,1.597082149549,0.0871390744514464,0.0109461381034163
1796,347000,9621000,1.49452524855807,0.100634993731385,0.0351432806310245
1797,348000,9621000,1.39205244154405,0.101421543314768,0.0228657029385414
1798,349000,9621000,1.4224716258985,0.0930598566511538,0.00986506491432175
1799,350000,9621000,1.55571048857896,0.0934674347155932,0.0203498207785677
1800,351000,9621000,1.45035799326891,0.0903022181559378,0.032531520545112
1801,352000,9621000,1.35464514133928,0.0818235069660231,0.0230237750018302
1802,353000,9621000,1.52985973562178,0.0677325305085959,0.0361099527061219
1803,354000,9621000,1.41069674725552,0.0579670629506769,0.0320174245327266
1804,355000,9621000,1.52078424058451,0.0532790691214613,0.0157778923319336
1805,356000,9621000,1.52942196729313,0.053293413111047,0.0162984697169452
1806,357000,9621000,1.50782384954426,0.0518826083424718,0.0171657022755163
1807,358000,9621000,1.45713816848086,0.0616370341378252,0.0196613433867263
1808,359000,9621000,1.51259804475329,0.0907427740191026,0.014732315261676
1809,360000,9621000,1.56454133004383,0.0931950153688256,0.0122792326011455
1810,361000,9621000,1.4236261856648,0.0879824991652378,0.0700937600717698
1811,362000,9621000,1.45797520175875,0.0902188011899772,0.0370125994163405
1812,363000,9621000,1.57111216851326,0.0958904676060749,0.0432378595533958
1813,364000,9621000,1.5362367629636,0.096596262113699,0.0119441243786692
1814,365000,9621000,1.52968311095251,0.0992870933472692,0.022242079277678
1815,366000,9621000,1.57178738450014,0.105365993971704,0.0189362852911561
1816,367000,9621000,1.53054844806408,0.10602233109585,0.0152083147993145
1817,368000,9621000,1.46946353575446,0.100647608741604,0.0280996669272016
1818,369000,9621000,1.49687059011584,0.097508012641846,0.00775617282777505
1819,370000,9621000,1.48274342129923,0.0995849763252898,0.0219173342144074
1820,371000,9621000,1.49736747333929,0.0885427844935558,0.0364022248099983
1821,372000,9621000,1.51551242932486,0.0941804389849023,0.0139455321313296
1822,373000,9621000,1.55229285784336,0.0978378950592063,0.0526421532209205
1823,374000,9621000,1.54251332997029,0.0892295118639993,0.0418353546214529
1824,375000,9621000,1.58358949471293,0.082779394224019,0.0271059347473867
1825,262000,9622000,1.54834086488173,0.0666623553970343,0.0252607197838625
1826,263000,9622000,1.37871209334074,0.0697053170399448,0.0640783053705604
1827,264000,9622000,1.4526568854346,0.0707113718056297,0.124634596629848
1828,265000,9622000,1.51799952612023,0.0895963853130231,0.0441629829718398
1829,266000,9622000,1.42392780888813,0.0939515280113286,0.0207307776262023
1830,267000,9622000,1.44249495320805,0.0907855050226763,0.0244702898129239
1831,268000,9622000,1.45506276936704,0.0911706172899077,0.0407381660511319
1832,269000,9622000,1.41329802545024,0.0903761724416471,0.0158775383399149
1833,270000,9622000,1.38328842919836,0.089752147281184,0.0237722254660073
1834,271000,9622000,1.38671156310576,0.0880137909496202,0.023980621697944
1835,272000,9622000,1.41393713332067,0.0883008215430453,0.0318659630661358
1836,273000,9622000,1.42009805680261,0.0932548243996898,0.0197127924288327
1837,274000,9622000,1.4497741810775,0.0975312547173699,0.0316200616903338
1838,275000,9622000,1.46002399955123,0.0991921721773056,0.0315268280281795
1839,276000,9622000,1.43124115314909,0.100745492990521,0.094425406809858
1840,277000,9622000,1.41750421272025,0.101206275669269,0.0479968753358809
1841,278000,9622000,1.44313328095435,0.103664726349258,0.0484191950517246
1842,279000,9622000,1.52474720417454,0.1019742064731,0.0175796314166843
1843,280000,9622000,1.53082759357805,0.108801604662562,0.0337238542911096
1844,281000,9622000,1.45313867709454,0.123281181514814,0.0131106682190335
1845,282000,9622000,1.49881218908819,0.119741541258527,0.0726185225240461
1846,283000,9622000,1.37017148959312,0.128951604716302,0.0177640713473085
1847,284000,9622000,1.49383964246147,0.112439648458015,0.0370482692237063
1848,285000,9622000,1.43267508771859,0.129454783687715,0.0170505154362413
1849,286000,9622000,1.46213530062752,0.131615985823883,0.0406739374511467
1850,287000,9622000,1.38280335779934,0.133749730484209,0.0290639621325078
1851,288000,9622000,1.4332919289391,0.13299676641584,0.0316546017541555
1852,289000,9622000,1.37218890391956,0.121455084639846,0.0371955332647196
1853,290000,9622000,1.32029719383764,0.113048167687414,0.0352766733192093
1854,291000,9622000,1.48745047236215,0.0998175985860803,0.031505465554102
1855,292000,9622000,1.4567938736341,0.097328792564307,0.0310542402366311
1856,293000,9622000,1.3390878198955,0.0866657720084352,0.0300559261096319
1857,294000,9622000,1.46521571054024,0.100195204790891,0.0321202516613743
1858,295000,9622000,1.49246979942037,0.118145430179565,0.0268549236076693
1859,296000,9622000,1.38389022521687,0.116726238606472,0.0246882728351773
1860,297000,9622000,1.52190958773666,0.115250820351678,0.0967658527823579
1861,298000,9622000,1.36626408224619,0.1111555552157,0.0265765604885086
1862,299000,9622000,1.54924729708792,0.100995064208573,0.00722805863181079
1863,3e+05,9622000,1.56378700311711,0.106706124570383,0.0188042165467965
1864,301000,9622000,1.55643682971852,0.114417633443945,0.0140245355954909
1865,302000,9622000,1.58874832229745,0.0988912275134596,0.00856051536204035
1866,303000,9622000,1.41581515384129,0.0808176950120536,0.0195849452238012
1867,304000,9622000,1.42141181971415,0.10735120144432,0.0389873490185242
1868,305000,9622000,1.46964924940837,0.104891278628936,0.0220350262009852
1869,306000,9622000,1.47699612323665,0.0912141929699001,0.0406198926669272
1870,307000,9622000,1.5115512719222,0.103145237315704,0.0152829573747077
1871,308000,9622000,1.42097356835422,0.109150667013703,0.0214783367019093
1872,309000,9622000,1.35223437226707,0.101486073223918,0.0204033576840235
1873,310000,9622000,1.55759226971394,0.0729132773782999,0.0265241274018189
1874,311000,9622000,1.40050580345682,0.0621873397197624,0.0317688079638926
1875,312000,9622000,1.44835647090107,0.0661206567733732,0.00747061333792411
1876,313000,9622000,1.24591654108372,0.0684018521594775,0.153712848832037
1877,314000,9622000,1.51566373402417,0.0636717722063227,0.122265907900315
1878,315000,9622000,1.40927385617522,0.0649767743118334,0.108802104256007
1879,316000,9622000,1.39081341485253,0.104394315895705,0.0568518273454414
1880,317000,9622000,1.53434475175351,0.0877956009989261,0.0326511370998711
1881,318000,9622000,1.49556710109333,0.0714708055037732,0.025363803452238
1882,319000,9622000,1.4104616824958,0.0660568054578125,0.0322830199585145
1883,320000,9622000,1.40492119651725,0.0549009144862829,0.0290868601831513
1884,321000,9622000,1.3756267209234,0.0626084983949557,0.0871053968987555
1885,322000,9622000,1.52455216304285,0.0931191718404748,0.163741343377782
1886,323000,9622000,1.48136015611381,0.0998361847622431,0.0307324926275676
1887,324000,9622000,1.50508939468014,0.0981105991881074,0.0206828694770698
1888,325000,9622000,1.54114296595414,0.103000426498907,0.0197544724162672
1889,326000,9622000,1.51847246270799,0.100937795154556,0.0381350391671481
1890,327000,9622000,1.5047662474437,0.0986160346429617,0.016018534502506
1891,328000,9622000,1.52563886603144,0.0998599461189257,0.0749325115178424
1892,329000,9622000,1.4935208932512,0.106533539053977,0.055508519281134
1893,330000,9622000,1.54639452025321,0.0985260794773683,0.0852196010513737
1894,331000,9622000,1.49364749385112,0.100759992600966,0.0491329435807621
1895,332000,9622000,1.48006523858907,0.0980786880070777,0.0294914520342678
1896,333000,9622000,1.46993319746905,0.0888510818026082,0.053879153532591
1897,334000,9622000,1.42170418549986,0.0851509726056502,0.0180724886800483
1898,335000,9622000,1.36519926778516,0.0951989032274455,0.0135535939959672
1899,336000,9622000,1.41888756310867,0.0901542608558662,0.0151640392615829
1900,337000,9622000,1.51076125090669,0.0916081672415918,0.089009246703055
1901,338000,9622000,1.53489393814086,0.0760943751615445,0.096407331967882
1902,339000,9622000,1.55467009264195,0.0620565707433025,0.055849703722095
1903,340000,9622000,1.5331155131044,0.068697032489251,0.0192040344262251
1904,341000,9622000,1.46761445057651,0.0704739194518403,0.0719447059796844
1905,342000,9622000,1.48517217781785,0.0798809165743615,0.0122345227119451
1906,343000,9622000,1.51122992781087,0.0785698689907155,0.0631122068651377
1907,344000,9622000,1.54170715432011,0.0798466653292291,0.0735092683134777
1908,345000,9622000,1.40881914201438,0.0782619934260872,0.0292004525606233
1909,346000,9622000,1.50395272747035,0.0963264187547889,0.00854360529547152
1910,347000,9622000,1.55754872580919,0.0968274098681087,0.0142091569133575
1911,348000,9622000,1.48791819767577,0.0954422685686484,0.0179080562572442
1912,349000,9622000,1.48601925239293,0.093941767802256,0.0546576091139932
1913,350000,9622000,1.48594554051177,0.0884916086402085,0.0319584275609613
1914,351000,9622000,1.48687358749112,0.0835699723852716,0.0255739052388248
1915,352000,9622000,1.38980568994273,0.0793533359235594,0.019024152125191
1916,353000,9622000,1.51434370380661,0.0720163797301752,0.0442018340026717
1917,354000,9622000,1.46816930548076,0.0597202942471953,0.0345224359395411
1918,355000,9622000,1.42201282469701,0.0524593082329854,0.0544737224395342
1919,356000,9622000,1.47099771600688,0.0529504020758621,0.0485939852121051
1920,357000,9622000,1.37880977928887,0.0508938116368774,0.0169576869817203
1921,358000,9622000,1.58030757034485,0.0676283940446407,0.0199745996036643
1922,359000,9622000,1.52465847753651,0.0991540272896935,0.0137176212630154
1923,360000,9622000,1.50986419080452,0.099340996254311,0.0142339788009435
1924,361000,9622000,1.5440248603061,0.0942400469739724,0.00612598740790594
1925,362000,9622000,1.44586601694108,0.0888119167545237,0.0373662978735216
1926,363000,9622000,1.51890703322075,0.0929541062943441,0.014789972723505
1927,364000,9622000,1.57414943577522,0.0897957532037085,0.0137352057590092
1928,365000,9622000,1.55850378596527,0.101355412276765,0.0467353383434864
1929,366000,9622000,1.54003852809023,0.0934901690099483,0.00741320911178187
1930,367000,9622000,1.35643579336008,0.0973008342878001,0.0713198294144544
1931,368000,9622000,1.33214547724966,0.0977956009712738,0.0756252731211949
1932,369000,9622000,1.5610453471257,0.0973083507998542,0.0129990622180297
1933,370000,9622000,1.4784949819349,0.0950037251571327,0.0296053877725251
1934,371000,9622000,1.53774376989688,0.0911375070244405,0.0130376624440831
1935,372000,9622000,1.5337783930464,0.093826328082899,0.00515272181207996
1936,373000,9622000,1.5747730528778,0.0973754229539492,0.0516335626580075
1937,374000,9622000,1.52488300217533,0.089002112466094,0.0311566920875329
1938,375000,9622000,1.57300199511373,0.0845115169401417,0.0155878954082558
1939,262000,9623000,1.54462905216301,0.0630795260145287,0.0319168014214008
1940,263000,9623000,1.49800547989568,0.065099601520483,0.080836273264621
1941,264000,9623000,1.48806116175181,0.0700802043198758,0.0193598122213492
1942,265000,9623000,1.5167696533248,0.0867438093110882,0.0187955776130191
1943,266000,9623000,1.36987893503135,0.0939507529958127,0.0152444543764889
1944,267000,9623000,1.4565659504962,0.0874166144271071,0.0132437055999577
1945,268000,9623000,1.30314885054338,0.0887643149819313,0.0630188227908209
1946,269000,9623000,1.33995515664591,0.0876580335902437,0.0479600223271008
1947,270000,9623000,1.44602526217868,0.0880406755838196,0.066964200804428
1948,271000,9623000,1.27439902940144,0.090260686278312,0.0496789674232733
1949,272000,9623000,1.29041490091223,0.0930824677437734,0.0408383221948357
1950,273000,9623000,1.36483167868494,0.0929062000795614,0.0462775531487441
1951,274000,9623000,1.45783626296417,0.0944439812956735,0.0118546059984012
1952,275000,9623000,1.43177222875941,0.0971347265706286,0.0481273738856194
1953,276000,9623000,1.45244021231811,0.0991949363985449,0.0372850427391384
1954,277000,9623000,1.42425202475256,0.0930291864948964,0.0321391477024739
1955,278000,9623000,1.47453398474725,0.0926497490788483,0.0726144385751574
1956,279000,9623000,1.58892205556404,0.101829130696675,0.0412335780052514
1957,280000,9623000,1.36582533226527,0.120861776147144,0.0394812675535167
1958,281000,9623000,1.43860489787039,0.120769550641893,0.0841693189598124
1959,282000,9623000,1.40500344553144,0.122799033340556,0.0539647154014477
1960,283000,9623000,1.45522836124149,0.120519656380045,0.0598401570383016
1961,284000,9623000,1.44441350225088,0.11290383091398,0.0443742539627691
1962,285000,9623000,1.49860845488904,0.127368644324082,0.0153281657741806
1963,286000,9623000,1.30710609252228,0.134183511195445,0.0903075794726941
1964,287000,9623000,1.47173675194329,0.136687799832841,0.0492757611803902
1965,288000,9623000,1.44951115032825,0.128156349992771,0.0353225207168633
1966,289000,9623000,1.31219456038056,0.116932252763754,0.0762806990168392
1967,290000,9623000,1.50486161169587,0.1055800451302,0.0177728902660545
1968,291000,9623000,1.51208583644857,0.100650828519566,0.0200062571936282
1969,292000,9623000,1.4854639762922,0.0940516186292611,0.0288158023955976
1970,293000,9623000,1.46746216019102,0.105320445304964,0.0103048774291383
1971,294000,9623000,1.44943145040993,0.115865180612654,0.019767067940968
1972,295000,9623000,1.4216334841917,0.116775520568789,0.0666044142476675
1973,296000,9623000,1.42263295625765,0.113319012611726,0.00851144951643792
1974,297000,9623000,1.43096787308275,0.113892582303087,0.0310074450168222
1975,298000,9623000,1.28499082756647,0.110780952584108,0.0408568596178937
1976,299000,9623000,1.38380294798442,0.108067667147941,0.0278456537185971
1977,3e+05,9623000,1.51340243255851,0.102979773249866,0.0345744358675503
1978,301000,9623000,1.58328980888961,0.101388185586642,0.00728679758189375
1979,302000,9623000,1.45435935853839,0.0860116727605842,0.0281707666894744
1980,303000,9623000,1.48927325669153,0.0878839712720873,0.0292906501888066
1981,304000,9623000,1.35700383263353,0.111450300989823,0.0452993984828585
1982,305000,9623000,1.41542066284998,0.110313810700463,0.0320982732989148
1983,306000,9623000,1.41591903574672,0.110739806462621,0.0717851076319754
1984,307000,9623000,1.26122945203446,0.108243449102238,0.0837147693103289
1985,308000,9623000,1.52333402688482,0.0887206335376559,0.00579257576014589
1986,309000,9623000,1.4941190503258,0.0957749396424324,0.0223922599021557
1987,310000,9623000,1.53750281010454,0.072738753778967,0.0333254430652041
1988,311000,9623000,1.47311309040678,0.0593715258893045,0.0386103992959447
1989,312000,9623000,1.51507900609429,0.0605987196106971,0.0107390711504733
1990,313000,9623000,1.20212786412141,0.0592998989635594,0.108830686155519
1991,314000,9623000,1.36419438143334,0.0649765268159758,0.0504365729361879
1992,315000,9623000,1.53488625419293,0.0632953000576364,0.0428721121301556
1993,316000,9623000,1.48209515578129,0.0882708600901973,0.0334315729243638
1994,317000,9623000,1.51287193634572,0.0876625209883497,0.0119779274441355
1995,318000,9623000,1.34792801731408,0.063765175974268,0.0675001622648248
1996,319000,9623000,1.53787341614435,0.0684690231060515,0.0654819253865293
1997,320000,9623000,1.37661797316868,0.0541457752988046,0.0561634712518694
1998,321000,9623000,1.57873399324508,0.084085524787991,0.04844238104675
1999,322000,9623000,1.49854735296262,0.103086547276965,0.0939032104341692
2000,323000,9623000,1.4847070055462,0.099001177078318,0.115278821030193
2001,324000,9623000,1.51237213417878,0.0948798731553778,0.0613517324637415
2002,325000,9623000,1.42914159028542,0.0992545234453664,0.0366512269561093
2003,326000,9623000,1.52825557684672,0.0951658127076964,0.0179930275594267
2004,327000,9623000,1.4933952716855,0.0978226855109465,0.0497493154940134
2005,328000,9623000,1.52749475015835,0.0987036740424229,0.119155968104136
2006,329000,9623000,1.4796640587378,0.0946692601518508,0.134276574620744
2007,330000,9623000,1.53041962989183,0.0905047628005212,0.125602456473711
2008,331000,9623000,1.5221735156074,0.096393478184964,0.113745964045761
2009,332000,9623000,1.49411823792452,0.0928277317469177,0.175209507998072
2010,333000,9623000,1.42213909993775,0.0807880101323167,0.0607154950651155
2011,334000,9623000,1.4023684011373,0.0814553053968581,0.015947735593208
2012,335000,9623000,1.38064954392072,0.0937554727239715,0.0276410891483294
2013,336000,9623000,1.37994750271304,0.0869680761195062,0.0142472803456135
2014,337000,9623000,1.43462103110153,0.0867684920956707,0.0341178797868602
2015,338000,9623000,1.54531627445693,0.0741595324937605,0.0638562904770122
2016,339000,9623000,1.52693379954277,0.0651181888347847,0.0516617543564632
2017,340000,9623000,1.51884371909881,0.0622235476321136,0.0733967701697236
2018,341000,9623000,1.53235282519672,0.0687884632808813,0.0347418394713782
2019,342000,9623000,1.43661169067029,0.0822744214221046,0.0560311897007084
2020,343000,9623000,1.54081216442661,0.0850241530106077,0.0276408888649299
2021,344000,9623000,1.53819270461038,0.0788653153963532,0.0112561369139557
2022,345000,9623000,1.54350735489513,0.0845571354143758,0.0264951352370395
2023,346000,9623000,1.53603781129008,0.0914725379170485,0.00537046699965945
2024,347000,9623000,1.53445876735342,0.0988180517429546,0.00749398134269765
2025,348000,9623000,1.53118443352547,0.0972773181243368,0.013552129553226
2026,349000,9623000,1.50201735471124,0.0931375930117809,0.0266783001817796
2027,350000,9623000,1.42726258591088,0.0896009969883267,0.0170777298481604
2028,351000,9623000,1.48316377462395,0.0839028026153571,0.0297260834868765
2029,352000,9623000,1.47812055305146,0.0842612881264849,0.0620315615429933
2030,353000,9623000,1.45956555138132,0.0846822736845415,0.0562709592739911
2031,354000,9623000,1.45998262638413,0.0774459960427378,0.0136137857598365
2032,355000,9623000,1.47301788876258,0.0497926427398572,0.0167224131154075
2033,356000,9623000,1.57406703706885,0.0556153398136404,0.0112910471798067
2034,357000,9623000,1.56035274303316,0.0555026364734102,0.0215503195208126
2035,358000,9623000,1.53870066196866,0.0654634354048867,0.00819218151856853
2036,359000,9623000,1.54417211240676,0.0857212377337628,0.0263296096214665
2037,360000,9623000,1.45922244325277,0.0905447586178194,0.0323597340350621
2038,361000,9623000,1.4832422995487,0.0921277305650881,0.0238751448796064
2039,362000,9623000,1.53823621364851,0.0941509470141189,0.0268228593928117
2040,363000,9623000,1.58215549542733,0.0943397797428925,0.0339930058239599
2041,364000,9623000,1.54536362518199,0.0887252557134094,0.00401900230892134
2042,365000,9623000,1.46591176314696,0.10282994288332,0.0342722044147656
2043,366000,9623000,1.42208853955487,0.0959634597850941,0.0555334924154159
2044,367000,9623000,1.45142676175855,0.0979196412072762,0.0235524010468466
2045,368000,9623000,1.49325569007,0.101999053019174,0.0363481210343832
2046,369000,9623000,1.54305616049863,0.0973831730005495,0.0194246463131739
2047,370000,9623000,1.551205457024,0.0974246281801513,0.0158795998321653
2048,371000,9623000,1.48536463144443,0.101686008131974,0.045387309702656
2049,372000,9623000,1.47075153879456,0.0915369179089756,0.0707594054393308
2050,373000,9623000,1.52056869200206,0.0812596928172103,0.0273749876335659
2051,374000,9623000,1.49940607334378,0.0826373246142948,0.0570419266800724
2052,375000,9623000,1.50903102833645,0.0824266051461969,0.057415834516744
2053,262000,9624000,1.55070987049014,0.0637008539316171,0.0189046755952266
2054,263000,9624000,1.53812417965522,0.0676692880298887,0.0186874509416056
2055,264000,9624000,1.41645545399301,0.0678797941567485,0.0306360445043262
2056,265000,9624000,1.39792972236048,0.076340453681138,0.00928138337960382
2057,266000,9624000,1.48590632216299,0.091618582740586,0.0293216730378182
2058,267000,9624000,1.38810454667678,0.0820880856503997,0.0226887912544645
2059,268000,9624000,1.34166529918405,0.0828237602565812,0.00784073987656717
2060,269000,9624000,1.35459669665162,0.0852285717846609,0.0458621430241131
2061,270000,9624000,1.25984854668401,0.0892103888208871,0.0156630663082966
2062,271000,9624000,1.3010536768511,0.0966802728661049,0.0332753677303732
2063,272000,9624000,1.2173702049078,0.0922621189272764,0.0801828151656156
2064,273000,9624000,1.27265758291056,0.0902967234075466,0.0289049654470622
2065,274000,9624000,1.25628931386581,0.0920069286332946,0.0305450026195851
2066,275000,9624000,1.44466389332895,0.0955252405901847,0.0357521791153655
2067,276000,9624000,1.49768335256816,0.0932031291207847,0.0322565011396987
2068,277000,9624000,1.44991014826808,0.0922205940391581,0.0730577714552682
2069,278000,9624000,1.36834940722454,0.0951534358845675,0.0417485056142601
2070,279000,9624000,1.51746048431351,0.0993168514755526,0.0186424918026731
2071,280000,9624000,1.54971050206865,0.109375281294392,0.0221655512543018
2072,281000,9624000,1.40085080823742,0.113295236155117,0.0378414810961749
2073,282000,9624000,1.42813015286783,0.11017745054109,0.0101617101945765
2074,283000,9624000,1.42643266478879,0.115637960171005,0.0309514838156912
2075,284000,9624000,1.48482549488806,0.11903872124821,0.0238739922318614
2076,285000,9624000,1.39644930976829,0.136636149894749,0.0350031311419662
2077,286000,9624000,1.42234642403676,0.133901594233528,0.0661595008940384
2078,287000,9624000,1.42690868871094,0.133180307739053,0.0296790579928229
2079,288000,9624000,1.48792921867926,0.127000228935833,0.0411599798982198
2080,289000,9624000,1.5036231213542,0.111462280455925,0.0432485328384873
2081,290000,9624000,1.49325731323874,0.096399420269975,0.00888944269494362
2082,291000,9624000,1.49655033930999,0.0929590038353375,0.0313398703886447
2083,292000,9624000,1.49548716510747,0.0966573015846527,0.0295488322854807
2084,293000,9624000,1.41140875396813,0.117706005995133,0.053451300574095
2085,294000,9624000,1.41683510131453,0.116529873141516,0.0144318342256886
2086,295000,9624000,1.41670677464631,0.115477888577405,0.0182594529764982
2087,296000,9624000,1.34823820617835,0.112277082176829,0.0202859812256004
2088,297000,9624000,1.44294691378609,0.112768136561772,0.105476235242426
2089,298000,9624000,1.43736553936324,0.110881942578684,0.0565475356956805
2090,299000,9624000,1.52077123837844,0.0980231038017362,0.0171265045518324
2091,3e+05,9624000,1.45525950310816,0.09903518433715,0.0525898726281254
2092,301000,9624000,1.46257957890935,0.0914806911683215,0.00739932214857254
2093,302000,9624000,1.52214938644139,0.0917560130220615,0.021859433554057
2094,303000,9624000,1.46141194906335,0.10404561844996,0.0161912004690713
2095,304000,9624000,1.39021123803197,0.110951096929217,0.0395017476436139
2096,305000,9624000,1.42033863536534,0.109125665861069,0.035480054600624
2097,306000,9624000,1.35444944828479,0.11448450344832,0.0657455561493689
2098,307000,9624000,1.50995499622043,0.0973761515382561,0.0454449225085903
2099,308000,9624000,1.33729339359016,0.108204388656188,0.118288256119854
2100,309000,9624000,1.34797903480801,0.107456266334773,0.0719275588422246
2101,310000,9624000,1.5216748550944,0.0900037159045892,0.0620015134569436
2102,311000,9624000,1.5377889671682,0.065341303037761,0.0285217675057446
2103,312000,9624000,1.51510798652841,0.0812058759186913,0.0141710888482393
2104,313000,9624000,1.51283489795297,0.0868995864226771,0.0278742057054301
2105,314000,9624000,1.44002026917819,0.0682111963826064,0.0945969013758761
2106,315000,9624000,1.35928857139502,0.0660644114107693,0.0653491794595127
2107,316000,9624000,1.43826948056767,0.0856533708247535,0.132859288563954
2108,317000,9624000,1.49259268080394,0.0825690951587126,0.0148302009303536
2109,318000,9624000,1.31093424539661,0.0509467989495545,0.0781487684979219
2110,319000,9624000,1.47619037695043,0.0592664354855219,0.0475712769344912
2111,320000,9624000,1.56599342687833,0.0775871828358934,0.0708942516759351
2112,321000,9624000,1.529764431136,0.103786350906257,0.0485017816625222
2113,322000,9624000,1.51126374288117,0.106451577947775,0.0420614849687695
2114,323000,9624000,1.48413173024539,0.100260035607828,0.102283208182545
2115,324000,9624000,1.51241413052956,0.100987025977153,0.0930268972947877
2116,325000,9624000,1.50409116494496,0.099291529624267,0.14260689517901
2117,326000,9624000,1.53089995976235,0.087970862435712,0.025095318272006
2118,327000,9624000,1.47221809932926,0.0919408475459702,0.156626761807125
2119,328000,9624000,1.48863281412352,0.0881318135660915,0.122917980897808
2120,329000,9624000,1.35649646523731,0.08396447649125,0.0628395524014425
2121,330000,9624000,1.38310089852158,0.085685179686606,0.0629386063930183
2122,331000,9624000,1.4275581159919,0.0900400400363106,0.0275050401748892
2123,332000,9624000,1.45993266927932,0.0895937245070701,0.0449292574429923
2124,333000,9624000,1.4620134905881,0.0846792341124763,0.0406473537559511
2125,334000,9624000,1.28580792086877,0.0791435258016409,0.0315269463527201
2126,335000,9624000,1.25564750048212,0.0901985093142659,0.0792763964836845
2127,336000,9624000,1.41506315943919,0.0824902259244241,0.0443845378185582
2128,337000,9624000,1.38128943447531,0.0769776387797569,0.0308993140566759
2129,338000,9624000,1.42293152361103,0.0748206451349532,0.067044042812738
2130,339000,9624000,1.40049228702318,0.0751965363444333,0.0269131550289762
2131,340000,9624000,1.55450343856285,0.0685825491036914,0.100936961595025
2132,341000,9624000,1.47793745986853,0.0794820959078033,0.082676405919272
2133,342000,9624000,1.45687343830825,0.0828750314163108,0.0648933620516033
2134,343000,9624000,1.47357954960701,0.0874243912131749,0.0399906019736632
2135,344000,9624000,1.55397767494794,0.08563437911994,0.0406521718168489
2136,345000,9624000,1.54297186753966,0.0903905791557389,0.00729403719751997
2137,346000,9624000,1.56098322477185,0.0932045141379999,0.00720446200482898
2138,347000,9624000,1.53216708042917,0.100696423641148,0.00719796582324426
2139,348000,9624000,1.48459554336662,0.0923482641496518,0.0301060542236617
2140,349000,9624000,1.47135734717452,0.0824030803114475,0.0267115476309398
2141,350000,9624000,1.41036626800799,0.0835122757796998,0.0862901978327431
2142,351000,9624000,1.49384407006943,0.0849299150037569,0.0237352468859943
2143,352000,9624000,1.38324703993327,0.0930360708689827,0.0220908684825697
2144,353000,9624000,1.42534870885221,0.0856511422129011,0.0159128699927475
2145,354000,9624000,1.49863768301314,0.0765378765209448,0.0570956933692787
2146,355000,9624000,1.55018019598139,0.0597628765065724,0.0214752555171955
2147,356000,9624000,1.50644697816096,0.05846626355172,0.0139326468036739
2148,357000,9624000,1.51402455279063,0.0602867227463825,0.0188460348998497
2149,358000,9624000,1.49486257514119,0.0737611615170606,0.0255743407612401
2150,359000,9624000,1.45182969034711,0.0954271507692104,0.0144174828665071
2151,360000,9624000,1.4758306565792,0.0939654629238363,0.0202019956487548
2152,361000,9624000,1.48511477576988,0.0849227912441886,0.0341190130758428
2153,362000,9624000,1.50764558822277,0.0976221475496211,0.01177266946874
2154,363000,9624000,1.51994742125619,0.0960008935601771,0.0182090421668959
2155,364000,9624000,1.50704394894055,0.0887245283078861,0.0272990718461995
2156,365000,9624000,1.57795883478713,0.0924220104079983,0.00721629853494827
2157,366000,9624000,1.4173911403859,0.103017579946791,0.0318649366898432
2158,367000,9624000,1.52100849546519,0.103305463374061,0.0466099902121515
2159,368000,9624000,1.56220880717213,0.106635981350708,0.0203375767272301
2160,369000,9624000,1.49835587496808,0.106975764565815,0.0471864113170434
2161,370000,9624000,1.4927421635615,0.106782918567744,0.019908672221642
2162,371000,9624000,1.49934307568564,0.113552465638311,0.0165104261705933
2163,372000,9624000,1.51239313863827,0.0915553367787255,0.0365812416637034
2164,373000,9624000,1.30999907267592,0.0787414157668589,0.0804327496164962
2165,374000,9624000,1.52725682206692,0.0846160509077156,0.0251037102675898
2166,375000,9624000,1.53533467924612,0.0837016386503664,0.0322733005596868
2167,262000,9625000,1.5023385443533,0.0602193029778869,0.0558051228823639
2168,263000,9625000,1.39057098237045,0.068720637018155,0.0547605692586289
2169,264000,9625000,1.34792252305959,0.0682348868759689,0.0179300184822382
2170,265000,9625000,1.31614518987175,0.0668340642465759,0.0366753370376487
2171,266000,9625000,1.35236350978435,0.0814025806734724,0.0305309019003897
2172,267000,9625000,1.35989595341495,0.0796768951418388,0.0342912586803096
2173,268000,9625000,1.37826828243138,0.0818355712564539,0.012568796216925
2174,269000,9625000,1.43160615223919,0.0813188151086155,0.0591033832455818
2175,270000,9625000,1.26968748952194,0.0847118888790926,0.027668676747303
2176,271000,9625000,1.40681995393386,0.0931017952036202,0.0276079754226355
2177,272000,9625000,1.20710069177086,0.087753730967752,0.0428613140096044
2178,273000,9625000,1.28974058446043,0.0884106084034346,0.0353437917517652
2179,274000,9625000,1.43579246229939,0.090912302516468,0.0532117386034644
2180,275000,9625000,1.47202004513913,0.0907318484240516,0.0873842809751979
2181,276000,9625000,1.14802979339237,0.0957680377876516,0.201436263894257
2182,277000,9625000,1.40215326825395,0.0959750569779076,0.108154234957164
2183,278000,9625000,1.41119204618209,0.0946805552602144,0.0555989980408496
2184,279000,9625000,1.38057177315709,0.0982945181059212,0.0947992918636112
2185,280000,9625000,1.27346363887863,0.106990195737556,0.157446788251379
2186,281000,9625000,1.1850928164891,0.107084381457285,0.0877582481095384
2187,282000,9625000,1.37101266459488,0.108066636499008,0.0262905321752015
2188,283000,9625000,1.39908929603103,0.116658535538209,0.0410624459517467
2189,284000,9625000,1.49387219326975,0.117195286119984,0.0567478769930235
2190,285000,9625000,1.30080624873516,0.131998595283672,0.0524904911922653
2191,286000,9625000,1.46363947944972,0.131980733017933,0.0994391801763487
2192,287000,9625000,1.4307354513796,0.129329569927872,0.0405236721548975
2193,288000,9625000,1.49482912805535,0.12386152285729,0.0731297711764096
2194,289000,9625000,1.51522269029071,0.0997161752263683,0.0466664771247917
2195,290000,9625000,1.50117118770894,0.0851323852409647,0.0332598626348404
2196,291000,9625000,1.49588481809724,0.102845611436872,0.0132607983307763
2197,292000,9625000,1.45820046097028,0.11619946670977,0.0364343722208971
2198,293000,9625000,1.46510410683228,0.121055577283953,0.0452493972623327
2199,294000,9625000,1.45168728176971,0.115327110103962,0.115353739418769
2200,295000,9625000,1.45890426324299,0.11360361015661,0.020341132646892
2201,296000,9625000,1.48688164288112,0.112828606651339,0.0506204735442786
2202,297000,9625000,1.3316995034383,0.111375069781133,0.071985549146926
2203,298000,9625000,1.49892654770902,0.107393983617092,0.0210999461119335
2204,299000,9625000,1.44422222388145,0.099765861505093,0.0211841891349867
2205,3e+05,9625000,1.45828726359435,0.106280818981103,0.0352744720512886
2206,301000,9625000,1.34546126885663,0.100728238361382,0.0318092919108023
2207,302000,9625000,1.49188357467066,0.0988808259733529,0.00944838542150186
2208,303000,9625000,1.41619803576878,0.107578749606982,0.0114452123291258
2209,304000,9625000,1.38179334277955,0.105767104779735,0.0582565512309849
2210,305000,9625000,1.40454542284986,0.0976550788515173,0.0651958183149755
2211,306000,9625000,1.51329444769472,0.0971174603361871,0.05299075722622
2212,307000,9625000,1.48922751529122,0.108841156642972,0.0826261172372747
2213,308000,9625000,1.4962008875908,0.115223389609936,0.0480732751993484
2214,309000,9625000,1.43473234428797,0.0972841723387388,0.0265816720178903
2215,310000,9625000,1.54367857874916,0.0888226134778745,0.0550475115523573
2216,311000,9625000,1.55972282399699,0.0757301427402917,0.0527953159311
2217,312000,9625000,1.52048828734669,0.0920018510254791,0.0611978034751766
2218,313000,9625000,1.48466374321692,0.0931051880453055,0.036114582900583
2219,314000,9625000,1.36582377732316,0.0704166992569384,0.0630544215916568
2220,315000,9625000,1.51287547326202,0.0823833287456704,0.0364411060769071
2221,316000,9625000,1.51396809119869,0.0747998431917099,0.0489833595570373
2222,317000,9625000,1.42703683361182,0.0569768753922544,0.0129048461414596
2223,318000,9625000,1.50882069032753,0.0451587295951555,0.0365455037176653
2224,319000,9625000,1.45132221731648,0.0612786438207115,0.0409991691259241
2225,320000,9625000,1.54876302051185,0.0943102796151154,0.121755696650889
2226,321000,9625000,1.46991858945129,0.101788302946616,0.0510179164323498
2227,322000,9625000,1.48845528847438,0.103796644420433,0.0592041390939698
2228,323000,9625000,1.47818760047145,0.0980805807774996,0.140132275353437
2229,324000,9625000,1.53543461250616,0.0936067182873086,0.146925184372397
2230,325000,9625000,1.52640170790214,0.0936752754264186,0.133282800119214
2231,326000,9625000,1.43170765695713,0.0848863660270457,0.0417784720443895
2232,327000,9625000,1.35370923757562,0.0845588178930606,0.0645385280711406
2233,328000,9625000,1.43800402923071,0.0846733686990855,0.0813445115599556
2234,329000,9625000,1.48960654466792,0.0849897530284208,0.0789765628171777
2235,330000,9625000,1.40204038766725,0.0812098462130964,0.0465189573249482
2236,331000,9625000,1.35208584730482,0.0865586377958365,0.0580180898239682
2237,332000,9625000,1.48787060648963,0.0834472869650301,0.0523832281430036
2238,333000,9625000,1.52820232110282,0.0870264269012302,0.0131817038602621
2239,334000,9625000,1.50628609404862,0.079649928018716,0.0291433744227137
2240,335000,9625000,1.35053459821806,0.0815612997848549,0.0644236771159002
2241,336000,9625000,1.38570597808849,0.0750988962131442,0.0760182539928917
2242,337000,9625000,1.43103648191358,0.0646489880147814,0.0520995038675924
2243,338000,9625000,1.49223575603517,0.0797716118710444,0.00811320627428259
2244,339000,9625000,1.38479396280605,0.0751354817702634,0.00915691298244333
2245,340000,9625000,1.42009886068437,0.072503730991821,0.0571314890362692
2246,341000,9625000,1.39420114647009,0.0794109674444175,0.0811605831459644
2247,342000,9625000,1.3435207253714,0.0820929889830716,0.059079492482597
2248,343000,9625000,1.47842596264647,0.0860269904323823,0.055787008073647
2249,344000,9625000,1.51385146552525,0.089321551465906,0.0150505934407408
2250,345000,9625000,1.51425656746434,0.0883981897761458,0.0300004444727928
2251,346000,9625000,1.47544252527742,0.0949986940591753,0.0351484808456415
2252,347000,9625000,1.44489678184226,0.0885283045687919,0.0452095990115801
2253,348000,9625000,1.38491550180586,0.085770254749784,0.0453591226793055
2254,349000,9625000,1.31565527394089,0.0910482548378432,0.0946237646880996
2255,350000,9625000,1.34484568819309,0.0891879462172298,0.043648107251975
2256,351000,9625000,1.44703261043277,0.0914502126877381,0.0453366204547265
2257,352000,9625000,1.40740714532825,0.0961147460424336,0.0207027648445529
2258,353000,9625000,1.4140506532033,0.0825287762844163,0.0158175621389719
2259,354000,9625000,1.48652142709002,0.0728084844237373,0.0481843500597047
2260,355000,9625000,1.50579634356868,0.0662094244160271,0.0485661212859361
2261,356000,9625000,1.52885623322572,0.0630766232638234,0.0292894198093495
2262,357000,9625000,1.47455054186508,0.0651250035310437,0.0370396663379767
2263,358000,9625000,1.53102501652277,0.0899707113662231,0.0201396266076005
2264,359000,9625000,1.49237947362127,0.0990701850111001,0.0572417208059704
2265,360000,9625000,1.51487687115073,0.099651494251381,0.072339646526325
2266,361000,9625000,1.45746835062636,0.08607332224566,0.0238069327806974
2267,362000,9625000,1.5360264434307,0.0903962063634269,0.0103749847505043
2268,363000,9625000,1.51347854175544,0.0972932143700258,0.0204371895083526
2269,364000,9625000,1.32050146758844,0.10183049594588,0.115640164811549
2270,365000,9625000,1.5864444474843,0.090842008294022,0.0201217264284735
2271,366000,9625000,1.50591274354423,0.105663440017202,0.0761257889660667
2272,367000,9625000,1.54221196549609,0.106220482430883,0.0214893563269168
2273,368000,9625000,1.56602430054205,0.105137003875533,0.0304726610744257
2274,369000,9625000,1.54760073284813,0.106166006679515,0.0287860727205952
2275,370000,9625000,1.51907378397141,0.105308829474835,0.0107962581957958
2276,371000,9625000,1.56287847282097,0.101929684908035,0.0441401143862548
2277,372000,9625000,1.54219565301843,0.083923381450876,0.0302612535264243
2278,373000,9625000,1.47143976493587,0.0816594256023383,0.0207134708341719
2279,374000,9625000,1.53405541731214,0.0858158382972719,0.0230609531533564
2280,375000,9625000,1.50469629069484,0.0798120184942538,0.0106406512347247
2281,262000,9626000,1.33486829711106,0.0681378593203897,0.0450913532904076
2282,263000,9626000,1.32899889881687,0.076317695017565,0.071285737859511
2283,264000,9626000,1.39604927455159,0.0802795687465468,0.102861704292858
2284,265000,9626000,1.44477108306669,0.0739086726691219,0.0330460848420256
2285,266000,9626000,1.17035025009277,0.0769510109492303,0.0850040573731114
2286,267000,9626000,1.16675324870805,0.077609080502351,0.0802161339912543
2287,268000,9626000,1.41458487707092,0.0743471649446395,0.039091333916895
2288,269000,9626000,1.38702178543708,0.0750899644960985,0.0244722504722544
2289,270000,9626000,1.31068129751642,0.0770371154381465,0.0163206308516508
2290,271000,9626000,1.31247501792631,0.0820791446034203,0.0390732018355421
2291,272000,9626000,1.39694901760097,0.0806597881003966,0.0484865940242118
2292,273000,9626000,1.48445997614088,0.082032965020479,0.0795053537267946
2293,274000,9626000,1.46735444904843,0.0846025911417793,0.095776630610087
2294,275000,9626000,1.48394592415714,0.0876923662078465,0.1177660386819
2295,276000,9626000,1.43234761165026,0.0969978482034809,0.124387245365066
2296,277000,9626000,1.38091229128732,0.0962504555519201,0.163178753499954
2297,278000,9626000,1.36064188296453,0.0952851773951453,0.0925518235503409
2298,279000,9626000,1.40203821505866,0.0956297442015745,0.0348148272035387
2299,280000,9626000,1.32494485875652,0.107807793079589,0.0599574721324692
2300,281000,9626000,1.02968633373157,0.108836457805165,0.0426767417966142
2301,282000,9626000,1.16225095151919,0.108873491846652,0.0794987801768507
2302,283000,9626000,1.28441363570719,0.114427012501419,0.0267134682340275
2303,284000,9626000,1.36161444888532,0.124368037769893,0.0564726598002221
2304,285000,9626000,1.44898803080194,0.126329952189628,0.0387230120692882
2305,286000,9626000,1.37317651589016,0.124985387682469,0.0349365027623137
2306,287000,9626000,1.41192584885292,0.12624842795431,0.0803532795652975
2307,288000,9626000,1.47531695944617,0.120254537379198,0.0274678634925772
2308,289000,9626000,1.50789657673201,0.107490400225383,0.0410804418336815
2309,290000,9626000,1.56333084079793,0.0938036821825528,0.0168950252310759
2310,291000,9626000,1.25845681170958,0.121511586765781,0.0330291698421313
2311,292000,9626000,1.41995800602878,0.122235531732665,0.0852943145881636
2312,293000,9626000,1.41644337400519,0.119649646801226,0.0505375142689362
2313,294000,9626000,1.43196996516693,0.111467779842923,0.0103195927388164
2314,295000,9626000,1.43716717785584,0.107384179272177,0.013590822889683
2315,296000,9626000,1.44991687602049,0.107037412938247,0.0812843382169961
2316,297000,9626000,1.2618017861639,0.113993797671579,0.0512931636504912
2317,298000,9626000,1.38169268290032,0.108779359605945,0.0529931439684333
2318,299000,9626000,1.37946981599382,0.102665820859544,0.0424230837766451
2319,3e+05,9626000,1.53465469705478,0.102896852363895,0.0314648343070767
2320,301000,9626000,1.48227527207565,0.0981294281704884,0.02827124765253
2321,302000,9626000,1.44855054566528,0.103922041825089,0.0411082935025723
2322,303000,9626000,1.4238673020238,0.106967879784247,0.00922980110609184
2323,304000,9626000,1.48781754952873,0.0970698422746694,0.0310516733113276
2324,305000,9626000,1.39348791155563,0.108174340068019,0.0688062562323288
2325,306000,9626000,1.34227943329882,0.112044303134099,0.0709242937663892
2326,307000,9626000,1.42743476585897,0.122747797005867,0.0654170553138904
2327,308000,9626000,1.44324323795763,0.122053990048447,0.0530013012721799
2328,309000,9626000,1.54566791350725,0.0938099159232872,0.0135666753234161
2329,310000,9626000,1.58833745187222,0.078287864903173,0.0283743206036239
2330,311000,9626000,1.54462956833885,0.0802517661622767,0.0311093710070178
2331,312000,9626000,1.49187743962072,0.0901117483055682,0.0466697304140709
2332,313000,9626000,1.11445970739475,0.0920808445292605,0.0250288107031102
2333,314000,9626000,1.41793675193743,0.0971980759055724,0.0171205498507368
2334,315000,9626000,1.46222383293232,0.0984159869976933,0.0753875231039033
2335,316000,9626000,1.19201632911173,0.0630422987982798,0.107053019059109
2336,317000,9626000,1.3752365088928,0.0395649261426785,0.0463001196758314
2337,318000,9626000,1.31898987788648,0.0496521042806615,0.0969000717085499
2338,319000,9626000,1.56313681958027,0.0778558003773047,0.0663674240663191
2339,320000,9626000,1.48685274154411,0.0866295106355018,0.0892977056955699
2340,321000,9626000,1.49545510000769,0.0986279188656183,0.0415898415754703
2341,322000,9626000,1.46915712095636,0.0992469372395561,0.03242924555193
2342,323000,9626000,1.50258048048284,0.0966243772616592,0.103656836811809
2343,324000,9626000,1.45625059758485,0.0876653119224361,0.048547918040001
2344,325000,9626000,1.40206117711617,0.0811274970216695,0.0448299768158816
2345,326000,9626000,1.32665349708503,0.082237813784598,0.0199306160409889
2346,327000,9626000,1.34336990384144,0.0798725216491222,0.0239482506444673
2347,328000,9626000,1.40826576951738,0.0791256472406998,0.0605893154511024
2348,329000,9626000,1.44880819866007,0.0769216827521449,0.0287001825785856
2349,330000,9626000,1.58022529185849,0.075762516327871,0.0477377181745228
2350,331000,9626000,1.56615615097772,0.081783354301944,0.0750343502497644
2351,332000,9626000,1.48855493272801,0.0775015593436187,0.0475734084940765
2352,333000,9626000,1.5475968293748,0.0806852261476782,0.0283527213225184
2353,334000,9626000,1.47886162742101,0.0756587621391524,0.0392813085558999
2354,335000,9626000,1.57657808905616,0.0742279525211164,0.0590371110458144
2355,336000,9626000,1.34676121777301,0.0740098462063579,0.101670146888563
2356,337000,9626000,1.51754682608326,0.0621819065424587,0.0928941616171439
2357,338000,9626000,1.4160998314846,0.0678358547701853,0.034373854537947
2358,339000,9626000,1.37713302653718,0.0651207369458149,0.0112585952889427
2359,340000,9626000,1.36043586636253,0.0786273134213085,0.104402500034473
2360,341000,9626000,1.49531801790827,0.0807048952296396,0.0500070342404652
2361,342000,9626000,1.41982291522695,0.0787585796974461,0.0509962891199264
2362,343000,9626000,1.44052175294096,0.085813789767651,0.0266588243526778
2363,344000,9626000,1.48686654400187,0.0809443286796424,0.0358831984996782
2364,345000,9626000,1.31507410623839,0.0854395554805437,0.0682112364999238
2365,346000,9626000,1.30236317112202,0.0869940602732052,0.0576305318965228
2366,347000,9626000,1.46620021510073,0.0901237730667318,0.0209193432058508
2367,348000,9626000,1.35677396027389,0.0944012909464339,0.043128295981776
2368,349000,9626000,1.2585393119751,0.0887751871274379,0.0429981262994796
2369,350000,9626000,1.48343200786136,0.0837463492846702,0.0242748486919225
2370,351000,9626000,1.47255702153509,0.086071889561489,0.0201534894769854
2371,352000,9626000,1.3923167319373,0.0899698283065971,0.057578598458157
2372,353000,9626000,1.37553038584367,0.0869999315062367,0.0140327357459585
2373,354000,9626000,1.50460720014417,0.0813250151393337,0.0556679414269073
2374,355000,9626000,1.52083879683883,0.0718397983327525,0.0293499456039131
2375,356000,9626000,1.54744991520827,0.0748470673559372,0.039401884431827
2376,357000,9626000,1.51904130002916,0.069537418706872,0.0404334420859015
2377,358000,9626000,1.57305287269833,0.0905682213972287,0.01129322854028
2378,359000,9626000,1.47713233695944,0.0980746270713004,0.0476950380296166
2379,360000,9626000,1.57278425853701,0.0939083554711678,0.0168018149008286
2380,361000,9626000,1.53900327372828,0.0893951699188418,0.022977910760724
2381,362000,9626000,1.58870454092005,0.089076877701844,0.00411251905765968
2382,363000,9626000,1.59364544513566,0.0963269090639203,0.0124387418901923
2383,364000,9626000,1.56392482385209,0.0990088736741618,0.0108786631099381
2384,365000,9626000,1.50060200121967,0.0989006751220065,0.00485444483019795
2385,366000,9626000,1.57377389017312,0.105808842268937,0.0213756121063337
2386,367000,9626000,1.54808184080453,0.106038599197312,0.0169930218082565
2387,368000,9626000,1.5410492858908,0.101832967348065,0.0212766649532277
2388,369000,9626000,1.4625895273947,0.102205791020394,0.0443023712645608
2389,370000,9626000,1.52749601357485,0.103661118445166,0.0514311904117053
2390,371000,9626000,1.55669045530661,0.0988265837240236,0.0164975166326
2391,372000,9626000,1.57769520614501,0.0943587888600099,0.0397331760541571
2392,373000,9626000,1.50682564754742,0.0936038564874348,0.0438123213981303
2393,374000,9626000,1.57490260437403,0.0881343419891461,0.0332498213677404
2394,375000,9626000,1.43248630528853,0.0810320426676564,0.0669710288122278
2395,262000,9627000,1.47955858690116,0.0736873927374953,0.018317392190351
2396,263000,9627000,1.19750034296495,0.0736417085676658,0.0264441897736008
2397,264000,9627000,1.30695633294207,0.087578088465159,0.0204782791684321
2398,265000,9627000,1.48719235222956,0.0876572992492759,0.013382380214788
2399,266000,9627000,1.40579029953776,0.0733239752277964,0.0225460201098696
2400,267000,9627000,1.41329661392101,0.0781832543775013,0.0237363903316866
2401,268000,9627000,1.37367719383386,0.0751709344615125,0.0491018471636984
2402,269000,9627000,1.43791465399724,0.0647764942905017,0.0119595227858637
2403,270000,9627000,1.45421745757876,0.0709502823839733,0.0731598407325941
2404,271000,9627000,1.2935367136578,0.0782376592201867,0.107794414291205
2405,272000,9627000,1.43923213346236,0.076003656618115,0.0652618294930189
2406,273000,9627000,1.47635491328656,0.0748073956974164,0.0383707619390431
2407,274000,9627000,1.5573817357627,0.0744451420384435,0.0641214484962711
2408,275000,9627000,1.46066243854243,0.0811100158603908,0.0749588334767092
2409,276000,9627000,1.5303571818547,0.0886964457453081,0.0796523293628938
2410,277000,9627000,1.49098593250384,0.093928988966613,0.0708081616590731
2411,278000,9627000,1.45304089197501,0.0932607420566584,0.0429380592190695
2412,279000,9627000,1.45471847148286,0.0959943333771589,0.0419729694227988
2413,280000,9627000,1.39540311913685,0.104623820717622,0.0101500089098906
2414,281000,9627000,1.21755016438444,0.112903177896354,0.00647430750558628
2415,282000,9627000,1.26620413448651,0.111626643005313,0.035198935502004
2416,283000,9627000,1.37331292187071,0.120311978362694,0.0250540774678368
2417,284000,9627000,1.3701023147933,0.116769153222914,0.0209805133622413
2418,285000,9627000,1.34779736137482,0.118219106768915,0.0538781776912209
2419,286000,9627000,1.5073943119571,0.123774847836771,0.0540291883539524
2420,287000,9627000,1.46938916906487,0.130103261563404,0.0323875937530078
2421,288000,9627000,1.47469069324789,0.123000966778901,0.0420700980395169
2422,289000,9627000,1.36452680944909,0.111760085572764,0.0234651052281507
2423,290000,9627000,1.43709708082261,0.109745095550012,0.092955988381235
2424,291000,9627000,1.33435481816027,0.125251525682751,0.0388587091779818
2425,292000,9627000,1.33832272010758,0.120541408756025,0.122423420772313
2426,293000,9627000,1.3113002816024,0.115212904372039,0.0613674838154158
2427,294000,9627000,1.27273553150494,0.113534879891057,0.0647384569340011
2428,295000,9627000,1.40563499187377,0.114504964976497,0.0229892505606222
2429,296000,9627000,1.39793787219643,0.112494265977058,0.0262386301151151
2430,297000,9627000,1.49648204343655,0.106994468106499,0.0196261575677002
2431,298000,9627000,1.40435444804237,0.105012926476401,0.0474850950827485
2432,299000,9627000,1.46293883854445,0.108093141232636,0.0144411004969798
2433,3e+05,9627000,1.52307863537498,0.100526925371252,0.00796079391206589
2434,301000,9627000,1.41290319823925,0.101958973634937,0.0308043435566445
2435,302000,9627000,1.48074554768611,0.104812634867471,0.0292184314085945
2436,303000,9627000,1.30989973054499,0.107467136135222,0.0758588520669915
2437,304000,9627000,1.426907100981,0.0974233931245265,0.0366218143916301
2438,305000,9627000,1.44149375831662,0.103503080365321,0.0495031487465655
2439,306000,9627000,1.39028545031401,0.110981678805825,0.021548693836453
2440,307000,9627000,1.35526407208121,0.115320499871705,0.0271771089070058
2441,308000,9627000,1.46734654776362,0.11576823761081,0.0593229746477602
2442,309000,9627000,1.49610876310358,0.0963379346267279,0.0151343003180588
2443,310000,9627000,1.55847958966874,0.0722615728038774,0.0855809411754282
2444,311000,9627000,1.5526683010475,0.0735814580182644,0.0533455477525947
2445,312000,9627000,1.4466908566632,0.0766288007127004,0.0549986506281617
2446,313000,9627000,1.36429753682561,0.085037092203844,0.0507308911622533
2447,314000,9627000,1.28742683723102,0.0973753195658027,0.0222602206314896
2448,315000,9627000,1.37815487203604,0.098609374472146,0.0309697569798366
2449,316000,9627000,1.55500314147943,0.0699553518783478,0.0716230370491139
2450,317000,9627000,1.38271019321989,0.0349990321540091,0.0471860352857337
2451,318000,9627000,1.28185384381969,0.0352199026536256,0.0316527675077773
2452,319000,9627000,1.49067690356652,0.0648702930578199,0.0831557409645413
2453,320000,9627000,1.49782586674283,0.0830437988227226,0.118758256200036
2454,321000,9627000,1.47345139022362,0.0938552310468664,0.114635972737969
2455,322000,9627000,1.46022912766259,0.0906017533950435,0.109743055318862
2456,323000,9627000,1.42175323412348,0.083989159262847,0.038587050729336
2457,324000,9627000,1.393492165167,0.0765148122705499,0.0321071720013871
2458,325000,9627000,1.36028692418676,0.0730590653919316,0.0343251794898705
2459,326000,9627000,1.52115032917104,0.0764018591215218,0.0664594515754066
2460,327000,9627000,1.52107587747272,0.0699007773667046,0.0683854685408746
2461,328000,9627000,1.50058260987921,0.0694937523719592,0.0230666417037196
2462,329000,9627000,1.51133219245301,0.0659801090454489,0.0452124290442098
2463,330000,9627000,1.54704317084782,0.0631818298488418,0.0141563516914779
2464,331000,9627000,1.45208119580074,0.0743329569093206,0.0529325215571491
2465,332000,9627000,1.5591842885333,0.0689008703388583,0.02004028325014
2466,333000,9627000,1.52673197268084,0.0711412216905663,0.0200373277675477
2467,334000,9627000,1.50758199160758,0.066859182731267,0.0170502351664991
2468,335000,9627000,1.50192385923589,0.0703882111449762,0.0963221164830791
2469,336000,9627000,1.40472362986339,0.0755542921888666,0.0535372625149818
2470,337000,9627000,1.59250055949015,0.0569972102761876,0.0636763451138729
2471,338000,9627000,1.43294814713056,0.0592417910492155,0.0399880594993607
2472,339000,9627000,1.55298609192432,0.0621686629057336,0.0837890172782753
2473,340000,9627000,1.47068918495171,0.0738322109554145,0.0834806800116146
2474,341000,9627000,1.50913704841338,0.0798910334435775,0.0435644431826656
2475,342000,9627000,1.48352067136045,0.0746884935016156,0.0490965635091214
2476,343000,9627000,1.55218965933097,0.0792936791761858,0.0143680964877216
2477,344000,9627000,1.41722842631249,0.0762377359075785,0.0515755587348032
2478,345000,9627000,1.2563471124588,0.0776782127599443,0.0852313075925285
2479,346000,9627000,1.18631665853094,0.0823626359769713,0.090811310181771
2480,347000,9627000,1.52540879390649,0.0805335483459406,0.0111590540816023
2481,348000,9627000,1.40820353309996,0.0880516325736958,0.0199295473961226
2482,349000,9627000,1.36194783581999,0.08331398266115,0.0602258488130915
2483,350000,9627000,1.44339111458912,0.0901592826918041,0.0542510246764675
2484,351000,9627000,1.54802966615182,0.0967398761855766,0.0555532594577102
2485,352000,9627000,1.44367942037678,0.102053635712657,0.0302491402294052
2486,353000,9627000,1.39927179276636,0.0964033952302993,0.0350316022954923
2487,354000,9627000,1.58886237112396,0.0884579871361305,0.0269883502173402
2488,355000,9627000,1.49860325323259,0.0723718442572521,0.0469961713303534
2489,356000,9627000,1.56036010371555,0.0845526109056017,0.0302824684872484
2490,357000,9627000,1.4913037185354,0.0807872177101239,0.0145730361091948
2491,358000,9627000,1.36010191958249,0.0782620864114782,0.0389502737594674
2492,359000,9627000,1.55081479522317,0.0933506240005854,0.0442803854835299
2493,360000,9627000,1.55142052575942,0.0870511329387939,0.0259114729437462
2494,361000,9627000,1.55284011836385,0.0866935966841303,0.0224158188967017
2495,362000,9627000,1.57729716258687,0.0843326780687256,0.0158613658770028
2496,363000,9627000,1.58601879196718,0.0884597730320927,0.0147888136157616
2497,364000,9627000,1.51303426822632,0.0933182027753977,0.0190878191985721
2498,365000,9627000,1.49709263193178,0.0963049486847735,0.032329285138924
2499,366000,9627000,1.57396964671284,0.106076381550169,0.0227261223413369
2500,367000,9627000,1.52598773943636,0.105713116998716,0.0109960254743281
2501,368000,9627000,1.53149757434724,0.104140804513844,0.0424131191204198
2502,369000,9627000,1.5602176469957,0.102580909554049,0.0365264671401996
2503,370000,9627000,1.52718624673365,0.096987262993499,0.0165625821143152
2504,371000,9627000,1.55924939229412,0.101033677320514,0.00812750194969914
2505,372000,9627000,1.50801201051666,0.0986514350384312,0.0403457030575071
2506,373000,9627000,1.38664053270327,0.101526145744261,0.0463660604973422
2507,374000,9627000,1.54596351181507,0.0966837179963412,0.0153663872444123
2508,375000,9627000,1.55125594224222,0.0915011504391949,0.0449110351739121
2509,262000,9628000,1.44970927112168,0.0643252473225113,0.00894629351706084
2510,263000,9628000,1.3517100457525,0.0597753091323546,0.0357747273792112
2511,264000,9628000,1.31990488751142,0.0791486673248659,0.0247631383014589
2512,265000,9628000,1.36983681218802,0.0753478121240908,0.0226293852404214
2513,266000,9628000,1.3396844615115,0.0698767173632326,0.0234023868409836
2514,267000,9628000,1.40031793673039,0.0753720231829247,0.0424153628137488
2515,268000,9628000,1.42669200675989,0.0705484442324898,0.0244732656512765
2516,269000,9628000,1.40642955341839,0.0667871445030695,0.00345670425204956
2517,270000,9628000,1.46674743493953,0.0689649157017278,0.0556758057313602
2518,271000,9628000,1.48979968656598,0.072691032296709,0.0726202020083601
2519,272000,9628000,1.54847585649092,0.0636127347664291,0.0934632543566854
2520,273000,9628000,1.53570727474062,0.0606305470770988,0.0384982880898963
2521,274000,9628000,1.47842785532768,0.0645520973193222,0.026047561899196
2522,275000,9628000,1.50787710817579,0.070983578538457,0.0457648814205718
2523,276000,9628000,1.44480693783322,0.0828824154540916,0.0895138378007412
2524,277000,9628000,1.53960933496053,0.0873102366211467,0.042206819726898
2525,278000,9628000,1.50055410582326,0.0898998803693713,0.0401980471443111
2526,279000,9628000,1.47625750394854,0.095168363162356,0.0267248634231226
2527,280000,9628000,1.35986382021913,0.100089908746314,0.0477435774200474
2528,281000,9628000,1.3853599458965,0.103832171461402,0.00882391194301406
2529,282000,9628000,1.39037763742059,0.102829982397784,0.0411397519796583
2530,283000,9628000,1.39287140527294,0.107261390403016,0.022887467415888
2531,284000,9628000,1.35135280566856,0.106744339148289,0.0207649437511929
2532,285000,9628000,1.37021835899677,0.107854521101322,0.01629143864311
2533,286000,9628000,1.30085297201281,0.113767635739241,0.0365786103780628
2534,287000,9628000,1.37168740566589,0.119027981517979,0.0769004773412483
2535,288000,9628000,1.35879027548198,0.112566755010744,0.072242539407151
2536,289000,9628000,1.4143980266372,0.118913830437066,0.0762276611596688
2537,290000,9628000,1.19309287411597,0.116872234655257,0.0570382743190778
2538,291000,9628000,1.2395607856716,0.118998124709238,0.018150789488931
2539,292000,9628000,1.28279429540085,0.115589202279691,0.0289785008322316
2540,293000,9628000,1.31718615445116,0.113912974117726,0.0493162476139308
2541,294000,9628000,1.37806891469669,0.111468237637313,0.0367610260547249
2542,295000,9628000,1.52990994251639,0.110068385206373,0.0570687785175024
2543,296000,9628000,1.35010929878744,0.0937596998226554,0.0945246712866398
2544,297000,9628000,1.46878531248845,0.103217632279794,0.0348276309044701
2545,298000,9628000,1.368253617282,0.108705353057353,0.0474713469877931
2546,299000,9628000,1.40086182176895,0.108615888271056,0.0261889211292842
2547,3e+05,9628000,1.51950496241921,0.106739672857037,0.0254031087542426
2548,301000,9628000,1.45391381640381,0.103999527203112,0.0619592077296451
2549,302000,9628000,1.47121898596321,0.106501099247874,0.0207033551468603
2550,303000,9628000,1.34899840530866,0.0983026387929784,0.0763696245086774
2551,304000,9628000,1.41519064466892,0.0977052392106577,0.0584299352791011
2552,305000,9628000,1.37593131538696,0.0960145392703617,0.0302434193136918
2553,306000,9628000,1.33249314346364,0.100059513940363,0.0911473600983052
2554,307000,9628000,1.41419308395578,0.108791348346317,0.0383431508935664
2555,308000,9628000,1.48272354451746,0.104656244254711,0.0230981624352491
2556,309000,9628000,1.48446345034938,0.0883115135763671,0.00264913278302214
2557,310000,9628000,1.5686622816286,0.0654349205456224,0.0431137423060493
2558,311000,9628000,1.49112343406098,0.0788491216166488,0.0190688139914051
2559,312000,9628000,1.48721394829104,0.0762458996026413,0.0324381741988011
2560,313000,9628000,1.48368354808988,0.0877855119842888,0.0252376137393512
2561,314000,9628000,1.36058451558161,0.0910300323285587,0.0573565026369474
2562,315000,9628000,1.40912247067134,0.100397313661088,0.0343493270112437
2563,316000,9628000,1.51937608456053,0.0792066915729745,0.0108618549177351
2564,317000,9628000,1.35131373711268,0.0584324793693388,0.0121120438467727
2565,318000,9628000,1.35741723982305,0.0584968152071787,0.0519845021435595
2566,319000,9628000,1.49583201928867,0.0679875395466702,0.063588383828948
2567,320000,9628000,1.42843652149372,0.0725123361904444,0.0702437768374145
2568,321000,9628000,1.41624482429701,0.0773913959596326,0.108284870422611
2569,322000,9628000,1.39172112066522,0.0796699503331588,0.0879649460335224
2570,323000,9628000,1.36437687558131,0.0769167015714501,0.0673924592996826
2571,324000,9628000,1.38479335799914,0.0721189301436049,0.0823896702130889
2572,325000,9628000,1.44995975141363,0.0703564406065109,0.0917033366198611
2573,326000,9628000,1.4458864834552,0.0645614031975063,0.068700139002103
2574,327000,9628000,1.54450134276462,0.0608083577846097,0.0757715568138086
2575,328000,9628000,1.40572116365968,0.0625980677583338,0.053019665543944
2576,329000,9628000,1.43355220728305,0.0582529292755722,0.084584787426589
2577,330000,9628000,1.54861664607469,0.0559309967540306,0.0233995388272779
2578,331000,9628000,1.59194638344101,0.0610219290790199,0.0348228601658975
2579,332000,9628000,1.59780727123016,0.0612930575506282,0.00696840720227403
2580,333000,9628000,1.51314644005572,0.0602017220307601,0.0250272288652872
2581,334000,9628000,1.60343858564215,0.0546832683189805,0.0519717544615454
2582,335000,9628000,1.50533106164588,0.069748913635046,0.112422732837276
2583,336000,9628000,1.45920012685143,0.0729762851308649,0.103805473466206
2584,337000,9628000,1.42580374407761,0.0657310815789304,0.0138213804196442
2585,338000,9628000,1.46892174358234,0.0569386399077672,0.0230356084612586
2586,339000,9628000,1.51729778556819,0.0622866518360821,0.0734771530506555
2587,340000,9628000,1.51574290895772,0.0662042550103045,0.0983176519989376
2588,341000,9628000,1.44194423077307,0.072405247310262,0.0516509714131261
2589,342000,9628000,1.45847467469805,0.0708425521148415,0.0544722214169506
2590,343000,9628000,1.30704841225526,0.0731136329166645,0.0774035634833492
2591,344000,9628000,1.36618685426968,0.0721979457643063,0.0775831852750856
2592,345000,9628000,1.4742554436899,0.0732574468258412,0.0254961135392668
2593,346000,9628000,1.45952618317101,0.0743458345307335,0.0342809828915511
2594,347000,9628000,1.46443822450976,0.0753855851900818,0.0203749123444884
2595,348000,9628000,1.43699930044774,0.0864219871772701,0.0420147178057706
2596,349000,9628000,1.45517075781997,0.0883678716276607,0.0101380834619101
2597,350000,9628000,1.41673183811578,0.0910889733622817,0.0201602338149248
2598,351000,9628000,1.54713861225735,0.0932635771419536,0.0275235709295302
2599,352000,9628000,1.51639343161039,0.0928431958254727,0.0333621524069811
2600,353000,9628000,1.52465323033316,0.09579491314031,0.062962096310119
2601,354000,9628000,1.50036065367511,0.0940826652662631,0.00898007583282757
2602,355000,9628000,1.54341142058696,0.0745875744140778,0.0123490888393376
2603,356000,9628000,1.50134285844946,0.0894428669986822,0.0614918620404415
2604,357000,9628000,1.37549531621023,0.0876799138208069,0.0418691669170347
2605,358000,9628000,1.40230587167501,0.079535553809735,0.0302161581108219
2606,359000,9628000,1.56894799173825,0.0866976088172801,0.0493272438082917
2607,360000,9628000,1.52159547690756,0.084952897911375,0.0248748021994225
2608,361000,9628000,1.5638449494722,0.0868929204279787,0.00362205657586684
2609,362000,9628000,1.54930269773203,0.0894829720589584,0.0230047799659842
2610,363000,9628000,1.45123983767782,0.0981882181182901,0.0197604042163078
2611,364000,9628000,1.56765932035165,0.0889311013174515,0.0127842171150397
2612,365000,9628000,1.57921407454716,0.0869344813661066,0.0158500720077471
2613,366000,9628000,1.50292647205749,0.101893605963646,0.0414690422480372
2614,367000,9628000,1.56236674642717,0.10066916712633,0.0400952318858184
2615,368000,9628000,1.53396516340119,0.102785466628076,0.0268381453014218
2616,369000,9628000,1.53530982621566,0.099799184353465,0.0343999102976604
2617,370000,9628000,1.54457460855607,0.0986928100387602,0.00770780811876312
2618,371000,9628000,1.35576184640286,0.105994081179982,0.0143850012366418
2619,372000,9628000,1.53008185542759,0.102448680133114,0.0413309052074525
2620,373000,9628000,1.41271575505067,0.0996121840194307,0.0814279715408611
2621,374000,9628000,1.57405413683917,0.0960087935459461,0.0351518433929063
2622,375000,9628000,1.58541133452764,0.0855119783603703,0.0396375431311299
2623,262000,9629000,1.29095087240168,0.0542201941452932,0.0609876666165991
2624,263000,9629000,1.33527891670759,0.0655906256182242,0.0486922027221395
2625,264000,9629000,1.35423963830559,0.0747002986633569,0.0558874997305751
2626,265000,9629000,1.37229334556011,0.0707418758674575,0.0214999904400237
2627,266000,9629000,1.39928101161472,0.0598813197684588,0.0701224992000258
2628,267000,9629000,1.4363152155957,0.0612692113254662,0.0168213478121728
2629,268000,9629000,1.45899182030504,0.0636318228797072,0.0381928809317925
2630,269000,9629000,1.39855183172815,0.0660962028717018,0.0474066092270728
2631,270000,9629000,1.48356602094891,0.0653839503660529,0.0409839383306922
2632,271000,9629000,1.47887318157275,0.0592985488098654,0.0416232834552764
2633,272000,9629000,1.38107484079428,0.0557513757632465,0.0358929510572676
2634,273000,9629000,1.49530206782495,0.0712047755693732,0.0609422348654247
2635,274000,9629000,1.43878147261151,0.0631991181584765,0.0519503801441651
2636,275000,9629000,1.46419713841358,0.0761640860634969,0.0222528977368892
2637,276000,9629000,1.3794807820861,0.0814625476720721,0.068786192552723
2638,277000,9629000,1.20206320435551,0.0824443449362867,0.138879477873222
2639,278000,9629000,1.48796980253147,0.0901805656754501,0.0158477952015667
2640,279000,9629000,1.41582264481113,0.0944695285494438,0.023647194915086
2641,280000,9629000,1.34414520120362,0.0935699166299792,0.0328137766837169
2642,281000,9629000,1.41449828412313,0.0950373560004075,0.0294176045534923
2643,282000,9629000,1.37108197893606,0.0992373188047373,0.0376953921343872
2644,283000,9629000,1.35858784465944,0.102494417029643,0.0599395385458548
2645,284000,9629000,1.41105657109367,0.102413879270276,0.0741562274066532
2646,285000,9629000,1.44113388763089,0.105964957515938,0.0968547073577194
2647,286000,9629000,1.33724077674505,0.111196191260305,0.0632213515891986
2648,287000,9629000,1.42020296611688,0.110915654645528,0.0866920362448948
2649,288000,9629000,1.43171078317466,0.112268437491011,0.0605351575928652
2650,289000,9629000,1.32813138288449,0.117334130457664,0.0211538215274933
2651,290000,9629000,1.33538062484093,0.114097232315887,0.00878912738129739
2652,291000,9629000,1.35150910392598,0.110505825934039,0.02791533353029
2653,292000,9629000,1.40287819827363,0.113480824774585,0.00756508293456358
2654,293000,9629000,1.43665806860119,0.115499037973009,0.0362902885375221
2655,294000,9629000,1.40985642228052,0.110922214918796,0.0075073354699652
2656,295000,9629000,1.56941856424241,0.107870392979568,0.0487193982479008
2657,296000,9629000,1.52170277967108,0.0857386968172945,0.0399002939812884
2658,297000,9629000,1.47099025457175,0.10882324437024,0.033273572870665
2659,298000,9629000,1.53885542175831,0.107077129892652,0.0479907766403302
2660,299000,9629000,1.51200702337643,0.105925677480638,0.0333471846618897
2661,3e+05,9629000,1.46950893820653,0.105380219447375,0.0292523198890177
2662,301000,9629000,1.51759469798956,0.100971494554358,0.0333670634604649
2663,302000,9629000,1.38591859955599,0.09867400781078,0.0270669038356762
2664,303000,9629000,1.43778035867841,0.0946270834050656,0.0135804482324112
2665,304000,9629000,1.51416391244418,0.090893517674258,0.0336786706318023
2666,305000,9629000,1.51754586355052,0.0821649795993719,0.0816720842670645
2667,306000,9629000,1.45027733607727,0.0889071854182712,0.150584679913374
2668,307000,9629000,1.4985320553011,0.0863434839797634,0.118082954661239
2669,308000,9629000,1.51413019074647,0.0786762874472442,0.110704503889419
2670,309000,9629000,1.48179403296041,0.0717115495967287,0.0423383386723142
2671,310000,9629000,1.48992282768425,0.0684760806461435,0.0310634078482696
2672,311000,9629000,1.42446688058059,0.0881042038800403,0.00939879680839951
2673,312000,9629000,1.49157665140159,0.0758037728063646,0.00992212437391001
2674,313000,9629000,1.4370803079235,0.0849411891485757,0.00322347228437534
2675,314000,9629000,1.48713437500252,0.0819364147809467,0.020313118909792
2676,315000,9629000,1.45987723325621,0.0906743272901538,0.0182060792867527
2677,316000,9629000,1.46255580607391,0.086145348863404,0.042335251528883
2678,317000,9629000,1.50281465868354,0.0853765628307186,0.00480421819477124
2679,318000,9629000,1.52164512004687,0.0739352679953393,0.00949793177974466
2680,319000,9629000,1.48403602463253,0.0598821447295457,0.0314103997055704
2681,320000,9629000,1.47770957531644,0.0694948166913884,0.0199275220479707
2682,321000,9629000,1.39342786994363,0.0699705731163595,0.0376399439960988
2683,322000,9629000,1.33071810626275,0.0683481990763401,0.0518914426427656
2684,323000,9629000,1.55072065217433,0.0650362265884958,0.0752789372262058
2685,324000,9629000,1.55982743380643,0.0633766894911103,0.0753895430778141
2686,325000,9629000,1.5232444702783,0.0619967141099773,0.0355344777779412
2687,326000,9629000,1.5628958104515,0.0608837028831949,0.011388206696073
2688,327000,9629000,1.55043819767242,0.0572983396603953,0.0127714094808401
2689,328000,9629000,1.57245084022737,0.0528626022937888,0.0510745038675986
2690,329000,9629000,1.41913733184771,0.0471956567739405,0.0380548996173399
2691,330000,9629000,1.48591677595308,0.0443708322131786,0.0447799903275223
2692,331000,9629000,1.54184514641568,0.0501467187689895,0.0189561249448623
2693,332000,9629000,1.50547284381284,0.0552582009422341,0.0170311491025349
2694,333000,9629000,1.54587181672263,0.054587038770352,0.00680297750085603
2695,334000,9629000,1.4523302453568,0.0491185850508997,0.0134257502458995
2696,335000,9629000,1.52591332214892,0.0680231281879875,0.141294877851336
2697,336000,9629000,1.60063586046733,0.0565151434340574,0.0817440969967763
2698,337000,9629000,1.55651578482159,0.0533703732650816,0.0651925930199186
2699,338000,9629000,1.42239991721218,0.0597608292151657,0.0215917653652148
2700,339000,9629000,1.52802446938183,0.0638425102891814,0.0703641458885355
2701,340000,9629000,1.50716065312032,0.0658942949888889,0.0890000624255667
2702,341000,9629000,1.39066933138507,0.0651015140323377,0.0272884906929009
2703,342000,9629000,1.4490148773639,0.0659680052635387,0.0523452238749997
2704,343000,9629000,1.35656533123413,0.0688633041194986,0.0798744882428318
2705,344000,9629000,1.4120573173791,0.0702780280414596,0.0429676730716439
2706,345000,9629000,1.40476840825993,0.0711325839645627,0.0511486286141959
2707,346000,9629000,1.40841845265737,0.0691945599257007,0.0389961074461781
2708,347000,9629000,1.4902543615385,0.0719307841060707,0.0225134159293552
2709,348000,9629000,1.49222341034904,0.0790072876395082,0.0668331141301091
2710,349000,9629000,1.55048852881743,0.0843737393475741,0.0108898752734622
2711,350000,9629000,1.46771798693649,0.0820768602847046,0.0285221336438956
2712,351000,9629000,1.5310069916007,0.0823192554674932,0.0145878165228495
2713,352000,9629000,1.51590607006706,0.0880378381738972,0.0190425177739324
2714,353000,9629000,1.5540919447889,0.0896710727476712,0.0286007742805607
2715,354000,9629000,1.51874263984238,0.0926762863136253,0.0870392874336339
2716,355000,9629000,1.55213460922744,0.0865410718187997,0.0263811557425557
2717,356000,9629000,1.51724470131987,0.0910721928409146,0.0158385092585218
2718,357000,9629000,1.40567165475474,0.0812070970856371,0.0654005951698048
2719,358000,9629000,1.45715017380938,0.0925836110704698,0.0485796779185443
2720,359000,9629000,1.56638011546514,0.0983635608791103,0.0335004322341312
2721,360000,9629000,1.46619628533975,0.0904324665936764,0.0689478679439784
2722,361000,9629000,1.51300676546977,0.0905268382017718,0.0142707080617087
2723,362000,9629000,1.54157314530535,0.0964513142112048,0.0181888607374484
2724,363000,9629000,1.46767495247062,0.105822820253816,0.0405317663441262
2725,364000,9629000,1.49270684289849,0.107338176282383,0.0336429426259485
2726,365000,9629000,1.56962684657244,0.095346894184812,0.0158193364144837
2727,366000,9629000,1.45400435393993,0.0984089549646117,0.0268447852271335
2728,367000,9629000,1.56865566866751,0.0979997525138801,0.0378594475425605
2729,368000,9629000,1.56924269612745,0.0998703732502756,0.0303187542258456
2730,369000,9629000,1.51320891510461,0.0966186036267838,0.0378223217884818
2731,370000,9629000,1.53697544270119,0.101348943850273,0.0243126192331826
2732,371000,9629000,1.3032614552001,0.106364876158961,0.0360208224732056
2733,372000,9629000,1.48226998256336,0.100650650778497,0.0514848559637602
2734,373000,9629000,1.52615447036361,0.0969498722738188,0.0463430417627572
2735,374000,9629000,1.52194029018305,0.087740267777054,0.00802216344254777
2736,375000,9629000,1.52704869422583,0.0834405096785956,0.062046272306837
2737,262000,9630000,1.28891644422966,0.0560865901961934,0.0293308929098573
2738,263000,9630000,1.34003922424712,0.065611663467129,0.0530979782053849
2739,264000,9630000,1.32527629703451,0.068393731469347,0.0513604414960343
2740,265000,9630000,1.47094125468068,0.0668691543903431,0.0112639179073079
2741,266000,9630000,1.43163929436795,0.0597544420938793,0.0221178054340841
2742,267000,9630000,1.39763999767283,0.0622014919522548,0.11686848395216
2743,268000,9630000,1.43571972020848,0.0653545385299153,0.0152562446573391
2744,269000,9630000,1.49812948142603,0.05835220771395,0.0393903301473427
2745,270000,9630000,1.43003242712207,0.0622107374283957,0.0402845513205198
2746,271000,9630000,1.43681449595233,0.0594820831608419,0.0592693830224379
2747,272000,9630000,1.52023324972894,0.0614236649969441,0.0441751658404567
2748,273000,9630000,1.55144589799685,0.0679259075174431,0.015173340075506
2749,274000,9630000,1.34823514513018,0.05832419250955,0.047298127914697
2750,275000,9630000,1.53195425566819,0.0683523029970086,0.0326598458614206
2751,276000,9630000,1.38334511063269,0.0767094058347899,0.032255811468217
2752,277000,9630000,1.21695373408131,0.0809316009374484,0.139379128211776
2753,278000,9630000,1.50113814624897,0.0867499977117881,0.0368818867671287
2754,279000,9630000,1.54151392129999,0.0938499105785532,0.00814882109164598
2755,280000,9630000,1.39190080922164,0.0892147437338985,0.0211931239011462
2756,281000,9630000,1.32908667413472,0.0906603748856975,0.0199695220422737
2757,282000,9630000,1.42557816764107,0.0942618935549887,0.0311506464918519
2758,283000,9630000,1.2676532818883,0.0987473590194564,0.0140434730686034
2759,284000,9630000,1.35150092377863,0.101597370648662,0.06134811655341
2760,285000,9630000,1.4528132552329,0.107921527070309,0.0806909713811427
2761,286000,9630000,1.38404345818364,0.114943358460401,0.06350085945746
2762,287000,9630000,1.42300336532389,0.112317048964704,0.0481128808588794
2763,288000,9630000,1.30263222925954,0.113685750193573,0.0600489766097509
2764,289000,9630000,1.3034241655878,0.118046532856166,0.0790546029150131
2765,290000,9630000,1.32118017843273,0.117127801463054,0.0146058236353542
2766,291000,9630000,1.4135006733352,0.109950374177241,0.0242178177527133
2767,292000,9630000,1.44119470432073,0.113171112234354,0.00362493583738981
2768,293000,9630000,1.44348857989439,0.109213338968512,0.0140668787060993
2769,294000,9630000,1.46343638016871,0.112587601133591,0.0142866341828647
2770,295000,9630000,1.42403787815907,0.100708546012847,0.0262785689771346
2771,296000,9630000,1.47687438571133,0.0886297012250064,0.0210190593434956
2772,297000,9630000,1.41624670637277,0.106634580151568,0.0334793365744588
2773,298000,9630000,1.48410601208735,0.111418299229968,0.0186093339248919
2774,299000,9630000,1.50828937833383,0.102990845276822,0.0237467549326275
2775,3e+05,9630000,1.44263289547194,0.106594387969692,0.0239786415209631
2776,301000,9630000,1.4959776003555,0.0996601123497483,0.0545835630062157
2777,302000,9630000,1.4494226388236,0.0909417051011477,0.018720426146172
2778,303000,9630000,1.25263390950966,0.0984396694098977,0.0687043855427827
2779,304000,9630000,1.50216799761897,0.090333121951881,0.0515110011482015
2780,305000,9630000,1.56036563574219,0.0787908266406945,0.114729204641634
2781,306000,9630000,1.4707000221501,0.0780908057267817,0.101303557494505
2782,307000,9630000,1.52904568211558,0.0753069204723434,0.115665511084711
2783,308000,9630000,1.5179903212377,0.0703123849962058,0.0763676680294654
2784,309000,9630000,1.40345923875839,0.0685753800036989,0.0433913547618388
2785,310000,9630000,1.39682995186533,0.0788113114028943,0.0530449676585686
2786,311000,9630000,1.47041627690285,0.0814549765686121,0.0495484238998547
2787,312000,9630000,1.24174481439367,0.075080873576696,0.0297564976538781
2788,313000,9630000,1.4885503080902,0.0675426938559868,0.0351800848157937
2789,314000,9630000,1.37494501644183,0.0670108245558438,0.022142713045275
2790,315000,9630000,1.43558796907792,0.0695227087510594,0.0692710554320137
2791,316000,9630000,1.41009552663077,0.0736024586651696,0.0124952900096905
2792,317000,9630000,1.41844450597887,0.071614168576945,0.04019537985557
2793,318000,9630000,1.49628176116981,0.0657711401299978,0.0163947267180198
2794,319000,9630000,1.37177681682611,0.0686411915054719,0.0183682417180468
2795,320000,9630000,1.42820287188201,0.0683609233275028,0.0192640653761438
2796,321000,9630000,1.4125556599465,0.0650023785141439,0.0654447309949657
2797,322000,9630000,1.42831398510816,0.0583664680075203,0.0218828137079163
2798,323000,9630000,1.40610351937982,0.060434080506075,0.0379340128325563
2799,324000,9630000,1.51213276650435,0.0540358675609174,0.0422067649737619
2800,325000,9630000,1.55619443102617,0.0566554913057236,0.00716622255891013
2801,326000,9630000,1.56141631359904,0.0596235627430552,0.0181832656117798
2802,327000,9630000,1.59121963632599,0.0565027642875133,0.0334213200387075
2803,328000,9630000,1.54765677585586,0.0484393684208295,0.0478613991205607
2804,329000,9630000,1.31562166961409,0.0447048104210073,0.0698786488030739
2805,330000,9630000,1.41826498230266,0.0426117064516841,0.043335334727096
2806,331000,9630000,1.40620894142122,0.0479663622944832,0.0179325830119813
2807,332000,9630000,1.47058876734306,0.0487262735203557,0.00951797259363628
2808,333000,9630000,1.55141512380067,0.0531136736013709,0.0271653517481164
2809,334000,9630000,1.58145286810796,0.0545807178923488,0.0873743053363429
2810,335000,9630000,1.33018762717526,0.0650490914240911,0.163113184699507
2811,336000,9630000,1.58768466957392,0.0510761155028344,0.0698151300390021
2812,337000,9630000,1.42918551634925,0.0558649912216136,0.0100163712871004
2813,338000,9630000,1.45547207362798,0.0565592478285072,0.0588429901093061
2814,339000,9630000,1.54320672122542,0.05821279865643,0.0395886092583631
2815,340000,9630000,1.56286491786507,0.0596814568870969,0.0332480510792794
2816,341000,9630000,1.34364620909563,0.059880841051428,0.0192234941859542
2817,342000,9630000,1.49104816679307,0.0613233931076081,0.0247999188114519
2818,343000,9630000,1.47929517246543,0.0638156128569147,0.0254628712713044
2819,344000,9630000,1.46369817443424,0.0641319739398482,0.0423359416809609
2820,345000,9630000,1.37753198070376,0.0669271147713483,0.0779977071560106
2821,346000,9630000,1.43456232927274,0.066759409327924,0.0437205478842877
2822,347000,9630000,1.54861420331623,0.0711238392828101,0.0136851171201165
2823,348000,9630000,1.41604883535598,0.0702520450381491,0.0814607398065298
2824,349000,9630000,1.52882655157011,0.0769989182855736,0.0221609396092382
2825,350000,9630000,1.507879383655,0.0789021925870772,0.0272103641032332
2826,351000,9630000,1.57236245944199,0.081015256133265,0.0319970931142599
2827,352000,9630000,1.53581611592954,0.0769628904768801,0.0301964941245902
2828,353000,9630000,1.52696715796556,0.0772001685375193,0.0283566421430787
2829,354000,9630000,1.44068523758694,0.0878119156023252,0.0318711458314419
2830,355000,9630000,1.55462426984751,0.0798752870455957,0.0145896357738834
2831,356000,9630000,1.53390932356193,0.0823028386143029,0.0535548088425408
2832,357000,9630000,1.479046383265,0.0771671698316495,0.0626586089013811
2833,358000,9630000,1.50936961543788,0.0892972172256372,0.0731271342705082
2834,359000,9630000,1.58539549721356,0.100832389894228,0.0373191010588593
2835,360000,9630000,1.5348753863402,0.0944813964545635,0.0766177375444044
2836,361000,9630000,1.54763528112819,0.0921167678061715,0.0277276723281426
2837,362000,9630000,1.5191274656759,0.104425421834053,0.0234185040456542
2838,363000,9630000,1.48581964600983,0.107072919030085,0.0373462034140305
2839,364000,9630000,1.56531553093447,0.107637567409363,0.0565693238970117
2840,365000,9630000,1.53827615822356,0.103919135796959,0.0251458402836201
2841,366000,9630000,1.52864911009969,0.101939163900455,0.0314065987567791
2842,367000,9630000,1.57120363393266,0.095734799704524,0.0240375875810676
2843,368000,9630000,1.51987065766914,0.097256420839001,0.00989782710925453
2844,369000,9630000,1.53020679683802,0.0975017835617932,0.0396850687835041
2845,370000,9630000,1.54378018358044,0.0988926229460695,0.0123331994347602
2846,371000,9630000,1.55968418308543,0.100257923180069,0.0175402666465664
2847,372000,9630000,1.45265676941318,0.100653312727134,0.0142452304838139
2848,373000,9630000,1.53220274739932,0.0944196575348613,0.0298539803391973
2849,374000,9630000,1.40947604338914,0.0870625384112633,0.0274998226189295
2850,375000,9630000,1.44776745940491,0.0885948302092727,0.0197845377057131
2851,262000,9631000,1.39450816882976,0.0548284528293786,0.0226836657178007
2852,263000,9631000,1.34487704765572,0.066788420299512,0.057422834723999
2853,264000,9631000,1.37746118037792,0.0752810525281456,0.0241863833211523
2854,265000,9631000,1.41262624697909,0.0669533591881532,0.0647395409655038
2855,266000,9631000,1.44405806128894,0.0572684758289475,0.0210355030147916
2856,267000,9631000,1.46187643085224,0.0600239601408099,0.0291680092035877
2857,268000,9631000,1.26291254167102,0.0593147472168355,0.0682547494666576
2858,269000,9631000,1.5131154780883,0.0596902259306656,0.0432509047777823
2859,270000,9631000,1.51354677261993,0.0590751255463932,0.0580751272573928
2860,271000,9631000,1.55166866690524,0.0493866367354576,0.0129849666580491
2861,272000,9631000,1.54456746571154,0.044490152729118,0.0586091452484702
2862,273000,9631000,1.42598520087575,0.045107314372082,0.0597249813848345
2863,274000,9631000,1.58882140499848,0.0564750058521579,0.0692249734551189
2864,275000,9631000,1.51000290761818,0.0682149377766565,0.0284711220990302
2865,276000,9631000,1.4173112583704,0.0763440637657605,0.0729305104073823
2866,277000,9631000,1.44746212001421,0.0801719453208824,0.0381962269236577
2867,278000,9631000,1.38743128805221,0.0844464270901167,0.0695063930017361
2868,279000,9631000,1.43871014829969,0.0844628334955783,0.0470926596969592
2869,280000,9631000,1.47482118993668,0.0850318124027638,0.0410468384762598
2870,281000,9631000,1.42572892803308,0.0855653444325406,0.0215846978636056
2871,282000,9631000,1.38732652671628,0.0919619109808809,0.0377528018936234
2872,283000,9631000,1.34468260319938,0.0994235871898692,0.0556524379018156
2873,284000,9631000,1.40064928747749,0.103610403966321,0.0137489746310605
2874,285000,9631000,1.43276653387571,0.109089339379139,0.0420597438714999
2875,286000,9631000,1.4956360248479,0.11460288160346,0.03909116413446
2876,287000,9631000,1.47729120228081,0.110111481053185,0.0401295763155169
2877,288000,9631000,1.39634225628137,0.107977788709026,0.10583243389315
2878,289000,9631000,1.32722353404531,0.115392153556655,0.0569627087018332
2879,290000,9631000,1.36512553663441,0.119031049034136,0.0244841084937601
2880,291000,9631000,1.30074225821029,0.108610100691924,0.0104407559529197
2881,292000,9631000,1.42257538326118,0.107947974840204,0.0268915659440272
2882,293000,9631000,1.42516903711608,0.10278588614059,0.0181045760771223
2883,294000,9631000,1.41005511143036,0.103338344771984,0.0255869229447705
2884,295000,9631000,1.38693019711631,0.096053656627597,0.0105211230380274
2885,296000,9631000,1.41048535482863,0.104636223110178,0.0227713877273998
2886,297000,9631000,1.45776328560287,0.110058249722177,0.0289653494627311
2887,298000,9631000,1.38002974470776,0.111052576039121,0.0600979780269746
2888,299000,9631000,1.52547484670813,0.103869998013384,0.0231438417003581
2889,3e+05,9631000,1.45346508572505,0.102621599143469,0.0214859830577266
2890,301000,9631000,1.40234027177218,0.0967099194286876,0.0226137617101464
2891,302000,9631000,1.46833359699516,0.0822926589963844,0.0313473685785241
2892,303000,9631000,1.39085275618476,0.093272809822408,0.0585457216322489
2893,304000,9631000,1.33085370544777,0.0922904513678218,0.0103778909842569
2894,305000,9631000,1.43309816522701,0.0750944808976568,0.0242141524698844
2895,306000,9631000,1.39883592991769,0.0683521066251159,0.0536106465888563
2896,307000,9631000,1.44389113951445,0.0685696714562642,0.0642562038206523
2897,308000,9631000,1.44410472544983,0.0630347149152787,0.0348845267995697
2898,309000,9631000,1.45954579459842,0.0698822620732969,0.0452065678665083
2899,310000,9631000,1.39753331495151,0.0769194820405371,0.040210030381526
2900,311000,9631000,1.43131175689004,0.0766311942577292,0.0519632182116594
2901,312000,9631000,1.45653781874383,0.0696347404649157,0.068565756398605
2902,313000,9631000,1.45744981509873,0.0630244121196046,0.0214506270904997
2903,314000,9631000,1.41088875621788,0.0727557492512811,0.0121101819385111
2904,315000,9631000,1.48796805434583,0.0756049951590213,0.0214611877644139
2905,316000,9631000,1.42950951462288,0.0703184084428225,0.0379131142672504
2906,317000,9631000,1.37954666282009,0.0603006507379896,0.0343323892792753
2907,318000,9631000,1.51126690513939,0.0676916109463454,0.0242759078068677
2908,319000,9631000,1.50185359141081,0.0678296512380906,0.00574288647258951
2909,320000,9631000,1.46981453829123,0.0597135910953406,0.0550563435687676
2910,321000,9631000,1.43003461065672,0.0551953651311389,0.00588184986218117
2911,322000,9631000,1.44964934869673,0.0552877068699572,0.0501174647500384
2912,323000,9631000,1.50121305302347,0.052838651512518,0.0748474225522151
2913,324000,9631000,1.44771678896584,0.0480395915101175,0.0490327752475334
2914,325000,9631000,1.56855982535881,0.0510927240763256,0.0130415716837233
2915,326000,9631000,1.56279803609757,0.0567563546303439,0.0447175868598737
2916,327000,9631000,1.53376496081463,0.0517690509916038,0.0299399876585535
2917,328000,9631000,1.43572395010426,0.0445198562111966,0.0298103792830458
2918,329000,9631000,1.3501713494101,0.0430562360989867,0.1229962181361
2919,330000,9631000,1.34979496312572,0.0430422523219972,0.0236416216231214
2920,331000,9631000,1.30926861183649,0.0440118702882643,0.0162948437658852
2921,332000,9631000,1.38827741251661,0.0432462307552146,0.0275739465776541
2922,333000,9631000,1.55827174940151,0.0501950781278262,0.0145845183504286
2923,334000,9631000,1.44771436417331,0.053088595737338,0.104012583468617
2924,335000,9631000,1.45053754541106,0.0517649749523075,0.0253501071953045
2925,336000,9631000,1.57140189715503,0.0484090258839514,0.0781053449486889
2926,337000,9631000,1.43366993150918,0.0561730352352088,0.0043887000388925
2927,338000,9631000,1.4423740331337,0.0473275795293448,0.0252242670310502
2928,339000,9631000,1.58200670044298,0.0530600018993136,0.072607930189799
2929,340000,9631000,1.59137623094973,0.0515806051764567,0.0807877961684052
2930,341000,9631000,1.41275853276583,0.0534148785068101,0.100194943967201
2931,342000,9631000,1.58964189439499,0.0546214422375967,0.00277332378540635
2932,343000,9631000,1.56624822508773,0.0561379880620055,0.0125497860426771
2933,344000,9631000,1.50775166864317,0.0583005903133675,0.0326310682806104
2934,345000,9631000,1.36115112603012,0.062022169600382,0.073002295332843
2935,346000,9631000,1.47296794544143,0.065436966722221,0.0343726034257556
2936,347000,9631000,1.57140278651856,0.0721224507744258,0.0123346110118978
2937,348000,9631000,1.46889857282122,0.0706904257779193,0.0479778167713395
2938,349000,9631000,1.52539581731387,0.0782967617612856,0.0242852434853551
2939,350000,9631000,1.55804800072802,0.0783336134093756,0.00837743762212107
2940,351000,9631000,1.48168021326924,0.0726664807957994,0.0219757692354076
2941,352000,9631000,1.5014682036107,0.0778125465115514,0.0385755756329211
2942,353000,9631000,1.39750984140577,0.0786825781071714,0.0919812927495324
2943,354000,9631000,1.49069694340867,0.080269904984679,0.0543967351688285
2944,355000,9631000,1.46553961444,0.0810645357231681,0.0607334316324125
2945,356000,9631000,1.50112028812945,0.0850831056313236,0.0333757439716909
2946,357000,9631000,1.54553575562445,0.0757491320919531,0.011898648855445
2947,358000,9631000,1.40550711346828,0.0921963004609714,0.0405116441509045
2948,359000,9631000,1.52689689253683,0.0951281116551543,0.0245989059226074
2949,360000,9631000,1.56492799427519,0.101515500112152,0.0489241269247785
2950,361000,9631000,1.54275643857856,0.104812967128616,0.0564115176319391
2951,362000,9631000,1.57480596844588,0.107683748175027,0.0311978657695661
2952,363000,9631000,1.54600149024135,0.111062182819682,0.0451065773293912
2953,364000,9631000,1.54091127331099,0.108629257271046,0.0194762492848444
2954,365000,9631000,1.54517987960344,0.10774200015055,0.0476713755837315
2955,366000,9631000,1.59265105010149,0.100524112324141,0.0457995385468065
2956,367000,9631000,1.55147451906135,0.0944785508759172,0.0485877875529981
2957,368000,9631000,1.54739856349052,0.0943046500462243,0.0597382356753258
2958,369000,9631000,1.51473595797204,0.0976133725897127,0.0356479753974927
2959,370000,9631000,1.52991659867095,0.0968492726373259,0.0486528572753075
2960,371000,9631000,1.52740757507324,0.0965016092897309,0.0309555882324575
2961,372000,9631000,1.4829162185934,0.0964017731356943,0.0568902524796934
2962,373000,9631000,1.51196244418046,0.0923795850005961,0.0378900040851187
2963,374000,9631000,1.44998521994856,0.0958700711496256,0.0691823092278801
2964,375000,9631000,1.40816480903091,0.0946770399039509,0.0865679171972054
2965,262000,9632000,1.51139041785123,0.0409018944174722,0.0514038982299477
2966,263000,9632000,1.36536975982151,0.0568692218108447,0.0210704865428557
2967,264000,9632000,1.48211337465721,0.0751277840273639,0.043701279741269
2968,265000,9632000,1.44229046659733,0.0644718872664244,0.0823928176223786
2969,266000,9632000,1.38326758487947,0.055459436047895,0.0410670790739115
2970,267000,9632000,1.4567505241931,0.0580135353333673,0.0408875175258023
2971,268000,9632000,1.43096433078143,0.0553986185335411,0.0187831107249763
2972,269000,9632000,1.53751987030009,0.0549436489950854,0.0690924205863711
2973,270000,9632000,1.5727586960646,0.0499322237330034,0.0103714795250193
2974,271000,9632000,1.339817252846,0.0380750488400526,0.0223270565941897
2975,272000,9632000,1.4634890010127,0.0368758935572555,0.0870300205788518
2976,273000,9632000,1.34789485385711,0.0397557910823674,0.0168322425901955
2977,274000,9632000,1.41841256554977,0.0568580591736379,0.0253383303212754
2978,275000,9632000,1.48692044105656,0.0690381065762281,0.0871854894775167
2979,276000,9632000,1.43633185280845,0.0757394009485334,0.013560297961407
2980,277000,9632000,1.42703834189914,0.0774474135825286,0.0439027449066522
2981,278000,9632000,1.38125225107913,0.0822363427549644,0.0803946842634048
2982,279000,9632000,1.32914255138292,0.0831682469049473,0.102043055689893
2983,280000,9632000,1.42547696048718,0.0815063081260997,0.0496174785199266
2984,281000,9632000,1.26942111839052,0.0869767150512167,0.0390078718342161
2985,282000,9632000,1.45445554072177,0.0951424522015821,0.0659165168805262
2986,283000,9632000,1.45351504340915,0.100153256981642,0.0414355222795242
2987,284000,9632000,1.40549553076479,0.104209892729134,0.0360812499381165
2988,285000,9632000,1.45798959105684,0.1062675265511,0.0251459389073369
2989,286000,9632000,1.47303667775112,0.10919527447436,0.0246398181223504
2990,287000,9632000,1.59402779120075,0.108947203306578,0.0800393425579447
2991,288000,9632000,1.53084403727588,0.107988413324177,0.0962951654799947
2992,289000,9632000,1.31298230554721,0.110278617100245,0.0486699917068255
2993,290000,9632000,1.36664571363328,0.11204176781118,0.047597743372137
2994,291000,9632000,1.40165731169776,0.108342136118144,0.0697804657276262
2995,292000,9632000,1.41338322644746,0.0976036891652343,0.0726877199785087
2996,293000,9632000,1.29627116726312,0.0940484430811133,0.0538267753580634
2997,294000,9632000,1.25245464644428,0.0959583705826675,0.117969615021195
2998,295000,9632000,1.37611735459252,0.0849624187130201,0.0116227810597915
2999,296000,9632000,1.50887060879426,0.0899425149293761,0.0966141009903357
3000,297000,9632000,1.36693093463373,0.107708998054244,0.0385432226185916
3001,298000,9632000,1.31565199357973,0.11136980274518,0.0493886430239575
3002,299000,9632000,1.3501930483986,0.108169327536693,0.023589121769211
3003,3e+05,9632000,1.45954689076703,0.103450600787887,0.00894852931901008
3004,301000,9632000,1.48891237880996,0.0885596475199916,0.0217413916554006
3005,302000,9632000,1.41509399444402,0.0795298661779717,0.0842595549642011
3006,303000,9632000,1.35890193687529,0.086102596964373,0.162037466628533
3007,304000,9632000,1.21025733590993,0.0929952663609969,0.083853349378073
3008,305000,9632000,1.42040920137726,0.0799529373916834,0.0869407934043767
3009,306000,9632000,1.19354986152899,0.0713014803250857,0.0927755337929569
3010,307000,9632000,1.14294150945015,0.0805449781839918,0.146681033945276
3011,308000,9632000,1.4672244060749,0.0732587028608532,0.0967456225042378
3012,309000,9632000,1.47006174102929,0.0695578221231353,0.0461668953901977
3013,310000,9632000,1.42516314873149,0.0704422906596234,0.0244790135289974
3014,311000,9632000,1.44622451050174,0.0658206021469737,0.0250205036236194
3015,312000,9632000,1.46361678906355,0.0600090700402187,0.0322774556507564
3016,313000,9632000,1.33588068670764,0.0633922453593916,0.0298656261822532
3017,314000,9632000,1.39758947270751,0.0784296209987206,0.0262922327926174
3018,315000,9632000,1.48626749472539,0.0711983291812824,0.0201712559707118
3019,316000,9632000,1.4545959223649,0.0677510771503404,0.00490623220484387
3020,317000,9632000,1.42876853661445,0.0550835425307121,0.0141695225642038
3021,318000,9632000,1.4961125217154,0.0626009086620576,0.0427877591704414
3022,319000,9632000,1.46792034299681,0.0605866960084059,0.0424588314980633
3023,320000,9632000,1.45018698544169,0.0526314754638375,0.0429739734944848
3024,321000,9632000,1.44341275502272,0.0521068391453341,0.04470148167627
3025,322000,9632000,1.42018817989954,0.0524327942519254,0.0299029678858958
3026,323000,9632000,1.44962534584922,0.0485377428924804,0.015690550937988
3027,324000,9632000,1.30795832413357,0.0431787646845673,0.0421329996488135
3028,325000,9632000,1.54426981767264,0.049314294057798,0.00775344647864167
3029,326000,9632000,1.55475830298201,0.05221707805514,0.0273039310958039
3030,327000,9632000,1.52887336642697,0.0489121874907165,0.00492174109211363
3031,328000,9632000,1.47266566245948,0.0446588248732117,0.0101463104737638
3032,329000,9632000,1.36639749929366,0.0449993168347757,0.00688851813696298
3033,330000,9632000,1.38331080975533,0.0431951466793439,0.024261682980268
3034,331000,9632000,1.36161332725246,0.0434678565263388,0.017329700318939
3035,332000,9632000,1.35998121051279,0.0430453732598235,0.0391910425982741
3036,333000,9632000,1.5397423729456,0.0429797441808815,0.00518343126147685
3037,334000,9632000,1.44079876421944,0.0488013397453557,0.0893119107433424
3038,335000,9632000,1.42025669604397,0.044854916165735,0.02067846967983
3039,336000,9632000,1.44088446061675,0.0483076257789087,0.0144466192528137
3040,337000,9632000,1.46426521866517,0.0479601239181292,0.0745722331210927
3041,338000,9632000,1.41440566577499,0.0439920071581284,0.00260097983765284
3042,339000,9632000,1.44375430970173,0.0493013060518055,0.0115384645782478
3043,340000,9632000,1.41772937081006,0.0469873815336093,0.0114903935982497
3044,341000,9632000,1.4829947489126,0.0489769207157744,0.0102981233723457
3045,342000,9632000,1.60090053619571,0.0505902352274073,0.0849527190576632
3046,343000,9632000,1.5901900442895,0.0530107897015673,0.00843790004640375
3047,344000,9632000,1.34659743427761,0.0574617296934119,0.0295706874497133
3048,345000,9632000,1.3141689252351,0.0574342780233591,0.0972690571837382
3049,346000,9632000,1.46817936666978,0.0598385887683047,0.0351855968590309
3050,347000,9632000,1.51516453637426,0.0615288587851506,0.0396431623129143
3051,348000,9632000,1.51773794871393,0.0639776829350082,0.0359422935311171
3052,349000,9632000,1.57494894061383,0.0689727435805521,0.00442253297404868
3053,350000,9632000,1.54534415639396,0.0725163925078295,0.0190356622770107
3054,351000,9632000,1.53837028436122,0.0716217350499796,0.0632731599357692
3055,352000,9632000,1.54719482010053,0.0773890802797244,0.0212139081996123
3056,353000,9632000,1.524209644047,0.0800082427162544,0.024470298752071
3057,354000,9632000,1.54381161370492,0.059014620548289,0.05432849043332
3058,355000,9632000,1.38257257123384,0.0594433573171857,0.227134868777842
3059,356000,9632000,1.42183489316569,0.0753041353155648,0.0465346181196127
3060,357000,9632000,1.46763983997375,0.0834461680208872,0.0171620920544274
3061,358000,9632000,1.49509639107726,0.0922952733536914,0.0762725846931993
3062,359000,9632000,1.47252986104189,0.0936100216542855,0.0390440852351232
3063,360000,9632000,1.49733077000457,0.0962252184642341,0.0468488233226086
3064,361000,9632000,1.48742530582764,0.106045835647994,0.0504614692424606
3065,362000,9632000,1.46998966865157,0.117998463908606,0.0233400409700082
3066,363000,9632000,1.55611586592929,0.112488435346461,0.0468748857777179
3067,364000,9632000,1.49969559447673,0.111138861803596,0.043084118071581
3068,365000,9632000,1.5216566889336,0.113257697780727,0.0482827618103374
3069,366000,9632000,1.52940202118132,0.105077565554166,0.019469031191478
3070,367000,9632000,1.55686842927774,0.0994166934535151,0.0466700311847716
3071,368000,9632000,1.5660686148222,0.0993757122996166,0.0517585612360683
3072,369000,9632000,1.54101312372016,0.099316452894596,0.0321459772489187
3073,370000,9632000,1.52608556093882,0.100165734835437,0.0198562635844843
3074,371000,9632000,1.46886437345779,0.0988038332523755,0.0499978971713932
3075,372000,9632000,1.4806137853413,0.0947330161701624,0.0361152366364516
3076,373000,9632000,1.42351216144181,0.0939281291025721,0.062208342002099
3077,374000,9632000,1.50525013524215,0.0918076896617027,0.0157301205640984
3078,375000,9632000,1.49789173169139,0.0892996789813799,0.0285440195106068
3079,262000,9633000,1.31008262997311,0.0494184630715086,0.0449980758698323
3080,263000,9633000,1.53878244539741,0.05543951482818,0.0434085383009241
3081,264000,9633000,1.33972801153622,0.0647525470033354,0.046546873782923
3082,265000,9633000,1.44757899190914,0.0542018335823975,0.0399228703226858
3083,266000,9633000,1.3682385196378,0.0531145636403757,0.0354620626784498
3084,267000,9633000,1.4120442280752,0.0548877103795176,0.0678981985136104
3085,268000,9633000,1.45341554900436,0.0474596359190635,0.0642201554518101
3086,269000,9633000,1.47924510998647,0.040288729372447,0.079235802577424
3087,270000,9633000,1.32777684840706,0.0369798801200463,0.0100097803127232
3088,271000,9633000,1.33485212152075,0.0354252010450559,0.00542796741766426
3089,272000,9633000,1.50555477449671,0.0368440312204069,0.00555152404737519
3090,273000,9633000,1.36810559219399,0.0409668932840187,0.019574162723852
3091,274000,9633000,1.44292506484143,0.0580100611812825,0.018905908161825
3092,275000,9633000,1.35162312685375,0.070663246004367,0.0790966497504416
3093,276000,9633000,1.39042183205129,0.0777479620243704,0.0513822236721466
3094,277000,9633000,1.41696965679957,0.0793694518242921,0.00749507175042784
3095,278000,9633000,1.40729471674656,0.0804816287898772,0.0514122106201725
3096,279000,9633000,1.46340552272871,0.0819983233753637,0.049984196286179
3097,280000,9633000,1.37845711514014,0.0843207973556264,0.0399308146380795
3098,281000,9633000,1.38424350723618,0.0890095034472403,0.0283068374478954
3099,282000,9633000,1.39774162775272,0.0926400888261915,0.0373214516779371
3100,283000,9633000,1.4620387203281,0.098750763454411,0.0219715346843069
3101,284000,9633000,1.46495641966236,0.101188161222967,0.0530298940137642
3102,285000,9633000,1.39983493439754,0.105499400506459,0.0115167370431663
3103,286000,9633000,1.4649680911272,0.100622675040947,0.0206371867958519
3104,287000,9633000,1.53601132574764,0.108691304169116,0.017694545812663
3105,288000,9633000,1.52454150519027,0.102260810607616,0.0210677923129781
3106,289000,9633000,1.36880545012224,0.108395822911168,0.0940694122011239
3107,290000,9633000,1.40184533948435,0.108115465277146,0.108160001611689
3108,291000,9633000,1.39055273991813,0.103048036420442,0.0395988266552822
3109,292000,9633000,1.38748437008972,0.0899905164328808,0.0152974763884128
3110,293000,9633000,1.29418797912122,0.095653454509262,0.0248319093088216
3111,294000,9633000,1.27251939743349,0.0990915261635802,0.0346310554443538
3112,295000,9633000,1.49202138601736,0.0854733861304718,0.0211154337505089
3113,296000,9633000,1.44593523068263,0.0859194239835233,0.0414130857156063
3114,297000,9633000,1.42355736970428,0.10105758049387,0.0499874433802802
3115,298000,9633000,1.35782601075239,0.109696188920908,0.0187380538465506
3116,299000,9633000,1.40561183430701,0.104456119936913,0.0293937592654086
3117,3e+05,9633000,1.35456583846472,0.0949304250824201,0.0326486597411311
3118,301000,9633000,1.24126606127549,0.0846210750330033,0.041182796325955
3119,302000,9633000,1.33143699586065,0.0773293572841764,0.17945954028754
3120,303000,9633000,1.29445216904482,0.0799136526762662,0.215394445350994
3121,304000,9633000,1.2420915575036,0.0854156116577017,0.0360424181213378
3122,305000,9633000,1.48245946940694,0.0732470150345455,0.076865432890121
3123,306000,9633000,1.00442404309283,0.0603546384661136,0.179531268825267
3124,307000,9633000,1.31649499753915,0.0733409439944054,0.0943720160100884
3125,308000,9633000,1.32141097880368,0.0724563290488663,0.115908685017291
3126,309000,9633000,1.32261274077036,0.0762514106114763,0.0586414193337928
3127,310000,9633000,1.57819997012635,0.0702952826166653,0.133012806944618
3128,311000,9633000,1.4919639326258,0.0572008633555688,0.0355683913228459
3129,312000,9633000,1.43614236752196,0.0578807364781509,0.0399221376520854
3130,313000,9633000,1.3671928343095,0.0669982211425299,0.012173965903434
3131,314000,9633000,1.30603203108658,0.0723679994345407,0.054719835831138
3132,315000,9633000,1.44207318829997,0.0618533266424391,0.0282487627857226
3133,316000,9633000,1.45171291807031,0.0581972648817814,0.0468138862882094
3134,317000,9633000,1.46664166760918,0.0563361952200357,0.0449566889980945
3135,318000,9633000,1.45887936438977,0.0515382785304115,0.020843565415234
3136,319000,9633000,1.41807678075262,0.0528107071989674,0.0209031359918312
3137,320000,9633000,1.45201552333358,0.0492064475892505,0.0311355028970175
3138,321000,9633000,1.46699492738688,0.0501175277045218,0.0256052869767331
3139,322000,9633000,1.33769108218199,0.0472354968942838,0.0419785788902592
3140,323000,9633000,1.42559570263409,0.048571925587709,0.0324637261376846
3141,324000,9633000,1.35089187172513,0.043934583614379,0.0439568457090108
3142,325000,9633000,1.45906454464077,0.0477081800249239,0.0354093992275496
3143,326000,9633000,1.36791844067436,0.0504534567991449,0.0363881289595826
3144,327000,9633000,1.41156971934102,0.0467499349776882,0.0468663205873883
3145,328000,9633000,1.43895180135219,0.0449700502487085,0.0174434397053773
3146,329000,9633000,1.37164979180772,0.0448920048317626,0.00839801963478878
3147,330000,9633000,1.47995238683255,0.0446448283166377,0.0237364937387851
3148,331000,9633000,1.42817090457698,0.0443981049451122,0.0123563044896493
3149,332000,9633000,1.39873486600916,0.0448160148810507,0.0104274133455215
3150,333000,9633000,1.37025274578621,0.0427903456023099,0.0182519007260089
3151,334000,9633000,1.3589492765845,0.0417796082458428,0.0156255738805205
3152,335000,9633000,1.39260949852253,0.0452544246639223,0.0236772660154008
3153,336000,9633000,1.42852065839557,0.0480339096990338,0.070123659453343
3154,337000,9633000,1.34313118498349,0.0437235011642812,0.0183257602259752
3155,338000,9633000,1.40373992023394,0.0434347602245205,0.0139256648268704
3156,339000,9633000,1.43802144623913,0.0448885364866144,0.0161940334915141
3157,340000,9633000,1.43920964788134,0.045249043767768,0.0300192169452294
3158,341000,9633000,1.41809433770234,0.0451521879566068,0.0316517173311435
3159,342000,9633000,1.51427710767285,0.047317490521763,0.0711229151026329
3160,343000,9633000,1.42391985840011,0.0500586610457971,0.0923917912752658
3161,344000,9633000,1.37517435749005,0.0544907383291426,0.0941587113131886
3162,345000,9633000,1.41075494279784,0.0522825920660527,0.0602535715494259
3163,346000,9633000,1.52751921683718,0.0589192183066709,0.0247207107085192
3164,347000,9633000,1.56267966658491,0.054632510720368,0.0126382437039348
3165,348000,9633000,1.47439873138979,0.0606063336942869,0.0498433514793664
3166,349000,9633000,1.37733600448243,0.0688618028764205,0.042130297062876
3167,350000,9633000,1.4177465328197,0.0776634644343428,0.0778400489029545
3168,351000,9633000,1.48238576889746,0.0751347939205411,0.0420322996582058
3169,352000,9633000,1.46991063840144,0.0758947457847755,0.0528898230093725
3170,353000,9633000,1.54394802233442,0.0809973485198729,0.0315282751050461
3171,354000,9633000,1.45595187287668,0.0530614670854132,0.0438861228888119
3172,355000,9633000,1.41398553491653,0.0545130949220263,0.0633463832839082
3173,356000,9633000,1.11292319713696,0.0574164157226452,0.183469957625797
3174,357000,9633000,1.41680349087688,0.0773404606197992,0.0297421635398192
3175,358000,9633000,1.53449011802375,0.0840694971798069,0.0143579343406035
3176,359000,9633000,1.50637965119525,0.0873446331259804,0.00287352448287678
3177,360000,9633000,1.38863194151836,0.0962931132601561,0.0704096404008917
3178,361000,9633000,1.47967802896812,0.110040876530558,0.0383607786857312
3179,362000,9633000,1.54066655719784,0.122175339297732,0.0510286937022481
3180,363000,9633000,1.55597233369158,0.108541376220257,0.0325489184639985
3181,364000,9633000,1.4715516483614,0.112371272578362,0.0701966096641235
3182,365000,9633000,1.55908367569511,0.112595483641479,0.0276037517135018
3183,366000,9633000,1.54786846477863,0.106124320288393,0.0104630688504758
3184,367000,9633000,1.53560074328258,0.103236506619567,0.0692624050796392
3185,368000,9633000,1.54666968456075,0.104358210224315,0.0297806788203355
3186,369000,9633000,1.56342712279845,0.100100996971081,0.0199142827210841
3187,370000,9633000,1.53543424062722,0.097161689030689,0.017209381252171
3188,371000,9633000,1.53306553716556,0.0960414959012155,0.0537782329669572
3189,372000,9633000,1.51825406710953,0.0942665028632024,0.0357556408541058
3190,373000,9633000,1.55771139376709,0.0924957288205963,0.0636622676215713
3191,374000,9633000,1.48032613079816,0.089697733151114,0.0126431341421888
3192,375000,9633000,1.45779288653697,0.0892834872522612,0.0693736212847416
3193,262000,9634000,1.52469468657585,0.0427218179038394,0.0341655715248644
3194,263000,9634000,1.33761563759739,0.0504719151474319,0.06535972515623
3195,264000,9634000,1.47470156070959,0.0590366332454208,0.0415025607009514
3196,265000,9634000,1.54655018260004,0.0518296291722879,0.0449869023640579
3197,266000,9634000,1.41568610185284,0.0544744132933811,0.0382816846241254
3198,267000,9634000,1.54109746069486,0.0481032883072039,0.040403405070004
3199,268000,9634000,1.40721104590539,0.0386666853030976,0.0302263443676274
3200,269000,9634000,1.36763681599927,0.0401537298213785,0.0534246310771622
3201,270000,9634000,1.38162702201095,0.0394721010349345,0.0408452319758312
3202,271000,9634000,1.51393779322723,0.0357637467757674,0.0184620356966224
3203,272000,9634000,1.56388402164698,0.0377346242693251,0.0233516105892856
3204,273000,9634000,1.51979208913572,0.0394178867404323,0.00959299321060427
3205,274000,9634000,1.54579607693752,0.0584544467467584,0.0642870203435973
3206,275000,9634000,1.41329610872528,0.0703810815734719,0.0284231341878983
3207,276000,9634000,1.36341716750676,0.0742824944397592,0.0451865871945684
3208,277000,9634000,1.39576095228785,0.0768618528379,0.0202071915784071
3209,278000,9634000,1.37962628544225,0.0785699049858395,0.0805385833466458
3210,279000,9634000,1.41567571424467,0.0801904734081586,0.0826250959853875
3211,280000,9634000,1.3991408725874,0.0818045303664602,0.0516173861788717
3212,281000,9634000,1.31830409076018,0.0800062767734679,0.0317364957732935
3213,282000,9634000,1.45189542199945,0.0939136526885343,0.0318672681297137
3214,283000,9634000,1.48782640356615,0.0976017231914123,0.0126146171258322
3215,284000,9634000,1.47861851373402,0.0957486847475992,0.0167998141232263
3216,285000,9634000,1.44482368797931,0.0976120562060281,0.013771856831735
3217,286000,9634000,1.4034256639594,0.0982463667392564,0.0181573043971288
3218,287000,9634000,1.47069382472766,0.0991137165969768,0.0217075140821595
3219,288000,9634000,1.50401523815173,0.0994938674124367,0.0423290561584545
3220,289000,9634000,1.2199985907122,0.105331596294319,0.0596440050755159
3221,290000,9634000,1.39546768636253,0.102637236300637,0.08009717156516
3222,291000,9634000,1.52609133340358,0.0920008866062385,0.0123280019565738
3223,292000,9634000,1.38826234225567,0.085932791921729,0.0323713104652427
3224,293000,9634000,1.36420656425716,0.0897180203538506,0.0600298584457535
3225,294000,9634000,1.28580951281587,0.0986884354379462,0.0378929423100618
3226,295000,9634000,1.49572030948718,0.0753030384993581,0.00963849442209816
3227,296000,9634000,1.5152673657326,0.0725247281561355,0.0196170604132895
3228,297000,9634000,1.51272088824104,0.0985836366811869,0.0341358772047274
3229,298000,9634000,1.35860994247341,0.0998708403871526,0.0376656814772562
3230,299000,9634000,1.42504711052927,0.0937760016469894,0.0264396328521252
3231,3e+05,9634000,1.20249219566137,0.0843519939148293,0.0847118515430343
3232,301000,9634000,1.11522324160197,0.080802557424305,0.189909966744695
3233,302000,9634000,1.24392406081346,0.0662079941077761,0.0958144184297847
3234,303000,9634000,1.32914117602393,0.0727710495014256,0.207004348632324
3235,304000,9634000,1.36278293004573,0.0833686164075235,0.0766941400170064
3236,305000,9634000,1.51045472634621,0.063651268864982,0.0426770750284633
3237,306000,9634000,1.49330709721713,0.0518955301131023,0.020483945015255
3238,307000,9634000,1.54427671380402,0.0702919269629553,0.115186574771369
3239,308000,9634000,1.32841945612746,0.0702113229952365,0.156197795655769
3240,309000,9634000,1.44192043832753,0.0759505519349001,0.13261743379455
3241,310000,9634000,1.58179018769348,0.0647323991831767,0.104594523968024
3242,311000,9634000,1.44992698507775,0.0544553937080179,0.0164164850682886
3243,312000,9634000,1.42529758125029,0.0590254462254913,0.0283070633379064
3244,313000,9634000,1.46308048145677,0.0710819960004964,0.047445897852676
3245,314000,9634000,1.49061933166293,0.0704582694620202,0.0364320701987716
3246,315000,9634000,1.47080340852789,0.0580415342488853,0.0548541525737786
3247,316000,9634000,1.40853671243891,0.0537494376948791,0.0612039408319778
3248,317000,9634000,1.42083575254257,0.0524170571307233,0.0119326934403118
3249,318000,9634000,1.4433857811697,0.0485050393316339,0.0335524753197216
3250,319000,9634000,1.35788769375409,0.0471617808263973,0.0142003166521301
3251,320000,9634000,1.43647611240448,0.0466393510108773,0.0504199292702064
3252,321000,9634000,1.43623857456998,0.0464453442284685,0.0315328606886126
3253,322000,9634000,1.40021600167943,0.0490501545910083,0.0328161727068369
3254,323000,9634000,1.33659944400134,0.0455847207246375,0.0243785636936157
3255,324000,9634000,1.40269362386177,0.0462951943217108,0.0126404029398596
3256,325000,9634000,1.40151257720424,0.046534330322407,0.0167518323977104
3257,326000,9634000,1.48504551995668,0.0492299754342847,0.0502505617277249
3258,327000,9634000,1.43811599835346,0.048563591106413,0.0222982696869108
3259,328000,9634000,1.36103751032967,0.0475070331825508,0.0209289813490508
3260,329000,9634000,1.40985142665107,0.0453992459526451,0.0126383648040313
3261,330000,9634000,1.49636345253592,0.046169228764922,0.0470579298265765
3262,331000,9634000,1.40452730638512,0.0425112010067437,0.0418309820694755
3263,332000,9634000,1.18697824945914,0.04373732923607,0.0493359232674357
3264,333000,9634000,1.38544532466072,0.0439645380520513,0.0164657045057121
3265,334000,9634000,1.32634672473858,0.0414313650799098,0.0088994777316437
3266,335000,9634000,1.32384181518882,0.0416290842193704,0.0218304313772914
3267,336000,9634000,1.3580998465265,0.0429959855978049,0.0261280417353657
3268,337000,9634000,1.37331508596638,0.042096112245043,0.0258356618176483
3269,338000,9634000,1.32281772112107,0.0420772123520962,0.0168288565313719
3270,339000,9634000,1.36168405552372,0.0417713271962144,0.0161985185262235
3271,340000,9634000,1.38462275589379,0.0417563104745365,0.0161446418220912
3272,341000,9634000,1.32417582062056,0.0439021530931064,0.00903103846427328
3273,342000,9634000,1.41666249225497,0.0452249419443804,0.0105564544899761
3274,343000,9634000,1.44706067744672,0.0498000070181119,0.0092271297015624
3275,344000,9634000,1.43734083118432,0.0493363671584879,0.0105252943092985
3276,345000,9634000,1.54457217294605,0.0509478586139724,0.0191122762070191
3277,346000,9634000,1.50946760080331,0.0542651910598778,0.0325324705696115
3278,347000,9634000,1.43913025995664,0.0514362951218431,0.0293955803286795
3279,348000,9634000,1.49394113277511,0.0619268207992184,0.0811682819873864
3280,349000,9634000,1.1968781111202,0.0695271635385911,0.0740600219789379
3281,350000,9634000,1.49093515534818,0.07389783303195,0.0320127662741861
3282,351000,9634000,1.35786986793694,0.0721744562789322,0.0549271976155858
3283,352000,9634000,1.50680313388588,0.076195661403832,0.0345198142055111
3284,353000,9634000,1.51482877937341,0.0799194738809224,0.0240560162929859
3285,354000,9634000,1.54129516143836,0.071254799911743,0.0226808316784437
3286,355000,9634000,1.53298117746042,0.0702330451953441,0.0401962889501673
3287,356000,9634000,1.35863850116428,0.0695168979201143,0.0650936348230433
3288,357000,9634000,1.54315753610684,0.0779742261967607,0.0136287101969943
3289,358000,9634000,1.48271410159701,0.0822572109559047,0.00922641384864227
3290,359000,9634000,1.37541526366462,0.0790667004307944,0.0241708846343175
3291,360000,9634000,1.49111398645998,0.0884832195101538,0.0235616744280124
3292,361000,9634000,1.55398909813554,0.111696865114581,0.0250264483267181
3293,362000,9634000,1.51146701098178,0.115114160369546,0.0452805318791076
3294,363000,9634000,1.46326068596173,0.111341656202914,0.0203286660009921
3295,364000,9634000,1.52172112775783,0.107069133439723,0.0495970785021567
3296,365000,9634000,1.5535383208005,0.111899428361939,0.0409785084510479
3297,366000,9634000,1.5153172598318,0.102855871220991,0.0317554432288438
3298,367000,9634000,1.51186280411398,0.100103493922479,0.0185199519186052
3299,368000,9634000,1.55400750893452,0.0976415424047412,0.0368565600341412
3300,369000,9634000,1.57297071643967,0.095694476251528,0.0359753921192726
3301,370000,9634000,1.54506400435118,0.0932965154318424,0.0341629877107116
3302,371000,9634000,1.54545925519333,0.0926670873589429,0.0390452978707756
3303,372000,9634000,1.45389093798879,0.0927419967106716,0.0347550165123486
3304,373000,9634000,1.57062658653601,0.0919115496107654,0.0443074430212983
3305,374000,9634000,1.56497305480611,0.0914518300728357,0.0470106315014802
3306,375000,9634000,1.52813686411384,0.0949180177091524,0.0259478047998462
3307,262000,9635000,1.03571239954853,0.0440407055649126,0.110773991177631
3308,263000,9635000,1.38169507652415,0.0462078802496819,0.0435117025164768
3309,264000,9635000,1.30491884348182,0.0487997734903261,0.0657228014384576
3310,265000,9635000,1.39762312463311,0.0517128591130426,0.0553381627792169
3311,266000,9635000,1.48642585049386,0.0465785195257326,0.0281062601257527
3312,267000,9635000,1.39147482351416,0.040244791126663,0.0223611997595746
3313,268000,9635000,1.4443680429216,0.0399336215427385,0.0422565715163765
3314,269000,9635000,1.56970439230038,0.0494751638887725,0.00812668662823876
3315,270000,9635000,1.43353683129959,0.0514253974304127,0.100796197466167
3316,271000,9635000,1.55188045054332,0.0442631530468886,0.0077273556078008
3317,272000,9635000,1.52048609904669,0.0377723461952058,0.017747941263674
3318,273000,9635000,1.50756810148666,0.0379805156979177,0.0125121347191997
3319,274000,9635000,1.4989543198535,0.0579542492209967,0.0266695743998325
3320,275000,9635000,1.4017725356818,0.0698875558179417,0.0263982943435245
3321,276000,9635000,1.41872507784299,0.070164384676182,0.0513257609110566
3322,277000,9635000,1.450562111562,0.0745402398501644,0.0379974740204864
3323,278000,9635000,1.35772756813751,0.0779735522668827,0.0583673472406245
3324,279000,9635000,1.39848585845591,0.0821408800838602,0.0448199249059783
3325,280000,9635000,1.41269276854959,0.0818719127990941,0.0185869984881812
3326,281000,9635000,1.39394020070275,0.0811353016759508,0.0345853415875621
3327,282000,9635000,1.49316337505754,0.0883396984091668,0.0188788178773643
3328,283000,9635000,1.41592725865409,0.0866259179750866,0.0138219794019279
3329,284000,9635000,1.49373934881727,0.0861249361340449,0.0368020894372453
3330,285000,9635000,1.46900811888696,0.0963463899401591,0.0274996513213533
3331,286000,9635000,1.48083655740519,0.103023416361924,0.0266579684334049
3332,287000,9635000,1.21198391786631,0.0959777375790535,0.076108901908585
3333,288000,9635000,1.38964689195672,0.101719829508455,0.0450651279725106
3334,289000,9635000,1.45306571111805,0.10098243174679,0.0204947781492881
3335,290000,9635000,1.48352535775905,0.102147238194869,0.0204219823552581
3336,291000,9635000,1.53493934850085,0.0866155152371076,0.0213840731413567
3337,292000,9635000,1.34883776662254,0.0873728400344061,0.0528880587375673
3338,293000,9635000,1.47018299841201,0.0891596556468973,0.0216234051722145
3339,294000,9635000,1.52406549437665,0.0840780105826007,0.0927406168924133
3340,295000,9635000,1.57194906623392,0.0659208426903102,0.0314574982949736
3341,296000,9635000,1.57403504668244,0.0709878532846617,0.0396345462328102
3342,297000,9635000,1.45494690924187,0.0855244423253599,0.0647649918004529
3343,298000,9635000,1.42677965207609,0.0876576641140266,0.0608781299356476
3344,299000,9635000,1.34705644518238,0.0831529896489571,0.0282176301457839
3345,3e+05,9635000,1.33459477037619,0.0802164668258249,0.0707147112382829
3346,301000,9635000,1.48838826340364,0.0708050637036392,0.0465677979441361
3347,302000,9635000,1.55961694094337,0.0558573236675293,0.0147120982987988
3348,303000,9635000,1.35849860617702,0.0663678948448905,0.161833263812748
3349,304000,9635000,1.59473356645323,0.0679810408831438,0.0543136225024706
3350,305000,9635000,1.5975087302763,0.0626406372417624,0.0404773784018113
3351,306000,9635000,1.58034875871046,0.0631375732392919,0.0758250986246821
3352,307000,9635000,1.58337685279329,0.0637196087037154,0.033398821232404
3353,308000,9635000,1.3810144194595,0.0676587168009996,0.0899439455196582
3354,309000,9635000,1.28480933407047,0.0737994980683135,0.207360335848995
3355,310000,9635000,1.16198442607403,0.0547374163972095,0.023113826596662
3356,311000,9635000,1.38582804338691,0.0494413959776779,0.0162380722129355
3357,312000,9635000,1.36716484554854,0.0527142138870253,0.0461538730341749
3358,313000,9635000,1.43770640565428,0.0613532290520134,0.0221169472469778
3359,314000,9635000,1.43994383389058,0.0643388165081715,0.0204071631354016
3360,315000,9635000,1.41374864491987,0.0537279106676665,0.0428821474028177
3361,316000,9635000,1.38830246809629,0.0507126185658825,0.0296978286448833
3362,317000,9635000,1.36685088179574,0.0490969035231328,0.035688251081635
3363,318000,9635000,1.34908840384802,0.0485932666984624,0.0370548923645723
3364,319000,9635000,1.38653899284292,0.0462646891213112,0.0139765176275432
3365,320000,9635000,1.45600439395669,0.0466718221838436,0.0520218212905125
3366,321000,9635000,1.43933331426387,0.0474560897134911,0.0376229577369659
3367,322000,9635000,1.37353442475853,0.0467406732756883,0.0113736241418119
3368,323000,9635000,1.4114263231261,0.0480844151363023,0.0494798181164363
3369,324000,9635000,1.41859974072775,0.0485382297412264,0.00845014602833344
3370,325000,9635000,1.43162070602092,0.0482121793622316,0.0190360064411762
3371,326000,9635000,1.46354622243813,0.0482908905513909,0.0373557797929123
3372,327000,9635000,1.45428809708639,0.0481055761346328,0.0173807530298781
3373,328000,9635000,1.30825665093675,0.0477141186132332,0.0455486138876449
3374,329000,9635000,1.45736948454835,0.0416652724030579,0.0432523413048824
3375,330000,9635000,1.37360572036468,0.0449155803018311,0.0609937998688959
3376,331000,9635000,1.3063449601314,0.0421308085180318,0.0407877906633397
3377,332000,9635000,1.30715383123024,0.0433501464495344,0.0270313809454499
3378,333000,9635000,1.30723933159201,0.0395704952568267,0.0204420541391321
3379,334000,9635000,1.33148915250625,0.0401703232924976,0.00760183186295723
3380,335000,9635000,1.25177500448015,0.0420848334232024,0.0359677275860781
3381,336000,9635000,1.30941925000267,0.0418760295192306,0.0367553778394552
3382,337000,9635000,1.30949963724808,0.0422973194734653,0.0149663577050133
3383,338000,9635000,1.32363942903955,0.0415486777606876,0.0157531405423944
3384,339000,9635000,1.30157829479442,0.0410450595398306,0.015616603920653
3385,340000,9635000,1.19836379125126,0.0406213481080751,0.0492944956311227
3386,341000,9635000,1.33423791355075,0.0414938430000494,0.0350464247177007
3387,342000,9635000,1.16900020120656,0.0419450734799036,0.0637163967946706
3388,343000,9635000,1.36348147113881,0.0422262235552067,0.0199776716293971
3389,344000,9635000,1.39799723376763,0.0439020915000299,0.0140406914097525
3390,345000,9635000,1.45136257925093,0.0464617901007803,0.013687265808909
3391,346000,9635000,1.48793731254924,0.0499507610992669,0.0253638658434187
3392,347000,9635000,1.45472177441115,0.0522110859823984,0.00692045424618105
3393,348000,9635000,1.50784262992695,0.0583840572632064,0.0464515678336367
3394,349000,9635000,1.48354030479018,0.0644566090727739,0.0336810031347995
3395,350000,9635000,1.36234891043242,0.0653551229821415,0.0608674667099456
3396,351000,9635000,1.45515249938769,0.0670394125527149,0.0471468478278507
3397,352000,9635000,1.53495170427728,0.0710795210686265,0.00346962314900589
3398,353000,9635000,1.53641904145812,0.0786131843841415,0.00782718288208639
3399,354000,9635000,1.49774631574114,0.0776280337900649,0.0374039669396873
3400,355000,9635000,1.44660324848533,0.0717386596421998,0.0448933887987994
3401,356000,9635000,1.51626091764216,0.0717040609498582,0.03413209835978
3402,357000,9635000,1.49954189694128,0.0785837830471553,0.022813031076055
3403,358000,9635000,1.43345214572904,0.0842613392965053,0.0506609833689168
3404,359000,9635000,1.39890642827446,0.0773216211886723,0.0311450816911436
3405,360000,9635000,1.4798447488179,0.0909277794164209,0.0352449536799673
3406,361000,9635000,1.54973038605809,0.097922156806076,0.0872698480955851
3407,362000,9635000,1.52706335945929,0.1145390175155,0.0248691999359957
3408,363000,9635000,1.33401948746289,0.108945828704065,0.0580677701874315
3409,364000,9635000,1.44538094092153,0.106288608481698,0.0480838150261245
3410,365000,9635000,1.48115560696167,0.105853562484641,0.056197819885472
3411,366000,9635000,1.51182870029587,0.102544009137873,0.0300970339948944
3412,367000,9635000,1.54979646787552,0.100791972279524,0.0293651511747893
3413,368000,9635000,1.54798965415778,0.0966648308568563,0.0360715213643775
3414,369000,9635000,1.55819140391785,0.0946735185806486,0.0304938894588116
3415,370000,9635000,1.52576215854227,0.0939500744000588,0.0336212838022423
3416,371000,9635000,1.49753175107436,0.0931221254429305,0.0112363098475402
3417,372000,9635000,1.53025315673964,0.0939296489166102,0.0603217644703203
3418,373000,9635000,1.49363886394071,0.0922454755274892,0.0271779550140348
3419,374000,9635000,1.56149456051348,0.094924670078974,0.0243102888466681
3420,375000,9635000,1.55890863295998,0.0948674358575021,0.0654506696123366
3421,262000,9636000,1.28438580255785,0.0413862589271145,0.0833019612704117
3422,263000,9636000,1.50002919890679,0.0443584298311838,0.00793438894491852
3423,264000,9636000,1.32992108010207,0.0481603016977208,0.0558032255601198
3424,265000,9636000,1.44228132012491,0.0462704232415064,0.0315332219446231
3425,266000,9636000,1.41944464956368,0.0436189940668813,0.0357199888031092
3426,267000,9636000,1.47342882996678,0.0389402770412801,0.00485267813301966
3427,268000,9636000,1.42247361994799,0.0394192136510574,0.0789007691797934
3428,269000,9636000,1.57243692346401,0.0494138525305813,0.0198659042171229
3429,270000,9636000,1.49529118950215,0.0539013734419778,0.0251719292336262
3430,271000,9636000,1.34377097321544,0.0404077187200171,0.0584998908253896
3431,272000,9636000,1.48045085653545,0.0362814266423273,0.00783215445303349
3432,273000,9636000,1.50597618912499,0.0376908370830153,0.00758920725861842
3433,274000,9636000,1.52648985635213,0.0570290272865066,0.0443212786317108
3434,275000,9636000,1.44324963455605,0.0684385039509198,0.0301717260176892
3435,276000,9636000,1.46763123069568,0.0691785532153546,0.0433928706729197
3436,277000,9636000,1.4586057767384,0.0754661078216464,0.0390772857851335
3437,278000,9636000,1.40643154451162,0.0765438081261528,0.0221361150201013
3438,279000,9636000,1.43640436067037,0.0791289308234782,0.0406749570757824
3439,280000,9636000,1.42559259832573,0.080233006869107,0.0391088823922946
3440,281000,9636000,1.45343357741018,0.0803120666279451,0.0610282291255349
3441,282000,9636000,1.44771579180754,0.0850818437854146,0.0214775635714111
3442,283000,9636000,1.25114340986915,0.0873253021300425,0.0310406551462143
3443,284000,9636000,1.44148451995162,0.0897366204621074,0.0364204456879142
3444,285000,9636000,1.46345374175883,0.0936465630727486,0.0129368198418288
3445,286000,9636000,1.39109940021734,0.0998593791496015,0.0302642220860728
3446,287000,9636000,1.43561167324269,0.0961702350139387,0.0226998414302243
3447,288000,9636000,1.44523598824388,0.0944616728018,0.0225359467228789
3448,289000,9636000,1.36432647593793,0.0966408057550398,0.0342389269535551
3449,290000,9636000,1.39659311948996,0.0939368342971306,0.0279482822970646
3450,291000,9636000,1.46633131146119,0.0855065463328096,0.0686732986250976
3451,292000,9636000,1.13930165201344,0.0922223171704889,0.00927957884199511
3452,293000,9636000,1.38290507366151,0.0922833310759973,0.0723154340808008
3453,294000,9636000,1.53561681775875,0.074455451794148,0.0424586468958376
3454,295000,9636000,1.58390374817998,0.0662698271490171,0.0682889305071874
3455,296000,9636000,1.51918255503985,0.0750238171760093,0.0821357993769117
3456,297000,9636000,1.48686558815084,0.0759406116711252,0.0462159898747106
3457,298000,9636000,1.42070259331105,0.0757820738136157,0.085726616956689
3458,299000,9636000,1.56793581076349,0.0711773517696115,0.110371904952067
3459,3e+05,9636000,1.58507852247086,0.0646112114706148,0.0459260545757376
3460,301000,9636000,1.56262348313851,0.0536059479540892,0.0160673041345069
3461,302000,9636000,1.37227499210203,0.0581338609028836,0.0567383737163796
3462,303000,9636000,1.54890697247068,0.0622907267012264,0.0295091928728225
3463,304000,9636000,1.5651978700464,0.0553350321102131,0.0121180552518204
3464,305000,9636000,1.59707134922954,0.0639663100024285,0.0653849096021499
3465,306000,9636000,1.58111082943951,0.0586302740300525,0.0533883521574478
3466,307000,9636000,1.4074006919352,0.0495796884311999,0.0331901670579387
3467,308000,9636000,1.57853454080427,0.0583171942251814,0.0543432757619708
3468,309000,9636000,1.48950819087208,0.0897002463433479,0.136334807430849
3469,310000,9636000,1.09468462511729,0.0827591211381288,0.178381905214422
3470,311000,9636000,1.48762614002112,0.0495407267241716,0.041930669361637
3471,312000,9636000,1.42818295801163,0.0523872676618944,0.077013173764021
3472,313000,9636000,1.46778521972899,0.0493421628492947,0.0296424155346504
3473,314000,9636000,1.42488014122096,0.0554352180295934,0.0160231233386164
3474,315000,9636000,1.39489581952376,0.0516188453245689,0.0702365886292404
3475,316000,9636000,1.34987005623062,0.0477717524797983,0.0299709958589791
3476,317000,9636000,1.40726258412953,0.0493228853561419,0.0214897350636486
3477,318000,9636000,1.34595248510934,0.0469424893695973,0.0102999597417804
3478,319000,9636000,1.35676227955126,0.0465465270512711,0.0228097100109597
3479,320000,9636000,1.4163771867375,0.0472007425224312,0.0380614002123088
3480,321000,9636000,1.35466493405283,0.0465545118141879,0.0263091161606412
3481,322000,9636000,1.34646916415286,0.0486471080122979,0.0441893398841929
3482,323000,9636000,1.42396426829,0.0489461273612009,0.0212010245296419
3483,324000,9636000,1.42033267328153,0.05093446278643,0.0138275296948148
3484,325000,9636000,1.49681459397512,0.0452328732728592,0.0459744684220098
3485,326000,9636000,1.253095381683,0.0383148239017815,0.0436372788067807
3486,327000,9636000,1.27400943327697,0.0449282952561299,0.0180721118135941
3487,328000,9636000,1.43068595008106,0.045835945394332,0.031686858476553
3488,329000,9636000,1.38262307649198,0.0414107339199564,0.0131550094786407
3489,330000,9636000,1.375463339367,0.0439665632931539,0.0373872287282454
3490,331000,9636000,1.43754848669869,0.0423337249543264,0.0218107230860558
3491,332000,9636000,1.36450790185424,0.0410708821824312,0.0279592921603673
3492,333000,9636000,1.20792917451557,0.0417773785083393,0.0295192021335587
3493,334000,9636000,1.20860529894536,0.0426570262065544,0.0572127950377722
3494,335000,9636000,1.12194195349286,0.0455263478823074,0.0703370863452888
3495,336000,9636000,1.30017030293139,0.0458874012866297,0.0228815630434535
3496,337000,9636000,1.30727174910932,0.043898390773689,0.0205771078585527
3497,338000,9636000,1.23819048144262,0.043737761477503,0.0307681721609313
3498,339000,9636000,1.28266760727936,0.042043739579056,0.0352711095844186
3499,340000,9636000,1.28410432901184,0.0414023668778207,0.0285170806648308
3500,341000,9636000,1.33408158911385,0.0411389919539078,0.0186578232192755
3501,342000,9636000,1.31275920479821,0.0409070703648651,0.0130191666391981
3502,343000,9636000,1.37594996482922,0.0416433642959705,0.0225728961889603
3503,344000,9636000,1.33553514584421,0.0423166492824387,0.0130031237191058
3504,345000,9636000,1.38221520348139,0.0419180703173761,0.0132336331440934
3505,346000,9636000,1.54335186758459,0.049006883300658,0.0687906941538471
3506,347000,9636000,1.50458690782338,0.0575112800142338,0.040163146089807
3507,348000,9636000,1.43881092732411,0.0604747316389628,0.033893996542047
3508,349000,9636000,1.48821063841581,0.0631359616659137,0.0287329973067357
3509,350000,9636000,1.39978937025489,0.0624414227070863,0.0597666366267153
3510,351000,9636000,1.5849389782359,0.0679262514132383,0.0281485326332905
3511,352000,9636000,1.56305988677138,0.0737065393387645,0.0348336931168895
3512,353000,9636000,1.53406248177047,0.074157057592753,0.0187238533162723
3513,354000,9636000,1.51344965552965,0.0760183050234004,0.0161237706848109
3514,355000,9636000,1.53553839342237,0.0744164843033625,0.0179596614786809
3515,356000,9636000,1.41371748351378,0.0714678158651159,0.078684389458382
3516,357000,9636000,1.49955991804463,0.0773803797864057,0.0268738187159603
3517,358000,9636000,1.39201000545353,0.0849119051603982,0.0243722271376176
3518,359000,9636000,1.45277497131915,0.075452412222248,0.0259885399584566
3519,360000,9636000,1.5842535096729,0.0737101645859038,0.026614704577843
3520,361000,9636000,1.53235986920725,0.0894354794761898,0.0387393191702784
3521,362000,9636000,1.42378140815789,0.0923164378239427,0.0671716570998596
3522,363000,9636000,1.39563524782057,0.0860542364259304,0.115444507793901
3523,364000,9636000,1.57660397965713,0.0824664482433656,0.0324606034458827
3524,365000,9636000,1.60287681856406,0.0819963329798191,0.033971455446813
3525,366000,9636000,1.56881014660652,0.102812153757568,0.0390938157736412
3526,367000,9636000,1.54194422289615,0.100474193629444,0.0315100775018273
3527,368000,9636000,1.55118835385548,0.0987993702702785,0.0264630937461099
3528,369000,9636000,1.57151321967619,0.0959299672591505,0.0478239243254982
3529,370000,9636000,1.56715327899352,0.0939388072079553,0.0501779776493006
3530,371000,9636000,1.55046153396972,0.0913472730130702,0.0427733566323441
3531,372000,9636000,1.54480059752302,0.0951415493374136,0.0553506478404224
3532,373000,9636000,1.56313873952972,0.0923517371403536,0.0501429738503746
3533,374000,9636000,1.52065357798309,0.0900918119634618,0.0258450118747168
3534,375000,9636000,1.5136806308162,0.0904961945195052,0.03429875780536
3535,262000,9637000,1.42433526485521,0.0375856289924437,0.0314049983884571
3536,263000,9637000,1.51380186138827,0.0405607641287869,0.0224921360384508
3537,264000,9637000,1.48873392244375,0.0415748036869956,0.0400031596831757
3538,265000,9637000,1.42046346071684,0.040892598593762,0.0285787848751204
3539,266000,9637000,1.33440564031168,0.0419696110454728,0.050918973449182
3540,267000,9637000,1.30444973711552,0.0390436570899401,0.0165650963213989
3541,268000,9637000,1.49879706907667,0.0389646147500286,0.0161701670838975
3542,269000,9637000,1.52750338729064,0.0456111266659159,0.0416102886597273
3543,270000,9637000,1.48126685836966,0.0431982072002803,0.022741926967309
3544,271000,9637000,1.50475192256793,0.0363036101468155,0.00729235710270758
3545,272000,9637000,1.50177260067565,0.0366297674096195,0.00752982733296406
3546,273000,9637000,1.5116857767539,0.0377086691611082,0.00760698958322048
3547,274000,9637000,1.45279729277847,0.0561287774566144,0.0490260877829018
3548,275000,9637000,1.41070419108395,0.0615673185611235,0.0384885133539145
3549,276000,9637000,1.44131358258191,0.0658569332524901,0.014624580423563
3550,277000,9637000,1.43923365017447,0.073271097134983,0.0449179742674871
3551,278000,9637000,1.42930925488676,0.0750854248262361,0.0224973525313112
3552,279000,9637000,1.43666260473159,0.073372212587661,0.0275960879838341
3553,280000,9637000,1.44846324861508,0.0792450235114191,0.0277532525441499
3554,281000,9637000,1.47845726936125,0.082801425710236,0.0422129554874269
3555,282000,9637000,1.50619336436276,0.0997083961124269,0.0657319459627591
3556,283000,9637000,1.29587098754982,0.0884609186571167,0.0946457479995944
3557,284000,9637000,1.47661787381828,0.0929064440825266,0.0139279788985721
3558,285000,9637000,1.43967460073801,0.0905446633216957,0.0717560291899766
3559,286000,9637000,1.29695194048271,0.0941175463141745,0.0979828326586061
3560,287000,9637000,1.23935291376985,0.0905644846233455,0.0210238572799632
3561,288000,9637000,1.43065588894682,0.0888733384965587,0.050074166573111
3562,289000,9637000,1.45155182950391,0.0912740902592907,0.0624261493135131
3563,290000,9637000,1.48921704583438,0.0884654908620208,0.0309192909047613
3564,291000,9637000,1.45646708538723,0.087451689474757,0.111079549381611
3565,292000,9637000,1.35565151064643,0.0884107513545674,0.117312307766387
3566,293000,9637000,1.40563149644048,0.0872139687286138,0.030427491803162
3567,294000,9637000,1.47961525266083,0.0660080766009863,0.0160779246588499
3568,295000,9637000,1.53896406445226,0.0733933305804315,0.0876481181606888
3569,296000,9637000,1.40296479839494,0.0776205091728727,0.0439209750890744
3570,297000,9637000,1.57282634266228,0.0648291969347553,0.079774208794231
3571,298000,9637000,1.40142598782064,0.0595120376050503,0.0596668143706675
3572,299000,9637000,1.43258275878278,0.0581814661581533,0.0565112005972461
3573,3e+05,9637000,1.35566021402645,0.0528719360607469,0.0371615397975357
3574,301000,9637000,1.36806729288928,0.0524847974239267,0.023579194534369
3575,302000,9637000,1.32995587259666,0.053210055344669,0.0427202739161047
3576,303000,9637000,1.45078257179505,0.0609189835879145,0.0111010719959014
3577,304000,9637000,1.53641351124517,0.0546149354414029,0.0247647943879966
3578,305000,9637000,1.43940983723689,0.0500838887861054,0.0493563275969359
3579,306000,9637000,1.41401562796409,0.0507724577659105,0.0297052636598348
3580,307000,9637000,1.34985684416723,0.0466645171540836,0.0224749876863496
3581,308000,9637000,1.48256829615682,0.0518114438548311,0.0395941083135897
3582,309000,9637000,1.21064782986469,0.0607844023394542,0.0315800451550128
3583,310000,9637000,1.42725109054587,0.0665073004222871,0.134764617389982
3584,311000,9637000,1.40259476326465,0.0463692113460804,0.0329368084876756
3585,312000,9637000,1.45945788332913,0.0526331683875673,0.0785120188699174
3586,313000,9637000,1.49470180707259,0.0484198922219804,0.0135011684460968
3587,314000,9637000,1.39053019647497,0.0527386503530187,0.0229809362592616
3588,315000,9637000,1.37871630113502,0.0505298836176031,0.0222755070924033
3589,316000,9637000,1.29903964591809,0.0485216200143167,0.0245045343317591
3590,317000,9637000,1.23464758857421,0.0475474914517181,0.0765731702500404
3591,318000,9637000,1.3689089795168,0.0465336970714057,0.0238241058716095
3592,319000,9637000,1.35199487397496,0.047003553228771,0.0326434668346706
3593,320000,9637000,1.3710564086335,0.0478099798323972,0.0200004952423187
3594,321000,9637000,1.4198968369231,0.0503547976456955,0.0286317142585218
3595,322000,9637000,1.40595825843621,0.0472600658185784,0.0534329624611371
3596,323000,9637000,1.44442380179768,0.0491324050055388,0.0225595805435521
3597,324000,9637000,1.50044073399616,0.0469922453554317,0.0488614443453105
3598,325000,9637000,1.26638373772069,0.0336672139757814,0.0377987213481208
3599,326000,9637000,1.44539927644238,0.0336522960045094,0.0918011058183383
3600,327000,9637000,1.34375429928755,0.0388598183143038,0.0420003344516364
3601,328000,9637000,1.22041971855727,0.0372946877245481,0.0731023955090918
3602,329000,9637000,1.31039438939774,0.0462863567221351,0.0818490587567727
3603,330000,9637000,1.36615898173389,0.0456539947497755,0.0166620544002837
3604,331000,9637000,1.31191504448385,0.0397246316976132,0.0174250901907522
3605,332000,9637000,1.25208171054132,0.0422324328859487,0.0280721032041371
3606,333000,9637000,1.2688749531209,0.0425329952544305,0.0509806756700324
3607,334000,9637000,1.29069296004952,0.0417294362739548,0.0348060419159838
3608,335000,9637000,1.17919751128623,0.0441460402114826,0.0210777199664491
3609,336000,9637000,1.35456096037574,0.0464867970877716,0.017238397539055
3610,337000,9637000,1.3699749266852,0.0409565869999104,0.00662661340717404
3611,338000,9637000,1.31585443582063,0.0406783742847991,0.0204709840628009
3612,339000,9637000,1.33390085464137,0.0427338481132931,0.020118802404219
3613,340000,9637000,1.32872457553592,0.0417642533882769,0.0172859606017596
3614,341000,9637000,1.30961938324275,0.0442426659697359,0.0495523008903844
3615,342000,9637000,1.32188006678083,0.0441279478517793,0.016903737681044
3616,343000,9637000,1.31523185206808,0.0411560211492019,0.0373390200250334
3617,344000,9637000,1.41099421402697,0.0433887909469078,0.00427547320649325
3618,345000,9637000,1.42148027094226,0.0447162379604023,0.0220459855590055
3619,346000,9637000,1.53554702165479,0.050749037987408,0.0363810298275248
3620,347000,9637000,1.52841340042262,0.0581531546643147,0.00388934499541986
3621,348000,9637000,1.51897025731314,0.0603819495179282,0.0124586762943297
3622,349000,9637000,1.39834838687656,0.0596725936896554,0.0300382088292512
3623,350000,9637000,1.33086879045518,0.058997602976672,0.0433367282329801
3624,351000,9637000,1.54798818385104,0.0673294339352292,0.02270175889535
3625,352000,9637000,1.50301479061733,0.0738555249721878,0.0301516981833856
3626,353000,9637000,1.52163079025476,0.0812013141506513,0.0225723440831848
3627,354000,9637000,1.47539254095708,0.089998992682414,0.0450779244325101
3628,355000,9637000,1.53041966142563,0.0814975332653143,0.0160298485475652
3629,356000,9637000,1.51125630159753,0.075826670860783,0.0229194181343369
3630,357000,9637000,1.54607207219606,0.0821741680803979,0.0327985441829376
3631,358000,9637000,1.51212705313429,0.0744222230365824,0.0224755082484374
3632,359000,9637000,1.41516440998402,0.0692724438266786,0.0624076151398851
3633,360000,9637000,1.44313471195286,0.0658149505575369,0.0509492039394415
3634,361000,9637000,1.30261661716554,0.0768126243784979,0.0610054309717101
3635,362000,9637000,1.51101191480569,0.0824827001336858,0.0319919598476792
3636,363000,9637000,1.54304778873988,0.0821637386683985,0.0354864052034282
3637,364000,9637000,1.57188270619028,0.0860163773641857,0.0987713435275191
3638,365000,9637000,1.50506172155561,0.102855396024165,0.0480743807277725
3639,366000,9637000,1.52733263580668,0.106135891927837,0.0874569164654782
3640,367000,9637000,1.5038506752607,0.103415455964802,0.081244570877556
3641,368000,9637000,1.52383658937441,0.0997199700172415,0.0698003079676049
3642,369000,9637000,1.58194119841101,0.0952061593848024,0.0387322800584442
3643,370000,9637000,1.54047471387603,0.093739015171777,0.0272249039651624
3644,371000,9637000,1.53784335284685,0.0914664517576126,0.0504570868606105
3645,372000,9637000,1.52851494791,0.0935867459647085,0.073735565035457
3646,373000,9637000,1.53439882867934,0.0959973066993616,0.0289796535602785
3647,374000,9637000,1.5344921590878,0.094924604984651,0.0298367960460313
3648,375000,9637000,1.43403009463867,0.0912838082595137,0.0308700509978277
3649,262000,9638000,1.48893441759816,0.0359781728542927,0.0231283498486914
3650,263000,9638000,1.36076852021421,0.0386006135343231,0.0288946599958536
3651,264000,9638000,1.42750915995072,0.0419151655056876,0.0166654784732423
3652,265000,9638000,1.43712605329869,0.0411854504073393,0.103064493844963
3653,266000,9638000,1.28063878021226,0.0460319901924933,0.00571040513271419
3654,267000,9638000,1.32168381806291,0.0447442113369223,0.0182593297720284
3655,268000,9638000,1.34012944933805,0.038591878178219,0.0453019463080288
3656,269000,9638000,1.4752317892154,0.0431920722329795,0.0241170527374564
3657,270000,9638000,1.46077116367946,0.0412556632609076,0.00469316043812305
3658,271000,9638000,1.33575061967593,0.0368072539383986,0.00945424255801251
3659,272000,9638000,1.52078044054075,0.0366539319836141,0.0100576877594414
3660,273000,9638000,1.36558652379672,0.0430481049353729,0.0123103300821158
3661,274000,9638000,1.45375193927318,0.0599838539218777,0.0064144680147031
3662,275000,9638000,1.46040312594322,0.0641504566950977,0.0174786378591119
3663,276000,9638000,1.46421788939051,0.0669776794478487,0.0398697230781204
3664,277000,9638000,1.49510936938454,0.0715482757499691,0.0297342220373124
3665,278000,9638000,1.44382609006489,0.0765067647742968,0.0122452027327503
3666,279000,9638000,1.49730928120472,0.0795553611654828,0.0169779594431469
3667,280000,9638000,1.51170212464231,0.0826689684917646,0.0574111228113621
3668,281000,9638000,1.55365339800882,0.0887161601058824,0.0284085724156392
3669,282000,9638000,1.55480694537427,0.095685409747918,0.0275731348065188
3670,283000,9638000,1.38700234019281,0.0867161089817603,0.0175345289292615
3671,284000,9638000,1.48224126192321,0.0863577791308383,0.0394233505608936
3672,285000,9638000,1.45006013615326,0.0850577245157009,0.0550816549116218
3673,286000,9638000,1.41111072475722,0.0884134109851564,0.0577044904184663
3674,287000,9638000,1.43798484875643,0.0875332799306765,0.0273839732024483
3675,288000,9638000,1.46903911210651,0.0879146984237627,0.0116847042665471
3676,289000,9638000,1.45154495733663,0.0874567113331599,0.00881112517023652
3677,290000,9638000,1.47885721650085,0.0847127196472242,0.0522637804021075
3678,291000,9638000,1.37124478847948,0.087062701047212,0.0454675768954335
3679,292000,9638000,1.36914902831754,0.0825024923399457,0.0686045522971801
3680,293000,9638000,1.44056490913539,0.0803624151928513,0.076556448572145
3681,294000,9638000,1.59516446292204,0.0673873118221168,0.0582727125352989
3682,295000,9638000,1.60258427023012,0.0660867843137447,0.0991448668384084
3683,296000,9638000,1.33822420834749,0.0713487346951392,0.0312902141178232
3684,297000,9638000,1.38099134194797,0.0543138281253762,0.0440252652442848
3685,298000,9638000,1.29605636950637,0.0527386782445629,0.10963057985717
3686,299000,9638000,1.35929122521642,0.0531551543721293,0.045857998558036
3687,3e+05,9638000,1.2319820715113,0.0499609697968627,0.0413325379703339
3688,301000,9638000,1.35648793858794,0.0517263455710492,0.020857275313726
3689,302000,9638000,1.33279902344516,0.0484615763257441,0.0293129809241948
3690,303000,9638000,1.38111341637765,0.0528908626669088,0.0275577521625986
3691,304000,9638000,1.34569902862916,0.049467784498255,0.03126434732583
3692,305000,9638000,1.31340863145766,0.0497682945849815,0.0445157001332762
3693,306000,9638000,1.37083309497287,0.0486887735225933,0.0329525040101386
3694,307000,9638000,1.33886204999207,0.0457920420150993,0.0296975073493959
3695,308000,9638000,1.44949107807186,0.0496445715275122,0.0527158362356798
3696,309000,9638000,1.39867187243225,0.0489872002745261,0.0207607276714047
3697,310000,9638000,1.4776364577246,0.0647674730909131,0.0342926616688006
3698,311000,9638000,1.38562927910622,0.051135200606827,0.0229542066102048
3699,312000,9638000,1.41592735028666,0.0504041853030393,0.00683691781739187
3700,313000,9638000,1.33060710829466,0.04833015086188,0.0391968682537064
3701,314000,9638000,1.33684961845037,0.0490833008528115,0.0355193348925207
3702,315000,9638000,1.28041292086697,0.0493961575639828,0.0363417013683765
3703,316000,9638000,1.31919886502409,0.0480180122231818,0.0094658802458758
3704,317000,9638000,1.33742603607254,0.0466134946571785,0.0220004579594708
3705,318000,9638000,1.37281469030335,0.0487998431962022,0.0078834251904231
3706,319000,9638000,1.36082944068206,0.0494629660019882,0.0139156517541632
3707,320000,9638000,1.34927288052041,0.0487333217691675,0.0170976378997149
3708,321000,9638000,1.29155853463776,0.0493405640646341,0.0404499952884934
3709,322000,9638000,1.45704167260343,0.0474269032917417,0.0455881239078542
3710,323000,9638000,1.46968730064333,0.0508477412625025,0.0778466886017921
3711,324000,9638000,1.45321154659894,0.0422139234074637,0.118443822130866
3712,325000,9638000,1.45015905029205,0.0358385016178952,0.148733815530457
3713,326000,9638000,1.43624518234298,0.0367222788039772,0.182180593536127
3714,327000,9638000,1.40424121154153,0.0346563952815859,0.137918368242837
3715,328000,9638000,1.28063908998711,0.0309449445148855,0.0390816613400909
3716,329000,9638000,1.27211503099932,0.0453304390326994,0.0365872920326269
3717,330000,9638000,1.32130655904236,0.0435262932701623,0.0659501220445336
3718,331000,9638000,1.30683046316434,0.0423088364849716,0.0464050596719036
3719,332000,9638000,1.30802222914532,0.0424325525608547,0.0617768739949155
3720,333000,9638000,1.3169320147008,0.0422916562536423,0.0396457377617908
3721,334000,9638000,1.30444397037159,0.0429640535360348,0.0500050085771117
3722,335000,9638000,1.3805814594742,0.0433257157867333,0.0230850014945729
3723,336000,9638000,1.3501833771908,0.0435906337655241,0.07374058036097
3724,337000,9638000,1.36270482917335,0.042164380037842,0.0567565237003206
3725,338000,9638000,1.36985752836113,0.0412003207360683,0.010028491820177
3726,339000,9638000,1.37350861940154,0.0408712365723583,0.00303180798739994
3727,340000,9638000,1.3241113208208,0.0415158766057972,0.014596882079576
3728,341000,9638000,1.35210624667038,0.0420971707496577,0.018107208755697
3729,342000,9638000,1.27307484898302,0.0407552066421449,0.0198828511261657
3730,343000,9638000,1.30451449424814,0.041243947568161,0.0309128292883181
3731,344000,9638000,1.35805414867845,0.0422683329047276,0.0119039380577788
3732,345000,9638000,1.36182447980489,0.0432463330025818,0.0175152240381599
3733,346000,9638000,1.36622758475907,0.0491631821044732,0.0389809550928242
3734,347000,9638000,1.51830012005301,0.0551876615500294,0.0708902164656228
3735,348000,9638000,1.47862340152402,0.0552396426403448,0.0309898611345864
3736,349000,9638000,1.45214459324652,0.0604197783412529,0.0146117818491243
3737,350000,9638000,1.43626864318185,0.0579431295629676,0.0668054554032133
3738,351000,9638000,1.47872722791303,0.0649559165581889,0.0336057671147383
3739,352000,9638000,1.5223725081219,0.0734418781291916,0.0408766906274514
3740,353000,9638000,1.48219873679951,0.0860976831321169,0.0302102358534215
3741,354000,9638000,1.46730172089258,0.0919299301396841,0.0285855922688317
3742,355000,9638000,1.54999897216492,0.083980110200542,0.0279653017027382
3743,356000,9638000,1.50167405455789,0.0778859372625239,0.027266121585687
3744,357000,9638000,1.54538835151119,0.0830915749130511,0.0839889082992331
3745,358000,9638000,1.50431436828911,0.0780396263656951,0.0193261962836758
3746,359000,9638000,1.45548759717221,0.0662805145703963,0.0475342258130726
3747,360000,9638000,1.45720853564497,0.0653208426815714,0.0442909562601034
3748,361000,9638000,1.45928670584386,0.0722048627013965,0.0721435583911191
3749,362000,9638000,1.50178563788919,0.084467533515286,0.0657897676321514
3750,363000,9638000,1.49985210884616,0.0868435478415171,0.0963932436746501
3751,364000,9638000,1.43967909535662,0.084312333878449,0.0557464671038328
3752,365000,9638000,1.58427167215527,0.0916113102650431,0.0928809966659895
3753,366000,9638000,1.46618464752774,0.106436243966967,0.0369969046411985
3754,367000,9638000,1.50457794071681,0.103975485671564,0.0197916985384213
3755,368000,9638000,1.56938071536457,0.103599348129643,0.0395717110077288
3756,369000,9638000,1.53638166779544,0.101251794027639,0.0375538915648753
3757,370000,9638000,1.55500334123706,0.0974414261663272,0.0411080391954598
3758,371000,9638000,1.54507808486341,0.0924552449726086,0.02201931270742
3759,372000,9638000,1.42473572869234,0.0909617366838863,0.0370250428957707
3760,373000,9638000,1.48529135963657,0.0899248060304239,0.0494872444697302
3761,374000,9638000,1.54275171976309,0.0932022216377479,0.010727922517516
3762,375000,9638000,1.53193883221364,0.0936278892703924,0.0272936737300125
3763,262000,9639000,1.43259247481525,0.0357175112169023,0.0357797989967691
3764,263000,9639000,1.34865238754099,0.0377025365101672,0.0938926629310171
3765,264000,9639000,1.46285145648047,0.0414024493773057,0.00918579994417644
3766,265000,9639000,1.43316250291115,0.0427157220651513,0.0575541738099053
3767,266000,9639000,1.29551222731674,0.0484153432877179,0.0338639175413439
3768,267000,9639000,1.48734162003753,0.0548484651494334,0.0155569915499638
3769,268000,9639000,1.49583328694885,0.0533326954824452,0.0165570121662304
3770,269000,9639000,1.4951911853827,0.0578126081146994,0.0221435132262011
3771,270000,9639000,1.37269393255715,0.063063473751667,0.0242269736597792
3772,271000,9639000,1.43548633739235,0.0531559270365276,0.051333569376731
3773,272000,9639000,1.44067113424466,0.053682473552214,0.0139006796987692
3774,273000,9639000,1.44348874148967,0.060795991405487,0.0214016095623421
3775,274000,9639000,1.47397046467074,0.0620508819597656,0.0132773817687945
3776,275000,9639000,1.4584169047854,0.0671739613005452,0.032797252152909
3777,276000,9639000,1.34213758026793,0.0681245108814188,0.0310055344897008
3778,277000,9639000,1.46362521457183,0.0720709356440217,0.0282996705361207
3779,278000,9639000,1.47790344938433,0.0768995527064209,0.0152050797577039
3780,279000,9639000,1.47044082094515,0.0820524249694892,0.0559922751998957
3781,280000,9639000,1.44746349805453,0.0830097753302836,0.0136243718819814
3782,281000,9639000,1.50469517770436,0.0849929703899915,0.0235445336366724
3783,282000,9639000,1.47420622314277,0.08429080222765,0.0070514348116593
3784,283000,9639000,1.4627248964861,0.0835165563187517,0.0129151387302713
3785,284000,9639000,1.43228163482457,0.0835828291090196,0.0428728239714192
3786,285000,9639000,1.49394281104991,0.0814071342718361,0.093426806778806
3787,286000,9639000,1.43535299093691,0.0852395787214066,0.0294869731438034
3788,287000,9639000,1.46124813655126,0.0850822504567058,0.05604529180679
3789,288000,9639000,1.52475987567574,0.0770790865306323,0.0307587161445245
3790,289000,9639000,1.41487461610629,0.0810570134112546,0.0262138526812196
3791,290000,9639000,1.14538006168255,0.0840200281555332,0.0115213260528599
3792,291000,9639000,1.36682081069604,0.0774087841907521,0.0689276375801729
3793,292000,9639000,1.46460989163564,0.0801535183582008,0.0924991306542086
3794,293000,9639000,1.44392659057579,0.0814516778567764,0.0301645549179909
3795,294000,9639000,1.53022930034133,0.0641075827852345,0.0569219480186951
3796,295000,9639000,1.56536823948055,0.0529512549432102,0.0170788984548787
3797,296000,9639000,1.41358597628023,0.0537762932793978,0.0559541226375581
3798,297000,9639000,1.3890338591801,0.0487058236232787,0.0409814034624513
3799,298000,9639000,1.29196112084937,0.048997625069735,0.0685208349923158
3800,299000,9639000,1.34885664401489,0.0506669874090946,0.0342640976284196
3801,3e+05,9639000,1.34613714449969,0.047070203624807,0.0584768302366751
3802,301000,9639000,1.36665126823984,0.0505751882872206,0.0328844448435141
3803,302000,9639000,1.34126554798493,0.0482401887452163,0.011769558069217
3804,303000,9639000,1.32905356556463,0.0499618098677883,0.0451340692309823
3805,304000,9639000,1.33089639182103,0.0472233280432425,0.0450216058436679
3806,305000,9639000,1.40673986261409,0.0509226982762958,0.0408165183254656
3807,306000,9639000,1.36193055357635,0.0471779211386806,0.0287576771890384
3808,307000,9639000,1.33124450852844,0.0472128916307411,0.0715851548909957
3809,308000,9639000,1.4349780080291,0.0507470324925862,0.0838135421888036
3810,309000,9639000,1.01219216079442,0.0521711029609598,0.0115408326367932
3811,310000,9639000,1.14647964741091,0.0712656488714036,0.0179563895945184
3812,311000,9639000,1.45337111763527,0.0529953151733791,0.0338497023863674
3813,312000,9639000,1.33036008581672,0.0471300776798291,0.0343469840032806
3814,313000,9639000,1.41871814354018,0.0478534335367916,0.0106769557634878
3815,314000,9639000,1.38379647051405,0.0477099612421545,0.0385000963602709
3816,315000,9639000,1.31078099140961,0.051051788252506,0.0109978286144814
3817,316000,9639000,1.30645997537095,0.0489021995844852,0.0303645305031609
3818,317000,9639000,1.36437877840485,0.0481059932716809,0.0316736710121934
3819,318000,9639000,1.34006151444632,0.047185071623519,0.0343570645282734
3820,319000,9639000,1.34417043336312,0.0475335065254221,0.0230392063286252
3821,320000,9639000,1.41651893725564,0.0482888165090893,0.0214471455140148
3822,321000,9639000,1.30056928239689,0.050512358298493,0.0388120597674084
3823,322000,9639000,1.46233616912747,0.0486685118672088,0.0311206095654568
3824,323000,9639000,1.46191737145656,0.0469831532785852,0.104696019729209
3825,324000,9639000,1.42850854212671,0.0431218768031425,0.174698528477138
3826,325000,9639000,1.37257576278077,0.0368242366537663,0.0880992548058514
3827,326000,9639000,1.35035533012204,0.0346910206825976,0.158006129950664
3828,327000,9639000,1.39436955306868,0.0328932701665477,0.109022766195317
3829,328000,9639000,1.37442520513337,0.0350968640016817,0.0256294817774034
3830,329000,9639000,1.41494244238451,0.0476046268352337,0.0241368472219923
3831,330000,9639000,1.4280451437337,0.0447069495187186,0.0192780304130719
3832,331000,9639000,1.34704687398495,0.0456848334341898,0.0228415432518276
3833,332000,9639000,1.37846713735292,0.0457121375218836,0.0255436749132914
3834,333000,9639000,1.42279063202621,0.0440892743066297,0.0320634478978417
3835,334000,9639000,1.33968376490885,0.0452145810554046,0.0386523013047382
3836,335000,9639000,1.38070329326168,0.0444600518676993,0.0173461150338575
3837,336000,9639000,1.35927112377206,0.0444353458391605,0.0438751618502609
3838,337000,9639000,1.37340470765185,0.0440079127632067,0.0463215101629334
3839,338000,9639000,1.36498266399408,0.042275640253834,0.0338046366646266
3840,339000,9639000,1.36837515464804,0.0423272425540356,0.0232389293876455
3841,340000,9639000,1.38878533135865,0.0430638234718287,0.0227405234508056
3842,341000,9639000,1.40237836779583,0.0427230433574543,0.0409842609709319
3843,342000,9639000,1.41073601560866,0.0431518045251108,0.0473358497281826
3844,343000,9639000,1.41647099706797,0.0407484779143699,0.0086244605900005
3845,344000,9639000,1.34393319884093,0.0432274087149223,0.00929681616503595
3846,345000,9639000,1.38060221082333,0.0440720220211201,0.0230382113079402
3847,346000,9639000,1.37643743215631,0.0453633319822939,0.0132664007177069
3848,347000,9639000,1.51415586806864,0.051423515087592,0.014530099889708
3849,348000,9639000,1.43149287160634,0.0559022541833236,0.0402583692066567
3850,349000,9639000,1.35540067714001,0.0585505612484808,0.0411050417485787
3851,350000,9639000,1.52168619555002,0.0605653421017929,0.0298489535080839
3852,351000,9639000,1.36505437925905,0.0661191102494313,0.0884770678590545
3853,352000,9639000,1.54124570890312,0.0701801055152545,0.0271815498894504
3854,353000,9639000,1.54995365865743,0.0759415853533809,0.00972589412079806
3855,354000,9639000,1.48911643131189,0.0894597556221614,0.0445317351379309
3856,355000,9639000,1.55984117184032,0.0845171721454077,0.0466206832859302
3857,356000,9639000,1.52659511336837,0.0818616169501185,0.033166266572403
3858,357000,9639000,1.51255798336514,0.0785363973629995,0.0103914032806545
3859,358000,9639000,1.48816557092857,0.0783245492164983,0.0215099065800238
3860,359000,9639000,1.48356093934413,0.0660861289812739,0.0189433069618749
3861,360000,9639000,1.45870919995571,0.0632448701550611,0.0392983487492493
3862,361000,9639000,1.48857537933047,0.0693630937897533,0.0837561494902111
3863,362000,9639000,1.50409003240367,0.0842246781767307,0.139590939582142
3864,363000,9639000,1.57395424649511,0.0872021751926921,0.0781837565832159
3865,364000,9639000,1.5840027253799,0.0984079011538999,0.0586893823850276
3866,365000,9639000,1.51200617214128,0.102533889895854,0.0283275463317509
3867,366000,9639000,1.49035302313943,0.10715573990865,0.0140431300535383
3868,367000,9639000,1.48936586183561,0.102609924028269,0.0640190268448498
3869,368000,9639000,1.48284757824363,0.105073753295324,0.0183183352050097
3870,369000,9639000,1.56907196945198,0.100230542428741,0.0450112051037754
3871,370000,9639000,1.59284529973689,0.0967109686081949,0.0502506998711574
3872,371000,9639000,1.57427074811954,0.0936526863871765,0.0539155436310851
3873,372000,9639000,1.51678069290492,0.0932784416579675,0.038499183348405
3874,373000,9639000,1.50616878646967,0.092452392444883,0.0440676091863893
3875,374000,9639000,1.52169803351143,0.0946471521403723,0.0315481234376308
3876,375000,9639000,1.49017971023782,0.096358962042617,0.0373862016008384
3877,262000,9640000,1.32783338813421,0.038331219719458,0.0248678526874427
3878,263000,9640000,1.27489544163091,0.0401350135206317,0.0535650765107705
3879,264000,9640000,1.27579047834512,0.0417649145250221,0.0609608974154602
3880,265000,9640000,1.53715602905845,0.0518233861204487,0.0370322562918062
3881,266000,9640000,1.51409556340524,0.0556960785487048,0.0266248509125454
3882,267000,9640000,1.44140630457368,0.0558367564152808,0.0342703578121576
3883,268000,9640000,1.44919797873789,0.0609238172180433,0.0421926963301382
3884,269000,9640000,1.50541317130007,0.0618188302274613,0.0118493554792885
3885,270000,9640000,1.33510169336101,0.0617379462456812,0.049911886843971
3886,271000,9640000,1.48039844466645,0.0615488392794614,0.0300503165924465
3887,272000,9640000,1.44222184646252,0.0615973473812825,0.0387860104869529
3888,273000,9640000,1.45630697882006,0.0598315916625898,0.0133865471716538
3889,274000,9640000,1.47776714005383,0.0627559804796759,0.0218519794080304
3890,275000,9640000,1.5150453463184,0.0629805761342167,0.034813195392268
3891,276000,9640000,1.43069092377179,0.0657625964815554,0.0603200932434613
3892,277000,9640000,1.49041297358204,0.0719938499704201,0.0192925763603768
3893,278000,9640000,1.47819830219408,0.0742829487626833,0.0267836104814226
3894,279000,9640000,1.4675380231015,0.0782128230427593,0.0103166165981502
3895,280000,9640000,1.50964002170159,0.0815734767494749,0.0136640209538923
3896,281000,9640000,1.47935403368169,0.0806509353840133,0.0174156307257554
3897,282000,9640000,1.415220850266,0.0816146019726041,0.021006238987061
3898,283000,9640000,1.46995015106843,0.0788597962248975,0.0770155328759872
3899,284000,9640000,1.44172925715496,0.0760115426094161,0.00622301510622896
3900,285000,9640000,1.44510334411337,0.0808593756384208,0.0325502450837474
3901,286000,9640000,1.4293208154631,0.0834727214921496,0.0438368201700153
3902,287000,9640000,1.44984450732141,0.0834099507592321,0.0078198212067048
3903,288000,9640000,1.43558535634324,0.0806972997098244,0.0113793817023908
3904,289000,9640000,1.39740047188126,0.0805416051204451,0.0174566498638009
3905,290000,9640000,1.42582090919099,0.0790343523776683,0.0729612095447771
3906,291000,9640000,1.50797396758973,0.0621003881395507,0.0288667037332659
3907,292000,9640000,1.49621771602404,0.0765530419575584,0.106687494591736
3908,293000,9640000,1.42302134456587,0.0677121991092011,0.0625870398932534
3909,294000,9640000,1.45574850797485,0.0536378846608284,0.0711909514473229
3910,295000,9640000,1.41245554238576,0.0509192032091455,0.0421034339623233
3911,296000,9640000,1.34280477384619,0.0502767301533183,0.0397984253968881
3912,297000,9640000,1.40396714502885,0.050441535425695,0.0280634882342434
3913,298000,9640000,1.3442778758153,0.0503370817601359,0.0331361495726022
3914,299000,9640000,1.38016265080869,0.0493897379172641,0.0266057065105736
3915,3e+05,9640000,1.29957549252083,0.0506695413343549,0.0223030216293715
3916,301000,9640000,1.32514261979481,0.0502507878368491,0.0322749250664768
3917,302000,9640000,1.39125563197934,0.048373788158799,0.018789603399638
3918,303000,9640000,1.34065811677776,0.0484019520881337,0.0297779796948444
3919,304000,9640000,1.54870805080938,0.0512967420130557,0.0220017199137445
3920,305000,9640000,1.54848097516128,0.0526810153450683,0.00853109788712378
3921,306000,9640000,1.36727584691959,0.0464973404038636,0.037980726021838
3922,307000,9640000,1.34368693969734,0.0480791609127007,0.0244050294476149
3923,308000,9640000,1.39479008070315,0.0482096893526406,0.0145382296900184
3924,309000,9640000,1.39668740540844,0.047393144687986,0.0150317102897509
3925,310000,9640000,1.34717636206345,0.0480286717337982,0.0269429163461018
3926,311000,9640000,1.3071562416937,0.0473804506578426,0.0149948811498957
3927,312000,9640000,1.33774121712578,0.0454790261231271,0.0212763062188178
3928,313000,9640000,1.41997354233885,0.0476868005659377,0.0387069954879315
3929,314000,9640000,1.24817721790255,0.047612440794127,0.0662557907716459
3930,315000,9640000,1.30453553601249,0.0474639234161114,0.0223441702501318
3931,316000,9640000,1.32413168819627,0.0466689882436561,0.0365303994743656
3932,317000,9640000,1.39411519448862,0.0502190417152585,0.0210311133946677
3933,318000,9640000,1.38361714385281,0.0453616727679309,0.00399322738240396
3934,319000,9640000,1.40285208671496,0.0484228144732857,0.0392282871535894
3935,320000,9640000,1.42326068384868,0.0502684258643436,0.0243469622424689
3936,321000,9640000,1.46246950262284,0.0521336505972999,0.0247297265585687
3937,322000,9640000,1.49129409905863,0.0519339596502657,0.0575570665878712
3938,323000,9640000,1.34435682894148,0.0392344453362798,0.0263934418317159
3939,324000,9640000,1.36164181647982,0.0380930110670125,0.0379733879397645
3940,325000,9640000,1.38007319755262,0.0356330022253588,0.11865723662316
3941,326000,9640000,1.29074434758272,0.0314636015474604,0.0882053505556283
3942,327000,9640000,1.34784265405064,0.0306504508762865,0.0935359455966183
3943,328000,9640000,1.31404229664598,0.0323773087982528,0.0482956191428485
3944,329000,9640000,1.24998010268571,0.0376418956154519,0.0383118363514326
3945,330000,9640000,1.42029683834699,0.0416803634970938,0.0169313880679034
3946,331000,9640000,1.39007547042782,0.0460219407104562,0.0182999571494234
3947,332000,9640000,1.37778804005842,0.0471626801475059,0.053679498380649
3948,333000,9640000,1.43578694660002,0.0458325258423101,0.0855050501270592
3949,334000,9640000,1.39790603814419,0.0460321168404817,0.0325368032486938
3950,335000,9640000,1.35900973213014,0.0453977052295149,0.0385025633805736
3951,336000,9640000,1.42660297926564,0.0436751464361297,0.0195731209133722
3952,337000,9640000,1.39042749785927,0.0442931075081514,0.032992298235951
3953,338000,9640000,1.37807946777445,0.0421595568914334,0.0248039089327545
3954,339000,9640000,1.4069500799968,0.0434357629650058,0.0352227557137949
3955,340000,9640000,1.42998684722664,0.0407161496540993,0.0306980803190496
3956,341000,9640000,1.4038891309328,0.0392330382452349,0.0178363838923054
3957,342000,9640000,1.4673231703923,0.0415863613568398,0.0429919063335616
3958,343000,9640000,1.44725584379401,0.0388329662143669,0.0239291135287322
3959,344000,9640000,1.37906594330851,0.0421966548582856,0.0362188431389698
3960,345000,9640000,1.37569003477801,0.0451861859134672,0.0156714039458183
3961,346000,9640000,1.42198351170152,0.0467205184946769,0.00793637842786605
3962,347000,9640000,1.44544907291001,0.0512362683967478,0.0070654421266578
3963,348000,9640000,1.45498805963815,0.0548031047263778,0.0383415475373933
3964,349000,9640000,1.39536019227851,0.0576561652278456,0.0401766703831834
3965,350000,9640000,1.50519669406812,0.0593459181796876,0.0251993421156193
3966,351000,9640000,1.3773670584779,0.0652641917971991,0.019980391796551
3967,352000,9640000,1.54206629019033,0.0705695959216849,0.0197480609732863
3968,353000,9640000,1.55119705286617,0.0762985871281394,0.0147110983113368
3969,354000,9640000,1.52329538789886,0.0827388966486442,0.0262809328721054
3970,355000,9640000,1.53152963530221,0.0805247664836144,0.0475822043790436
3971,356000,9640000,1.52766284896274,0.0808565974488147,0.0248768219112333
3972,357000,9640000,1.51265263272469,0.0764762874654414,0.0458737165907182
3973,358000,9640000,1.50780369977106,0.0798198317842799,0.0477671505810879
3974,359000,9640000,1.56189217133221,0.0759196354277629,0.0117148084822882
3975,360000,9640000,1.44492592983442,0.0652873013685831,0.0229288695115257
3976,361000,9640000,1.48182203506553,0.0622979213576392,0.038620573432535
3977,362000,9640000,1.54975340230237,0.0638906999982787,0.0966114661626147
3978,363000,9640000,1.57051064926231,0.0768840956329994,0.0609544520605053
3979,364000,9640000,1.45491708945485,0.0879657569370449,0.0593929345173648
3980,365000,9640000,1.43278634511948,0.10530018129106,0.0851482166422814
3981,366000,9640000,1.45983827926899,0.103751725473669,0.0309440731088596
3982,367000,9640000,1.52925389962909,0.102597936427508,0.0637764407892406
3983,368000,9640000,1.55917678504795,0.101820337219826,0.0315816499802156
3984,369000,9640000,1.58599289976696,0.0968423719976016,0.0415803044383598
3985,370000,9640000,1.56012548449273,0.0968285532030903,0.0314928219221104
3986,371000,9640000,1.57736639282304,0.0991603330284673,0.0439540746993388
3987,372000,9640000,1.52973515951545,0.0957026596816174,0.0210593928163004
3988,373000,9640000,1.45969583953113,0.09619393127777,0.00667013256643916
3989,374000,9640000,1.52479919521037,0.0977805865749157,0.0175718661790653
3990,375000,9640000,1.52542271048995,0.096886510195369,0.0169475331887953
3991,262000,9641000,1.50115770253237,0.0502031775686463,0.0245407658567645
3992,263000,9641000,1.32074117967503,0.0424881565364569,0.0337207045977542
3993,264000,9641000,1.53967244130819,0.0508338771598145,0.0189718956732124
3994,265000,9641000,1.49542861534998,0.063207213292165,0.0202978244418152
3995,266000,9641000,1.54395532048253,0.057623984535585,0.0398997641891376
3996,267000,9641000,1.46837786675923,0.0559580859030055,0.00903061808730212
3997,268000,9641000,1.4562464775094,0.0649588516054405,0.0140528162768442
3998,269000,9641000,1.48590708418247,0.0657576768868382,0.0123789034371545
3999,270000,9641000,1.48503237847317,0.0606873466897819,0.0282110737153756
4000,271000,9641000,1.49000481014952,0.0594877731013468,0.0117581782268575
4001,272000,9641000,1.43766652398343,0.0599764245858326,0.0161904382545186
4002,273000,9641000,1.4566925334885,0.0590552600886002,0.0164853189406581
4003,274000,9641000,1.47592468119674,0.0596270775732808,0.00884374195721828
4004,275000,9641000,1.55323078803584,0.0600460239537258,0.0214133222904294
4005,276000,9641000,1.51174912964618,0.0668288901753237,0.0132501698919223
4006,277000,9641000,1.47877237775712,0.0718123187799856,0.0147767973370851
4007,278000,9641000,1.44103958531623,0.0743649656520171,0.01358187923539
4008,279000,9641000,1.47063241593661,0.0753928065481526,0.0277908115453578
4009,280000,9641000,1.48766809961626,0.0817214027088278,0.019977358223385
4010,281000,9641000,1.50031477961752,0.0826971312628328,0.01681481205969
4011,282000,9641000,1.46248584229968,0.0798134365441774,0.0295727617974064
4012,283000,9641000,1.43187639520284,0.0782055342860823,0.0497093265654098
4013,284000,9641000,1.45688157485508,0.0771726192571905,0.0283660056099299
4014,285000,9641000,1.41623857219888,0.0828711761293791,0.0357133600389645
4015,286000,9641000,1.43943837242748,0.0830148889543463,0.0227999087354473
4016,287000,9641000,1.31897688876162,0.0809155314827283,0.0677303197153967
4017,288000,9641000,1.44308933459116,0.0781612137776145,0.0369385592100121
4018,289000,9641000,1.46463213838452,0.072200409039018,0.0701732737828078
4019,290000,9641000,1.28401218432824,0.0802586087328958,0.0940966011190322
4020,291000,9641000,1.55895164586593,0.0722214294381341,0.0661623766815959
4021,292000,9641000,1.39456511727998,0.0582894753353252,0.023537624781377
4022,293000,9641000,1.48199708137662,0.0538862393720972,0.0425846422944536
4023,294000,9641000,1.40891412341127,0.051498357101833,0.0354650168840287
4024,295000,9641000,1.37315517050924,0.0508091757819801,0.0372388285064318
4025,296000,9641000,1.37316574116793,0.0489162449303115,0.0290564982609663
4026,297000,9641000,1.38818875855319,0.0513489868527901,0.0311623799734362
4027,298000,9641000,1.37547316294645,0.0523058271159694,0.0173389123173737
4028,299000,9641000,1.39670626129925,0.0500121851786116,0.0261146705249529
4029,3e+05,9641000,1.34819362740767,0.0499773622652525,0.0308249875650643
4030,301000,9641000,1.32930884154784,0.0509841583490764,0.0197404608928249
4031,302000,9641000,1.32544378988128,0.047356693912713,0.0249139768066005
4032,303000,9641000,1.35962887421557,0.0484129543755384,0.0159639528988525
4033,304000,9641000,1.49180798711582,0.0512737788721056,0.0273856457309897
4034,305000,9641000,1.52052174030736,0.0527967815141108,0.0266309461118735
4035,306000,9641000,1.4425053187963,0.054737997341177,0.0494675390607173
4036,307000,9641000,1.30173421050775,0.0481411636026421,0.0313278100701682
4037,308000,9641000,1.33308665781186,0.0478477900753691,0.0335715735081884
4038,309000,9641000,1.35989909188758,0.0462415981622678,0.0268703796373166
4039,310000,9641000,1.34421576488466,0.0476249361462333,0.0182990914088492
4040,311000,9641000,1.35359398040405,0.0481346405566526,0.00748338139013189
4041,312000,9641000,1.39590550714916,0.0490801880453152,0.0168355433399044
4042,313000,9641000,1.38823726085749,0.048575478761233,0.0374169277427452
4043,314000,9641000,1.26568943324684,0.0506940963062115,0.0452817374629467
4044,315000,9641000,1.29977638029902,0.0474798627179822,0.0421363517813261
4045,316000,9641000,1.38816070452831,0.0484478260875427,0.0307092748695226
4046,317000,9641000,1.39619876767084,0.0506435978542085,0.0185987429807151
4047,318000,9641000,1.38244187623054,0.0482789901097577,0.0263060033871409
4048,319000,9641000,1.43252115442789,0.0517296454310227,0.0437258603157313
4049,320000,9641000,1.46357483030005,0.054116559823219,0.0303683948699371
4050,321000,9641000,1.51902288727577,0.0554962447023067,0.0473166032102201
4051,322000,9641000,1.3688288064223,0.0402594755584543,0.0602798021644995
4052,323000,9641000,1.44452099158739,0.0376173975637405,0.0878000672302994
4053,324000,9641000,1.40667454440843,0.0347907964314529,0.0364720440220149
4054,325000,9641000,1.34069336256653,0.0317131379430041,0.115351555751925
4055,326000,9641000,1.38608234063346,0.0318817949919111,0.101167981495447
4056,327000,9641000,1.42170054566078,0.0309246828419922,0.0550494473263709
4057,328000,9641000,1.33111703025486,0.0288715189240414,0.0816518928055583
4058,329000,9641000,1.19643268265888,0.0284990786459123,0.0248905583248975
4059,330000,9641000,1.38192982885132,0.0309845382926382,0.00794715569424047
4060,331000,9641000,1.52323034566935,0.0378652526492975,0.0128658486798812
4061,332000,9641000,1.3481656739249,0.03698140922952,0.0246312105096724
4062,333000,9641000,1.43353669349674,0.0450052217378929,0.00425462446465303
4063,334000,9641000,1.45676087837472,0.0437289842921336,0.00460728947534702
4064,335000,9641000,1.32476891590185,0.0405382541437076,0.0428815301727955
4065,336000,9641000,1.39650191056199,0.0324559177444816,0.0387398863302828
4066,337000,9641000,1.46850568138215,0.035254453714938,0.086219312569282
4067,338000,9641000,1.25028806707322,0.0336248466804882,0.026503693600249
4068,339000,9641000,1.3702234350293,0.0345442183087208,0.104750063501079
4069,340000,9641000,1.32904929444067,0.0301226622582664,0.00901130662187855
4070,341000,9641000,1.48696987547363,0.0303831323685431,0.0223433948291965
4071,342000,9641000,1.46897862616457,0.0395344267524185,0.0324584400616096
4072,343000,9641000,1.42894892407815,0.0409251522671005,0.0151498226711359
4073,344000,9641000,1.41255576672011,0.0421450432707644,0.034590488684571
4074,345000,9641000,1.34885693271712,0.0447697097872427,0.0218209413063919
4075,346000,9641000,1.38741921962616,0.0482664494287845,0.0562900832279844
4076,347000,9641000,1.44041227079282,0.0495354562092207,0.0261142089333989
4077,348000,9641000,1.46843776003575,0.052977306448248,0.0280452623688863
4078,349000,9641000,1.55357550323077,0.0558111382568098,0.0915234438347677
4079,350000,9641000,1.52640730428982,0.0607168596052378,0.02374887364908
4080,351000,9641000,1.51859341010814,0.0632363218416517,0.0219307780841271
4081,352000,9641000,1.55493553650326,0.066923382632825,0.0196593526722862
4082,353000,9641000,1.56150191788552,0.0723730491495567,0.00935796161662402
4083,354000,9641000,1.58763464772734,0.0764938685061318,0.0172904366348398
4084,355000,9641000,1.53115456527117,0.0789791794852542,0.0218889236136773
4085,356000,9641000,1.54197059393288,0.0824235615657349,0.0326612833256628
4086,357000,9641000,1.56645687222004,0.0777285683149208,0.0244952889829046
4087,358000,9641000,1.5040287368769,0.0775728493314347,0.0219288578908519
4088,359000,9641000,1.54550045466032,0.0714760910797373,0.019217938571182
4089,360000,9641000,1.44411868396183,0.0678230840273875,0.0259655654568567
4090,361000,9641000,1.41358963272574,0.0625270078623606,0.0267980618759079
4091,362000,9641000,1.48804314328274,0.0668215130942403,0.0377542867039087
4092,363000,9641000,1.36026365175379,0.0762741344485368,0.108159980309021
4093,364000,9641000,1.45476978206127,0.0897676253206176,0.0797601905146884
4094,365000,9641000,1.43920215762333,0.100573143293509,0.0211520658878715
4095,366000,9641000,1.47720668689489,0.101935165701824,0.0975655487351545
4096,367000,9641000,1.58078616405033,0.10188383993991,0.0355088397224727
4097,368000,9641000,1.53186478723347,0.0984128439494397,0.0180902716414388
4098,369000,9641000,1.58971947401582,0.0960138548544045,0.0492030739835304
4099,370000,9641000,1.42532193878164,0.099872554158856,0.0274087282473026
4100,371000,9641000,1.47020236736941,0.0979555552026462,0.0209738249287952
4101,372000,9641000,1.53611976763315,0.0963046512385402,0.0163338037235488
4102,373000,9641000,1.54232807187513,0.0959403618613889,0.0159094094232053
4103,374000,9641000,1.57328465721388,0.0976252986458765,0.0137630021330589
4104,375000,9641000,1.5088482344668,0.0969601592005152,0.0387933003137857
4105,262000,9642000,1.49065837651578,0.0666654675840197,0.0113332454175497
4106,263000,9642000,1.38360650766439,0.0505132355455771,0.034802692463248
4107,264000,9642000,1.35084301471903,0.0609273332200403,0.0367669415843493
4108,265000,9642000,1.39304476070311,0.0653285497555734,0.0347446732245112
4109,266000,9642000,1.42431672660539,0.0577965352127093,0.0320446701306834
4110,267000,9642000,1.49474794494333,0.0598909753910798,0.0521948199629783
4111,268000,9642000,1.51273608671238,0.0650142824504875,0.0102330281057748
4112,269000,9642000,1.45789179226448,0.0636698562094101,0.0158261229402243
4113,270000,9642000,1.47193089248505,0.0603552647482976,0.022503901246667
4114,271000,9642000,1.49075295547634,0.0595810839029898,0.0252681312236757
4115,272000,9642000,1.46915694810194,0.058872576276622,0.0151804916642696
4116,273000,9642000,1.51202543682664,0.0575834100646214,0.0156055457247652
4117,274000,9642000,1.50751621141392,0.0595392394523242,0.0199355524577939
4118,275000,9642000,1.57637582745056,0.0642213481077573,0.0293537110126063
4119,276000,9642000,1.51662175822773,0.0687160334621438,0.0192022321217959
4120,277000,9642000,1.47477338126863,0.0741018161349823,0.00935278152328209
4121,278000,9642000,1.44404938335444,0.0740338515870856,0.00876170747561742
4122,279000,9642000,1.48392674897297,0.0753913878310066,0.0017102643073649
4123,280000,9642000,1.51203870881902,0.0770924161388715,0.00713164837694675
4124,281000,9642000,1.40862927633326,0.0800800881077412,0.0368146790651215
4125,282000,9642000,1.46254277636716,0.0825460738877119,0.0495354812043748
4126,283000,9642000,1.42126939385024,0.0797824584235764,0.0156868016937612
4127,284000,9642000,1.48311997486521,0.0789400086133736,0.0386434146094423
4128,285000,9642000,1.4148733283434,0.0802419769395365,0.0522596307641554
4129,286000,9642000,1.31741801215671,0.077693587361064,0.0204613241563685
4130,287000,9642000,1.42626403974624,0.0735932248476152,0.0157797763569105
4131,288000,9642000,1.44694990496842,0.0707840921129508,0.0371813868147593
4132,289000,9642000,1.41737838661664,0.0661085181195011,0.0705509111947032
4133,290000,9642000,1.49606796745771,0.0746867099273804,0.0737425332580825
4134,291000,9642000,1.49771980224177,0.0740718337870666,0.0100239538637859
4135,292000,9642000,1.54972131885931,0.0644210925069763,0.026550553577302
4136,293000,9642000,1.56818429695592,0.0560120422627083,0.0286303189867555
4137,294000,9642000,1.42628319438434,0.0494457869162427,0.0237579965748198
4138,295000,9642000,1.37678981787254,0.0478828918637417,0.032950314548644
4139,296000,9642000,1.36277077759674,0.0482265384495795,0.0524006044711217
4140,297000,9642000,1.40028257195418,0.0493298673611945,0.0226892368055583
4141,298000,9642000,1.4409993845688,0.0503075119136703,0.0236421048272988
4142,299000,9642000,1.40392635872759,0.0514343454228788,0.0210087726657589
4143,3e+05,9642000,1.30596680672141,0.0523299731017333,0.0655419605301116
4144,301000,9642000,1.32138638303471,0.0491839434158474,0.037660654560294
4145,302000,9642000,1.33569078499989,0.0489005682388552,0.0214353001467259
4146,303000,9642000,1.35807696067981,0.0490690184653056,0.033417869418838
4147,304000,9642000,1.46174534756951,0.0509422720815684,0.014212211412452
4148,305000,9642000,1.36185149138853,0.0593056412149937,0.0355155434255565
4149,306000,9642000,1.27895614587017,0.0546572260747501,0.0827239789423945
4150,307000,9642000,1.2920718251262,0.0468716641698347,0.0419406291236829
4151,308000,9642000,1.33600074196343,0.0478362358889163,0.00429837480330768
4152,309000,9642000,1.30438804523391,0.04676485294909,0.0375807410055659
4153,310000,9642000,1.3809854835111,0.0482934537704419,0.0164387868230439
4154,311000,9642000,1.34770965783186,0.048163477230762,0.0308301096757112
4155,312000,9642000,1.35693012627019,0.0475559932745745,0.0163232612022753
4156,313000,9642000,1.25926782869633,0.0494337505183516,0.0194633251756275
4157,314000,9642000,1.34883816171353,0.0495035509035829,0.011878707570765
4158,315000,9642000,1.41543085368712,0.0453255322102948,0.0191837273491443
4159,316000,9642000,1.43254364790026,0.04741875701751,0.0146378227836602
4160,317000,9642000,1.52377756016242,0.0455317566597474,0.044856173632912
4161,318000,9642000,1.5098119740261,0.0403987939716804,0.0686523011001919
4162,319000,9642000,1.34684132587923,0.0455719116599242,0.101102908537961
4163,320000,9642000,1.39836451449706,0.0405358198940691,0.037799572013137
4164,321000,9642000,1.17419860161329,0.0402132808613025,0.0956637359174449
4165,322000,9642000,1.4475159356205,0.0361583914677799,0.130732419508788
4166,323000,9642000,1.40739275697571,0.0353156256220958,0.092887047001798
4167,324000,9642000,1.4454202066582,0.0356877963433283,0.0835403572219083
4168,325000,9642000,1.41036046555711,0.0322777468382041,0.0736732279312419
4169,326000,9642000,1.37149808858977,0.0312330905436104,0.107687320982347
4170,327000,9642000,1.37348065111432,0.0300617087726346,0.0849108036465253
4171,328000,9642000,1.26406878066505,0.0287517417783626,0.050021032818424
4172,329000,9642000,1.38376656851162,0.0287356258678475,0.0236678879633183
4173,330000,9642000,1.35218350931295,0.0289508552307337,0.0367011519456908
4174,331000,9642000,1.36395947633425,0.028049775802079,0.0150037092400101
4175,332000,9642000,1.49595339226715,0.0277335890109538,0.174743526403177
4176,333000,9642000,1.38713777824194,0.030981465013089,0.0678243812246746
4177,334000,9642000,1.41519278026156,0.03201095352863,0.0478961724398964
4178,335000,9642000,1.42670380534772,0.0274778502623804,0.167245643519932
4179,336000,9642000,1.38462686955124,0.026956280269867,0.118544387392031
4180,337000,9642000,1.58008217985519,0.0267480608099837,0.157722359738599
4181,338000,9642000,1.35212860828409,0.0273309235554898,0.00593391407104192
4182,339000,9642000,1.32380599784228,0.0267719360698715,0.00781515624740693
4183,340000,9642000,1.2924484422551,0.0273770462184158,0.0516665391870237
4184,341000,9642000,1.33365262686184,0.0271198515663876,0.0467546709674049
4185,342000,9642000,1.49762129606556,0.040329798797338,0.0232486351932033
4186,343000,9642000,1.41397253359574,0.043276698780408,0.027196951593663
4187,344000,9642000,1.39355750099306,0.0429175300274749,0.0194211148020691
4188,345000,9642000,1.32089151649751,0.0459987172660153,0.0288485484605744
4189,346000,9642000,1.36413362391478,0.0465719116314346,0.032135717161069
4190,347000,9642000,1.44524655292095,0.0484652909766041,0.0662625736855941
4191,348000,9642000,1.24211779725079,0.0493362195999141,0.0292615586745799
4192,349000,9642000,1.38478436495753,0.0544053274827093,0.0219693350442256
4193,350000,9642000,1.47445612876027,0.0613111034291065,0.0470910413158005
4194,351000,9642000,1.56489108644187,0.06680518805744,0.036640719509438
4195,352000,9642000,1.5486020753422,0.0678629520346434,0.0260615363967561
4196,353000,9642000,1.52766866027543,0.0700276747741464,0.0160402720429679
4197,354000,9642000,1.53733258065366,0.0736656964651885,0.0158882273860676
4198,355000,9642000,1.47557780120743,0.0755671151565863,0.0416577756891159
4199,356000,9642000,1.42624101379531,0.0746356827870211,0.0646217005634305
4200,357000,9642000,1.53553613374481,0.0734134644520045,0.0310495334430256
4201,358000,9642000,1.54574417227545,0.0716719732239865,0.0233435233438842
4202,359000,9642000,1.52077992736695,0.0665384040303808,0.0221314056068544
4203,360000,9642000,1.49097836471154,0.0692956660691784,0.0157731506476822
4204,361000,9642000,1.50513722856842,0.0873169211915231,0.0581017097549782
4205,362000,9642000,1.53440705854838,0.0860473694549283,0.0270901448443024
4206,363000,9642000,1.37846577661269,0.0690584089368499,0.113527943327795
4207,364000,9642000,1.54030885757802,0.0842674359113312,0.107418078948506
4208,365000,9642000,1.36207978028072,0.104796084343996,0.0436271169016088
4209,366000,9642000,1.55926794095044,0.102713244841636,0.00881583853694064
4210,367000,9642000,1.32732246081253,0.0921795315863739,0.0784022292882893
4211,368000,9642000,1.56720742775391,0.0963328383947984,0.0247203009630885
4212,369000,9642000,1.54534089588447,0.098009740460583,0.068836388476844
4213,370000,9642000,1.5480169232174,0.0990113125089712,0.0132172583710094
4214,371000,9642000,1.47282335905058,0.10396237101293,0.0100803332998251
4215,372000,9642000,1.45727084553197,0.0948557097420303,0.0376949778338845
4216,373000,9642000,1.49424329220177,0.0962000662698299,0.0255377792661098
4217,374000,9642000,1.45671577176956,0.100347011529555,0.0392089152507415
4218,375000,9642000,1.51471951011325,0.100956781732926,0.0182788252185807
4219,262000,9643000,1.50248165186579,0.0741925439263717,0.0253205205692821
4220,263000,9643000,1.54531340419613,0.0666808178162694,0.0126024579151808
4221,264000,9643000,1.40066869667366,0.0647793479912973,0.035850037641822
4222,265000,9643000,1.31868385161071,0.0629472160921125,0.0695705603432896
4223,266000,9643000,1.38847088331584,0.0566830022543112,0.0688552123692838
4224,267000,9643000,1.44661105091454,0.0557987591213467,0.105790306373535
4225,268000,9643000,1.54114269597323,0.0637758680225232,0.0246538489598703
4226,269000,9643000,1.48178447367285,0.0627952686956903,0.0247935988275972
4227,270000,9643000,1.54717345522965,0.0642883668523465,0.0120407997192521
4228,271000,9643000,1.54624622544129,0.0620027817063744,0.0119549099627337
4229,272000,9643000,1.56093367312207,0.0616187244923541,0.014589982315519
4230,273000,9643000,1.52388550212596,0.0680329499491889,0.0203382493135077
4231,274000,9643000,1.52703041443705,0.0682487277320819,0.00989081148158399
4232,275000,9643000,1.46342945445646,0.0711750442037149,0.008285794599516
4233,276000,9643000,1.51565736110919,0.0688679332100496,0.0147860789561745
4234,277000,9643000,1.41578608958285,0.0744554866568469,0.0369716040970531
4235,278000,9643000,1.49634701358374,0.0781308700793533,0.0168382699156611
4236,279000,9643000,1.46090308615877,0.0695014629090303,0.00703049692074806
4237,280000,9643000,1.52329511612077,0.0743487044868651,0.0189962426474704
4238,281000,9643000,1.44311478272914,0.0748899935323192,0.0360951202628428
4239,282000,9643000,1.42032822157807,0.0730322004936246,0.0589189118247515
4240,283000,9643000,1.40625050356833,0.079695039767693,0.021088510791306
4241,284000,9643000,1.48459344972193,0.0822021554034258,0.0709937940489829
4242,285000,9643000,1.47396190372289,0.0833723171671939,0.0542782058614152
4243,286000,9643000,1.45915419003729,0.0783117773159535,0.0939401357833555
4244,287000,9643000,1.3733161168193,0.0697617599014993,0.0792327100312922
4245,288000,9643000,1.46018075185234,0.0701527084846539,0.0389936556683754
4246,289000,9643000,1.42822171940472,0.0659421047565534,0.0278191135482561
4247,290000,9643000,1.55174095855624,0.0603524215088655,0.0544040445654418
4248,291000,9643000,1.44238855717425,0.0586535497462066,0.0259274800067966
4249,292000,9643000,1.56766116952014,0.0571500047086734,0.0318837286920374
4250,293000,9643000,1.49080983450108,0.0497559642219328,0.030422986459465
4251,294000,9643000,1.29858039484326,0.0473910427687707,0.0560187983200545
4252,295000,9643000,1.3962021896369,0.0494915865580107,0.0280706027736619
4253,296000,9643000,1.4151896293408,0.0496954952715874,0.0238176675332109
4254,297000,9643000,1.41500837895764,0.0491397181762336,0.0215021318211331
4255,298000,9643000,1.37280028815474,0.049564553162841,0.0331857222987697
4256,299000,9643000,1.36818377041463,0.0484467873259839,0.03237260508759
4257,3e+05,9643000,1.33634939021352,0.0469224810030908,0.0460895045772193
4258,301000,9643000,1.33264250393798,0.0485039215616648,0.0231691662937003
4259,302000,9643000,1.3578844327842,0.0506331730379198,0.0245982509004163
4260,303000,9643000,1.34519701008291,0.0501581962886269,0.0417509035218508
4261,304000,9643000,1.37057393420738,0.0502389478060027,0.0298975559029421
4262,305000,9643000,1.46483132025365,0.0537720045952123,0.0186710611140307
4263,306000,9643000,1.35653611576251,0.049768308518201,0.0389958177446082
4264,307000,9643000,1.34596725094694,0.0514831521265592,0.0386507237459499
4265,308000,9643000,1.3348054782796,0.0539983419847241,0.0558774222893071
4266,309000,9643000,1.40710491563382,0.0487555889130109,0.0246598833122759
4267,310000,9643000,1.35837952333092,0.0498838411383265,0.0228599275537005
4268,311000,9643000,1.41884082651832,0.0471962075278376,0.0169452390791307
4269,312000,9643000,1.38587838647393,0.0504798603912102,0.0295179173446491
4270,313000,9643000,1.42854824570015,0.0478291864749124,0.0366144752616747
4271,314000,9643000,1.39658596676852,0.0518719929985603,0.0236571391496896
4272,315000,9643000,1.36976947857746,0.0485806795490117,0.034086060933151
4273,316000,9643000,1.42783657660382,0.0354885004609842,0.0310114342108732
4274,317000,9643000,1.50477758328707,0.0366908707947492,0.0131845608046149
4275,318000,9643000,1.50592759341465,0.0367175834712253,0.020671162524769
4276,319000,9643000,1.30007572726338,0.0390316067472291,0.0690514177124945
4277,320000,9643000,1.4509055409634,0.0376386898630145,0.0754495860326864
4278,321000,9643000,1.31882485558197,0.0379656267967137,0.080331452610941
4279,322000,9643000,1.27842059131124,0.0379005461537507,0.108700000195003
4280,323000,9643000,1.42188986679596,0.0325975077065781,0.19427083257964
4281,324000,9643000,1.46418523292716,0.0334842338724168,0.209792823074168
4282,325000,9643000,1.40276529229098,0.0316918003365706,0.1201580742923
4283,326000,9643000,1.42206185005909,0.0296730375556536,0.165877673241443
4284,327000,9643000,1.39590716064999,0.0284610267314199,0.147829264000925
4285,328000,9643000,1.35553508367728,0.0285689522299987,0.0531556137400217
4286,329000,9643000,1.38116788105939,0.0281592594461125,0.0715503574346932
4287,330000,9643000,1.37246813414712,0.0298949189472519,0.0523366419556371
4288,331000,9643000,1.38047374038319,0.0290962876917585,0.0484087965307322
4289,332000,9643000,1.37615535930336,0.028506370893166,0.130148197280169
4290,333000,9643000,1.34217938226588,0.027394310106198,0.0194766157145595
4291,334000,9643000,1.273630912886,0.0276468872584556,0.0411056251008395
4292,335000,9643000,1.33103309438501,0.0266581137850656,0.0380297685638579
4293,336000,9643000,1.39115032818373,0.0255250988254051,0.116500323898166
4294,337000,9643000,1.36271265480911,0.0256021659011451,0.0528331604843384
4295,338000,9643000,1.36146650728347,0.0277098287899211,0.0319686739424886
4296,339000,9643000,1.31360641618515,0.0268167713049731,0.0264633106149312
4297,340000,9643000,1.36690365910932,0.027168105201348,0.00743095901745727
4298,341000,9643000,1.45482280901252,0.0311183712742482,0.0198557831356374
4299,342000,9643000,1.46241732509165,0.0366854132371251,0.0207182159772821
4300,343000,9643000,1.38241596688814,0.04087842656902,0.0286885700606818
4301,344000,9643000,1.36372467856964,0.0410971986462959,0.0440937329065537
4302,345000,9643000,1.34110024744253,0.0444863415901271,0.0344130611751817
4303,346000,9643000,1.40657754474093,0.0440266302053388,0.0274142915849759
4304,347000,9643000,1.41635575809649,0.0468355421969232,0.0688806260629953
4305,348000,9643000,1.27718092503498,0.0505923092515291,0.0304835561890506
4306,349000,9643000,1.55694230512407,0.0561533254684839,0.0732324778705879
4307,350000,9643000,1.56685138220988,0.0586616727520043,0.0656755398258338
4308,351000,9643000,1.5735050898974,0.0681927263771613,0.0492467272372303
4309,352000,9643000,1.5141199071551,0.0692345975566815,0.112332786178934
4310,353000,9643000,1.52491893399709,0.0694389163964809,0.0275500934152152
4311,354000,9643000,1.42225618007974,0.0682584681278685,0.0390277675536073
4312,355000,9643000,1.43674097117165,0.0732446528278114,0.0350316694563819
4313,356000,9643000,1.45362872262942,0.0724646275524821,0.0575792359063034
4314,357000,9643000,1.484854707882,0.0757755879810965,0.036025751452688
4315,358000,9643000,1.51983373382252,0.0783788030297928,0.0238880999083627
4316,359000,9643000,1.4473459321178,0.0691592187607844,0.0478263018827006
4317,360000,9643000,1.51144461992652,0.0676185908758903,0.0190927003799693
4318,361000,9643000,1.55207129628033,0.0821059409846337,0.0689575351290742
4319,362000,9643000,1.39400880168128,0.0913481166119493,0.0392390281642286
4320,363000,9643000,1.47886111344594,0.0855321621811539,0.0299575243868285
4321,364000,9643000,1.34197411915619,0.0864524098763668,0.0503566348606585
4322,365000,9643000,1.49046594118014,0.0962633075766791,0.0132498740354798
4323,366000,9643000,1.52263622514168,0.105385542211011,0.0398441207576748
4324,367000,9643000,1.38887642363169,0.0929636991814646,0.0391146041786335
4325,368000,9643000,1.59227514701323,0.0920806911753722,0.0316519961177939
4326,369000,9643000,1.53905738549585,0.0930773053179057,0.0203364146100159
4327,370000,9643000,1.52008776575693,0.098612315278742,0.0186384350087402
4328,371000,9643000,1.53408333918723,0.100983585498681,0.0114187394321744
4329,372000,9643000,1.49973443176727,0.0920520822261672,0.0343679507908531
4330,373000,9643000,1.47845867667889,0.0954688836643474,0.0349384508155636
4331,374000,9643000,1.44773765493312,0.0991500987758578,0.0298996457919507
4332,375000,9643000,1.46573836482964,0.0984086878219028,0.0842791007882862
4333,262000,9644000,1.53863088289213,0.0757484882746689,0.0177579792233022
4334,263000,9644000,1.51198779662666,0.0720283429233243,0.0143387307867312
4335,264000,9644000,1.58007038709534,0.0773873513163301,0.041399990245001
4336,265000,9644000,1.31550839366627,0.0651807887759718,0.0386029298169291
4337,266000,9644000,1.18645521413948,0.0622575920943737,0.0866012942767741
4338,267000,9644000,1.39741443678582,0.0669188778637956,0.0704309807285974
4339,268000,9644000,1.51542399670789,0.073463545780659,0.00715614124642844
4340,269000,9644000,1.57215752806942,0.0675353144725681,0.0133528279829391
4341,270000,9644000,1.45194556758376,0.0686897669560348,0.0454950578380074
4342,271000,9644000,1.51981234426185,0.0685158347618164,0.0277844563004891
4343,272000,9644000,1.5199628920276,0.0670603621000679,0.03458785185103
4344,273000,9644000,1.51612437920664,0.0689815079971582,0.0126709272069133
4345,274000,9644000,1.53186011259411,0.0703277665840628,0.0117633170743261
4346,275000,9644000,1.50882026801479,0.0755247630293721,0.00591153249854662
4347,276000,9644000,1.50056454459897,0.0797698666458213,0.0139446270730591
4348,277000,9644000,1.45593742386778,0.0845916841445249,0.00888196049470179
4349,278000,9644000,1.45896276566679,0.0839614182770208,0.0117108975794886
4350,279000,9644000,1.46843205393259,0.072980769007943,0.0155841820357387
4351,280000,9644000,1.4739121736819,0.070326400163692,0.0137832116348063
4352,281000,9644000,1.47006760102717,0.0699235011731624,0.0131697394765144
4353,282000,9644000,1.3960499102142,0.0691278769701669,0.038597047164821
4354,283000,9644000,1.52936440269687,0.0752619481326946,0.107644749605983
4355,284000,9644000,1.5449747018584,0.0741103016809034,0.0941597471303333
4356,285000,9644000,1.50633238523988,0.0781873710590551,0.0393336380202314
4357,286000,9644000,1.36302447190745,0.0727367784701036,0.0187024456379054
4358,287000,9644000,1.45210091946165,0.0729371770356058,0.0321921741312776
4359,288000,9644000,1.41804469590188,0.0737499779503312,0.0102478490056014
4360,289000,9644000,1.43907602397627,0.065978622934285,0.0560208112885686
4361,290000,9644000,1.54743711802407,0.0558111661556692,0.038017246896576
4362,291000,9644000,1.4627995324999,0.0505701164786586,0.0322152978757164
4363,292000,9644000,1.42627134889865,0.0489287019633158,0.0185130917137224
4364,293000,9644000,1.34487185480228,0.0450870143691572,0.0298523300605301
4365,294000,9644000,1.38713358587398,0.0448881472445949,0.0098401572145828
4366,295000,9644000,1.39489596442614,0.0482589898705514,0.0251502519711948
4367,296000,9644000,1.43973937195409,0.0482389571074276,0.0233375107097882
4368,297000,9644000,1.40176083918837,0.0495157302026991,0.0173484418038074
4369,298000,9644000,1.4450120600202,0.0497252266240871,0.0344488804598276
4370,299000,9644000,1.38076202428817,0.0488755461571315,0.016936916491883
4371,3e+05,9644000,1.31539856499242,0.0484397867228749,0.0440423517403442
4372,301000,9644000,1.32537591420299,0.0466148552707209,0.028491736116027
4373,302000,9644000,1.26365577722779,0.0506638339510301,0.0446379140613879
4374,303000,9644000,1.37635160807373,0.0488279199759751,0.0411552674148771
4375,304000,9644000,1.38622460759679,0.0525526852638439,0.0215389523207884
4376,305000,9644000,1.39879441433032,0.0493535636749335,0.0184862821651508
4377,306000,9644000,1.33882244971735,0.0506310025668528,0.0556935755304965
4378,307000,9644000,1.40389386262367,0.0469596568254543,0.00978381844574935
4379,308000,9644000,1.44022417784081,0.0510644788036082,0.0385225094869344
4380,309000,9644000,1.42985733023371,0.0515443751715982,0.0289764664296952
4381,310000,9644000,1.39214977309391,0.0525114032016386,0.0165263925516624
4382,311000,9644000,1.45078883251487,0.0510029130096565,0.0241227272361254
4383,312000,9644000,1.4551387212279,0.0519039587332079,0.0318905065200167
4384,313000,9644000,1.52312409068368,0.0480376929268508,0.0183171794922478
4385,314000,9644000,1.47301978879546,0.0426637979222939,0.0262695473326287
4386,315000,9644000,1.21392586234187,0.0392920745443276,0.0233882112450801
4387,316000,9644000,1.51186910056739,0.0380272495331889,0.021758922238423
4388,317000,9644000,1.48582898261627,0.0372571261489023,0.0241200623702743
4389,318000,9644000,1.44321926857227,0.0395573143729378,0.0256587803521244
4390,319000,9644000,1.42099560759278,0.0359769753233642,0.0868839338504807
4391,320000,9644000,1.3213994187249,0.0397861301411133,0.0407921126891552
4392,321000,9644000,1.39082008084665,0.0370052868153552,0.0647876624928327
4393,322000,9644000,1.41176748101623,0.0358876499342974,0.21778893106821
4394,323000,9644000,1.46488903854691,0.0311159579405192,0.190683536349776
4395,324000,9644000,1.44756663806494,0.0334930842668782,0.160864038306736
4396,325000,9644000,1.39897472515754,0.0313203174850148,0.0699169665572563
4397,326000,9644000,1.4740718120878,0.0303789482695541,0.143027369625667
4398,327000,9644000,1.45995568801681,0.0282425242250433,0.0994124600421699
4399,328000,9644000,1.37534129087571,0.0286388490515702,0.132334813809745
4400,329000,9644000,1.39221033988008,0.0279843094144906,0.0682600821974032
4401,330000,9644000,1.45737770114516,0.0281108768450293,0.0875609177113863
4402,331000,9644000,1.34365329290805,0.0284904978293624,0.0938466113021684
4403,332000,9644000,1.33393929767393,0.0283729713333308,0.0714092958256597
4404,333000,9644000,1.30590453579703,0.0280037077701647,0.0897628517053151
4405,334000,9644000,1.31982048347743,0.0280743749476093,0.0169377361251922
4406,335000,9644000,1.51664998546715,0.0269603714145437,0.129772241524109
4407,336000,9644000,1.31136779610599,0.0252723845724094,0.0821129210156913
4408,337000,9644000,1.50111470232339,0.0264089503709894,0.0940928855725761
4409,338000,9644000,1.40603642403614,0.0259254253160135,0.0572797559163871
4410,339000,9644000,1.38429022380517,0.0255243912124343,0.0821268124915802
4411,340000,9644000,1.37467301259077,0.0269350309719542,0.145598311861294
4412,341000,9644000,1.42786400810438,0.0305158731241166,0.0738172110982824
4413,342000,9644000,1.45254688525835,0.0366611069006069,0.0183119277181925
4414,343000,9644000,1.35573212257004,0.0396451141429995,0.0154989068802148
4415,344000,9644000,1.32921127402041,0.040964113954737,0.0269037174107444
4416,345000,9644000,1.32983737891815,0.0441201989573423,0.0257834032619741
4417,346000,9644000,1.34836117400248,0.0432372281505659,0.0332804231446839
4418,347000,9644000,1.40676779479183,0.0468505461609189,0.0367884515556844
4419,348000,9644000,1.46406815704169,0.0493224205580031,0.0370522807291615
4420,349000,9644000,1.49598097862354,0.0517110905952324,0.0509069213306697
4421,350000,9644000,1.55164912305101,0.0574467001724548,0.0687095877593298
4422,351000,9644000,1.51489635823747,0.0638499802802098,0.039573878843345
4423,352000,9644000,1.52718767161416,0.0664692798628624,0.0314605960384552
4424,353000,9644000,1.42964550890137,0.0650467013218739,0.0425339476695196
4425,354000,9644000,1.36772779968027,0.0650853900136546,0.0646192929773296
4426,355000,9644000,1.48807516398972,0.0709672093822625,0.036521889285444
4427,356000,9644000,1.50060943542821,0.0728022844133631,0.0523055332338445
4428,357000,9644000,1.41864510050236,0.0697079836413854,0.0733484016739369
4429,358000,9644000,1.47806438232,0.0682538704481582,0.0253673776504525
4430,359000,9644000,1.49224547155346,0.0647282244112214,0.0179250959480451
4431,360000,9644000,1.45097098239907,0.0708289331741642,0.0279267456511539
4432,361000,9644000,1.5222176738621,0.0817672720651289,0.0507302907327826
4433,362000,9644000,1.46498710947359,0.0959547488376838,0.0318360935543989
4434,363000,9644000,1.48141719185353,0.0844188151344969,0.0343250566199888
4435,364000,9644000,1.43567729111281,0.0749921384360139,0.0531708952265323
4436,365000,9644000,1.44934844250525,0.073758949175521,0.0631715670305406
4437,366000,9644000,1.32844978738502,0.0838447748727977,0.0773316410435343
4438,367000,9644000,1.42445782179904,0.0942174533297133,0.0122477004383063
4439,368000,9644000,1.25096858796644,0.0945514105873722,0.0887653482742324
4440,369000,9644000,1.49994524529865,0.0990766174123411,0.0188325105036905
4441,370000,9644000,1.51892143005042,0.10315021152083,0.00686497417903086
4442,371000,9644000,1.51695589140747,0.103280219382832,0.00484613392692125
4443,372000,9644000,1.54814128718001,0.09250740151789,0.0200298395092798
4444,373000,9644000,1.49649507399801,0.0937536473410749,0.0274995018714542
4445,374000,9644000,1.46728308025549,0.101475010454782,0.0137244408821666
4446,375000,9644000,1.50697105933207,0.103780377219711,0.00906642118386225
4447,262000,9645000,1.58674784422132,0.0938208240333607,0.0140579297084008
4448,263000,9645000,1.37987213867887,0.0690138362884209,0.0216175720297046
4449,264000,9645000,1.55378679137953,0.0793066497494005,0.013995705779548
4450,265000,9645000,1.49388670559675,0.0749051357335687,0.0190335557814671
4451,266000,9645000,1.46929350027987,0.0697975321057775,0.0315537777266793
4452,267000,9645000,1.48507729876822,0.0738807725059144,0.0486055886045632
4453,268000,9645000,1.48258316479252,0.070112340870407,0.0264589228806498
4454,269000,9645000,1.53304600267087,0.0675110441488776,0.0152669797747836
4455,270000,9645000,1.41527985880363,0.0679043317187683,0.0135732081776749
4456,271000,9645000,1.4160754285004,0.0657221091923143,0.0395421517878514
4457,272000,9645000,1.5529929960428,0.0645493505297353,0.010874245709423
4458,273000,9645000,1.52993773799198,0.067540995121836,0.0100354407508877
4459,274000,9645000,1.50675999672552,0.0681704464602695,0.0279806165331511
4460,275000,9645000,1.37543252441691,0.0727971138359124,0.042232445811847
4461,276000,9645000,1.48743568771607,0.0687576420396981,0.0162660052120552
4462,277000,9645000,1.48136214325649,0.0683991053689816,0.00829310397323783
4463,278000,9645000,1.56349599833959,0.0692541597634041,0.0209019908971868
4464,279000,9645000,1.51627229947624,0.0678533406021012,0.0570363138632135
4465,280000,9645000,1.56453211211562,0.0622489694287773,0.0144376748404077
4466,281000,9645000,1.42434218310735,0.0660906523331667,0.00810661349780282
4467,282000,9645000,1.41782674043262,0.0711383691608929,0.0810950034742359
4468,283000,9645000,1.46759867083891,0.0784054064952138,0.0589478269188143
4469,284000,9645000,1.55274778986616,0.0755375012218052,0.0114625889989151
4470,285000,9645000,1.55298216346712,0.0740617993947407,0.0648585251845127
4471,286000,9645000,1.34887455232447,0.0757517313092447,0.0622283821094948
4472,287000,9645000,1.33191358318108,0.0762993400523602,0.05114922498028
4473,288000,9645000,1.46260460713248,0.0655219360479961,0.0115828301926665
4474,289000,9645000,1.46899774035931,0.055291334411727,0.0238955223234281
4475,290000,9645000,1.52845062107922,0.0527054494840539,0.017246990960951
4476,291000,9645000,1.38834793837031,0.0485013525351795,0.0231250270570329
4477,292000,9645000,1.43274853961115,0.0497006577119123,0.0230459329438615
4478,293000,9645000,1.39469047443427,0.0476653037715612,0.0213456645788028
4479,294000,9645000,1.40716299818878,0.0472150772100453,0.028402073815671
4480,295000,9645000,1.41866163832258,0.0481506286616704,0.0115374423053421
4481,296000,9645000,1.42849307395265,0.0490107420572381,0.0232842581228053
4482,297000,9645000,1.44212825526679,0.0508217815065029,0.0176015361611785
4483,298000,9645000,1.35821698915589,0.0499318043018658,0.0197547175250185
4484,299000,9645000,1.40222771369666,0.0476826466987026,0.0275135425754899
4485,3e+05,9645000,1.39154688514102,0.0473356433011048,0.0209561377931165
4486,301000,9645000,1.40533028885932,0.0475564255033465,0.0184313451340509
4487,302000,9645000,1.32168270760534,0.0508329662116742,0.0438357768956222
4488,303000,9645000,1.41687278407274,0.0522459135549242,0.0197820284278501
4489,304000,9645000,1.39930196030881,0.0475506495676075,0.0358865479585744
4490,305000,9645000,1.45028405695217,0.0511781024056805,0.0152893095480605
4491,306000,9645000,1.47232530354285,0.0491882704063657,0.0282208745698011
4492,307000,9645000,1.41919438956539,0.0498742889557508,0.0150142381770538
4493,308000,9645000,1.42779671112626,0.0542253776899532,0.0395577991720188
4494,309000,9645000,1.43424424841709,0.052831808950556,0.0136052045471234
4495,310000,9645000,1.44674013249337,0.0561844116503791,0.0226608398594937
4496,311000,9645000,1.46349490130507,0.05400822067568,0.0169361460508612
4497,312000,9645000,1.48775318599045,0.0534730236098651,0.0183254467212057
4498,313000,9645000,1.46841685406228,0.0420965816586954,0.0148421327038425
4499,314000,9645000,1.44174287787727,0.036595248924989,0.0187977376396241
4500,315000,9645000,1.47566202382745,0.0388186849801929,0.0224036726495316
4501,316000,9645000,1.43603008898249,0.0361436326871128,0.0346535183683426
4502,317000,9645000,1.42914097605854,0.0355542922044432,0.0773600403653451
4503,318000,9645000,1.32122140773785,0.0366112997929501,0.031305956522579
4504,319000,9645000,1.35353973879576,0.0331045629384873,0.0692655866443991
4505,320000,9645000,1.39678876441749,0.033928364982892,0.109656392265699
4506,321000,9645000,1.43918211733867,0.0355924312618748,0.0596963114925649
4507,322000,9645000,1.40188703143001,0.0323510178954616,0.2104436411652
4508,323000,9645000,1.45015665156259,0.031189631019965,0.155124221271375
4509,324000,9645000,1.46444808501291,0.0316517162075052,0.0965333859532147
4510,325000,9645000,1.47840420560189,0.0313530721742196,0.0782861939924304
4511,326000,9645000,1.46364679950498,0.0304879078816925,0.114909435626078
4512,327000,9645000,1.50563681605147,0.0297270078566701,0.116960454647133
4513,328000,9645000,1.47911175650234,0.0283326606310265,0.125654314879875
4514,329000,9645000,1.47856427277175,0.027828655481891,0.121323421583181
4515,330000,9645000,1.45430251638436,0.0278729573875843,0.145705848697577
4516,331000,9645000,1.4630704414339,0.0285051299531676,0.186076305441363
4517,332000,9645000,1.43656373612355,0.0281821168524298,0.114125265652715
4518,333000,9645000,1.41142844397464,0.0287421442750143,0.126509729264159
4519,334000,9645000,1.45999553427407,0.0278106700269686,0.100754393732516
4520,335000,9645000,1.47359359128297,0.0274209054360297,0.0320937402977624
4521,336000,9645000,1.35122379108435,0.0262057608915067,0.0391226571053923
4522,337000,9645000,1.48089999226503,0.0266295385407258,0.0428867700953563
4523,338000,9645000,1.25201038213077,0.0251303716440797,0.048748860162836
4524,339000,9645000,1.36637197178821,0.0261686059841871,0.115117711732818
4525,340000,9645000,1.29959030515926,0.0257743366082899,0.0861452567515885
4526,341000,9645000,1.42028856064571,0.0296777503261612,0.00867995926328566
4527,342000,9645000,1.38894922697083,0.0355638385790435,0.0134536904821573
4528,343000,9645000,1.39361161948775,0.0413994853148932,0.0250967364694288
4529,344000,9645000,1.35650937766419,0.0443648018186081,0.0375611812825855
4530,345000,9645000,1.31647066584458,0.0441817287681382,0.0109182174063137
4531,346000,9645000,1.41766968466052,0.0444271263594728,0.0526951128453329
4532,347000,9645000,1.39871108353623,0.0470809107600464,0.0355839719098242
4533,348000,9645000,1.4243164013748,0.0494022797384538,0.0351291967703951
4534,349000,9645000,1.55068460364908,0.0523399575094883,0.0582405443448288
4535,350000,9645000,1.54204875595813,0.0572721742526068,0.0565115111011292
4536,351000,9645000,1.57017607538285,0.0644711575954446,0.0206282238065033
4537,352000,9645000,1.50995655496828,0.0646089945277374,0.0360781457643514
4538,353000,9645000,1.38074868683712,0.0642171001314496,0.039998039478166
4539,354000,9645000,1.48421771688058,0.0663977808074991,0.0390173254011735
4540,355000,9645000,1.46547400377047,0.0722576269551317,0.0195166661261077
4541,356000,9645000,1.40382535494312,0.0731939789572453,0.0476567963690668
4542,357000,9645000,1.35881570230979,0.0680901736620454,0.07417222672879
4543,358000,9645000,1.39869809038373,0.0621433852146168,0.0329591752745715
4544,359000,9645000,1.56024436082345,0.0787493075528252,0.0290557976436413
4545,360000,9645000,1.59342085731418,0.0862165052137457,0.00814554577765926
4546,361000,9645000,1.54509009349588,0.0886058968256035,0.0344882239684583
4547,362000,9645000,1.36089365015801,0.0811766464870318,0.0381185864728508
4548,363000,9645000,1.36728028397412,0.0745377940070618,0.0984903811674737
4549,364000,9645000,1.54979547887441,0.0721056725651765,0.0619090915569986
4550,365000,9645000,1.44101309833035,0.0677079987047951,0.06198967318354
4551,366000,9645000,1.39818662087928,0.0692284893079848,0.068216319203128
4552,367000,9645000,1.57055449987862,0.0772189127187726,0.0256857852309259
4553,368000,9645000,1.40561695103577,0.0935912088959887,0.0290186441166928
4554,369000,9645000,1.47393610203096,0.0965438627330252,0.0452122610130365
4555,370000,9645000,1.5224400786703,0.100671930232631,0.00261863925211939
4556,371000,9645000,1.50470340706366,0.102205005632812,0.0253006684605116
4557,372000,9645000,1.54600108162943,0.0917580742890205,0.0143138617439601
4558,373000,9645000,1.47878343439099,0.0968690509816137,0.0218277176824014
4559,374000,9645000,1.54484422719472,0.10252551008885,0.0261579286651954
4560,375000,9645000,1.53331233500835,0.105242817003406,0.0359913988505061
4561,262000,9646000,1.57338424664001,0.0833826754708017,0.0141709061784388
4562,263000,9646000,1.50703929799126,0.0815282197496268,0.0221663877659907
4563,264000,9646000,1.39731492380693,0.0846164459431017,0.0688755078676907
4564,265000,9646000,1.44756311717877,0.0775063046319838,0.0200601555109988
4565,266000,9646000,1.46420368923463,0.0762558828612198,0.00860734070515941
4566,267000,9646000,1.40071832621697,0.0759917410697596,0.0274069898021865
4567,268000,9646000,1.45156160004475,0.072806031613419,0.0208723274689894
4568,269000,9646000,1.49198485711423,0.0723136701138226,0.0163842372302859
4569,270000,9646000,1.5106027445621,0.0733370178525076,0.0118375189838458
4570,271000,9646000,1.56569335097561,0.0654929657576221,0.0137953010045455
4571,272000,9646000,1.57231248661323,0.0676124768097388,0.0276558314692865
4572,273000,9646000,1.54285761108956,0.0694828511798451,0.0155828626960613
4573,274000,9646000,1.53357792491034,0.0734684746721536,0.0596700657846845
4574,275000,9646000,1.42796351766867,0.0687451803806403,0.0176615720318418
4575,276000,9646000,1.48828762069522,0.068653182570384,0.0740162222348235
4576,277000,9646000,1.48951663044214,0.0690215119379042,0.0112809291983767
4577,278000,9646000,1.42698079086579,0.0681396263563162,0.0374575607474613
4578,279000,9646000,1.50118706730253,0.0695323794475059,0.0620669150326748
4579,280000,9646000,1.57383379323277,0.0622004996833266,0.00989447205078748
4580,281000,9646000,1.49609987691633,0.0678713469421791,0.0435674799170957
4581,282000,9646000,1.51613303397798,0.070088223924325,0.0392799372540956
4582,283000,9646000,1.52005855717135,0.0742486847435935,0.0840964597826303
4583,284000,9646000,1.43447319718912,0.0810928321357794,0.0168863608003458
4584,285000,9646000,1.38597384153179,0.0838797801948334,0.0316699478918087
4585,286000,9646000,1.33815043435941,0.084760269134815,0.0416457944032673
4586,287000,9646000,1.41930948601921,0.0674714480479045,0.0226820691604493
4587,288000,9646000,1.35059455809797,0.0490384203031487,0.0359375704899669
4588,289000,9646000,1.26475985928211,0.0525012700444063,0.0309151975027779
4589,290000,9646000,1.51340817216146,0.0504137131148822,0.0347005912173807
4590,291000,9646000,1.41138778330942,0.0486475239920534,0.027860018584942
4591,292000,9646000,1.37714634665625,0.048054702362857,0.0252123612375025
4592,293000,9646000,1.35975709191364,0.048423179321588,0.0191075900180179
4593,294000,9646000,1.39273082661374,0.0490577303508647,0.0274033480715525
4594,295000,9646000,1.44657795848703,0.0479451443728262,0.00418549049180915
4595,296000,9646000,1.45578315968257,0.0498820959367803,0.0159087688981879
4596,297000,9646000,1.52155058475823,0.0498574921448524,0.0203949396251114
4597,298000,9646000,1.50327976028908,0.0526442264384956,0.0416284044349359
4598,299000,9646000,1.53656542334811,0.0507936443246435,0.025938385975094
4599,3e+05,9646000,1.43815074579676,0.0455875848749797,0.0187251038000243
4600,301000,9646000,1.41620935973236,0.0509362846762177,0.0382316178647218
4601,302000,9646000,1.34158961939235,0.0478575107480757,0.0639966067058589
4602,303000,9646000,1.34174212918447,0.0555178007717551,0.0477408844217269
4603,304000,9646000,1.41351356703658,0.0514499326654247,0.0369792326297562
4604,305000,9646000,1.42006439068252,0.0518655931005896,0.0321167678641992
4605,306000,9646000,1.4515603224691,0.0478373327303583,0.0203663869495046
4606,307000,9646000,1.43492926295944,0.053275934257774,0.0271232230008635
4607,308000,9646000,1.42099454311975,0.0546583484974798,0.0155185935556986
4608,309000,9646000,1.50635180775368,0.051134820655525,0.0336958780631913
4609,310000,9646000,1.50209354336933,0.0515976390298137,0.020328099173172
4610,311000,9646000,1.52084035113889,0.047525642605202,0.0175276685876325
4611,312000,9646000,1.55744495867511,0.0527347184015224,0.0356555482310288
4612,313000,9646000,1.51021612678891,0.038883095191105,0.0164914140134172
4613,314000,9646000,1.41380014481367,0.0356642464279705,0.0240156398325748
4614,315000,9646000,1.41336112641668,0.036856871685962,0.0287070515789015
4615,316000,9646000,1.39117091148471,0.0338054878283036,0.0848074157889182
4616,317000,9646000,1.39752539166128,0.0318620352810221,0.101167614577356
4617,318000,9646000,1.42544461686271,0.0334753416590786,0.123313361655825
4618,319000,9646000,1.4588831226916,0.0305018440280208,0.139759309083443
4619,320000,9646000,1.41194229804726,0.0327913367298459,0.137281231757532
4620,321000,9646000,1.48229435160441,0.0374978167867296,0.317543552689865
4621,322000,9646000,1.45648702675215,0.0363810467123424,0.193374102942958
4622,323000,9646000,1.51693926342704,0.0321357397201223,0.147656160474477
4623,324000,9646000,1.31834904340913,0.0312969801958036,0.102801241528634
4624,325000,9646000,1.46373196854776,0.0330218372855777,0.155039712096233
4625,326000,9646000,1.42542720327921,0.0300998025154833,0.0518125643381929
4626,327000,9646000,1.47129824883721,0.0310106107515899,0.109279181728849
4627,328000,9646000,1.47740992391478,0.0297978144684184,0.14557634980276
4628,329000,9646000,1.49668898407011,0.029286439214332,0.153252112285389
4629,330000,9646000,1.41082656324848,0.0285966873975802,0.0843836256771936
4630,331000,9646000,1.52637511933104,0.0289879717906429,0.166303496586025
4631,332000,9646000,1.53402090105772,0.0300484349303862,0.161584712563239
4632,333000,9646000,1.53797642924937,0.0298827094272462,0.219228599866897
4633,334000,9646000,1.54166380657698,0.0298932922552914,0.153480278041302
4634,335000,9646000,1.48804228445911,0.0282125686171795,0.114311792738277
4635,336000,9646000,1.30907972871004,0.0265562221705519,0.0090426190869771
4636,337000,9646000,1.35799542190294,0.0256685304567697,0.0373437887739906
4637,338000,9646000,1.35564785641381,0.0254537693520831,0.105960665029719
4638,339000,9646000,1.3486726054924,0.0257410857722847,0.0494590274904265
4639,340000,9646000,1.43621393614425,0.0263942880440416,0.0765954388439148
4640,341000,9646000,1.40622953868989,0.0297111068994827,0.0249138633205383
4641,342000,9646000,1.38569069154725,0.0357635132568688,0.0352029306101025
4642,343000,9646000,1.39601859437633,0.0415888467246431,0.0191161595978269
4643,344000,9646000,1.3363140038778,0.0445309758305504,0.0598745212991193
4644,345000,9646000,1.34366131838603,0.0438258761386307,0.0269495235478104
4645,346000,9646000,1.43340524826822,0.047763685201143,0.0430075584333823
4646,347000,9646000,1.39788766962685,0.0460925590666175,0.0737901729956159
4647,348000,9646000,1.44464297429945,0.049851509395725,0.017803229964351
4648,349000,9646000,1.56403405152366,0.055350755313562,0.0949994988748462
4649,350000,9646000,1.58407094298444,0.0573278014730094,0.0771474307204629
4650,351000,9646000,1.54557725156677,0.0607627882238417,0.0721327314949875
4651,352000,9646000,1.4948689677527,0.0621033255126847,0.0440417279462005
4652,353000,9646000,1.28739728432544,0.0616723532171816,0.0893296243498512
4653,354000,9646000,1.20298564679108,0.0640622305231116,0.129421255592417
4654,355000,9646000,1.37819772008524,0.0714706567610484,0.0820426105122056
4655,356000,9646000,1.49142247174026,0.0611848845442667,0.022696556054632
4656,357000,9646000,1.43996404546996,0.0627830766294125,0.018837555294739
4657,358000,9646000,1.3929198975922,0.0642818798353085,0.0390622629772887
4658,359000,9646000,1.48950650420187,0.0841867935979768,0.0392352979463081
4659,360000,9646000,1.44757612923718,0.0892377301125934,0.0134981502548761
4660,361000,9646000,1.45650920715432,0.079683627347746,0.0311917384251717
4661,362000,9646000,1.4034352914012,0.0725884051823119,0.0631457881607417
4662,363000,9646000,1.41558300490934,0.0716877300981353,0.0775461888902363
4663,364000,9646000,1.49782016599591,0.0687987788567026,0.0245292933128248
4664,365000,9646000,1.52076188178304,0.0654005624129149,0.0273610345153702
4665,366000,9646000,1.43221505270873,0.0674028804553522,0.0462084469795999
4666,367000,9646000,1.35173433505157,0.0720216804155019,0.0283525750435098
4667,368000,9646000,1.33724279764365,0.0725212237967095,0.117477245886102
4668,369000,9646000,1.42094673435253,0.090448482583659,0.0371020506367557
4669,370000,9646000,1.3454506619179,0.0982724007832513,0.0981191331624612
4670,371000,9646000,1.53123872642165,0.100698661502554,0.0104379495486238
4671,372000,9646000,1.58867962304159,0.0922209879079237,0.00551692690985723
4672,373000,9646000,1.50779766976045,0.100166583036217,0.0121571551220404
4673,374000,9646000,1.51438036717709,0.100731735696715,0.00762314547556446
4674,375000,9646000,1.49727562909859,0.101462359593483,0.0295081004743427
4675,262000,9647000,1.40642664816128,0.0857954787569466,0.00417899621473803
4676,263000,9647000,1.46788976059306,0.0914696900409147,0.0376032974531569
4677,264000,9647000,1.54490038990588,0.0885075943893904,0.0124980553035412
4678,265000,9647000,1.45533416262348,0.0820052089551569,0.0267658903215833
4679,266000,9647000,1.49456523082909,0.0787995085405883,0.0114830292983105
4680,267000,9647000,1.50441637841564,0.0795285938478013,0.0132356085873905
4681,268000,9647000,1.43423509696346,0.0765125523211386,0.0224066961491309
4682,269000,9647000,1.4228301918206,0.0787127022141479,0.0215400267470135
4683,270000,9647000,1.45749352700255,0.0785904246196116,0.00702789963972643
4684,271000,9647000,1.50730366173311,0.0745401318083917,0.0185563235768493
4685,272000,9647000,1.4245700336554,0.07250359387418,0.0437471401212152
4686,273000,9647000,1.41702883844173,0.0750611068926828,0.0232566469523936
4687,274000,9647000,1.40141211184222,0.0731303449070868,0.0425802389013956
4688,275000,9647000,1.49160865854178,0.0756824421909761,0.0269022365168491
4689,276000,9647000,1.38826077908632,0.0769291074756415,0.00482162206892702
4690,277000,9647000,1.44107730554954,0.0702226692118526,0.0192792939766644
4691,278000,9647000,1.42943857243468,0.0695540563158897,0.0170327635110452
4692,279000,9647000,1.56779440038803,0.0689172151457029,0.0795155903203879
4693,280000,9647000,1.57524842381761,0.067698953148801,0.0433781140448555
4694,281000,9647000,1.43238739369757,0.0780031244521297,0.0177500249193809
4695,282000,9647000,1.52272899946561,0.0740975506891477,0.0294303944700888
4696,283000,9647000,1.38707328484434,0.0755906151582094,0.0287007938601523
4697,284000,9647000,1.43880142129895,0.0832693786584973,0.0218948993511509
4698,285000,9647000,1.48901219844498,0.0832417457102451,0.0267121527879665
4699,286000,9647000,1.49509328665491,0.0752045501440886,0.0310608838481982
4700,287000,9647000,1.40682932386133,0.0538983071384961,0.0315058862707576
4701,288000,9647000,1.34329366710221,0.0475604341523474,0.0293347393445088
4702,289000,9647000,1.38280684188145,0.0496078012304664,0.0481563131700719
4703,290000,9647000,1.40686291110361,0.0525259156481988,0.0194563565858763
4704,291000,9647000,1.35754829584224,0.0501048592193498,0.0207664353144717
4705,292000,9647000,1.27599017714978,0.0484638850699915,0.0393913014810478
4706,293000,9647000,1.39250382755244,0.0489283847516698,0.0479470418339917
4707,294000,9647000,1.43782306366809,0.0518085320803421,0.0227664191666365
4708,295000,9647000,1.42105352828412,0.0480734907187363,0.0199198722739963
4709,296000,9647000,1.46456113877933,0.0463597706868292,0.0194844051154042
4710,297000,9647000,1.5206445875054,0.045761991133555,0.0111525607113331
4711,298000,9647000,1.55156161455166,0.056309366343776,0.0518624348030093
4712,299000,9647000,1.57080340837293,0.0560362440203065,0.0322219594706889
4713,3e+05,9647000,1.53797600280859,0.053462167749518,0.0402353412016778
4714,301000,9647000,1.36942723768244,0.0497228330617875,0.0259027359211122
4715,302000,9647000,1.39027439473148,0.0486675160991983,0.0329787757295809
4716,303000,9647000,1.37568463009597,0.0501405117813575,0.0325075454734676
4717,304000,9647000,1.40482431812965,0.0512079476285103,0.0222691682507888
4718,305000,9647000,1.40112420989784,0.0544267348108613,0.0451128377625197
4719,306000,9647000,1.37044533138039,0.0487869446591612,0.0137281008549318
4720,307000,9647000,1.56071151152013,0.0475061292137894,0.0146802951592467
4721,308000,9647000,1.36729592843147,0.0404887653795594,0.0350730143593249
4722,309000,9647000,1.53337568202876,0.0449769451176827,0.0390854359581665
4723,310000,9647000,1.51561595637148,0.0454203221543278,0.0439680180023586
4724,311000,9647000,1.33670752531917,0.0409396194136,0.0755288045100661
4725,312000,9647000,1.52403316529544,0.0423146054597714,0.0809177658266473
4726,313000,9647000,1.49260582558427,0.0386061443240886,0.039994721387371
4727,314000,9647000,1.40276130003135,0.033475076737412,0.0152317229359671
4728,315000,9647000,1.37236919289984,0.0343529559926352,0.0282710727812929
4729,316000,9647000,1.24188257830207,0.0348536275858487,0.11053990231776
4730,317000,9647000,1.37305018173598,0.0333370364356895,0.239784968971008
4731,318000,9647000,1.43187445619846,0.0353718117338675,0.252190084936536
4732,319000,9647000,1.51672658491656,0.0341258075949939,0.19335228384601
4733,320000,9647000,1.51992253099253,0.0351492389926639,0.287224141112139
4734,321000,9647000,1.4869361394646,0.0369513734415176,0.279292862803478
4735,322000,9647000,1.46203011223033,0.0342973334219415,0.15207342518968
4736,323000,9647000,1.51446569540442,0.0324411624420767,0.258506429663194
4737,324000,9647000,1.49337679389704,0.0332555865909527,0.157515271394501
4738,325000,9647000,1.56382479921709,0.0368410962105537,0.093298018987177
4739,326000,9647000,1.50368389837533,0.0306844709065221,0.0680822783434842
4740,327000,9647000,1.38453636110528,0.030117864657695,0.0666241703483447
4741,328000,9647000,1.38995966693163,0.0284245794233064,0.0190224717952919
4742,329000,9647000,1.58206641382136,0.0262547813740381,0.182101567910541
4743,330000,9647000,1.47583497718954,0.0287464306164794,0.197766227675505
4744,331000,9647000,1.51400117640819,0.0253048324968095,0.207883727541595
4745,332000,9647000,1.56234756345889,0.0271751220468291,0.127827498475296
4746,333000,9647000,1.56216425407584,0.0292742819752375,0.155533588654036
4747,334000,9647000,1.56234722633245,0.0293763037284462,0.133790854754606
4748,335000,9647000,1.55066061761107,0.0261032395033233,0.126856902383731
4749,336000,9647000,1.52544946588482,0.0278148820040835,0.0652071874053274
4750,337000,9647000,1.45957897742915,0.0263988300052882,0.0674256129321026
4751,338000,9647000,1.47235839132438,0.0254635283712479,0.11750993853181
4752,339000,9647000,1.49957024300164,0.0248372816208173,0.173559446168689
4753,340000,9647000,1.48354853913049,0.0254414575906835,0.138320764665103
4754,341000,9647000,1.3656997181871,0.0295394753388763,0.018265915929593
4755,342000,9647000,1.40309133264663,0.0407165040491974,0.0164258722424922
4756,343000,9647000,1.39014559110795,0.0412094151367629,0.0407268901899442
4757,344000,9647000,1.26687734826237,0.0433964433856128,0.0559023263541057
4758,345000,9647000,1.40629978143077,0.0449873745643319,0.0299868852903649
4759,346000,9647000,1.42604741691385,0.0565117320117812,0.0227921942646435
4760,347000,9647000,1.36532189933301,0.0464410508929943,0.0378287141224287
4761,348000,9647000,1.43014816805562,0.04791889065379,0.0189694653339326
4762,349000,9647000,1.38178395829836,0.0536137921045247,0.087558259179156
4763,350000,9647000,1.56634252423937,0.055192134971501,0.0757735001593098
4764,351000,9647000,1.55456040512192,0.0581936826604379,0.0720184206432077
4765,352000,9647000,1.45121701584834,0.062561443873369,0.0524680104796021
4766,353000,9647000,1.417812412568,0.0652006449703602,0.0419031406249969
4767,354000,9647000,1.44164293059117,0.0702757227991512,0.0575680121059451
4768,355000,9647000,1.41294566211375,0.0705109721291284,0.0505847510975723
4769,356000,9647000,1.42264779788555,0.0682554913101329,0.0415200750526111
4770,357000,9647000,1.41735541057089,0.0667739264625221,0.059848609689156
4771,358000,9647000,1.46878266990399,0.0713506937495322,0.0768617271175952
4772,359000,9647000,1.57268386606166,0.0761056446707003,0.0220523439481269
4773,360000,9647000,1.4325975699924,0.0677884505133813,0.0357593082124436
4774,361000,9647000,1.43057985507262,0.0697204964352511,0.036794525123986
4775,362000,9647000,1.37226248457163,0.0688486766273308,0.0910973933357876
4776,363000,9647000,1.5151126866708,0.0645583380235497,0.025321691878278
4777,364000,9647000,1.51964573358303,0.064515626782532,0.0233035429738314
4778,365000,9647000,1.49033467650936,0.0642547651014749,0.0356203053231877
4779,366000,9647000,1.42465198733242,0.0639031081883572,0.0671808567190976
4780,367000,9647000,1.41808266537025,0.0668111823851197,0.057350062801587
4781,368000,9647000,1.45273568573549,0.0691618075204567,0.0476140805941599
4782,369000,9647000,1.47836427189935,0.0815676683079549,0.0722338890123371
4783,370000,9647000,1.52303206026652,0.0891763246605226,0.0613951731297246
4784,371000,9647000,1.51976779763342,0.0873713771667007,0.0399066504011971
4785,372000,9647000,1.45064631511522,0.094217358038221,0.0343030402265169
4786,373000,9647000,1.53772622002115,0.0962383366270581,0.011550027380933
4787,374000,9647000,1.55017365171302,0.0976716943633529,0.00896822886075815
4788,375000,9647000,1.52871612489952,0.101182831811568,0.0149499286295337
4789,262000,9648000,1.43048633847686,0.0937560750265404,0.034068333725594
4790,263000,9648000,1.52937405538051,0.0951789935656359,0.0138800861494987
4791,264000,9648000,1.53894667982399,0.0871438732257154,0.0157778863079239
4792,265000,9648000,1.52903018221013,0.0826153223597408,0.0107988719549041
4793,266000,9648000,1.52325190651143,0.0840261375638382,0.00995016246548412
4794,267000,9648000,1.49266663972568,0.0841973729145601,0.0113678182057543
4795,268000,9648000,1.47525941082369,0.0828406744018311,0.0202256078851828
4796,269000,9648000,1.49401793764953,0.0848203465241408,0.013623099003113
4797,270000,9648000,1.47064837293153,0.0860652398603041,0.0366946007574521
4798,271000,9648000,1.51446107519719,0.0892789726766967,0.0318787239849095
4799,272000,9648000,1.5436260909606,0.0832310234625699,0.0189996499233096
4800,273000,9648000,1.50257314714652,0.0811271554034506,0.0250619422107025
4801,274000,9648000,1.35102828620154,0.0775188371863927,0.0448020129527995
4802,275000,9648000,1.38629072155329,0.0767079092717852,0.0553129786320981
4803,276000,9648000,1.34597336104356,0.0758356769901388,0.00930332185416947
4804,277000,9648000,1.39775519523771,0.0733807213766943,0.031205335547717
4805,278000,9648000,1.49983187905566,0.0723843349559919,0.0399353900986442
4806,279000,9648000,1.44529964512359,0.0729708148093472,0.0827191372264788
4807,280000,9648000,1.3591666836116,0.0728021705177978,0.0339303085189656
4808,281000,9648000,1.53324605055742,0.0716805586819995,0.0244755141209478
4809,282000,9648000,1.41371723982797,0.0748323097316104,0.0470166522358657
4810,283000,9648000,1.42301638956608,0.0790679041645295,0.0332888235122184
4811,284000,9648000,1.3188871096974,0.0844066881068774,0.0350057888150382
4812,285000,9648000,1.60544297475392,0.0681435130108899,0.0598408689179127
4813,286000,9648000,1.50870485087871,0.0458161043482195,0.0793587017772654
4814,287000,9648000,1.41642366360719,0.0538257843685195,0.00653046010114455
4815,288000,9648000,1.34076492124078,0.0503863706704933,0.0291794520699453
4816,289000,9648000,1.29715071502368,0.0492938197676964,0.0427484347894335
4817,290000,9648000,1.40224101194564,0.0490926810766467,0.0139985696753377
4818,291000,9648000,1.39997979999462,0.0461582613487865,0.0132561291928756
4819,292000,9648000,1.41256505680398,0.0459171454430833,0.0281992092037432
4820,293000,9648000,1.36633369276453,0.0508143114948274,0.0336025399411253
4821,294000,9648000,1.55993869629814,0.0522145183121868,0.0614081535904859
4822,295000,9648000,1.54777623612306,0.0431665214701713,0.0419184540735097
4823,296000,9648000,1.34144357181668,0.0331204266951467,0.149428978120785
4824,297000,9648000,1.32192038838098,0.0352650876489415,0.0319995174451323
4825,298000,9648000,1.56212908155418,0.0550098915269356,0.0864368780614362
4826,299000,9648000,1.56850160108505,0.0581615158973279,0.0898916163604108
4827,3e+05,9648000,1.5652127220823,0.053814625216587,0.0352776104913021
4828,301000,9648000,1.57645924683266,0.0528805285020776,0.0466181737199049
4829,302000,9648000,1.44887302312249,0.0517039645447126,0.0237154847205766
4830,303000,9648000,1.46121394119245,0.0432705754421732,0.044105069055782
4831,304000,9648000,1.34301260986539,0.0435130333900261,0.0351822092307112
4832,305000,9648000,1.46965311977196,0.0427115960805437,0.0227010196671515
4833,306000,9648000,1.41949717554596,0.0389712900145377,0.0323452448958004
4834,307000,9648000,1.43316640169354,0.0377306353829451,0.0510419244937334
4835,308000,9648000,1.4504131699395,0.0354580986645735,0.0305665265761694
4836,309000,9648000,1.37472056968823,0.0379668317125654,0.0477814616850704
4837,310000,9648000,1.44868765669836,0.0375417887316651,0.0325961079120998
4838,311000,9648000,1.48108225420073,0.0401158452429709,0.0459814263459341
4839,312000,9648000,1.46668151588727,0.0359402259313201,0.0693122435887951
4840,313000,9648000,1.44332344538052,0.0325908475630752,0.028036761891318
4841,314000,9648000,1.3988394544422,0.03158474164081,0.0561405310268955
4842,315000,9648000,1.4167967473932,0.0342255264098962,0.0802885207297473
4843,316000,9648000,1.40208109424954,0.0371650818570099,0.223534924110918
4844,317000,9648000,1.47692590274762,0.0334085158085744,0.130101548065627
4845,318000,9648000,1.43023398467693,0.0352724635667374,0.160601372298722
4846,319000,9648000,1.52223728142866,0.0340252150018985,0.175671548029279
4847,320000,9648000,1.51638553455802,0.0334319042133749,0.248113334387843
4848,321000,9648000,1.52382013970764,0.0307116506836455,0.255457760775985
4849,322000,9648000,1.48588900211947,0.0321457717942705,0.286276455159649
4850,323000,9648000,1.49957509204793,0.034065713939316,0.302302818527749
4851,324000,9648000,1.55391109560206,0.0332963260428796,0.225983224784017
4852,325000,9648000,1.48564976980899,0.0339434212330797,0.193933599242742
4853,326000,9648000,1.41596502996158,0.0304901899069462,0.2141178427946
4854,327000,9648000,1.39037881772165,0.0296416771644475,0.140257449146647
4855,328000,9648000,1.37585434723454,0.0286627521777886,0.0985707410238055
4856,329000,9648000,1.3888292051329,0.0258506425920158,0.0559332273091621
4857,330000,9648000,1.3596276687331,0.0270574375380239,0.181036352367851
4858,331000,9648000,1.44594169155825,0.0291940997891465,0.142756172351575
4859,332000,9648000,1.45184603986065,0.027805693490875,0.0791040148903277
4860,333000,9648000,1.56191015050897,0.0343972532582073,0.0755129050085658
4861,334000,9648000,1.55165688084768,0.0320794118841993,0.141193061925693
4862,335000,9648000,1.39868595816042,0.0294781140099223,0.0170530090120743
4863,336000,9648000,1.508248296183,0.0293381484060909,0.0510516400843497
4864,337000,9648000,1.44787038183695,0.0273026364695876,0.13174549939962
4865,338000,9648000,1.483822340301,0.0258277770611252,0.241263065958435
4866,339000,9648000,1.51205496076482,0.0251376871315023,0.0829825913775271
4867,340000,9648000,1.31224086732585,0.025309948480755,0.0165718078391846
4868,341000,9648000,1.4206121097937,0.0345018196345315,0.0379892564329983
4869,342000,9648000,1.41552094389454,0.0424535648330169,0.0229272500207227
4870,343000,9648000,1.38001200353873,0.0415551520274886,0.0372497170758414
4871,344000,9648000,1.42465936780816,0.0452163065034631,0.0610246170793437
4872,345000,9648000,1.38087243853219,0.045094943340242,0.0841747902645023
4873,346000,9648000,1.40749596816553,0.0468888943595691,0.0745463642041519
4874,347000,9648000,1.39738653967967,0.048314985409121,0.0206329391755749
4875,348000,9648000,1.52923689372284,0.0501636898855475,0.0669370875203407
4876,349000,9648000,1.54269234857566,0.0481556051813373,0.0739727490128503
4877,350000,9648000,1.55591996841421,0.0505757099731272,0.0709066140711489
4878,351000,9648000,1.57346935448879,0.055826382733432,0.0895127095421773
4879,352000,9648000,1.55763712465385,0.0626139431685586,0.0212309911196786
4880,353000,9648000,1.51402615941305,0.0656347846452439,0.0342500828168412
4881,354000,9648000,1.44572508326382,0.0695013978521056,0.0693211464234351
4882,355000,9648000,1.51148477551896,0.0707390500427966,0.0335362579281613
4883,356000,9648000,1.50353289097838,0.0729874198655763,0.0574014695497165
4884,357000,9648000,1.49751686686376,0.0723713399948603,0.0324838346191361
4885,358000,9648000,1.43087792547494,0.066699269205738,0.0668120341004759
4886,359000,9648000,1.40977055166349,0.0694713736986449,0.0319947533041065
4887,360000,9648000,1.39049932870813,0.0687326188010715,0.0396854649422497
4888,361000,9648000,1.45405292880928,0.0776717048325372,0.00974709517425549
4889,362000,9648000,1.43159901325634,0.0727623687470725,0.035219054242526
4890,363000,9648000,1.25672948914995,0.0686757239256159,0.0342865326561308
4891,364000,9648000,1.29589853813281,0.066285430647332,0.0321186662352478
4892,365000,9648000,1.19839349611163,0.0663452036177549,0.0518083156380396
4893,366000,9648000,1.35453225794552,0.065622829565457,0.0199825885224389
4894,367000,9648000,1.46156897671567,0.0668708984222388,0.0520921761693548
4895,368000,9648000,1.40871320918507,0.0674883830806905,0.104905279657634
4896,369000,9648000,1.51645390677985,0.0732864694059782,0.0736964529476815
4897,370000,9648000,1.49134913956902,0.0770518928348982,0.0275003151150014
4898,371000,9648000,1.52017512492196,0.0827321644914327,0.0358885758163459
4899,372000,9648000,1.59185167041106,0.0979962028817712,0.0183439990565382
4900,373000,9648000,1.55547507724262,0.0971802484628393,0.0113101706424861
4901,374000,9648000,1.586010511875,0.0944049986753977,0.00595677285798702
4902,375000,9648000,1.49321106014832,0.105868893905721,0.0075083915671465
4903,262000,9649000,1.54432343263919,0.0930680245343219,0.032275596649414
4904,263000,9649000,1.51712251450004,0.0982607432444921,0.0236256855490476
4905,264000,9649000,1.56089538618689,0.0942180412849174,0.0147202674635911
4906,265000,9649000,1.53337481285008,0.0922662984160109,0.0288882650820522
4907,266000,9649000,1.51918258946435,0.0933100995191271,0.022513022482184
4908,267000,9649000,1.49924360544238,0.0888770670966969,0.0156207019051563
4909,268000,9649000,1.45874094347333,0.0922503195835309,0.0253159558885451
4910,269000,9649000,1.49237384204136,0.0934644927494754,0.00990817448657736
4911,270000,9649000,1.47788692302728,0.0988401492796513,0.0263606907289588
4912,271000,9649000,1.5134576387685,0.0969430110856218,0.0372205659600319
4913,272000,9649000,1.35652776320455,0.0920461262005784,0.0348867946820765
4914,273000,9649000,1.50022310774555,0.0889119248970378,0.0348351727440557
4915,274000,9649000,1.46386600427356,0.0841758900742232,0.0344134767910179
4916,275000,9649000,1.40768730494585,0.0849819518514926,0.068693259069661
4917,276000,9649000,1.42152916365455,0.0837374756317087,0.0159991280636246
4918,277000,9649000,1.41977834904542,0.0803652294029467,0.0299264427790457
4919,278000,9649000,1.42843029164104,0.0748938546092846,0.0115880709603653
4920,279000,9649000,1.46811777718838,0.0721967048178801,0.0196662649356538
4921,280000,9649000,1.47340703357628,0.0735809293521998,0.0136048007153189
4922,281000,9649000,1.43019200178098,0.079972871389035,0.0227696794183555
4923,282000,9649000,1.36819358502829,0.0793431295838337,0.072890420986423
4924,283000,9649000,1.4390818706575,0.0818707485360182,0.108035455110062
4925,284000,9649000,1.39459110571638,0.0877436420068749,0.0292512929043079
4926,285000,9649000,1.31400346086426,0.0596327779926363,0.0307255779264679
4927,286000,9649000,1.17989089210131,0.0473718756186438,0.0843406602410518
4928,287000,9649000,1.46356198471644,0.0520773575953127,0.0187507774561727
4929,288000,9649000,1.30896122503348,0.0500731072686391,0.0375368342351869
4930,289000,9649000,1.33551749712847,0.0494742180829545,0.0341261490484593
4931,290000,9649000,1.40068333792871,0.0497424289432056,0.0362452682619627
4932,291000,9649000,1.38968631772113,0.0483019939215768,0.0110187888173597
4933,292000,9649000,1.46289914541734,0.0459477645125144,0.0326948392152132
4934,293000,9649000,1.46879568269705,0.0414479294914141,0.0533496708266897
4935,294000,9649000,1.3463803099326,0.0392763258045344,0.0552729289375709
4936,295000,9649000,1.27820411114287,0.034785711833524,0.123779368060992
4937,296000,9649000,1.42992616470105,0.0321387456164964,0.148221017852512
4938,297000,9649000,1.44642197012268,0.0345390791007951,0.0100271303415915
4939,298000,9649000,1.50695008738778,0.0475648878074973,0.0281085133998382
4940,299000,9649000,1.51964359985375,0.0575921001233269,0.0975712257668187
4941,3e+05,9649000,1.57299007812912,0.0523536717445579,0.0108635754581446
4942,301000,9649000,1.56628882227187,0.0465273564423821,0.0174187543502261
4943,302000,9649000,1.47874224581996,0.0419207625121808,0.023868844801996
4944,303000,9649000,1.38866531252068,0.0393989880076132,0.0201221557587865
4945,304000,9649000,1.07151053234554,0.0370000593076739,0.107855723836797
4946,305000,9649000,1.39481126687041,0.0353774784246375,0.0792490991754099
4947,306000,9649000,1.47200795779304,0.0366590293795237,0.0595309544883692
4948,307000,9649000,1.4302331505429,0.037365158541181,0.00660320975448652
4949,308000,9649000,1.43502432570433,0.0354163448503456,0.0492549808123915
4950,309000,9649000,1.45985806354558,0.0360741274465586,0.0588392123507535
4951,310000,9649000,1.40652536927523,0.0376074212708194,0.0423925507076094
4952,311000,9649000,1.48804533677799,0.0344175997498021,0.113354783379809
4953,312000,9649000,1.43548798193639,0.0320174754223696,0.0716758682540604
4954,313000,9649000,1.4659183805526,0.0304016151322981,0.174152504550625
4955,314000,9649000,1.34992309115237,0.0333088190649048,0.0975149977484495
4956,315000,9649000,1.46305144458255,0.0381024005875385,0.105038435881598
4957,316000,9649000,1.44754010629514,0.0367477052510424,0.223629546968524
4958,317000,9649000,1.51141436440799,0.0338564011077257,0.254067908843574
4959,318000,9649000,1.52140158042716,0.0338922546490671,0.195986566934038
4960,319000,9649000,1.48162774680517,0.0327000232845137,0.1432897159223
4961,320000,9649000,1.49635265722149,0.0318875012148053,0.276195063681306
4962,321000,9649000,1.48481607946232,0.0330415493689653,0.23205694794858
4963,322000,9649000,1.41653306651696,0.0366498559768249,0.19705193973028
4964,323000,9649000,1.44652305332467,0.0379817508557819,0.28439740424977
4965,324000,9649000,1.4928792391016,0.0391811315476864,0.370836568741381
4966,325000,9649000,1.46916531122012,0.0381523634261291,0.175163565522906
4967,326000,9649000,1.38805505368113,0.0361157534569124,0.137043071540952
4968,327000,9649000,1.5014574214058,0.0337139908102713,0.353895068992967
4969,328000,9649000,1.46926413032302,0.0296658673044069,0.251352605499542
4970,329000,9649000,1.53386581890302,0.0316170443478633,0.121799952713785
4971,330000,9649000,1.53651665422762,0.0367091269844428,0.132847453469615
4972,331000,9649000,1.37635900919971,0.038802782879759,0.0684962774961676
4973,332000,9649000,1.43142496670263,0.0439316021170894,0.182501698397219
4974,333000,9649000,1.51805619260135,0.044674047268451,0.139973825963489
4975,334000,9649000,1.54130687509963,0.042070397655967,0.0811751455161298
4976,335000,9649000,1.55646732770708,0.0355615007871931,0.051238479701317
4977,336000,9649000,1.31397335596994,0.0288093396103493,0.00781574191510341
4978,337000,9649000,1.46683212063464,0.0289101703920933,0.195999928031625
4979,338000,9649000,1.48421431606677,0.0267479504324163,0.267886126858485
4980,339000,9649000,1.48068934769071,0.0261407011723527,0.0996738492701036
4981,340000,9649000,1.21326786256472,0.0275843314917431,0.085704995861312
4982,341000,9649000,1.3209647414104,0.0369725390867001,0.0335276984975265
4983,342000,9649000,1.39173519954633,0.0390892429377939,0.026665017749222
4984,343000,9649000,1.41742808085787,0.0411867308439031,0.0393191039845388
4985,344000,9649000,1.4181247684109,0.0451686791597333,0.0431025708211527
4986,345000,9649000,1.42554575005115,0.0453519358104543,0.0337353184096886
4987,346000,9649000,1.53288907853134,0.0457713527453526,0.0694214856723179
4988,347000,9649000,1.54988459569217,0.0539118330879821,0.061436347379945
4989,348000,9649000,1.53437547747792,0.0541122920778626,0.0582678569886124
4990,349000,9649000,1.55388975926995,0.0527130740433346,0.0783915555906751
4991,350000,9649000,1.38627211664862,0.0560662635265905,0.0196669342234221
4992,351000,9649000,1.56217446129558,0.0598210773863962,0.0943696616204087
4993,352000,9649000,1.47942568822879,0.0647070796630977,0.0728250125970315
4994,353000,9649000,1.47925637425534,0.0638084495633177,0.0354630882778722
4995,354000,9649000,1.42137831670223,0.0667038135036451,0.062247593266424
4996,355000,9649000,1.51859223621758,0.0712308573063815,0.0167261805333199
4997,356000,9649000,1.43380212935593,0.0684628684022956,0.0600807026078409
4998,357000,9649000,1.47451042717892,0.0637444692941652,0.0355683021905495
4999,358000,9649000,1.43038992350517,0.0627695180646342,0.0867366486623966
5000,359000,9649000,1.42220287860228,0.0683771867983664,0.116164532900737
5001,360000,9649000,1.53266781096303,0.0751970476059419,0.013684596589523
5002,361000,9649000,1.53589497370387,0.0799690765375193,0.0154961603297632
5003,362000,9649000,1.44509009154965,0.0792577651622465,0.0229921116171102
5004,363000,9649000,1.48790059297027,0.0807086610362792,0.0189431411724335
5005,364000,9649000,1.49135561556445,0.0707002905249211,0.0503960780105557
5006,365000,9649000,1.38191060850861,0.068188372658343,0.0746453125025421
5007,366000,9649000,1.36535855263846,0.0687590874686957,0.045551942155661
5008,367000,9649000,1.28690879916515,0.0707853411935595,0.0406918030213656
5009,368000,9649000,1.29855911526431,0.071291218184871,0.0442176572958825
5010,369000,9649000,1.37006772748977,0.0682902526399815,0.0297820455026237
5011,370000,9649000,1.52494304786801,0.077184130459661,0.0218306571147443
5012,371000,9649000,1.51860652814579,0.0868704848407956,0.017509353917939
5013,372000,9649000,1.39741928835615,0.0782964062295421,0.0597986516365562
5014,373000,9649000,1.469924728244,0.089666743409498,0.0483930219889177
5015,374000,9649000,1.45004989208292,0.0953135434661921,0.0394577947167137
5016,375000,9649000,1.56512273163425,0.107811276098328,0.012696951761251
5017,262000,9650000,1.43324942097114,0.104187528045167,0.041489313029158
5018,263000,9650000,1.5434206846419,0.0990699073401918,0.0152745516159597
5019,264000,9650000,1.5187262064991,0.09422625493858,0.00821114647909821
5020,265000,9650000,1.48714636016972,0.0944117924270708,0.015139432889789
5021,266000,9650000,1.40078264794298,0.0995301578671251,0.0194566886262671
5022,267000,9650000,1.48400525347697,0.0976866483870152,0.0243006614937999
5023,268000,9650000,1.50695650066689,0.100385338893456,0.0224604117295562
5024,269000,9650000,1.54848436204123,0.0991046546960465,0.0157081298145234
5025,270000,9650000,1.44239272724548,0.101464297590758,0.0116623972452407
5026,271000,9650000,1.5341935701509,0.101448190916551,0.0569920705657333
5027,272000,9650000,1.31500139080836,0.100134494157359,0.0165855057741076
5028,273000,9650000,1.41707208093233,0.098833418215692,0.0227926942487718
5029,274000,9650000,1.42323853037238,0.0941118610074713,0.029917476330157
5030,275000,9650000,1.4188392397602,0.091589832015872,0.0287264218418106
5031,276000,9650000,1.43726231167943,0.086868063342801,0.0468246854224379
5032,277000,9650000,1.45735708224152,0.086921761758701,0.00449301955727911
5033,278000,9650000,1.43169481734835,0.0803385597159717,0.0752204056644596
5034,279000,9650000,1.46169604839397,0.0826837260877829,0.00543296521735991
5035,280000,9650000,1.45032279485051,0.0802045292294162,0.033209153720288
5036,281000,9650000,1.4032234946963,0.0792498838494605,0.0512834865228237
5037,282000,9650000,1.45599013995415,0.0713655396513443,0.0961434390850868
5038,283000,9650000,1.52247354277058,0.0806469650811243,0.0651298239184122
5039,284000,9650000,1.49284216627894,0.071092821688693,0.0188797749967325
5040,285000,9650000,1.29238723841283,0.0561056586272366,0.0534138503483131
5041,286000,9650000,1.17411654658111,0.0472931725730599,0.0501146526987267
5042,287000,9650000,1.23041802456146,0.0480961203708885,0.0553761537679355
5043,288000,9650000,1.41664465168817,0.0515786392074826,0.0396052506752814
5044,289000,9650000,1.36170626579919,0.0506309491298178,0.0411162857460827
5045,290000,9650000,1.44508949152826,0.0488105503416136,0.031635575709977
5046,291000,9650000,1.38983822776077,0.0476799812325441,0.0309689841337085
5047,292000,9650000,1.45865406669193,0.0386637316970059,0.0268646278873207
5048,293000,9650000,1.49423299964719,0.0334062500403016,0.00811187850502108
5049,294000,9650000,1.4194491229023,0.0332577152254393,0.034065479352589
5050,295000,9650000,1.36419098400764,0.0327033568381848,0.0457678028091734
5051,296000,9650000,1.37028560708663,0.0318007541305617,0.0789622934511862
5052,297000,9650000,1.40847660660038,0.0340009911604285,0.0556697277707734
5053,298000,9650000,1.30341118192628,0.0360571702876978,0.0519353473286285
5054,299000,9650000,1.52540765637082,0.042291856112281,0.0109517546786908
5055,3e+05,9650000,1.36558468943106,0.0384939080678625,0.0358121707961686
5056,301000,9650000,1.51115669673281,0.0364242378272506,0.0445977311342964
5057,302000,9650000,1.32243613754566,0.0360573689836117,0.0535715210096918
5058,303000,9650000,1.45149937220392,0.0348925706903189,0.0479381229986698
5059,304000,9650000,1.37395701994248,0.032873391934992,0.0362022658099565
5060,305000,9650000,1.44227784314619,0.0328414970726461,0.0457442798159495
5061,306000,9650000,1.46699655586346,0.0331433352425699,0.0504743226125914
5062,307000,9650000,1.45531579980685,0.0361203407310105,0.0958575452781105
5063,308000,9650000,1.47039450657477,0.0358993644768285,0.0154768556794507
5064,309000,9650000,1.38394874152144,0.0314708554605057,0.121896728718213
5065,310000,9650000,1.44474818678978,0.0354645740916753,0.107307316288447
5066,311000,9650000,1.36276418396628,0.0334449003583112,0.0248121585138115
5067,312000,9650000,1.53203044542519,0.035103093103442,0.167574471855322
5068,313000,9650000,1.54609295463945,0.0361727377798718,0.139542576673269
5069,314000,9650000,1.40351779703307,0.035877540026432,0.0715450200221382
5070,315000,9650000,1.41315522548153,0.0366529304319979,0.218361179139533
5071,316000,9650000,1.50095567827758,0.0354760411363144,0.20245434928662
5072,317000,9650000,1.5203145886554,0.0332811431511097,0.138010372695723
5073,318000,9650000,1.2864110622235,0.0320284254081945,0.133347211405537
5074,319000,9650000,1.48671213144686,0.0360823457729145,0.115356902363816
5075,320000,9650000,1.31022244274408,0.0398885667249875,0.0800680465264184
5076,321000,9650000,1.49564886618374,0.0415661415418232,0.112519507634791
5077,322000,9650000,1.44721106940657,0.0423089271424458,0.183461952135087
5078,323000,9650000,1.45484752706955,0.0421251476295452,0.214059623377367
5079,324000,9650000,1.45490103833874,0.0422078058909473,0.164827755783233
5080,325000,9650000,1.20378680314767,0.041339679841741,0.0777296069098689
5081,326000,9650000,1.28791268698022,0.0400572981226838,0.0189825757784982
5082,327000,9650000,1.46219053508861,0.038747295096214,0.242624155878367
5083,328000,9650000,1.4305718842716,0.0374218535752038,0.146408263327819
5084,329000,9650000,1.45097304081017,0.0359421942485766,0.155800735272845
5085,330000,9650000,1.46238196848496,0.0386934003224023,0.149891175504882
5086,331000,9650000,1.55719219467497,0.043233585527612,0.0979397904110808
5087,332000,9650000,1.57478641226077,0.0453007053406824,0.176566835259623
5088,333000,9650000,1.4961667588742,0.049207226062901,0.0991133207979402
5089,334000,9650000,1.49220673028727,0.047120905423147,0.13150528087809
5090,335000,9650000,1.58052831127612,0.0398385864438151,0.12624358489317
5091,336000,9650000,1.54782035226944,0.0337179936309312,0.0855068845550894
5092,337000,9650000,1.4224180222973,0.0294286217719919,0.0649664487153922
5093,338000,9650000,1.47230484742121,0.0273734291372087,0.13995516331366
5094,339000,9650000,1.44159983825483,0.026319040549521,0.0677755293763619
5095,340000,9650000,1.22665269178976,0.0272204325414547,0.0408490044298672
5096,341000,9650000,1.5124212275645,0.037693122617177,0.0879457229218901
5097,342000,9650000,1.39836375130085,0.0390559049653856,0.0342319907425316
5098,343000,9650000,1.34854280111224,0.0403934247102408,0.0531752237600277
5099,344000,9650000,1.3766755305871,0.0443183294292951,0.0228735832515644
5100,345000,9650000,1.40242664399659,0.0445520798921359,0.0324916459012247
5101,346000,9650000,1.52371173405214,0.0457690126214515,0.0618472190214179
5102,347000,9650000,1.54593178613208,0.0521019172172029,0.0578657864877726
5103,348000,9650000,1.54874897186373,0.0542057934293337,0.0412546013108692
5104,349000,9650000,1.44759252767149,0.0539428879007635,0.0288592385501626
5105,350000,9650000,1.39202952173291,0.0587807515877011,0.0252949210590487
5106,351000,9650000,1.55640910366393,0.0628042945632759,0.0766391920286303
5107,352000,9650000,1.55288171869245,0.0662416365421127,0.0570119766723907
5108,353000,9650000,1.52272761055544,0.0681878230593362,0.0543851609423885
5109,354000,9650000,1.56311847196897,0.0677866785644465,0.0320623570708865
5110,355000,9650000,1.44339805182389,0.0688056598039928,0.0406058856205189
5111,356000,9650000,1.44743218458417,0.0671581254332224,0.0639312496221066
5112,357000,9650000,1.47663734749311,0.061917629982008,0.0407205267262639
5113,358000,9650000,1.51771399445728,0.0638467826771263,0.0297976147536541
5114,359000,9650000,1.44306870707745,0.0588961598730166,0.0500908807992426
5115,360000,9650000,1.51449123667103,0.0635231932576522,0.0596878659683197
5116,361000,9650000,1.57034246639406,0.0651865716663306,0.0434268201663337
5117,362000,9650000,1.51094517473135,0.065525942372413,0.0343122758750582
5118,363000,9650000,1.50855823185885,0.0671859291373217,0.0166912193227508
5119,364000,9650000,1.41623248277272,0.0728296907478831,0.0393303894258006
5120,365000,9650000,1.32362858727458,0.0690253347143369,0.0108180198875796
5121,366000,9650000,1.51721607537775,0.0716589550062378,0.0177555642396326
5122,367000,9650000,1.42181897453069,0.0708649319536942,0.0529208431766093
5123,368000,9650000,1.55745008814956,0.0690387653802951,0.0199917269916051
5124,369000,9650000,1.49196523327032,0.0675477110624949,0.0769859949587136
5125,370000,9650000,1.50806893656309,0.0682760120850305,0.0330349084570175
5126,371000,9650000,1.48492757689603,0.0683602923575839,0.0234687226993157
5127,372000,9650000,1.50956511737393,0.0718410787715238,0.0139090356956885
5128,373000,9650000,1.28677249177692,0.0717128916084489,0.0323936889297072
5129,374000,9650000,1.43269784128136,0.0919659242360242,0.0539716063990996
5130,375000,9650000,1.59207129124009,0.102712319396464,0.0317196995204255
5131,262000,9651000,1.5157216008398,0.0947452175363859,0.0280386863673532
5132,263000,9651000,1.48624532426967,0.09940068442919,0.0214695506462278
5133,264000,9651000,1.45776476794005,0.0945866193077304,0.0432799312203456
5134,265000,9651000,1.53765448298746,0.0893673301705764,0.0194208754931574
5135,266000,9651000,1.53340158615676,0.101131550959036,0.0153623721611605
5136,267000,9651000,1.47232271597901,0.108463818830602,0.0285018495618784
5137,268000,9651000,1.44871037603258,0.108384318683791,0.0188091894760723
5138,269000,9651000,1.45907024683698,0.108755215932516,0.0797143199803833
5139,270000,9651000,1.41678884482073,0.104904834826105,0.102991304229874
5140,271000,9651000,1.47401578252136,0.1047364531364,0.0540370638504199
5141,272000,9651000,1.48084889485381,0.105451768556782,0.0302363912686761
5142,273000,9651000,1.51389107336633,0.107438996646655,0.0574195728223231
5143,274000,9651000,1.523618424677,0.103847907427151,0.0620660773855823
5144,275000,9651000,1.49639886632022,0.100395004939825,0.035126514790673
5145,276000,9651000,1.41558884603627,0.0961058619619143,0.0546177108035415
5146,277000,9651000,1.41087182721988,0.092231877479196,0.0825425401853635
5147,278000,9651000,1.53543411768836,0.0906313929550466,0.0254100437680321
5148,279000,9651000,1.4948742256295,0.0962979573612577,0.0159888299937003
5149,280000,9651000,1.4769642070888,0.0908779304219729,0.0123469429328129
5150,281000,9651000,1.49881496622472,0.0849165714470187,0.0332723245304162
5151,282000,9651000,1.32297785826787,0.0766755101304044,0.0926265552468888
5152,283000,9651000,1.48689521760449,0.0744194448669307,0.0220075795470627
5153,284000,9651000,1.28069315726749,0.0456162100705175,0.0622923307859438
5154,285000,9651000,1.26867798655078,0.0409669804381254,0.0322262042717215
5155,286000,9651000,1.36243384597984,0.0422687361094004,0.0332753198920203
5156,287000,9651000,1.23420250115949,0.0399021228857537,0.0377808791582274
5157,288000,9651000,1.3378925546098,0.0455078128346546,0.00792352429574921
5158,289000,9651000,1.35754060559339,0.0447970185533435,0.0134595778056787
5159,290000,9651000,1.44615251264596,0.0483147193323045,0.0474264054670131
5160,291000,9651000,1.43121758839357,0.0517178518904695,0.0162876017607768
5161,292000,9651000,1.39623140941947,0.0425162960554529,0.0227498032925052
5162,293000,9651000,1.50422838358946,0.033454001715833,0.030665444289885
5163,294000,9651000,1.50838201685337,0.0328440591141905,0.0179568302546393
5164,295000,9651000,1.48571031670168,0.0309154966489526,0.0993938022111206
5165,296000,9651000,1.30102392469971,0.0312362323941649,0.090355263385679
5166,297000,9651000,1.39331844165787,0.0317464387454437,0.0448656543508214
5167,298000,9651000,1.25346636056043,0.031846516596063,0.0514131592356302
5168,299000,9651000,1.49413367986812,0.0349253137693949,0.0675074582645071
5169,3e+05,9651000,1.47114388969405,0.0334260887771531,0.0365418524948724
5170,301000,9651000,1.38461617766931,0.034477549310473,0.0172160367347755
5171,302000,9651000,1.46656877912506,0.0382909835031641,0.0381252013517332
5172,303000,9651000,1.43881436304479,0.0312082102159049,0.0336513271769364
5173,304000,9651000,1.40371084896416,0.0311614078362704,0.01683319756292
5174,305000,9651000,1.41138278972145,0.0282822179281547,0.0714859106491279
5175,306000,9651000,1.41918399281232,0.0297165226359791,0.120936927206785
5176,307000,9651000,1.35698551717448,0.030180085799765,0.023978291178696
5177,308000,9651000,1.40131113204375,0.032374342403357,0.0650496378094214
5178,309000,9651000,1.42195253014388,0.0329157464723216,0.0480118810584788
5179,310000,9651000,1.41217188383999,0.0331953035427393,0.0649694532612608
5180,311000,9651000,1.49008165536994,0.0380387967607151,0.0572718926544183
5181,312000,9651000,1.52317795024059,0.0370127103726857,0.223219959263435
5182,313000,9651000,1.52011127479281,0.0361762421689914,0.191348050156942
5183,314000,9651000,1.4642189520693,0.0369819774277736,0.171872893592169
5184,315000,9651000,1.51726373090671,0.035887925320076,0.178580279826289
5185,316000,9651000,1.5527678377544,0.0325511201401436,0.171574444560462
5186,317000,9651000,1.53651174662795,0.0329384435409135,0.212785004780057
5187,318000,9651000,1.23113171572745,0.0330398029875534,0.1191658661768
5188,319000,9651000,1.52047156585705,0.0374017626986075,0.103326487589297
5189,320000,9651000,1.56814388915592,0.0487370596856913,0.102269865644707
5190,321000,9651000,1.56066258532843,0.0536603737220121,0.0894461549294496
5191,322000,9651000,1.59512483187127,0.0524121503039902,0.138862725241461
5192,323000,9651000,1.56878102760613,0.0528359419054525,0.150253150436854
5193,324000,9651000,1.53867048928065,0.049593523475074,0.170271236610346
5194,325000,9651000,1.33095623165799,0.0454205940423877,0.127035850831394
5195,326000,9651000,1.31139514054006,0.0435128614166985,0.0872801422124334
5196,327000,9651000,1.46350596273897,0.040232617658961,0.113580286549743
5197,328000,9651000,1.33823620642548,0.0400989299300185,0.25318071930278
5198,329000,9651000,1.40513688441242,0.038807365503434,0.265367574621611
5199,330000,9651000,1.39856585663694,0.0418187279724621,0.131480994540874
5200,331000,9651000,1.54426879302724,0.0484548894444186,0.10283297829376
5201,332000,9651000,1.52133241733664,0.050277614388395,0.171143427265964
5202,333000,9651000,1.50411543004109,0.0481983129320596,0.0929582466666111
5203,334000,9651000,1.49390711034146,0.0481476878315272,0.0857363857191255
5204,335000,9651000,1.44145120445547,0.0452240809582161,0.0334475403915335
5205,336000,9651000,1.54802666741862,0.0381892568794178,0.0521992318244044
5206,337000,9651000,1.37007267594747,0.0287148483105518,0.0414775946612516
5207,338000,9651000,1.47901444061526,0.027063397071352,0.154271425095355
5208,339000,9651000,1.47727405590529,0.0259231189091408,0.00475612274839784
5209,340000,9651000,1.19469558771624,0.0271579766852541,0.0556585155507427
5210,341000,9651000,1.56867026584586,0.0401988381276738,0.06729008087397
5211,342000,9651000,1.41575111304353,0.0422659172652004,0.031754801817265
5212,343000,9651000,1.37771032833796,0.0417514628975968,0.0301653104492423
5213,344000,9651000,1.33481975701357,0.0427864473393604,0.0494300392130762
5214,345000,9651000,1.37996667046393,0.0451516720648243,0.0314959449964573
5215,346000,9651000,1.55670711846369,0.046308952694679,0.0777738031984593
5216,347000,9651000,1.56480018047009,0.0518146472943933,0.064112002915681
5217,348000,9651000,1.55655728090708,0.0534754311130889,0.0553358695137113
5218,349000,9651000,1.53006942045774,0.055731526586977,0.0454760252289603
5219,350000,9651000,1.57811916044931,0.0588116193108668,0.0846164562645758
5220,351000,9651000,1.49102432148757,0.0616716107115586,0.0433144613289357
5221,352000,9651000,1.53233357688168,0.0633638978521193,0.052771324143479
5222,353000,9651000,1.50124269624243,0.0646490925862564,0.0364083245925617
5223,354000,9651000,1.50469573387649,0.0625874268572877,0.0339049379798641
5224,355000,9651000,1.43494216648748,0.0659114845538746,0.0743431302998609
5225,356000,9651000,1.46452603771707,0.066014856456492,0.0578573722231942
5226,357000,9651000,1.45019009829032,0.0605461552778446,0.0624589504465854
5227,358000,9651000,1.4453619721072,0.0596592164807299,0.0337444346854006
5228,359000,9651000,1.50579268078359,0.0559602958964574,0.0367049356090057
5229,360000,9651000,1.49032498009394,0.062049486481966,0.0158541390340613
5230,361000,9651000,1.45019135670865,0.0611845371322483,0.0329559855007207
5231,362000,9651000,1.45672347476934,0.0602563732145429,0.0406428292414052
5232,363000,9651000,1.49344692626843,0.0726888943687781,0.0166663121978136
5233,364000,9651000,1.45592858250006,0.0700412368024266,0.0421959084255977
5234,365000,9651000,1.53155807280327,0.0698494818248582,0.0368202166149223
5235,366000,9651000,1.52822971487729,0.0675283254862322,0.0125293710836268
5236,367000,9651000,1.53341550257732,0.0672253532753123,0.0182975853879681
5237,368000,9651000,1.57118345249071,0.0662823294652226,0.0232984816811496
5238,369000,9651000,1.58764252588446,0.0651324828379383,0.0441162850013542
5239,370000,9651000,1.52324312772226,0.0677515140393613,0.020746025868387
5240,371000,9651000,1.4379660840478,0.0679227981878627,0.0571435512443273
5241,372000,9651000,1.37122914801429,0.0724732420521682,0.0385016468520815
5242,373000,9651000,1.37221199170632,0.0680945401375936,0.0573556629576486
5243,374000,9651000,1.41559171005583,0.079378089602887,0.0244783078942782
5244,375000,9651000,1.29858296741005,0.101149986667978,0.0630442647160587
5245,262000,9652000,1.33465540481641,0.0943216825771094,0.079759418904917
5246,263000,9652000,1.47583870579704,0.0986770659633712,0.0260840084462656
5247,264000,9652000,1.36917997080378,0.0970061129205958,0.0773729873729956
5248,265000,9652000,1.55782419513219,0.0907910171715114,0.00760452550417248
5249,266000,9652000,1.48264736635478,0.108770238475652,0.0299773489708552
5250,267000,9652000,1.43010882534602,0.115013304091353,0.0391299590646333
5251,268000,9652000,1.47585346396112,0.113526781250884,0.0229139267837861
5252,269000,9652000,1.28955932981195,0.110294104480088,0.055275643894405
5253,270000,9652000,1.28186046874016,0.107060725789352,0.0825531409902041
5254,271000,9652000,1.43182475839608,0.105181445281064,0.0579385134539991
5255,272000,9652000,1.50758810480949,0.109161797109029,0.0480807594537731
5256,273000,9652000,1.43663939083596,0.111543607132603,0.0574976539667523
5257,274000,9652000,1.49694615893373,0.113516401795061,0.0371703574171238
5258,275000,9652000,1.39938521816503,0.109867375508868,0.0261176282696704
5259,276000,9652000,1.36727633116966,0.102183835375514,0.0380429303793157
5260,277000,9652000,1.34454397183715,0.101533120781059,0.0326212283686551
5261,278000,9652000,1.33688574703398,0.103877670198196,0.0867810658065899
5262,279000,9652000,1.33760268093632,0.0970320843493794,0.0284938386942586
5263,280000,9652000,1.49589037088102,0.103369975861991,0.0523594744166638
5264,281000,9652000,1.35452955182736,0.0990250685753837,0.015256565310842
5265,282000,9652000,1.59533018934664,0.0766486882308831,0.00728634844294658
5266,283000,9652000,1.54149579836043,0.0703171430957968,0.0177797228811897
5267,284000,9652000,1.58306883720023,0.0534948922231358,0.017680660294662
5268,285000,9652000,1.48697698281985,0.0398912263463135,0.0280017051608839
5269,286000,9652000,1.45671526415149,0.0384143277557162,0.0213270134205074
5270,287000,9652000,1.49184379238063,0.0377927751821085,0.00887167253732396
5271,288000,9652000,1.51736820677528,0.0380481943912055,0.0122983290466017
5272,289000,9652000,1.54053242465186,0.0369403037631898,0.00706380987604788
5273,290000,9652000,1.29004020632659,0.0405496212462582,0.0316663311140876
5274,291000,9652000,1.50532555301215,0.047034738150727,0.0593539309617773
5275,292000,9652000,1.30764799233744,0.0380086738264407,0.0277517942023795
5276,293000,9652000,1.49050145029239,0.0328461006167756,0.015390925898656
5277,294000,9652000,1.49022949470187,0.031927529559527,0.0101550600790602
5278,295000,9652000,1.46772475007262,0.0313701141478646,0.0967267977194131
5279,296000,9652000,1.28649379278293,0.0326624140557417,0.0885629674112753
5280,297000,9652000,1.36765967211346,0.0320097230453852,0.0382507734263476
5281,298000,9652000,1.31399893266091,0.0302405419773433,0.119224268466855
5282,299000,9652000,1.38087230442417,0.0308469221014992,0.0114639670590538
5283,3e+05,9652000,1.42039018749029,0.0312245596760943,0.0114272037426842
5284,301000,9652000,1.43819589356394,0.035027448222872,0.0224858876670822
5285,302000,9652000,1.50399735322435,0.0383998083339325,0.00561237825166164
5286,303000,9652000,1.36647166573734,0.0306454755067917,0.0498857286027027
5287,304000,9652000,1.36582307144611,0.0280217280611656,0.0770780598506328
5288,305000,9652000,1.33728813907366,0.0277183886874124,0.0816103760632129
5289,306000,9652000,1.39758483916496,0.0297601471435529,0.0811854138388629
5290,307000,9652000,1.29678925071722,0.0277176903684596,0.0980933763930467
5291,308000,9652000,1.37619145936264,0.0310567380524079,0.106130701969692
5292,309000,9652000,1.37396439622123,0.0339820866323166,0.0555061823953514
5293,310000,9652000,1.4891722430406,0.0343644520935128,0.153592975605774
5294,311000,9652000,1.459459601009,0.0439149947159323,0.229675343069101
5295,312000,9652000,1.35712676772187,0.0409619830034363,0.18694544065192
5296,313000,9652000,1.5499581816582,0.0351635190730731,0.163463851530584
5297,314000,9652000,1.4954972947164,0.0347390140470936,0.196103243696338
5298,315000,9652000,1.46392903323552,0.0351249965652572,0.13285602741204
5299,316000,9652000,1.54361805241193,0.0345834170542905,0.207009070731049
5300,317000,9652000,1.57877058813047,0.0394450769811916,0.24014024380394
5301,318000,9652000,1.43442373190086,0.0416557945871049,0.208177028976166
5302,319000,9652000,1.53677798022073,0.0457038541538611,0.121309657864313
5303,320000,9652000,1.50358242454743,0.0554347509405898,0.0854823939224701
5304,321000,9652000,1.48661228435392,0.058497485636243,0.106303496510154
5305,322000,9652000,1.54835879446336,0.0596599472951726,0.133944525435664
5306,323000,9652000,1.53277511347005,0.0590275190833822,0.206215135742813
5307,324000,9652000,1.45247958805756,0.057436263737272,0.119306145754689
5308,325000,9652000,1.46530385898832,0.0527893347101836,0.207332464538405
5309,326000,9652000,1.35170819496718,0.0501366715854788,0.034954499069539
5310,327000,9652000,1.55649064254993,0.0478131809446917,0.140935698122073
5311,328000,9652000,1.48815854709355,0.0438455243267363,0.26342658321487
5312,329000,9652000,1.50586908382553,0.0438607931882455,0.26745592924729
5313,330000,9652000,1.49043895815036,0.0439049742560467,0.072274956110439
5314,331000,9652000,1.43476378158709,0.0457204255451339,0.0264114825638823
5315,332000,9652000,1.47670129875592,0.0493834960455936,0.100839164677755
5316,333000,9652000,1.4516075625057,0.049320271016935,0.0881003957520887
5317,334000,9652000,1.52704911703301,0.048507140092453,0.0793290997361999
5318,335000,9652000,1.49146978372065,0.043750905179628,0.0335106955249979
5319,336000,9652000,1.60495644670209,0.0356217396799558,0.0812785639900676
5320,337000,9652000,1.35928421500854,0.028281155940603,0.0456858955804263
5321,338000,9652000,1.52983180326162,0.0265562035894632,0.142441167213802
5322,339000,9652000,1.46198932301849,0.0260748036968149,0.0166514929882909
5323,340000,9652000,1.47570937422576,0.0271398192634536,0.0270182760293514
5324,341000,9652000,1.34747431684353,0.0383725588425574,0.0419653586964072
5325,342000,9652000,1.38242004820622,0.0409597776516206,0.0465693465219078
5326,343000,9652000,1.36592813335657,0.0429444750877841,0.0382580866346865
5327,344000,9652000,1.3473502812885,0.045175248705279,0.0368188987591264
5328,345000,9652000,1.39778135743592,0.0467235255676271,0.0583073790901791
5329,346000,9652000,1.57274475513108,0.0479001603884853,0.0678712120569969
5330,347000,9652000,1.55655949199206,0.05048350766502,0.0745372491423266
5331,348000,9652000,1.49322697528823,0.0517475495594435,0.0344148790115312
5332,349000,9652000,1.56148333320181,0.0528840816760777,0.0574712059144575
5333,350000,9652000,1.52985882935932,0.0552932294962578,0.0659454645964025
5334,351000,9652000,1.5516922888777,0.0594225809059716,0.0580883263927291
5335,352000,9652000,1.50410687628127,0.060959706785977,0.0254612209474156
5336,353000,9652000,1.38405328348629,0.060881987877303,0.0727734441893662
5337,354000,9652000,1.57181507099131,0.0677125860324802,0.0147013846523234
5338,355000,9652000,1.47665006753991,0.0737876592285437,0.039601011382453
5339,356000,9652000,1.46258638518538,0.0685213550943521,0.0555109382164648
5340,357000,9652000,1.47564226929358,0.061590159725956,0.0533972080159115
5341,358000,9652000,1.3794816355148,0.0555872211980662,0.0649368326295933
5342,359000,9652000,1.47039606023124,0.0565770415496237,0.0398934428219575
5343,360000,9652000,1.32880663180495,0.0578669258354391,0.00514654491785056
5344,361000,9652000,1.51555337999643,0.0581634853671589,0.0207093501371344
5345,362000,9652000,1.49196268053575,0.0566279792166165,0.00461822760894133
5346,363000,9652000,1.45458096325883,0.0626582706436362,0.0198996467314891
5347,364000,9652000,1.46631752669838,0.065749542222151,0.0299997079199175
5348,365000,9652000,1.55300779760923,0.0665956846356799,0.0147941825128369
5349,366000,9652000,1.58437187155317,0.0645114647676096,0.0104356868109264
5350,367000,9652000,1.51563977955345,0.0644909997550668,0.018619336174111
5351,368000,9652000,1.4626629090045,0.0614923266633351,0.0298146583230349
5352,369000,9652000,1.58325731331026,0.065561082487982,0.0358522025919203
5353,370000,9652000,1.57465080625826,0.0674543433150387,0.0182774915790868
5354,371000,9652000,1.57080895090589,0.0738579569125005,0.0157619323851073
5355,372000,9652000,1.50234527286839,0.0741828418771651,0.0308319827317239
5356,373000,9652000,1.43241509312815,0.0731631565310022,0.0233715583446929
5357,374000,9652000,1.34836694438745,0.0710627289302266,0.0342999140917965
5358,375000,9652000,1.43824115942614,0.0738175829851062,0.0501134485983678
5359,262000,9653000,1.48859613340881,0.101607927459126,0.0104762604969559
5360,263000,9653000,1.51979918930408,0.103450866838733,0.00994438110284785
5361,264000,9653000,1.52787671091771,0.0999575327946104,0.0174353133882946
5362,265000,9653000,1.53072369047853,0.0946114798709539,0.0156840931095608
5363,266000,9653000,1.52885429939524,0.10251766482668,0.0139694192344397
5364,267000,9653000,1.45123452636702,0.11122496749099,0.0156122877219758
5365,268000,9653000,1.43804430066003,0.112259301260878,0.0394864331403762
5366,269000,9653000,1.42073021109085,0.110362744036917,0.0796784962457901
5367,270000,9653000,1.45585412901518,0.105748515121198,0.0708038244670139
5368,271000,9653000,1.52073321091834,0.106889024512178,0.0180506485260134
5369,272000,9653000,1.48494625184544,0.112075402078221,0.0255390364720472
5370,273000,9653000,1.491848415999,0.113596410815384,0.0296857378358782
5371,274000,9653000,1.45742038002377,0.113908766763679,0.0501200487022583
5372,275000,9653000,1.52970588683817,0.110842468443656,0.0537932865460916
5373,276000,9653000,1.40908390297608,0.10210949421929,0.0525414499018391
5374,277000,9653000,1.37709160643685,0.102057875646027,0.0554993782468935
5375,278000,9653000,1.5211685244352,0.104890069121789,0.0499314126442497
5376,279000,9653000,1.43967076635176,0.100489904112812,0.0805061331008958
5377,280000,9653000,1.59032814858294,0.0998690347207132,0.068896363384295
5378,281000,9653000,1.38773265589052,0.0957573190257701,0.133936101131529
5379,282000,9653000,1.39225129058054,0.0755538611310436,0.0368856605617775
5380,283000,9653000,1.55244219444245,0.0617576048803035,0.0377249739426562
5381,284000,9653000,1.58732675876424,0.0507037844417988,0.00714660631177274
5382,285000,9653000,1.44808591255187,0.0374447376732885,0.0186185137987777
5383,286000,9653000,1.50968013006597,0.0370240681707325,0.0217944025556355
5384,287000,9653000,1.51282018400544,0.0375726831571164,0.0222882072807162
5385,288000,9653000,1.52971617004941,0.0372616646073874,0.00689060687641648
5386,289000,9653000,1.53737696610595,0.0372873606053109,0.0103777619302517
5387,290000,9653000,1.5403512952131,0.0374530698444579,0.0121545475394541
5388,291000,9653000,1.3133894643179,0.0325021263633389,0.027805386049233
5389,292000,9653000,1.48667547268405,0.0314144265158737,0.0701891616377135
5390,293000,9653000,1.51454273087873,0.0314989554777421,0.0391782045022953
5391,294000,9653000,1.45319030114571,0.0315363183665206,0.0796995224180067
5392,295000,9653000,1.44525709107177,0.0318596835374911,0.0079314325269398
5393,296000,9653000,1.31975894146578,0.0316196598287368,0.132115149883648
5394,297000,9653000,1.39383257000128,0.0312852029149151,0.119378688119325
5395,298000,9653000,1.34836013240708,0.0299050613999414,0.0477903636985984
5396,299000,9653000,1.43376723563598,0.0304102714740401,0.0834515770853243
5397,3e+05,9653000,1.49827271470364,0.0317998315648476,0.101721797436641
5398,301000,9653000,1.24289028643941,0.0330247641743638,0.0613986886577462
5399,302000,9653000,1.52000766055424,0.0393243911918505,0.115455745325259
5400,303000,9653000,1.39761596274497,0.0375295559609291,0.137408916086369
5401,304000,9653000,1.50231660847134,0.0309414912777364,0.245784745713912
5402,305000,9653000,1.45065647624586,0.0289142685022543,0.161208425145607
5403,306000,9653000,1.41910941252189,0.0324716769411149,0.0516111388610496
5404,307000,9653000,1.4874294175668,0.029657353879213,0.0500457014188794
5405,308000,9653000,1.35518714170614,0.0339335553086363,0.139722593551236
5406,309000,9653000,1.40047724072129,0.0390431934925954,0.137705650642747
5407,310000,9653000,1.45763258782395,0.0361650830141805,0.232477713202839
5408,311000,9653000,1.43407666163449,0.041353912260605,0.256512456915002
5409,312000,9653000,1.4749202884837,0.0457596289377071,0.128220889839006
5410,313000,9653000,1.39364059918052,0.0360705580083923,0.100001778496709
5411,314000,9653000,1.43658279772962,0.0336824898300445,0.147559063162997
5412,315000,9653000,1.5053201269555,0.0355441183903447,0.0863712490882574
5413,316000,9653000,1.56417623354451,0.0432163227855003,0.153044792337932
5414,317000,9653000,1.39293133078652,0.0481404931581683,0.120724033013099
5415,318000,9653000,1.28822355248702,0.0504066846132168,0.0213367578594649
5416,319000,9653000,1.38216059075442,0.0565512119413224,0.0719635658202362
5417,320000,9653000,1.43244432639895,0.0609018661090102,0.0576681055406569
5418,321000,9653000,1.52053131215275,0.0594276887374901,0.108340565730929
5419,322000,9653000,1.33068860928781,0.062335957005931,0.133455363324353
5420,323000,9653000,1.3063967063135,0.0609387897751806,0.104203335693464
5421,324000,9653000,1.47035700597139,0.0572784660662123,0.153439672193067
5422,325000,9653000,1.48589190137895,0.054335158778705,0.206132487224092
5423,326000,9653000,1.39734173795269,0.0556022414090439,0.123582400229051
5424,327000,9653000,1.51707090555368,0.0553289564048688,0.141842356347848
5425,328000,9653000,1.53937248717118,0.0522320378335585,0.141447005592667
5426,329000,9653000,1.50150568370071,0.0523540528412707,0.109929957003491
5427,330000,9653000,1.37529798455891,0.0513227122083,0.00980523137549886
5428,331000,9653000,1.56865254135087,0.0493891767084531,0.139428240722102
5429,332000,9653000,1.52617416170675,0.0492697585941412,0.107106499911718
5430,333000,9653000,1.44351246506554,0.048821615369843,0.0598149380386552
5431,334000,9653000,1.54387732417042,0.044053282498644,0.0622941984209028
5432,335000,9653000,1.54802450860312,0.0364572551223467,0.0460084627186343
5433,336000,9653000,1.46852582142668,0.0316071842322609,0.0581342775797795
5434,337000,9653000,1.4996276947703,0.0291714712785959,0.107461222466668
5435,338000,9653000,1.35941411352804,0.0286069228168858,0.0402489042175177
5436,339000,9653000,1.26841661069922,0.0280046245224928,0.057092032382562
5437,340000,9653000,1.32348739727505,0.0299009505115594,0.0519054399191464
5438,341000,9653000,1.38494927060147,0.0394259795573715,0.0126244149492376
5439,342000,9653000,1.49108953430706,0.0414923789725842,0.0594158339137423
5440,343000,9653000,1.36671386102254,0.0410503811664103,0.0265562742596557
5441,344000,9653000,1.31324371991759,0.0422900679161044,0.0407280420704792
5442,345000,9653000,1.34490705896576,0.0434157743518138,0.0554187524320729
5443,346000,9653000,1.46722677040671,0.0427047685847891,0.0702454279268991
5444,347000,9653000,1.54958732305659,0.0496058236014775,0.088416398308806
5445,348000,9653000,1.54163318073356,0.049022858635311,0.0559605139590987
5446,349000,9653000,1.56635797575746,0.0521003416628421,0.0610748316380244
5447,350000,9653000,1.59355748345245,0.0568047035355651,0.0639674338235134
5448,351000,9653000,1.53639686924916,0.0574600100540214,0.0846727733273021
5449,352000,9653000,1.04716816556574,0.0603106560974293,0.168870680379144
5450,353000,9653000,1.50499410699162,0.0612761643128689,0.036246203755051
5451,354000,9653000,1.46145728493702,0.0660541957798067,0.0566131520676124
5452,355000,9653000,1.50068891853069,0.0792992680195821,0.0285796378444633
5453,356000,9653000,1.59362591150485,0.0714400307012441,0.0277037909820854
5454,357000,9653000,1.49759254098648,0.0592344790528026,0.025361698419848
5455,358000,9653000,1.56230129236108,0.0595580393978801,0.0182221085828288
5456,359000,9653000,1.5344191012422,0.0597773808127172,0.0294677100644882
5457,360000,9653000,1.53608247023686,0.059405863137549,0.0190921588331975
5458,361000,9653000,1.43006137894695,0.0578867564174179,0.0447507465037506
5459,362000,9653000,1.49867446791985,0.0583223055405457,0.0190376204807109
5460,363000,9653000,1.57427161308447,0.0709956079571425,0.0137464178294608
5461,364000,9653000,1.55563925137092,0.0687937674629962,0.0197933358787656
5462,365000,9653000,1.45182963260879,0.0710347834595783,0.0180865169028689
5463,366000,9653000,1.51261575113517,0.0678955068845796,0.0226847409552146
5464,367000,9653000,1.48033507925758,0.068541621399597,0.038762503924701
5465,368000,9653000,1.49424583764948,0.0649251557421199,0.0278854500664911
5466,369000,9653000,1.57669272833042,0.0636170722245872,0.0524193384968383
5467,370000,9653000,1.54626440483857,0.0663959030972679,0.030729069048204
5468,371000,9653000,1.56784332763865,0.0695512375085254,0.0177694315752209
5469,372000,9653000,1.59112425466507,0.0746014094740972,0.00816639396674715
5470,373000,9653000,1.52161453250279,0.0792902967956043,0.0122169222764399
5471,374000,9653000,1.28383839310734,0.0745579162543301,0.052574007080798
5472,375000,9653000,1.58209285835947,0.0663027287769311,0.031448107617432
5473,262000,9654000,1.54083929564561,0.0924755132907655,0.0259980163244779
5474,263000,9654000,1.58668761570083,0.0983999721749372,0.0032763419697621
5475,264000,9654000,1.54387463889291,0.100866660919403,0.00911201872379389
5476,265000,9654000,1.57648154653528,0.0967799695843228,0.00942832741656249
5477,266000,9654000,1.52347740328187,0.109316519181691,0.0163006721802403
5478,267000,9654000,1.45820190306244,0.119318682669663,0.103287375134342
5479,268000,9654000,1.49995354170247,0.111087936939951,0.0250191247078144
5480,269000,9654000,1.47590622833458,0.10570584803364,0.029889708993247
5481,270000,9654000,1.4173908074519,0.105805253188418,0.0621289855921184
5482,271000,9654000,1.5695855755768,0.109069119597473,0.0278312067563744
5483,272000,9654000,1.5112374301485,0.110225484584484,0.0312337678977323
5484,273000,9654000,1.50929260299331,0.113400989983523,0.0117059762726782
5485,274000,9654000,1.32299247999797,0.114828419572182,0.0733685130407923
5486,275000,9654000,1.57832453465545,0.110532406184093,0.0834619738678585
5487,276000,9654000,1.35455513548959,0.103204533915193,0.125641613117121
5488,277000,9654000,1.35920917868942,0.103376765089633,0.0852625827465086
5489,278000,9654000,1.41339107856059,0.104017380199777,0.0490538131624371
5490,279000,9654000,1.40880451370775,0.0987574922214022,0.0775576789152638
5491,280000,9654000,1.32505446092694,0.091319529713568,0.095132908279704
5492,281000,9654000,1.5026206589585,0.0958843872599168,0.0276732922624969
5493,282000,9654000,1.3813656468275,0.0824749686689533,0.106190979994384
5494,283000,9654000,1.41655608281126,0.0655588364959865,0.0259212104388724
5495,284000,9654000,1.44706153489993,0.0565992575709305,0.0482503278478466
5496,285000,9654000,1.51727984323723,0.0375568937392257,0.010440528030447
5497,286000,9654000,1.48666472387013,0.0362135213545691,0.0116876912037241
5498,287000,9654000,1.48580376080284,0.0360982768939416,0.00927162618836007
5499,288000,9654000,1.51705122260387,0.0356555005875185,0.00233862388354066
5500,289000,9654000,1.53701670288593,0.0366694785718261,0.0176316799125421
5501,290000,9654000,1.53857437511921,0.036865627953712,0.0846323002644265
5502,291000,9654000,1.48908023816279,0.0333686989149382,0.0801634667213219
5503,292000,9654000,1.50276401152784,0.0309215491210537,0.0257138843843239
5504,293000,9654000,1.49912249309941,0.0311880124554777,0.040233261721819
5505,294000,9654000,1.48417191245733,0.0322445599052506,0.112516868702104
5506,295000,9654000,1.33362428605623,0.0332708717144423,0.0547445210868303
5507,296000,9654000,1.28740687704865,0.0317570912756641,0.0518995277786761
5508,297000,9654000,1.46599256973498,0.0314535241651789,0.147558710154722
5509,298000,9654000,1.47600268413022,0.0318484674617127,0.206355366449779
5510,299000,9654000,1.49586813387792,0.0321408800921363,0.243770916735449
5511,3e+05,9654000,1.52463703818975,0.0341946354413458,0.33591604082553
5512,301000,9654000,1.45887470892263,0.0373922523303637,0.123316703238255
5513,302000,9654000,1.43288797560897,0.0384485488017316,0.124483977769185
5514,303000,9654000,1.44620665106556,0.0379139315494068,0.145985533547592
5515,304000,9654000,1.38388372584097,0.0328807794827846,0.0269706356981377
5516,305000,9654000,1.47738974468092,0.0317640535470102,0.0972823421594137
5517,306000,9654000,1.43578842616233,0.031745432516178,0.0987620561688011
5518,307000,9654000,1.50924237311335,0.0322892104050572,0.261144616994964
5519,308000,9654000,1.51324074861425,0.0350968338050103,0.373535723480624
5520,309000,9654000,1.48612187135816,0.0396539262077541,0.285682463531203
5521,310000,9654000,1.44444399408057,0.0390562047437344,0.168593712937699
5522,311000,9654000,1.47596618198177,0.0399092768798247,0.144360519541592
5523,312000,9654000,1.46398182455453,0.0414650725549607,0.198440664017869
5524,313000,9654000,1.42144941653851,0.040425694888702,0.169129774170046
5525,314000,9654000,1.5365656575313,0.0369760725214533,0.148682938470268
5526,315000,9654000,1.53242688991962,0.0421541864719439,0.144944002567973
5527,316000,9654000,1.47207774749923,0.0474137560847775,0.131409697687277
5528,317000,9654000,1.36772406030846,0.0590216362593323,0.0576123599412094
5529,318000,9654000,1.50478907285294,0.0755092931214372,0.0244527861681454
5530,319000,9654000,1.55001468775117,0.0785650562839196,0.0662056314503663
5531,320000,9654000,1.4382727335079,0.0706366065301439,0.0679786008571749
5532,321000,9654000,1.45116466849719,0.0677019764771739,0.108416454740696
5533,322000,9654000,1.55122197811723,0.0695873908117672,0.177115156088631
5534,323000,9654000,1.54143794460283,0.0693676996505888,0.134447627661571
5535,324000,9654000,1.48362490461811,0.0653314545596003,0.138876352308294
5536,325000,9654000,1.54682848665278,0.0606691451047826,0.0435256152683922
5537,326000,9654000,1.46047230121351,0.0619421303114689,0.0862738442610282
5538,327000,9654000,1.50494154573832,0.0625033731191248,0.106864385177983
5539,328000,9654000,1.50413928934373,0.0608381716309672,0.113888514084132
5540,329000,9654000,1.49046222417128,0.0567633157222355,0.179044953274907
5541,330000,9654000,1.50161549159691,0.0582719883301229,0.068470284658976
5542,331000,9654000,1.56850310776805,0.0519877533468366,0.131243798951159
5543,332000,9654000,1.45174200075573,0.0437938302236281,0.0857063060502515
5544,333000,9654000,1.5225781739218,0.0440155872914973,0.122931946876582
5545,334000,9654000,1.58349756162999,0.0426138629974528,0.133894405749624
5546,335000,9654000,1.4499462787478,0.0358710053524802,0.0785525344992778
5547,336000,9654000,1.53581385830403,0.0297309746657792,0.128977165938561
5548,337000,9654000,1.53523708269617,0.029303796060214,0.0989766503069738
5549,338000,9654000,1.47548599970022,0.0276102761320171,0.0504872475487043
5550,339000,9654000,1.52737389072755,0.0282160962210162,0.116625225393672
5551,340000,9654000,1.35765006565353,0.0291026399399359,0.0238278356874709
5552,341000,9654000,1.32983507157364,0.0376595917569817,0.0280780307452779
5553,342000,9654000,1.39778640610163,0.0417320843150835,0.028596560117526
5554,343000,9654000,1.38010397473507,0.0408555610155346,0.0454477889331027
5555,344000,9654000,1.33706603211869,0.0422932109124159,0.0495308970199385
5556,345000,9654000,1.40669442716185,0.0437553181755525,0.0608714721563543
5557,346000,9654000,1.38029254920533,0.0449674881894822,0.0571383636436412
5558,347000,9654000,1.4248138024664,0.0528290435231337,0.058310844755108
5559,348000,9654000,1.5712646597425,0.0517268068317551,0.0738104877533496
5560,349000,9654000,1.56466195240367,0.0550182666965012,0.0614612606583002
5561,350000,9654000,1.55810035517704,0.0583677333753229,0.0584810695306272
5562,351000,9654000,1.53953633475676,0.0604930482454166,0.0580845162334633
5563,352000,9654000,1.47223707777299,0.0633942775878807,0.0570329386174208
5564,353000,9654000,1.38929986688382,0.0660977145546739,0.0745591312132042
5565,354000,9654000,1.45204411937793,0.0695865542534289,0.0547348995186857
5566,355000,9654000,1.51475691598496,0.0756610604222527,0.0766335723557925
5567,356000,9654000,1.4975869321473,0.0666370991743228,0.0341050971974565
5568,357000,9654000,1.42523814588354,0.0608331556103415,0.0689959142292401
5569,358000,9654000,1.52942651635367,0.0613422011897705,0.0207227318368328
5570,359000,9654000,1.53531336438788,0.0622082531871958,0.0184212396672145
5571,360000,9654000,1.52055935680083,0.0587387003240368,0.0100545663611237
5572,361000,9654000,1.35057851568935,0.057601959050558,0.0675379219584859
5573,362000,9654000,1.44551541863787,0.0634130519628836,0.032312756648275
5574,363000,9654000,1.50666956225275,0.0747185571800584,0.0288780485305734
5575,364000,9654000,1.48265985521357,0.0789500162977002,0.0267914826469006
5576,365000,9654000,1.55471533866569,0.0734868818826677,0.0194315132856753
5577,366000,9654000,1.32393684016628,0.0702548534123718,0.0242803337043777
5578,367000,9654000,1.35007760456128,0.0687701757467897,0.0535511225899546
5579,368000,9654000,1.31651954726234,0.0648208728698928,0.100450231938563
5580,369000,9654000,1.44970392465678,0.0634181865171183,0.0549953909439254
5581,370000,9654000,1.5750723420218,0.0663939743083913,0.0321171677394076
5582,371000,9654000,1.57067136790042,0.0709456172639299,0.00797846438878164
5583,372000,9654000,1.52841031865098,0.0753741808924571,0.030071215988372
5584,373000,9654000,1.53724178246319,0.0814866239654649,0.0223929509636625
5585,374000,9654000,1.51720390359536,0.0776836877663833,0.00807254884964875
5586,375000,9654000,1.54428962861281,0.0725418071797214,0.0330796064253753
5587,262000,9655000,1.3877994091407,0.0821613895527104,0.0151581059242023
5588,263000,9655000,1.44767652144754,0.0849142104016243,0.0070040654430332
5589,264000,9655000,1.51601657504225,0.0906018451790994,0.0226916599811033
5590,265000,9655000,1.56904069610876,0.101493356170434,0.0160827310913258
5591,266000,9655000,1.26011490608611,0.115912207243346,0.0305870999418992
5592,267000,9655000,1.28406474953009,0.119214676359423,0.0171208588979937
5593,268000,9655000,1.52769178680201,0.110094846884122,0.00996679548979688
5594,269000,9655000,1.51961634525539,0.109723024783948,0.0134066880498503
5595,270000,9655000,1.528539201999,0.113172227719085,0.015448748918073
5596,271000,9655000,1.50965080911798,0.10973468124586,0.0188853192816479
5597,272000,9655000,1.53067797898053,0.110130168296113,0.0419351256164519
5598,273000,9655000,1.43418788910777,0.104187885855539,0.0285987771498042
5599,274000,9655000,1.4997129939078,0.106864223219309,0.0286894985996777
5600,275000,9655000,1.56612105503533,0.09938666118258,0.00585422000663839
5601,276000,9655000,1.57323252940036,0.0966268347446059,0.0146764289679757
5602,277000,9655000,1.27550811818054,0.103081699759326,0.0947789180821587
5603,278000,9655000,1.43009536953586,0.105010491130632,0.0337288247821069
5604,279000,9655000,1.4392382443613,0.095249902462193,0.0574247071315849
5605,280000,9655000,1.53437991530102,0.0913247827604637,0.0484256413059024
5606,281000,9655000,1.53644341354131,0.0860140988323439,0.0167162928444285
5607,282000,9655000,1.40492843875098,0.0838454952330622,0.0381826298670757
5608,283000,9655000,1.37928696171358,0.0669766139684217,0.0585054060188367
5609,284000,9655000,1.54793871994486,0.0581539029678059,0.012228483741462
5610,285000,9655000,1.35432042514524,0.0385126348375044,0.00837122644257427
5611,286000,9655000,1.52846028025382,0.0373009412009584,0.00981612056612399
5612,287000,9655000,1.32643776891631,0.0364400434935302,0.0997677122697707
5613,288000,9655000,1.28767278752347,0.035357176094813,0.102283118168061
5614,289000,9655000,1.50067488550704,0.0348049080180519,0.0295766938863933
5615,290000,9655000,1.50480091398378,0.0350293479705518,0.0703765983704855
5616,291000,9655000,1.48079029269149,0.0335196900448498,0.0257753025653061
5617,292000,9655000,1.4705043017047,0.031306918143868,0.0589657025783137
5618,293000,9655000,1.52545182800559,0.0320335413646323,0.107719914425071
5619,294000,9655000,1.46451431698429,0.0331134051754788,0.117728697990288
5620,295000,9655000,1.31957251413969,0.0331982908427884,0.0836770392508979
5621,296000,9655000,1.35968723748371,0.0325969836825609,0.0900221317623065
5622,297000,9655000,1.48468370785287,0.0327326373854769,0.339476653443117
5623,298000,9655000,1.48521312492381,0.0337242006371326,0.294989150445062
5624,299000,9655000,1.43033061587467,0.033387411732207,0.290856946643064
5625,3e+05,9655000,1.50325616121978,0.0338280291895738,0.268904959448514
5626,301000,9655000,1.44621775365227,0.0387394334949291,0.296058173125112
5627,302000,9655000,1.3401909029542,0.0358778793012596,0.0928118801955992
5628,303000,9655000,1.24255665581976,0.0345701048594591,0.0970537744406435
5629,304000,9655000,1.41843579902858,0.034179581532883,0.154963262179335
5630,305000,9655000,1.4631164970079,0.0330152805398523,0.101017192585241
5631,306000,9655000,1.34864244301227,0.034198110757151,0.138408318572442
5632,307000,9655000,1.20997616978994,0.0358958368736843,0.143056035890519
5633,308000,9655000,1.51667288240919,0.0351809107785157,0.264466345334449
5634,309000,9655000,1.4853161412378,0.0395258250329446,0.15929388773112
5635,310000,9655000,1.51137407534982,0.038084083985435,0.195698553801009
5636,311000,9655000,1.43403411568543,0.0376988055924356,0.153540540079917
5637,312000,9655000,1.46986871211527,0.0393959728197424,0.328335346948921
5638,313000,9655000,1.42816254064701,0.0409563941280956,0.224303729065311
5639,314000,9655000,1.39050768348996,0.0434215851479793,0.230510186280078
5640,315000,9655000,1.33491380652111,0.049090460642738,0.0479176016170839
5641,316000,9655000,1.28614881234889,0.0534568089352227,0.127140036391887
5642,317000,9655000,1.49327533072378,0.0749798708331383,0.0984896028452351
5643,318000,9655000,1.59929236928712,0.0892632971047665,0.0985552087458814
5644,319000,9655000,1.55403712484441,0.10209178873324,0.0590801455469156
5645,320000,9655000,1.59824400790277,0.0957099159112604,0.0683030563764629
5646,321000,9655000,1.53294471836578,0.0884197574522818,0.166071608318636
5647,322000,9655000,1.49370681736284,0.0833841908840332,0.103231990206138
5648,323000,9655000,1.51177563336841,0.0881349077787777,0.0647811477639529
5649,324000,9655000,1.40852624943055,0.0720664238636258,0.0740450964132776
5650,325000,9655000,1.35457843157982,0.0706295733810853,0.0323828694130542
5651,326000,9655000,1.41655441158625,0.0693059792995957,0.0890501197875968
5652,327000,9655000,1.47882250037902,0.07324212682578,0.0609079459011207
5653,328000,9655000,1.42639913783376,0.0712119527819272,0.0359571898107518
5654,329000,9655000,1.33210690406643,0.0662901236723921,0.0419031653552529
5655,330000,9655000,1.40098007942944,0.0596170280723715,0.0188600935292926
5656,331000,9655000,1.45199626794622,0.0526929122971852,0.0572556404763054
5657,332000,9655000,1.43398833757953,0.0466014489748029,0.0729745683153987
5658,333000,9655000,1.53242003874542,0.040551889356429,0.133011153519102
5659,334000,9655000,1.5386434910016,0.0384677101274996,0.0937453198412782
5660,335000,9655000,1.54683174069379,0.0353193925931916,0.0980484160806288
5661,336000,9655000,1.24801158451038,0.0327049219620444,0.0493714993071387
5662,337000,9655000,1.19011606854959,0.03112841843432,0.0779141167189635
5663,338000,9655000,1.2019027318388,0.0285591699812483,0.0721916848037219
5664,339000,9655000,1.38236249198873,0.0278651492491108,0.0279022908747873
5665,340000,9655000,1.52042389286734,0.0275346893609375,0.0342587876529409
5666,341000,9655000,1.33849448119966,0.0371467559514197,0.0285783218724597
5667,342000,9655000,1.39996304900694,0.0427268510006526,0.0390686562898653
5668,343000,9655000,1.40770225440743,0.0447120329579049,0.0650274948988989
5669,344000,9655000,1.40337491482091,0.0433718372757669,0.053784844787396
5670,345000,9655000,1.37726192656067,0.0461090665525229,0.0641253818857811
5671,346000,9655000,1.42898342674076,0.0458794839109351,0.0591742547122426
5672,347000,9655000,1.45287199049864,0.0507309944171519,0.0403028932265636
5673,348000,9655000,1.51668441478292,0.0520882994359175,0.07613336073648
5674,349000,9655000,1.58095618332749,0.0584346126631002,0.00760780021067474
5675,350000,9655000,1.42032812709995,0.0632474426488574,0.0538607578534748
5676,351000,9655000,1.4811229600052,0.0606947388394533,0.0658976530850658
5677,352000,9655000,1.50249320420981,0.0619691532627832,0.0522323409241419
5678,353000,9655000,1.53840592455192,0.0666810130334883,0.0146374771671569
5679,354000,9655000,1.50916502400331,0.0670859709714573,0.0321361580466575
5680,355000,9655000,1.35009048035933,0.0683521810151774,0.0946508112629254
5681,356000,9655000,1.43382947143302,0.0683929959422805,0.0680830692768082
5682,357000,9655000,1.54324334083863,0.0627858477684791,0.012194860229657
5683,358000,9655000,1.49213273516634,0.0634297627572515,0.0294826892267672
5684,359000,9655000,1.47973305367525,0.0623601250478859,0.0192112483969599
5685,360000,9655000,1.46749907436381,0.0595955626452475,0.0290967067277928
5686,361000,9655000,1.51350411343341,0.0587226273841722,0.0163619240076691
5687,362000,9655000,1.4856135027452,0.0649888920482594,0.0262955129395581
5688,363000,9655000,1.491414335409,0.071384018930972,0.0306875955658457
5689,364000,9655000,1.39190931555116,0.0715095615359416,0.0494728913953668
5690,365000,9655000,1.49353447395299,0.0619829255550546,0.0201804831784995
5691,366000,9655000,1.4379383285993,0.0647509551551581,0.0072725437126459
5692,367000,9655000,1.52160272405923,0.0638547453402207,0.0226803608665079
5693,368000,9655000,1.19583610202548,0.0669922314179193,0.109049923081524
5694,369000,9655000,1.40584744545443,0.0669207264759965,0.0688423733469826
5695,370000,9655000,1.58234209397595,0.069512173550494,0.00897470163563881
5696,371000,9655000,1.57929003901189,0.0699644172174583,0.00337571625928068
5697,372000,9655000,1.55860070815815,0.0712081765213908,0.00639398948900187
5698,373000,9655000,1.5747346951735,0.0795907046551345,0.0145108534366558
5699,374000,9655000,1.49810200158851,0.074158176534407,0.0275104534840548
5700,375000,9655000,1.44289713767256,0.0682571094551404,0.0470165449827625
5701,262000,9656000,1.58854909700054,0.0920203667566508,0.0070278035024637
5702,263000,9656000,1.57063867937886,0.093883221825475,0.0144441846631172
5703,264000,9656000,1.57896203451602,0.090741588895111,0.00959375462450214
5704,265000,9656000,1.59474378113968,0.0966549371028962,0.0112538837132724
5705,266000,9656000,1.50665601950104,0.109816328610714,0.0840443095608685
5706,267000,9656000,1.3455841941255,0.12231444166691,0.0113190925290522
5707,268000,9656000,1.43784948413626,0.11828034723868,0.0342751025838505
5708,269000,9656000,1.52530174014069,0.112372840053469,0.0499327696936439
5709,270000,9656000,1.4845858607632,0.123146486443941,0.0610484580438229
5710,271000,9656000,1.42629213828192,0.123009359411415,0.0262487153554885
5711,272000,9656000,1.59656262057964,0.113956451039002,0.0299533120998754
5712,273000,9656000,1.52903417470445,0.10621704322006,0.0247524517544932
5713,274000,9656000,1.56422354414875,0.101238949057619,0.0205049952876168
5714,275000,9656000,1.31930861089674,0.0961323248227318,0.0919885833414936
5715,276000,9656000,1.32697519499733,0.0933897692588443,0.0753951122406798
5716,277000,9656000,1.56056358187925,0.100339807646509,0.0382918307035086
5717,278000,9656000,1.41935516784288,0.104835105350379,0.0471765161430299
5718,279000,9656000,1.36954328950328,0.0966172558347258,0.0810455132014088
5719,280000,9656000,1.56025646171912,0.084582456095578,0.0152796871642924
5720,281000,9656000,1.46311858554683,0.0853700385824418,0.0546617539494668
5721,282000,9656000,1.55290808663106,0.0849320319892229,0.0168413857227444
5722,283000,9656000,1.49355550020436,0.0739119667031351,0.0217134707947855
5723,284000,9656000,1.42148974675013,0.0654383168859571,0.024498960965853
5724,285000,9656000,1.04094883716451,0.0482310141763731,0.182257402591552
5725,286000,9656000,1.50918452896987,0.0371277561303222,0.0181087047037975
5726,287000,9656000,1.15850430393312,0.0374724879647656,0.0943792108124764
5727,288000,9656000,1.29453962283816,0.0384114101509816,0.0632189446014674
5728,289000,9656000,1.46080745061585,0.0335060037155869,0.0698332908263563
5729,290000,9656000,1.45378907823919,0.0322403653571261,0.0195605579152278
5730,291000,9656000,1.42210256981986,0.0315540540037932,0.0233329430440295
5731,292000,9656000,1.46269968674478,0.0304549963226143,0.0729493333478344
5732,293000,9656000,1.49328375229103,0.031053294103812,0.0634583256929895
5733,294000,9656000,1.48117336901172,0.0325307666794285,0.137235565507874
5734,295000,9656000,1.49253912321887,0.0332713260290773,0.10914255663697
5735,296000,9656000,1.47150067678839,0.0328364206130767,0.278868939191665
5736,297000,9656000,1.49160991962577,0.033973835801803,0.284492882057958
5737,298000,9656000,1.46905319086846,0.0358186082925379,0.148945404105365
5738,299000,9656000,1.52440262701951,0.0383413750886069,0.261600469727564
5739,3e+05,9656000,1.39120051755073,0.035631446425806,0.203875230889594
5740,301000,9656000,1.51022506691571,0.0393163681069749,0.303212060852706
5741,302000,9656000,1.388385560947,0.0335742819744241,0.152640936397838
5742,303000,9656000,1.44889188091418,0.0339134795560979,0.164384307490775
5743,304000,9656000,1.41785814232394,0.0326909869946079,0.312201023452284
5744,305000,9656000,1.48849600441047,0.0324090607427954,0.120754482571388
5745,306000,9656000,1.44002936356614,0.032856061810506,0.147025741790434
5746,307000,9656000,1.29374498823353,0.038772159142028,0.0471662517827271
5747,308000,9656000,1.44029029347042,0.0341421524037214,0.190874787527674
5748,309000,9656000,1.52162467508791,0.03481357949147,0.288029010725772
5749,310000,9656000,1.51565607698092,0.0347389791894375,0.239155861806305
5750,311000,9656000,1.3878810554401,0.0356636492032802,0.0716841948048091
5751,312000,9656000,1.38879403019344,0.0358485488106474,0.12516300722767
5752,313000,9656000,1.47883350080385,0.0439511062076125,0.24690967986671
5753,314000,9656000,1.44798396062877,0.0526971812144212,0.188371720503524
5754,315000,9656000,1.45050312089218,0.0620299812167281,0.0648749790592869
5755,316000,9656000,1.59491067792672,0.0839787182080601,0.0642691701491319
5756,317000,9656000,1.56679949063484,0.0922939138504772,0.0839964835019395
5757,318000,9656000,1.50713396302423,0.0951419362443092,0.0442432675207227
5758,319000,9656000,1.47457832867794,0.102053779798206,0.0171361196793149
5759,320000,9656000,1.52036106235312,0.106299250585594,0.00912360606085472
5760,321000,9656000,1.54967567793402,0.101827523748484,0.03122840272977
5761,322000,9656000,1.52030917054651,0.0940794200115467,0.0169048997443679
5762,323000,9656000,1.49860578061632,0.0885792050493677,0.0174020152364574
5763,324000,9656000,1.31691903113011,0.0807886236059152,0.0307016997490963
5764,325000,9656000,1.34602490364156,0.0750165819031153,0.0426911378682713
5765,326000,9656000,1.4401594602563,0.073679880128173,0.0174051033856121
5766,327000,9656000,1.44087958566726,0.0780791376514295,0.059423500615584
5767,328000,9656000,1.39193164554914,0.0766019299913439,0.0356375299577981
5768,329000,9656000,1.39268446475078,0.0701055679919914,0.0279871004068396
5769,330000,9656000,1.44554244038209,0.0622515337927197,0.13715198911116
5770,331000,9656000,1.49416879588689,0.0539702884307927,0.10796406070961
5771,332000,9656000,1.54140985671927,0.0443698875790455,0.091309427848907
5772,333000,9656000,1.53871349972919,0.0394265187019404,0.143718274702641
5773,334000,9656000,1.50623683280628,0.0330287553939631,0.0934124961407586
5774,335000,9656000,1.55404557100623,0.029384957748829,0.202522129715134
5775,336000,9656000,1.29508395454579,0.0318939719821993,0.018203606519372
5776,337000,9656000,1.23815216440414,0.0310330428955285,0.0662290855785585
5777,338000,9656000,1.41249093609132,0.0347724228989457,0.052380341329267
5778,339000,9656000,1.29494300987153,0.029399948926899,0.0287777808673633
5779,340000,9656000,1.20932905366352,0.0321838957564504,0.0447326902938816
5780,341000,9656000,1.58204552007608,0.0417129125354187,0.0198824008157698
5781,342000,9656000,1.3635293567651,0.0433264106241884,0.0135287614615054
5782,343000,9656000,1.47487097471229,0.0435675567488766,0.0425326937893363
5783,344000,9656000,1.4969642077768,0.0442216025774827,0.0569824821244004
5784,345000,9656000,1.48705983980732,0.0451687058941798,0.0500911638342402
5785,346000,9656000,1.43666195249609,0.0453046314855669,0.110079320806239
5786,347000,9656000,1.56416771021845,0.0504946168498255,0.0828187794176487
5787,348000,9656000,1.36006578002211,0.0526240914238492,0.0499607392783114
5788,349000,9656000,1.58214908964371,0.0570255159451913,0.0750202727173567
5789,350000,9656000,1.49509240429093,0.0593414505998022,0.0385898531212508
5790,351000,9656000,1.52975809894982,0.0625459960456484,0.0457092244194236
5791,352000,9656000,1.4887365215125,0.0651780175801583,0.0341497917798173
5792,353000,9656000,1.49263268407309,0.0682118400584385,0.0314178412609528
5793,354000,9656000,1.41493692471045,0.068145411613635,0.0730971721959971
5794,355000,9656000,1.47635678788718,0.0703372235369141,0.0301171483453575
5795,356000,9656000,1.53814027227736,0.0737138606647217,0.0661634985599301
5796,357000,9656000,1.40405921595711,0.0657199456594188,0.0575551699950018
5797,358000,9656000,1.39908762426572,0.067521527022801,0.0775017303824607
5798,359000,9656000,1.52819241626178,0.0658362196066434,0.0625357209544165
5799,360000,9656000,1.46257439157155,0.0664238183664185,0.0585397443631572
5800,361000,9656000,1.38455005049016,0.0655934595423961,0.059052948658529
5801,362000,9656000,1.4722609128426,0.0667960088228075,0.00990266336563611
5802,363000,9656000,1.30682916495672,0.0647317740788673,0.0561810449205922
5803,364000,9656000,1.53076552325181,0.0638259307361535,0.0177850031127443
5804,365000,9656000,1.3533767007265,0.0591949456630039,0.051379727462956
5805,366000,9656000,1.19356490052403,0.063625269590017,0.0539886169873038
5806,367000,9656000,1.04892248850508,0.0662385143984063,0.0663988749643323
5807,368000,9656000,1.33122429819451,0.0675116576559788,0.0961861014436417
5808,369000,9656000,1.42594945840983,0.0694592547894953,0.0441123287676723
5809,370000,9656000,1.57022949799656,0.0675724484507763,0.0290037989720222
5810,371000,9656000,1.54819594032752,0.0683753485994825,0.0135306750684624
5811,372000,9656000,1.55002970275713,0.0682128207238388,0.0134855802158695
5812,373000,9656000,1.58476154896245,0.0786203418899124,0.00807503370987649
5813,374000,9656000,1.55804331264274,0.0742290017257723,0.0137925672279013
5814,375000,9656000,1.30630672448218,0.0645078852744808,0.0509504251262643
5815,262000,9657000,1.52158467186072,0.10138905845748,0.0124592646170758
5816,263000,9657000,1.55320549679103,0.09993912907292,0.0164483060401199
5817,264000,9657000,1.56651142440442,0.103673058489262,0.00943052641118883
5818,265000,9657000,1.57988961123987,0.0887210890227421,0.0198673172368714
5819,266000,9657000,1.53772135019936,0.106388291359196,0.0221037713983546
5820,267000,9657000,1.4516286630583,0.122861379963128,0.0386173676124377
5821,268000,9657000,1.4044484867285,0.136752509806433,0.0674077889741242
5822,269000,9657000,1.43759773886305,0.130416884003313,0.0175863199628261
5823,270000,9657000,1.48642619513379,0.128861294030176,0.0169738606175016
5824,271000,9657000,1.42005684400769,0.123332040175085,0.0264308360027615
5825,272000,9657000,1.55330261927544,0.117270519657587,0.016767004076648
5826,273000,9657000,1.54175213899727,0.108771013523026,0.0213725903012436
5827,274000,9657000,1.47378426949177,0.0995969803209813,0.0152742684256826
5828,275000,9657000,1.49552880470523,0.103471191301904,0.0385527631005919
5829,276000,9657000,1.47215826482291,0.102831297705314,0.0126578662105025
5830,277000,9657000,1.50892842607156,0.101164060544038,0.0183217323191949
5831,278000,9657000,1.5601060014189,0.103485307524988,0.00826377535385244
5832,279000,9657000,1.44527922301044,0.0945871735494989,0.0166372646618174
5833,280000,9657000,1.49576966253947,0.0864924556641682,0.0516074497292964
5834,281000,9657000,1.4176971905203,0.0879073294360439,0.0195941626000758
5835,282000,9657000,1.38058840478954,0.0866914064036296,0.0204232860201363
5836,283000,9657000,1.40057514104212,0.0856790353953447,0.0644300918318361
5837,284000,9657000,1.55366157551029,0.0868104806413216,0.024003733739653
5838,285000,9657000,1.5113597361128,0.0622482072018924,0.0145383376423464
5839,286000,9657000,1.36781621207131,0.0379637874595611,0.0305576931446821
5840,287000,9657000,1.3365785648289,0.0371907964213484,0.0318869407660413
5841,288000,9657000,1.26638160287533,0.037917913445262,0.069832531490792
5842,289000,9657000,1.44910172348466,0.0339827407915443,0.0845149819384221
5843,290000,9657000,1.4411942585041,0.0324943937484343,0.119673175086977
5844,291000,9657000,1.45095548121548,0.0311205626511825,0.0846441896672877
5845,292000,9657000,1.47562825664716,0.0301987196073898,0.151592798933534
5846,293000,9657000,1.4792794475563,0.0318633528957138,0.122096253973652
5847,294000,9657000,1.47698524703626,0.0330696784170534,0.223826675327592
5848,295000,9657000,1.47143281886529,0.0336984372479614,0.105183386931948
5849,296000,9657000,1.45558839804309,0.0356551427295029,0.307993224324782
5850,297000,9657000,1.50856881000087,0.0376665226444322,0.253376233587139
5851,298000,9657000,1.5210100550604,0.0384690393707163,0.136705867555945
5852,299000,9657000,1.50725394829279,0.0390727784525789,0.161866652688383
5853,3e+05,9657000,1.47943723041366,0.0369805854335169,0.203880370862866
5854,301000,9657000,1.50081643842284,0.0386915691183933,0.217560877651267
5855,302000,9657000,1.38142017255514,0.0368071226522801,0.253344976355552
5856,303000,9657000,1.45859504868499,0.0380110453170315,0.221550119345821
5857,304000,9657000,1.44254781078892,0.0339275249153426,0.248468452755859
5858,305000,9657000,1.48068099407411,0.0335509284273663,0.101622986541249
5859,306000,9657000,1.54683437840368,0.0320743482017687,0.180406371252357
5860,307000,9657000,1.30556638162889,0.0352264745429738,0.0908373070509447
5861,308000,9657000,1.47021575988962,0.0389929041775907,0.21892430014735
5862,309000,9657000,1.4694095249162,0.0379772727802946,0.31281045771995
5863,310000,9657000,1.52831096161319,0.0376411252712442,0.173073540280237
5864,311000,9657000,1.55348883855913,0.0434867901062525,0.233526024253268
5865,312000,9657000,1.45857761893977,0.0484230956332557,0.152417243565603
5866,313000,9657000,1.45379252989478,0.0572887909507577,0.0406120724688691
5867,314000,9657000,1.42983056504906,0.0608864612775432,0.0890889460259405
5868,315000,9657000,1.52026372635802,0.0844265070369031,0.116325192791754
5869,316000,9657000,1.54356355085354,0.102352746836277,0.0949972451165616
5870,317000,9657000,1.45283767526979,0.0993052531234211,0.054400553047662
5871,318000,9657000,1.49138327031941,0.0952603609178999,0.087210328125082
5872,319000,9657000,1.43054175261588,0.0994542805758854,0.0396895080588304
5873,320000,9657000,1.48476000570616,0.108090954475522,0.0100688407530717
5874,321000,9657000,1.53181599038735,0.107840768571693,0.00981981917644803
5875,322000,9657000,1.51594048530959,0.102882729203505,0.0137219537485633
5876,323000,9657000,1.53236612901223,0.0900032697372737,0.013430837242068
5877,324000,9657000,1.46818218786943,0.0828727726296676,0.021432123851055
5878,325000,9657000,1.23852894504034,0.0782510899183491,0.0521306828220399
5879,326000,9657000,1.4833246982657,0.079375972558207,0.0235408390278133
5880,327000,9657000,1.31422417351221,0.0798464445380377,0.0251816180442174
5881,328000,9657000,1.42170366874513,0.0817205882183079,0.175069815543535
5882,329000,9657000,1.44736370906654,0.0645111394324887,0.0557174173262479
5883,330000,9657000,1.45601714232638,0.0578227900615737,0.0817993853037907
5884,331000,9657000,1.29639526948213,0.0565869620677887,0.0494821749631861
5885,332000,9657000,1.47337265902512,0.043475777374755,0.0761846251214258
5886,333000,9657000,1.44583763210373,0.035702504017431,0.0509535385131711
5887,334000,9657000,1.51820061921394,0.0322675637255968,0.0982980731406208
5888,335000,9657000,1.53162671423578,0.0271975565236192,0.135269220787854
5889,336000,9657000,1.51199989490917,0.0285225971929139,0.0906360874538032
5890,337000,9657000,1.34664912804795,0.0284721219655404,0.0351734284585274
5891,338000,9657000,1.44448710802908,0.0346522483731909,0.0301813907665603
5892,339000,9657000,1.26934436507536,0.0295494446534141,0.0296554820024932
5893,340000,9657000,1.16719495840553,0.0328095069375505,0.0899742145719608
5894,341000,9657000,1.40732080394837,0.0464018068429056,0.0471234807228452
5895,342000,9657000,1.29102290763478,0.0454958461654075,0.0853549687529497
5896,343000,9657000,1.41314139741509,0.0444408115284782,0.0471582877680453
5897,344000,9657000,1.39532412445111,0.0450410729688912,0.049605856392888
5898,345000,9657000,1.45679043334534,0.0439223589922393,0.077274047812228
5899,346000,9657000,1.49877285169195,0.0446192636137711,0.106107953613868
5900,347000,9657000,1.40322483571776,0.0516411787013936,0.0205129864842138
5901,348000,9657000,1.58714969642765,0.05499831756611,0.0988743270948748
5902,349000,9657000,1.58185710526273,0.0568749152098736,0.0750752169635664
5903,350000,9657000,1.49813716363722,0.06011361780931,0.0320800300443594
5904,351000,9657000,1.48753980429128,0.0609665772458461,0.0597337983740286
5905,352000,9657000,1.53867925635424,0.0630038437026834,0.0176282849368058
5906,353000,9657000,1.47766034465807,0.0740986463892045,0.0614043509848705
5907,354000,9657000,1.4696826017172,0.0706047593003205,0.0425146089536044
5908,355000,9657000,1.47883369081968,0.0672923743364777,0.0500532330762543
5909,356000,9657000,1.47546763350358,0.0700864380599176,0.0459997988620389
5910,357000,9657000,1.38884931149091,0.069455831764795,0.0656720379985355
5911,358000,9657000,1.25465377454717,0.0652681853690848,0.0780878827942121
5912,359000,9657000,1.39320609532602,0.0606573143687659,0.0415712044536198
5913,360000,9657000,1.42401973210271,0.0659293956082604,0.0196976908032241
5914,361000,9657000,1.48220795493862,0.0682438894678918,0.0399116154830839
5915,362000,9657000,1.49592337060358,0.0656285090610035,0.0436505867548886
5916,363000,9657000,1.49505656994066,0.0640522541665181,0.0160265478920298
5917,364000,9657000,1.51736177453159,0.0631905791295083,0.0244195281627781
5918,365000,9657000,1.41789689073104,0.0622280849479149,0.0317325803309598
5919,366000,9657000,1.13250767338443,0.0645148238940845,0.0707943524059828
5920,367000,9657000,1.0915955461132,0.0669065231152539,0.0530502904256434
5921,368000,9657000,1.44401607541113,0.0662096486858702,0.0441812926999283
5922,369000,9657000,1.44543656328107,0.0691766058379875,0.0474298518069437
5923,370000,9657000,1.56015743219979,0.0672809990719123,0.00390442064846102
5924,371000,9657000,1.54695126564779,0.0665333740461062,0.013022440241027
5925,372000,9657000,1.55027829613596,0.070427388977926,0.019239396603057
5926,373000,9657000,1.54466379008447,0.0740578000666271,0.0265048715331108
5927,374000,9657000,1.57897958127162,0.0684908510434321,0.0256867892217598
5928,375000,9657000,1.57845969708985,0.0635573302140014,0.0328206003552794
5929,262000,9658000,1.59399664179131,0.101798474303015,0.00499135714099301
5930,263000,9658000,1.57296663888935,0.104006912351589,0.0162459324018799
5931,264000,9658000,1.55803675515853,0.0905688976421246,0.00477972191780418
5932,265000,9658000,1.44804156831812,0.0778519160500851,0.025671937399992
5933,266000,9658000,1.56444649594224,0.11087908302639,0.00905413244184061
5934,267000,9658000,1.39796502309182,0.128808110274186,0.0286710650726486
5935,268000,9658000,1.42636815867465,0.135431182677497,0.0227772901637478
5936,269000,9658000,1.43426523725089,0.133949397067046,0.0217479131725821
5937,270000,9658000,1.42590754373294,0.12951421626584,0.0375377608688121
5938,271000,9658000,1.45210527657689,0.124148194413915,0.0147815386027605
5939,272000,9658000,1.54153044215769,0.113734971666454,0.0201127904149581
5940,273000,9658000,1.52814314050832,0.108741335599727,0.0187254008613144
5941,274000,9658000,1.54120311335712,0.103575539273259,0.0203210273434755
5942,275000,9658000,1.54533750183979,0.107398149135988,0.00841406522027608
5943,276000,9658000,1.46565839961688,0.102515844125415,0.0263287790667943
5944,277000,9658000,1.49205620177004,0.0996160080065481,0.0315265269422397
5945,278000,9658000,1.57113960253324,0.103710234334869,0.0252080824426976
5946,279000,9658000,1.56368445381115,0.0924026062441974,0.0196973364714044
5947,280000,9658000,1.44121887858342,0.0831030640491586,0.0687752698421945
5948,281000,9658000,1.49901026876302,0.0796056795525249,0.0751613248476043
5949,282000,9658000,1.34908352600375,0.0824278061007026,0.0618108098658324
5950,283000,9658000,1.40422987184686,0.0813053146862674,0.0641898488812671
5951,284000,9658000,1.44817591551789,0.0778863578938279,0.104610781757116
5952,285000,9658000,1.2893973034803,0.06842941071598,0.0718039412145016
5953,286000,9658000,1.21390012396717,0.0411408440719218,0.0226963120456937
5954,287000,9658000,1.41254762860077,0.0375184467678561,0.0363825537673474
5955,288000,9658000,1.45443111142153,0.0364096556405542,0.0311297117145975
5956,289000,9658000,1.48206395000178,0.0354471184534657,0.0538734324821991
5957,290000,9658000,1.50624816054184,0.0338944181523989,0.0654854760872086
5958,291000,9658000,1.47996169112329,0.033257759385673,0.0911505427674822
5959,292000,9658000,1.46823830700345,0.0317584181945782,0.082026209020437
5960,293000,9658000,1.48170905248598,0.0322899063925762,0.0896487726617382
5961,294000,9658000,1.49712718507935,0.0328222788153923,0.0507833715114307
5962,295000,9658000,1.48964891247822,0.034908536719624,0.268709516815923
5963,296000,9658000,1.51166812096088,0.0367727366154108,0.231535689975687
5964,297000,9658000,1.50092588108272,0.0392529060410952,0.0999386686580279
5965,298000,9658000,1.32876375681956,0.0427951734301553,0.32401133321822
5966,299000,9658000,1.50232183405215,0.0394839945318819,0.209223730208158
5967,3e+05,9658000,1.5096202801498,0.0357324038436349,0.193747922510662
5968,301000,9658000,1.31799237965387,0.032416983921098,0.199730135537437
5969,302000,9658000,1.38402531716864,0.038879062145595,0.246505837907981
5970,303000,9658000,1.44028904698586,0.0397585181207606,0.146137174537466
5971,304000,9658000,1.42848419092502,0.0361976215900382,0.310667745275762
5972,305000,9658000,1.5533328244643,0.0330543131203077,0.204954499895581
5973,306000,9658000,1.46872748562273,0.0275542654627236,0.15060554740068
5974,307000,9658000,1.48719696446255,0.0310133865960517,0.141424250672958
5975,308000,9658000,1.47601275998549,0.0349244028260593,0.0949112487221303
5976,309000,9658000,1.53373748259103,0.041942111739413,0.0864425491199665
5977,310000,9658000,1.52989296330046,0.0509850053775003,0.291005256457275
5978,311000,9658000,1.42698488326181,0.0553003567534151,0.0281525862326588
5979,312000,9658000,1.49943714930628,0.0615620933681139,0.129072082611336
5980,313000,9658000,1.47161313214027,0.0731162391093527,0.0521868376473212
5981,314000,9658000,1.50926613105751,0.0843323724697839,0.0719617364134936
5982,315000,9658000,1.21300705702631,0.115579661707556,0.150453925410193
5983,316000,9658000,1.20925919482618,0.193340842858519,0.105254662761264
5984,317000,9658000,1.30338748765452,0.178835230734612,0.0699041193274955
5985,318000,9658000,1.37363450540961,0.097417579971876,0.0732878484647214
5986,319000,9658000,1.50624356220703,0.108229795355955,0.0709541748038224
5987,320000,9658000,1.50968921825518,0.110619241583675,0.0178133385612059
5988,321000,9658000,1.54507712879627,0.112536231244146,0.00710346607219132
5989,322000,9658000,1.58744053191063,0.111622618092406,0.0119065480005006
5990,323000,9658000,1.56529798070324,0.112975381187323,0.0615172335329799
5991,324000,9658000,1.53513054856009,0.0932331567963987,0.0150184900770186
5992,325000,9658000,1.29812218618665,0.0775225925301538,0.0280159744784946
5993,326000,9658000,1.37405170355748,0.0749671082146539,0.0474301367790614
5994,327000,9658000,1.23999327128388,0.0775528514007102,0.105629703951167
5995,328000,9658000,1.39126565973471,0.0819408766151007,0.158304520684418
5996,329000,9658000,1.4853019027943,0.0686290400697591,0.0597177035031754
5997,330000,9658000,1.43686570828679,0.0529498431919272,0.0627958006243914
5998,331000,9658000,1.43705561949712,0.0534861673105617,0.237298322543019
5999,332000,9658000,1.54635889039589,0.0441040923607022,0.113335929647396
6000,333000,9658000,1.49326416548863,0.0349090770313762,0.0975990258877399
6001,334000,9658000,1.48786483945943,0.0316383505791016,0.0591208287462797
6002,335000,9658000,1.52824893828747,0.0310187535334701,0.0483737741549262
6003,336000,9658000,1.49967818925042,0.0307235406636555,0.0479073978555816
6004,337000,9658000,1.47288703157156,0.0337300753347914,0.0168199914427505
6005,338000,9658000,1.52114896762594,0.0413053762725204,0.0250716714921649
6006,339000,9658000,1.18745134761022,0.0297650377039122,0.0639367590876416
6007,340000,9658000,1.34681333375317,0.0302342896532478,0.024716395189435
6008,341000,9658000,1.49977478757304,0.0413573364575961,0.0735688684995454
6009,342000,9658000,1.43012001418796,0.0450020113398587,0.0410768811633933
6010,343000,9658000,1.41669141207377,0.0448679680681782,0.0424137636766679
6011,344000,9658000,1.38069061052983,0.0469419211683354,0.055556575154121
6012,345000,9658000,1.44254176125123,0.0436887944254056,0.0541574103512242
6013,346000,9658000,1.45511421757709,0.0448344650937701,0.0936056301368695
6014,347000,9658000,1.57677916872667,0.0528865844423554,0.0514446835388332
6015,348000,9658000,1.37377385839504,0.053727770064102,0.0145281201346326
6016,349000,9658000,1.40191666449159,0.0572070610807486,0.0312895685349482
6017,350000,9658000,1.41600011288069,0.0608942438664788,0.0467325786149392
6018,351000,9658000,1.43236076102832,0.0610874849588038,0.0559676306865207
6019,352000,9658000,1.48077827709981,0.0636542817645418,0.0447795833332763
6020,353000,9658000,1.41487923940781,0.0752769694958356,0.0993069527627843
6021,354000,9658000,1.4078575331069,0.0680852447637984,0.0747577660965456
6022,355000,9658000,1.55004421136333,0.064065230604996,0.0224052558731383
6023,356000,9658000,1.526227792684,0.0690768196091345,0.0157121604009055
6024,357000,9658000,1.42980588734715,0.0693327012985822,0.0931260406807397
6025,358000,9658000,1.19009767079839,0.0644995515750034,0.128504677927976
6026,359000,9658000,1.45929939920382,0.0639992343461123,0.0319039117617599
6027,360000,9658000,1.43998723891931,0.0679950432662408,0.0358110744577026
6028,361000,9658000,1.43136445855847,0.067354537378169,0.00469474773406434
6029,362000,9658000,1.49090691560563,0.0660472428015804,0.0262148541789766
6030,363000,9658000,1.38388473806025,0.0639905930782174,0.0484438109959624
6031,364000,9658000,1.48727713780414,0.0650010271943489,0.0137789899285582
6032,365000,9658000,1.55228699924868,0.0648519753208888,0.0245808178615614
6033,366000,9658000,1.30947178199374,0.0659928658208754,0.0855553619695853
6034,367000,9658000,1.16692450383233,0.0664312535203729,0.148853395196768
6035,368000,9658000,1.37666789613665,0.0676573550208366,0.0359817123987415
6036,369000,9658000,1.45289393030467,0.0703030919477736,0.0309857300510819
6037,370000,9658000,1.42116156089628,0.0696884528380583,0.0734763084560202
6038,371000,9658000,1.54775956908345,0.0720878404811534,0.0189720185159978
6039,372000,9658000,1.49840612585798,0.0744986638293376,0.030497844621354
6040,373000,9658000,1.50472240702114,0.0725218988556798,0.0338314081063618
6041,374000,9658000,1.4385517183411,0.0680812767561027,0.0533567160226938
6042,375000,9658000,1.41180621475588,0.0663734484357294,0.0214740406114289
6043,262000,9659000,1.52896998858744,0.115876264510014,0.0154111829881998
6044,263000,9659000,1.49076475237647,0.118114074478561,0.0193705630753994
6045,264000,9659000,1.58525023310579,0.0966167980407682,0.0102849731929708
6046,265000,9659000,1.51022939141258,0.0797326559869898,0.0132237622216524
6047,266000,9659000,1.40527066681745,0.0820516778607538,0.0157057168643623
6048,267000,9659000,1.49239391998529,0.121884742808854,0.00907675963956581
6049,268000,9659000,1.43553128062536,0.133377099679106,0.0195802551262176
6050,269000,9659000,1.47585895763859,0.132637446677666,0.0194517694537829
6051,270000,9659000,1.48800249277007,0.127988789827833,0.0134307447868853
6052,271000,9659000,1.38554686366676,0.120333471594922,0.0286688717565597
6053,272000,9659000,1.4193219267317,0.115236209112379,0.040271540217959
6054,273000,9659000,1.54398081973678,0.114185567756692,0.0217988723507617
6055,274000,9659000,1.56273047727183,0.114163933847228,0.0487906466123987
6056,275000,9659000,1.57047494495313,0.111352256521566,0.0180696016166229
6057,276000,9659000,1.47835397601352,0.104179890668267,0.0213286021842686
6058,277000,9659000,1.53008879550669,0.102328481277228,0.0398735192019695
6059,278000,9659000,1.41041643832363,0.0999143045085864,0.0314216050349239
6060,279000,9659000,1.4507462652924,0.0899317496343491,0.0433491926746384
6061,280000,9659000,1.46542338301511,0.0903291213850772,0.0728618155050316
6062,281000,9659000,1.14949118176562,0.0927713353546632,0.104434694157888
6063,282000,9659000,0.813443127679347,0.0914753172911952,0.0426088248674025
6064,283000,9659000,1.23288472270949,0.0788015663126637,0.0486122173596464
6065,284000,9659000,1.29461589486694,0.0766711842766831,0.0923916110570263
6066,285000,9659000,1.2221669525266,0.0690365728351604,0.0589368704522595
6067,286000,9659000,1.29212661334647,0.0449286821917884,0.0320054433600474
6068,287000,9659000,1.32409231774297,0.0372784265562363,0.0708629510388998
6069,288000,9659000,1.48580352989052,0.0357661891535501,0.0143698378647314
6070,289000,9659000,1.42186651771842,0.0338094825152572,0.0490310740160275
6071,290000,9659000,1.48936261515794,0.0346485150996452,0.0442403095854335
6072,291000,9659000,1.45693543520597,0.0337530779914389,0.068861382786374
6073,292000,9659000,1.44378377592915,0.0326600460534334,0.032659975260226
6074,293000,9659000,1.4743235230027,0.0330328453624533,0.144722663228074
6075,294000,9659000,1.480356709726,0.0335876348244986,0.21563789521491
6076,295000,9659000,1.50570797309411,0.0354845824515159,0.189803162473778
6077,296000,9659000,1.50763563511631,0.0374812256507776,0.428037071813655
6078,297000,9659000,1.51570836168053,0.0396220313344354,0.171608705960036
6079,298000,9659000,1.46939537595922,0.0423706811882836,0.0826107759414868
6080,299000,9659000,1.46421988727838,0.0370665760921201,0.117331078399076
6081,3e+05,9659000,1.41347554668048,0.0327321877181269,0.215189981381842
6082,301000,9659000,1.39040395698405,0.0308755821773528,0.222636652888215
6083,302000,9659000,1.4615555818946,0.0353221742541126,0.282100124004461
6084,303000,9659000,1.38911701437055,0.0356213004734714,0.185046514037184
6085,304000,9659000,1.4858241548751,0.0371031465532951,0.129334402485989
6086,305000,9659000,1.50389523923649,0.0307582230004382,0.206265321746875
6087,306000,9659000,1.54715003791335,0.0319561222376834,0.13612710926095
6088,307000,9659000,1.54557109795797,0.038473957804873,0.128292241275796
6089,308000,9659000,1.50512031376188,0.0426256751258038,0.11948079871036
6090,309000,9659000,1.45730797433982,0.0509321424090045,0.0773566975795593
6091,310000,9659000,1.39679957708485,0.0553738729698266,0.162069459113122
6092,311000,9659000,1.47052005962892,0.060828433527647,0.085267949077038
6093,312000,9659000,1.54442629768183,0.0730175834729922,0.0837648693987918
6094,313000,9659000,1.42478767403992,0.08696223625416,0.0643807073758299
6095,314000,9659000,1.56496976335206,0.111931609079868,0.0582513442926321
6096,315000,9659000,1.21239948382975,0.178333713316885,0.107720697370781
6097,316000,9659000,1.54131694373167,0.367925213793515,0.00655780137759897
6098,317000,9659000,1.27711582463387,0.250091978114165,0.102553425875475
6099,318000,9659000,0.910140960561276,0.118846665318811,0.179794762685509
6100,319000,9659000,1.53033989193625,0.105993568788255,0.078448338732571
6101,320000,9659000,1.56413778094089,0.107357621138306,0.0325300489462316
6102,321000,9659000,1.51559466199949,0.116023754457669,0.0198686258557222
6103,322000,9659000,1.5969377604338,0.123520922870899,0.0246049785507712
6104,323000,9659000,1.55843237690365,0.1092239148064,0.053829894113283
6105,324000,9659000,1.55032982202313,0.0916045943065075,0.022009536580796
6106,325000,9659000,1.42180160051803,0.0767292968302392,0.0343278162457111
6107,326000,9659000,1.38927303267448,0.0747480050077706,0.0603696507305113
6108,327000,9659000,1.47171720929118,0.0744142998558775,0.0456127439221629
6109,328000,9659000,1.50462515408367,0.0759986801185756,0.173211973153489
6110,329000,9659000,1.56562491098178,0.0567617622396268,0.118085689847811
6111,330000,9659000,1.49011549228346,0.045999802516547,0.0922900495712273
6112,331000,9659000,1.50535132480969,0.0409764478041206,0.125548974389488
6113,332000,9659000,1.44069429466609,0.0381605770678233,0.128672314734858
6114,333000,9659000,1.43299731918751,0.0319264687293977,0.297724798257179
6115,334000,9659000,1.52717281389741,0.0330239740679247,0.222422342166672
6116,335000,9659000,1.53910837382854,0.0316670873314665,0.108619418431384
6117,336000,9659000,1.5115553390316,0.0303315614450951,0.063911376186781
6118,337000,9659000,1.46657188320753,0.032507214454485,0.0784353371229899
6119,338000,9659000,1.522640830227,0.0356679355393779,0.0222433943433484
6120,339000,9659000,1.38471563478153,0.0290463353434026,0.0319516966845199
6121,340000,9659000,1.25778916360377,0.0356446040694178,0.0682623644934799
6122,341000,9659000,1.4797701897042,0.0456907964293966,0.059029005333893
6123,342000,9659000,1.41857036696391,0.0436863718088803,0.0749029322685234
6124,343000,9659000,1.42149014950108,0.0463488543795089,0.0689712505360401
6125,344000,9659000,1.39728696944499,0.0480809421309702,0.0480224661981569
6126,345000,9659000,1.422261899966,0.0436612335472193,0.0624009176980075
6127,346000,9659000,1.53456691236162,0.0478318426179762,0.0751016829692062
6128,347000,9659000,1.59096673196814,0.0550695541110042,0.0114529538743159
6129,348000,9659000,1.40968925334255,0.0548276457441515,0.0350238327547413
6130,349000,9659000,1.52152726792732,0.0577551810698766,0.0319660771270052
6131,350000,9659000,1.55690701231935,0.0601481479354726,0.0276842549460427
6132,351000,9659000,1.45632492579988,0.0624763687987204,0.0557778191620031
6133,352000,9659000,1.43184952784209,0.0608630833355996,0.0544507129296671
6134,353000,9659000,1.42596735543671,0.0671216293221136,0.0686815254573156
6135,354000,9659000,1.42558705144638,0.0674777956581466,0.0726581692154523
6136,355000,9659000,1.4199553955849,0.0649589596811919,0.0651515565284826
6137,356000,9659000,1.40635688328768,0.0680748350722385,0.064402466087571
6138,357000,9659000,1.46168589172241,0.0719031140178464,0.0430101883800532
6139,358000,9659000,1.55927764935301,0.0708284904732507,0.0208194034865587
6140,359000,9659000,1.48978356059541,0.0648029257711245,0.0542229246136408
6141,360000,9659000,1.48865807157432,0.0680117517575808,0.0362491861057678
6142,361000,9659000,1.39342482637114,0.0681106328297556,0.0643367644839489
6143,362000,9659000,1.25979483399013,0.0692330068791935,0.130779003989233
6144,363000,9659000,1.35677307145529,0.0647556702360521,0.0791670112699259
6145,364000,9659000,1.58101730902319,0.0659232734291146,0.0387737621271471
6146,365000,9659000,1.56445100534082,0.0668751011499735,0.0245488171647078
6147,366000,9659000,1.34152127996703,0.0678949398598072,0.06633222340319
6148,367000,9659000,1.52637514948042,0.0669706939503798,0.0349137748667352
6149,368000,9659000,1.44987699919235,0.0688724008251257,0.0270836032964465
6150,369000,9659000,1.35434171235752,0.0738700200406394,0.0670098692302608
6151,370000,9659000,1.39494520630832,0.0736625012214036,0.0376074688041886
6152,371000,9659000,1.44478842818092,0.0746968024277682,0.0399914102562609
6153,372000,9659000,1.45267406402293,0.0720246142750964,0.0591538238321611
6154,373000,9659000,1.44467553656328,0.0738578929850144,0.0558601269267998
6155,374000,9659000,1.50842793845432,0.075416242592293,0.0193724514195449
6156,375000,9659000,1.41554417215715,0.0750344034644126,0.0538992611827644
6157,262000,9660000,1.54920976548837,0.108279689300643,0.00923229175434268
6158,263000,9660000,1.49528591944854,0.116838918763713,0.0169186326914166
6159,264000,9660000,1.54233380912309,0.106855426229873,0.0178301801718303
6160,265000,9660000,1.59198914188871,0.0926322469973099,0.0131662095985015
6161,266000,9660000,1.38067319948448,0.0795673754722951,0.00189296133656308
6162,267000,9660000,1.44173752110955,0.122558272933786,0.0574682892809254
6163,268000,9660000,1.36815662948088,0.133733513523593,0.0281285520471129
6164,269000,9660000,1.47436589054188,0.131164649687655,0.00305122165432747
6165,270000,9660000,1.48347941181637,0.125244161306975,0.0443759820876662
6166,271000,9660000,1.35916392547272,0.117856858852319,0.0484334875971086
6167,272000,9660000,1.40626010969768,0.11516381765815,0.0353796311772777
6168,273000,9660000,1.33828323329611,0.118159009573012,0.0590581671756347
6169,274000,9660000,1.4776578936017,0.125239704229574,0.0384713795162452
6170,275000,9660000,1.48794514440706,0.128025682134889,0.0625815173585085
6171,276000,9660000,1.55917861046217,0.116673714966607,0.0274687659816175
6172,277000,9660000,1.5035684462041,0.108407665301529,0.00863884342764292
6173,278000,9660000,1.53845892297939,0.104621986014227,0.00851238470442688
6174,279000,9660000,1.54667305677343,0.0912636294437226,0.0388701200157785
6175,280000,9660000,1.56315417858977,0.0849489938369224,0.0183531630907502
6176,281000,9660000,1.33556118728223,0.0831687465644431,0.0810859399417135
6177,282000,9660000,0.98537252376835,0.0872504055759049,0.0778368641982853
6178,283000,9660000,1.10629901539462,0.0778902514970048,0.0903006289578316
6179,284000,9660000,1.24136241087135,0.0715689382775645,0.0933984424920657
6180,285000,9660000,1.46176798604854,0.066043387521531,0.038154657133664
6181,286000,9660000,1.48720801775836,0.0473238404443826,0.0534364805666042
6182,287000,9660000,1.4776090673333,0.0369033091997637,0.0313553808765773
6183,288000,9660000,1.48461235351705,0.0354348554974638,0.0606100827168209
6184,289000,9660000,1.36722796412764,0.0326590665515154,0.069049989897963
6185,290000,9660000,1.44490894340746,0.0341497200187472,0.119321889049439
6186,291000,9660000,1.41988738345289,0.033616386684235,0.121241007295635
6187,292000,9660000,1.39552112066049,0.0330185106811156,0.0668704772706924
6188,293000,9660000,1.45762888373378,0.0341019474256397,0.159254523281936
6189,294000,9660000,1.4594823975701,0.0347865844472177,0.0130724470519437
6190,295000,9660000,1.49239731464037,0.0354877440496929,0.0370404160924064
6191,296000,9660000,1.50287255169109,0.0388625488501777,0.304421847773432
6192,297000,9660000,1.51127358729505,0.0423339689662299,0.253913369314689
6193,298000,9660000,1.54651183344329,0.0446015291569485,0.214132519600111
6194,299000,9660000,1.46722399740975,0.0376376545890459,0.10459000872402
6195,3e+05,9660000,1.48200015804554,0.037349079812841,0.199605715348201
6196,301000,9660000,1.48854537348554,0.038762538403229,0.260739836400018
6197,302000,9660000,1.49639617239424,0.0364176973551926,0.154037987473951
6198,303000,9660000,1.44879642019399,0.0351806597933365,0.231019962503191
6199,304000,9660000,1.49613902729378,0.0401142231941399,0.165379687568191
6200,305000,9660000,1.54859707738928,0.0352694983284631,0.173605308767539
6201,306000,9660000,1.56886570339533,0.042333779562397,0.148077869291562
6202,307000,9660000,1.47018214112361,0.0500580033973995,0.128039506606286
6203,308000,9660000,1.25277286412,0.0527690126363075,0.181173520165773
6204,309000,9660000,1.4438061826677,0.0573565672476556,0.17197438543218
6205,310000,9660000,1.47877491867701,0.0634927310350452,0.30485186205763
6206,311000,9660000,1.52773077731384,0.0694082578708911,0.150244526635731
6207,312000,9660000,1.51207590138087,0.0815612102981133,0.0828466454546763
6208,313000,9660000,1.4486126846794,0.0790191892546225,0.0768152295746481
6209,314000,9660000,1.48512788478746,0.0923463086129103,0.0887068733349732
6210,315000,9660000,1.22454729904226,0.160102492366258,0.0708820726386947
6211,316000,9660000,1.11129373046876,0.143488589942729,0.192214483676952
6212,317000,9660000,1.13063403851586,0.144407078501296,0.175716011578833
6213,318000,9660000,0.9759108917724,0.138789629825997,0.305339221019216
6214,319000,9660000,1.55718949858874,0.102543036651672,0.271430669160817
6215,320000,9660000,1.56944861403408,0.106627784028693,0.0144715144958012
6216,321000,9660000,1.52706306940469,0.114248940363706,0.018016033580647
6217,322000,9660000,1.51533074629373,0.114704515281573,0.00905312188290651
6218,323000,9660000,1.55052712255939,0.100194878254289,0.0155936927119341
6219,324000,9660000,1.46693905821736,0.085898992635201,0.0654067174182936
6220,325000,9660000,1.47381036619473,0.0745680215020549,0.112187090637486
6221,326000,9660000,1.54168697640295,0.06675130605079,0.0807400943132646
6222,327000,9660000,1.53740558513532,0.0674233803040168,0.122705085320916
6223,328000,9660000,1.47443213155955,0.0667084042534948,0.112415928840233
6224,329000,9660000,1.55179144087305,0.053135192453778,0.0919217008926189
6225,330000,9660000,1.43983672358981,0.0416300997350683,0.119210619059513
6226,331000,9660000,1.43305581354144,0.0389410334814859,0.0642447790851407
6227,332000,9660000,1.46823216739185,0.0365107106918815,0.167041101242736
6228,333000,9660000,1.47981539203129,0.0315581056370145,0.120666931314523
6229,334000,9660000,1.3609978394949,0.030411716903081,0.0305725315141955
6230,335000,9660000,1.33095802969398,0.0300822667374554,0.0434166561637073
6231,336000,9660000,1.49831791573658,0.0271616890328265,0.0631989104557131
6232,337000,9660000,1.52083575854818,0.0271952454563461,0.0100871992207128
6233,338000,9660000,1.47004002750365,0.0315068530867903,0.0212434766808989
6234,339000,9660000,1.32708337331469,0.0295816311650556,0.00670374767738612
6235,340000,9660000,1.36254522781152,0.0372865798053451,0.0385346342994418
6236,341000,9660000,1.40590965796125,0.0466762456348985,0.0445693179389468
6237,342000,9660000,1.36371518574067,0.0447921640113956,0.052109369148192
6238,343000,9660000,1.4416459820666,0.0449120468847598,0.047806054400487
6239,344000,9660000,1.43417543478612,0.0473279966588396,0.060047301501284
6240,345000,9660000,1.38404809988497,0.0434734302840062,0.0543617800802899
6241,346000,9660000,1.43351783935756,0.0489770798844121,0.0267457878569316
6242,347000,9660000,1.57888724002908,0.0547847520956258,0.0883365636491797
6243,348000,9660000,1.51391574881089,0.0558359198250413,0.0405579397551539
6244,349000,9660000,1.570178019915,0.0580619295501846,0.0765274198424713
6245,350000,9660000,1.47074735734332,0.0603441067743263,0.0761687888420911
6246,351000,9660000,1.35724474049634,0.0618761677905636,0.0449551059306918
6247,352000,9660000,1.349731133556,0.0638095940527134,0.0299527244122187
6248,353000,9660000,1.32103552502432,0.0629912704822534,0.106334523368697
6249,354000,9660000,1.31753750808482,0.0670653223433622,0.116592340533854
6250,355000,9660000,1.3910169157972,0.0685591676437714,0.0875279383131922
6251,356000,9660000,1.3388073480434,0.0616912902594717,0.0495321499976629
6252,357000,9660000,1.40233420303734,0.0664835483546771,0.0937142615084972
6253,358000,9660000,1.46878756464311,0.0779958810053609,0.0990851208892055
6254,359000,9660000,1.42572223579294,0.0711788611195159,0.0557546498971225
6255,360000,9660000,1.33085558508733,0.0705429657545411,0.0921132976577217
6256,361000,9660000,1.39889132751555,0.0697130972852293,0.0717724982231377
6257,362000,9660000,1.51305615647227,0.0670251882766038,0.0318498526763078
6258,363000,9660000,1.55771289807281,0.0656200769631118,0.0156529482405284
6259,364000,9660000,1.57215171382339,0.0682164785009121,0.0206965209555218
6260,365000,9660000,1.51698986740723,0.0673471068507876,0.0201220869238189
6261,366000,9660000,1.41116392059032,0.0681966385926354,0.072616915616948
6262,367000,9660000,1.42489540001876,0.0685612823498865,0.048948882259385
6263,368000,9660000,1.39941797207947,0.0677877823898555,0.0324610658990918
6264,369000,9660000,1.41424217053866,0.0730584460900354,0.0452755872511703
6265,370000,9660000,1.35901762711945,0.0786017278430689,0.0536432732850677
6266,371000,9660000,1.48852732704322,0.07330544366347,0.0103143197772755
6267,372000,9660000,1.54096500242966,0.0652963120933466,0.0139352237270264
6268,373000,9660000,1.50781996481158,0.0670865588575784,0.0195200512982013
6269,374000,9660000,1.3489640022763,0.0664799440304379,0.0311936340549654
6270,375000,9660000,1.361359356926,0.0694838149087885,0.0611065537525711
6271,262000,9661000,1.544371463206,0.116044624939077,0.0392610667291897
6272,263000,9661000,1.50784427672438,0.117667645074879,0.00710168686304463
6273,264000,9661000,1.51585975109657,0.102575949329064,0.0425422988846454
6274,265000,9661000,1.57555592354642,0.0982388304620926,0.0106445766630257
6275,266000,9661000,1.55015911476934,0.107023785828067,0.0638196406810509
6276,267000,9661000,1.1574940429759,0.132544619162404,0.0841063171744106
6277,268000,9661000,1.44191446801036,0.134667480072181,0.0302390720189678
6278,269000,9661000,1.47044661611724,0.132200431164723,0.0167871520144485
6279,270000,9661000,1.48914323953948,0.123530006731668,0.0512322519754661
6280,271000,9661000,1.32832661351764,0.118152444663302,0.104887542217144
6281,272000,9661000,1.34822245762801,0.11756983755619,0.0126358774665221
6282,273000,9661000,1.30640485081803,0.12462656391209,0.0560464423926092
6283,274000,9661000,1.56907372811592,0.12193033678693,0.0265943338802883
6284,275000,9661000,1.5127787300661,0.129563725930553,0.0469724246849098
6285,276000,9661000,1.55189932341112,0.119461802887358,0.0364695667854619
6286,277000,9661000,1.56440150617975,0.102376316501692,0.0184284703986803
6287,278000,9661000,1.58577964824308,0.098611042953939,0.00251117302400365
6288,279000,9661000,1.46355497282629,0.0865803542013655,0.0559326627793731
6289,280000,9661000,1.53853233072635,0.0801543700232614,0.0134732236805829
6290,281000,9661000,1.39870365242667,0.0825619876134028,0.0673709502815908
6291,282000,9661000,1.53527131695247,0.0880889234018446,0.0738261989184276
6292,283000,9661000,1.52615390492954,0.0831941369893959,0.0233233972468666
6293,284000,9661000,1.39087707341997,0.0768541062995584,0.0345882105658643
6294,285000,9661000,1.44473857491984,0.0652300509548261,0.0348696295428536
6295,286000,9661000,1.38899325227089,0.0431297465110588,0.0287945133523831
6296,287000,9661000,1.29231501879976,0.0373616460192641,0.056370716751893
6297,288000,9661000,1.45775026209969,0.034390323521773,0.0620815536183243
6298,289000,9661000,1.40329426633876,0.0324567392061832,0.224590380621892
6299,290000,9661000,1.4404683659363,0.0328251522559325,0.141096028325522
6300,291000,9661000,1.4095622081716,0.0347745863963907,0.0957996661933843
6301,292000,9661000,1.46225807750508,0.0334169200085805,0.0304849596414497
6302,293000,9661000,1.48751344850115,0.0345889199029936,0.0401907922536045
6303,294000,9661000,1.47319845775774,0.0346249535603938,0.0483842065783274
6304,295000,9661000,1.47729717948561,0.0369270636343338,0.144812941848474
6305,296000,9661000,1.49335692235797,0.0402388839086794,0.189507524430068
6306,297000,9661000,1.51369384363193,0.0438176903808625,0.190020479002648
6307,298000,9661000,1.48594474073388,0.0468559630601618,0.228330784833107
6308,299000,9661000,1.51128459285038,0.044672962033372,0.203078504844579
6309,3e+05,9661000,1.52471104101508,0.0435007250980369,0.258432221035558
6310,301000,9661000,1.55033580435454,0.0481589305943332,0.341639728685268
6311,302000,9661000,1.42273760402377,0.0448536880087406,0.0621079771937697
6312,303000,9661000,1.54069141667383,0.0448250546528546,0.166056873345703
6313,304000,9661000,1.43867585272105,0.0467022530336143,0.240449596049125
6314,305000,9661000,1.5128189573017,0.0459026771222802,0.0846188654268804
6315,306000,9661000,1.53255177653472,0.0504181504908892,0.171853287314507
6316,307000,9661000,1.49198246583106,0.0501894474268129,0.115708937280009
6317,308000,9661000,1.22815442430112,0.0546626011314392,0.137298796783104
6318,309000,9661000,1.41183465819686,0.0589661031825006,0.0469450598742255
6319,310000,9661000,1.47323172306976,0.0670596207978145,0.144564420072071
6320,311000,9661000,1.54220905114144,0.0761336413026254,0.119370825541665
6321,312000,9661000,1.50691353724089,0.076353650811338,0.0942493893724342
6322,313000,9661000,1.48679850881816,0.0764571842513712,0.0799636182364836
6323,314000,9661000,1.41750737340945,0.0903972439385838,0.308537616182469
6324,315000,9661000,1.02104603967218,0.145416701561717,0.22756464363216
6325,316000,9661000,1.1442750050646,0.302881018766171,0.188991358978191
6326,317000,9661000,1.36276072201591,0.287703069825579,0.0840378678795274
6327,318000,9661000,1.08074101959133,0.157464224340553,0.211971385272753
6328,319000,9661000,1.52491026980462,0.115988348242862,0.231163399581244
6329,320000,9661000,1.52335979399067,0.10932158513343,0.011279519476012
6330,321000,9661000,1.4890672518217,0.115055982820876,0.0120126778554437
6331,322000,9661000,1.51684712450886,0.107645035123421,0.0227060550513557
6332,323000,9661000,1.48063629075552,0.0847087121683066,0.0141826272569562
6333,324000,9661000,1.47292484463271,0.0783645845180906,0.0420533080781459
6334,325000,9661000,1.47925042921081,0.065301713860329,0.0996294842744272
6335,326000,9661000,1.55501616391937,0.0545950560559742,0.225859030592305
6336,327000,9661000,1.55859916302335,0.0537413378931505,0.119675508457546
6337,328000,9661000,1.55687327804785,0.0503251081150594,0.18896765307084
6338,329000,9661000,1.56311490300923,0.0421738543985389,0.0923600511375483
6339,330000,9661000,1.48403171348158,0.0382157790168222,0.0714647276666247
6340,331000,9661000,1.50371961183944,0.0371116646301458,0.274372538749109
6341,332000,9661000,1.44271346215839,0.0326503137634559,0.144242214873596
6342,333000,9661000,1.40438240959547,0.0311073713063846,0.0593554625333918
6343,334000,9661000,1.53191561029027,0.0300915156655628,0.107635189881581
6344,335000,9661000,1.51799583070137,0.0283898715492352,0.110628232298342
6345,336000,9661000,1.36397162431481,0.0298042236540334,0.0150906808479623
6346,337000,9661000,1.36128755778893,0.0300664389902041,0.0282257067150353
6347,338000,9661000,1.51687921523613,0.0347661240991873,0.0287130943634462
6348,339000,9661000,1.57626453898508,0.0459200293269371,0.0362031347241141
6349,340000,9661000,1.5718436730905,0.0477268463513584,0.0462293549613797
6350,341000,9661000,1.40177230744255,0.0478757552925579,0.0602201261913447
6351,342000,9661000,1.42077091474752,0.0475025783554132,0.0584117188480281
6352,343000,9661000,1.38145082381313,0.0468945587613572,0.0933833289719841
6353,344000,9661000,1.45358280977596,0.0453139908009159,0.0868745186991751
6354,345000,9661000,1.43258443299223,0.0435613276613788,0.0693474644778704
6355,346000,9661000,1.47658612768249,0.0473000906704509,0.0461850860429254
6356,347000,9661000,1.58182905614194,0.0523996282260945,0.0287732660524666
6357,348000,9661000,1.55820755763858,0.0537335355491257,0.0404502085862084
6358,349000,9661000,1.51676741237668,0.0575799835482839,0.0423250049895772
6359,350000,9661000,1.46202375720269,0.058338957093128,0.0380577702922347
6360,351000,9661000,1.21539064832757,0.0609871537764326,0.0871167030966211
6361,352000,9661000,1.09054101034267,0.0620396484470324,0.151642776027008
6362,353000,9661000,1.44802280022155,0.0643626615415211,0.0397074208114295
6363,354000,9661000,1.317021520463,0.062212389652472,0.095924593336521
6364,355000,9661000,1.50848813756771,0.0608476680708612,0.0510765953668314
6365,356000,9661000,1.39417186361838,0.0603534858422324,0.0359748164703475
6366,357000,9661000,1.25689237660663,0.0634862602792083,0.0404191854159709
6367,358000,9661000,1.43952359257629,0.0731229353003979,0.0221260082498347
6368,359000,9661000,1.29317624343281,0.071735692103235,0.0806880264004342
6369,360000,9661000,1.35995816345251,0.0707502893667732,0.0928329222623245
6370,361000,9661000,1.50636749859749,0.0709557562263024,0.0388195619223596
6371,362000,9661000,1.55821776868925,0.0667548708544622,0.0196286648425309
6372,363000,9661000,1.43243158488215,0.0685747839459537,0.0585912908740614
6373,364000,9661000,1.48400411203683,0.0679972439701007,0.0576239002206359
6374,365000,9661000,1.52597767104356,0.0677552705482279,0.0205026447430431
6375,366000,9661000,1.53550045229259,0.0667456928021627,0.0119972446894793
6376,367000,9661000,1.47118916068675,0.069002858401356,0.0364203993694279
6377,368000,9661000,1.52138280531815,0.069269091664476,0.019136853227084
6378,369000,9661000,1.40985015918955,0.0710460471903009,0.06391276081492
6379,370000,9661000,1.5123288588486,0.0696407232349498,0.033498447069762
6380,371000,9661000,1.52764470793923,0.0689294653222502,0.0160726728882085
6381,372000,9661000,1.55970595744695,0.0668867645621768,0.0201973548803204
6382,373000,9661000,1.43728495318083,0.066493305019651,0.0432548503436935
6383,374000,9661000,1.54034617846182,0.0695888838959904,0.0305763896674883
6384,375000,9661000,1.52393909614686,0.0649778959859579,0.02263570470069
6385,262000,9662000,1.44852003832449,0.129013848564365,0.0190354445942399
6386,263000,9662000,1.41474747501668,0.125947478664843,0.0281552941840685
6387,264000,9662000,1.46482574614989,0.110934864757605,0.0232364434362349
6388,265000,9662000,1.58929828608672,0.110440840595683,0.00786673014563314
6389,266000,9662000,1.36677807079783,0.13209265899062,0.113937331899779
6390,267000,9662000,1.44269184791265,0.134942672963196,0.0290503485838599
6391,268000,9662000,1.44773860958197,0.137051838242019,0.0415303572021076
6392,269000,9662000,1.33732219602677,0.130001448963231,0.0661798826686143
6393,270000,9662000,1.4954316338447,0.124390582613603,0.0573910171182854
6394,271000,9662000,1.46189696096351,0.120510996429471,0.0479833723405609
6395,272000,9662000,1.35623576086266,0.122821694372859,0.00543647331991083
6396,273000,9662000,1.35730517850001,0.123227477274512,0.0156675346936838
6397,274000,9662000,1.54182876234323,0.115270865955332,0.0114023624079763
6398,275000,9662000,1.52747879560907,0.108955217145666,0.0203578175527114
6399,276000,9662000,1.55442684358042,0.10337405306254,0.0120931988718077
6400,277000,9662000,1.53363975775577,0.104312771971459,0.016715540014037
6401,278000,9662000,1.49874957099912,0.100003041942081,0.0322798392248158
6402,279000,9662000,1.56634149455515,0.0892135353517746,0.0165923998184599
6403,280000,9662000,1.46407890102277,0.0735932504360881,0.0204432974994055
6404,281000,9662000,1.40198802984548,0.0793017103638189,0.0342460772668605
6405,282000,9662000,1.32721009673201,0.0886483431235718,0.0686396152716442
6406,283000,9662000,1.28968942509354,0.0868248280964004,0.0428784864972732
6407,284000,9662000,1.27891307638693,0.0771746293867229,0.0930959721448446
6408,285000,9662000,1.44475634165797,0.067296990654543,0.0653295577913714
6409,286000,9662000,1.28922149607332,0.038298347778324,0.0593457288231734
6410,287000,9662000,1.41938215323829,0.0365082078825784,0.0321890545808093
6411,288000,9662000,1.46486912222806,0.03455233898803,0.111880753015603
6412,289000,9662000,1.35217023743657,0.0325158673074899,0.0835166975994227
6413,290000,9662000,1.39504932651489,0.0322380438213259,0.106679947724179
6414,291000,9662000,1.51579333344175,0.0353469174500014,0.085972708996234
6415,292000,9662000,1.45282048762646,0.0337036020134761,0.0780299397869337
6416,293000,9662000,1.4992846971391,0.0338342722148575,0.0416328318045107
6417,294000,9662000,1.50314734362487,0.034654468809675,0.103066206710372
6418,295000,9662000,1.49795558480401,0.0367121340440178,0.0821142633138271
6419,296000,9662000,1.50357715995757,0.0395776573948193,0.178214122300333
6420,297000,9662000,1.52209342001452,0.0431806539898857,0.241738321532634
6421,298000,9662000,1.51036962028092,0.0465359616609816,0.262102789949212
6422,299000,9662000,1.53065054363714,0.0498604585434059,0.263750663569748
6423,3e+05,9662000,1.52193505892176,0.0541205219934405,0.222074102258707
6424,301000,9662000,1.48758703164805,0.0487557016268492,0.247863090194202
6425,302000,9662000,1.5444614611327,0.0482222474566525,0.152538362135211
6426,303000,9662000,1.52712077208256,0.0470756518947219,0.179667679392701
6427,304000,9662000,1.50618600017076,0.050612091049017,0.193952140322446
6428,305000,9662000,1.48231962946652,0.0498779130026371,0.1747429585086
6429,306000,9662000,1.33649473256971,0.0483968233392557,0.0967043190124559
6430,307000,9662000,1.43279233841094,0.0531570994154763,0.101632862006957
6431,308000,9662000,1.28179290680559,0.0540526039337161,0.0900955416082823
6432,309000,9662000,1.48071789572282,0.066540409506287,0.102312239795672
6433,310000,9662000,1.5581355104876,0.0716462156590009,0.218847624510185
6434,311000,9662000,1.56643636947097,0.0695453848710398,0.166216206032361
6435,312000,9662000,1.414031017721,0.0719211389611749,0.118595426495732
6436,313000,9662000,1.48995703665371,0.0774537995263732,0.114943499235372
6437,314000,9662000,1.41231225291737,0.0871842536358003,0.204503103760105
6438,315000,9662000,1.03792204143626,0.102119593612573,0.188611421741981
6439,316000,9662000,1.25464946571608,0.234728968048825,0.160431407549137
6440,317000,9662000,1.09404280304103,0.155801523336292,0.235122879476149
6441,318000,9662000,1.34139553698672,0.117833369409753,0.104608362873993
6442,319000,9662000,1.48985368213356,0.106098537185707,0.222814442700732
6443,320000,9662000,1.55076557115474,0.105470358144245,0.0174173630048162
6444,321000,9662000,1.49497988721685,0.108861209175578,0.0128492504117778
6445,322000,9662000,1.54109591503431,0.102480689994298,0.0110124454558277
6446,323000,9662000,1.58926341903155,0.0846536275679649,0.00454731310190436
6447,324000,9662000,1.45725585111826,0.0721139954287039,0.0686654086906616
6448,325000,9662000,1.45910156366011,0.0599649157036608,0.0337905103734839
6449,326000,9662000,1.52040516986219,0.0494991402152311,0.243432426147309
6450,327000,9662000,1.3960785599352,0.0465140581879121,0.101915061424826
6451,328000,9662000,1.56099133581516,0.0389777491904804,0.109521262191813
6452,329000,9662000,1.53132680113391,0.0371243122027628,0.12815312137354
6453,330000,9662000,1.48595934492692,0.0357895543434603,0.0933623245390682
6454,331000,9662000,1.53726052317577,0.0339359024006187,0.1461769163615
6455,332000,9662000,1.4342606916003,0.0330400493122673,0.0851147104780867
6456,333000,9662000,1.52187052190809,0.030912833516035,0.0925172205173408
6457,334000,9662000,1.35931974624595,0.0297714306090857,0.0391479567112168
6458,335000,9662000,1.2669199674285,0.0294786043509548,0.0475733250973403
6459,336000,9662000,1.60311395718844,0.0390535590152862,0.0112811658797736
6460,337000,9662000,1.57568719700396,0.0428525365415187,0.0103212624215349
6461,338000,9662000,1.58747861012473,0.04527897500254,0.0440044143826956
6462,339000,9662000,1.42746012926604,0.0469805656850139,0.0326271438850544
6463,340000,9662000,1.429933184799,0.04648796016964,0.0476821848725028
6464,341000,9662000,1.43142169314774,0.0455863508976737,0.0636974476811676
6465,342000,9662000,1.4224252093735,0.0478124140666046,0.0639774603308352
6466,343000,9662000,1.37327138725266,0.0498679529674761,0.102879858376953
6467,344000,9662000,1.36319748095912,0.0503908522058033,0.12582296849075
6468,345000,9662000,1.51449247488615,0.0480320308649046,0.0648737503652901
6469,346000,9662000,1.4306422698896,0.0491912832857113,0.023004605790028
6470,347000,9662000,1.52930137905124,0.0501744632387049,0.0649554257101748
6471,348000,9662000,1.56818520466792,0.0558931249300155,0.0860963164226433
6472,349000,9662000,1.36574361933707,0.0596790191450636,0.034654863219821
6473,350000,9662000,1.42751126275533,0.0601587191380444,0.053193147969528
6474,351000,9662000,1.48310142702902,0.0609235708837417,0.0183055386561885
6475,352000,9662000,1.43658590638674,0.0600032638987832,0.0425123135896311
6476,353000,9662000,1.46865385019919,0.0591102389232305,0.0461131560574891
6477,354000,9662000,1.35658883957923,0.0603294978584425,0.0922554942899547
6478,355000,9662000,1.40468487786853,0.0606397286278746,0.0469210234630549
6479,356000,9662000,1.40414518337533,0.0612955208488005,0.113156968729728
6480,357000,9662000,1.43412466773047,0.06073923829539,0.0326664395358226
6481,358000,9662000,1.51672663625013,0.0687688441700724,0.0435257369944226
6482,359000,9662000,1.50463888631544,0.0719452280128559,0.00235504482795471
6483,360000,9662000,1.27154312159169,0.0713958078334816,0.0818516181368022
6484,361000,9662000,1.42880684386196,0.0714009760648357,0.0652997397636068
6485,362000,9662000,1.5667681660814,0.0674714759368083,0.112581743221797
6486,363000,9662000,1.55771244971372,0.0697163378880942,0.0250959080042423
6487,364000,9662000,1.56666995537166,0.0702901387975544,0.0179673019348423
6488,365000,9662000,1.56751967862101,0.0686478772152857,0.0305219654521925
6489,366000,9662000,1.44483980810489,0.0672907302160246,0.0446562317652838
6490,367000,9662000,1.52356429284775,0.0675912135788663,0.0178361104591659
6491,368000,9662000,1.57359389607354,0.0704434572537759,0.0188021759772835
6492,369000,9662000,1.56884963094883,0.0688143359076631,0.01718238448699
6493,370000,9662000,1.48003098706536,0.0696187186894443,0.0313705047087266
6494,371000,9662000,1.51917766158261,0.0714014989328589,0.0242488941252154
6495,372000,9662000,1.33802144595174,0.0684920315609351,0.086226502554042
6496,373000,9662000,1.52917914184785,0.067319514604007,0.0237688861833831
6497,374000,9662000,1.18278721265948,0.0689731909252227,0.0663398040336522
6498,375000,9662000,1.41420383513615,0.0711912855143679,0.0704183862378107
6499,262000,9663000,1.53618962492485,0.116469904865212,0.00972171161062126
6500,263000,9663000,1.48666850949549,0.112865813868527,0.0157999826760906
6501,264000,9663000,1.54653102512796,0.121594407715594,0.0292499105386916
6502,265000,9663000,1.53893581388207,0.118508671488122,0.0119013166155615
6503,266000,9663000,1.55955471896645,0.120790504763531,0.01456661165052
6504,267000,9663000,1.35283249154673,0.134348244425069,0.0419414499230369
6505,268000,9663000,1.3599499456452,0.138164777423495,0.097811133581699
6506,269000,9663000,1.36587932525282,0.13287295508807,0.0339340004861953
6507,270000,9663000,1.32887692291301,0.126122565833368,0.0698888018296393
6508,271000,9663000,1.58350148885503,0.131625587971638,0.0559162335025483
6509,272000,9663000,1.47350735624699,0.124960127409976,0.0255116061695812
6510,273000,9663000,1.53679744125988,0.116864390498459,0.0161921280310534
6511,274000,9663000,1.54284089890778,0.108756936778219,0.012787492117731
6512,275000,9663000,1.52374922852496,0.0996872897542629,0.0232177464808871
6513,276000,9663000,1.48497140094364,0.0935442496578864,0.0230828658338907
6514,277000,9663000,1.56473096858077,0.0999379520722462,0.00987968878710871
6515,278000,9663000,1.48483586567354,0.0977060908947204,0.0278649418828698
6516,279000,9663000,1.57664926645148,0.0889395218131138,0.00750573431672733
6517,280000,9663000,1.51059958066804,0.0771007099948778,0.0336355981664532
6518,281000,9663000,1.44794762821354,0.07566042481455,0.0460222894319062
6519,282000,9663000,1.39194593399786,0.0833217861398942,0.116023596014725
6520,283000,9663000,1.48484987538059,0.0784372688415851,0.0610407664439144
6521,284000,9663000,1.38061740704861,0.0693074038496276,0.035829273844574
6522,285000,9663000,1.34646057532901,0.0648812907262265,0.0366810590073892
6523,286000,9663000,1.31629971103433,0.0469233710234831,0.0292631974084422
6524,287000,9663000,1.2080365512649,0.0364908847234902,0.0668988424775564
6525,288000,9663000,1.38761478752047,0.0349999907390436,0.0700580937431688
6526,289000,9663000,1.2891411697013,0.035007565332496,0.0886909929897964
6527,290000,9663000,1.48471638011357,0.0347429239111037,0.12581225922821
6528,291000,9663000,1.5559202180365,0.0368215154285859,0.0772946006430272
6529,292000,9663000,1.54284510148615,0.0369171349764674,0.04387045957147
6530,293000,9663000,1.53475506612884,0.0356763838994663,0.107992869446597
6531,294000,9663000,1.50130869650178,0.0349712505053866,0.0548122574829662
6532,295000,9663000,1.49384847359536,0.0371664726724829,0.117558091326671
6533,296000,9663000,1.41695557036818,0.0391768881862214,0.261328785802629
6534,297000,9663000,1.48425862381839,0.0426059886289414,0.167259991251483
6535,298000,9663000,1.43762378443196,0.0473283487212811,0.150843617614221
6536,299000,9663000,1.57838747559322,0.0556491564949851,0.12404150886935
6537,3e+05,9663000,1.50679989308854,0.0591330126733981,0.112353418340623
6538,301000,9663000,1.4383270731717,0.046716244946258,0.226999199170612
6539,302000,9663000,1.52413125221531,0.0485296860964632,0.120187580188854
6540,303000,9663000,1.47264206907369,0.0457010736689751,0.15683594815571
6541,304000,9663000,1.50799327093644,0.0572321621768127,0.0704079027499
6542,305000,9663000,1.39401314807725,0.0557511631484405,0.0506676387675179
6543,306000,9663000,1.22836356199986,0.0476760759972712,0.104302874572357
6544,307000,9663000,1.48286695055875,0.0484995294734905,0.0656729922249708
6545,308000,9663000,1.41175537318323,0.0507570703732597,0.0171706410976516
6546,309000,9663000,1.50436747661082,0.0724118028927216,0.058407852716963
6547,310000,9663000,1.51645350388112,0.0853999616938094,0.0972679941290562
6548,311000,9663000,1.51144400067004,0.0806192310748933,0.0824109117611108
6549,312000,9663000,1.51854437460811,0.0834702256843874,0.0913312895309592
6550,313000,9663000,1.54152447099291,0.0867165028674503,0.024910962787231
6551,314000,9663000,1.50430573725195,0.0928233512654528,0.0817436255963209
6552,315000,9663000,1.48728315798027,0.0918086029218309,0.209916444502721
6553,316000,9663000,1.52754056756901,0.088756480121261,0.222767538054092
6554,317000,9663000,1.58409600531399,0.100574524836704,0.276547899649045
6555,318000,9663000,1.4811579875157,0.111982676892914,0.247717911802539
6556,319000,9663000,1.55251989512024,0.113939263866775,0.0523444495667664
6557,320000,9663000,1.51887517389318,0.10258842842367,0.0146560107040574
6558,321000,9663000,1.60355517459249,0.0823370271167927,0.00382603668241831
6559,322000,9663000,1.5454811460248,0.0759314173643986,0.0533764147807329
6560,323000,9663000,1.48722915535606,0.0680930703198999,0.028697945293826
6561,324000,9663000,1.51068319358326,0.0597980073384794,0.148839841207501
6562,325000,9663000,1.49233337525416,0.0576057783075212,0.0300846595918377
6563,326000,9663000,1.567251955496,0.0489410450919246,0.131110958781278
6564,327000,9663000,1.54106462015316,0.0413755670734471,0.112267698516348
6565,328000,9663000,1.46188569195972,0.0401367076234049,0.0992921659447593
6566,329000,9663000,1.51635750001184,0.0381815045233833,0.11359136041892
6567,330000,9663000,1.52184880469577,0.036000060487461,0.124142392986478
6568,331000,9663000,1.58695214729408,0.0337985732023573,0.179239190563644
6569,332000,9663000,1.50872700056851,0.0322915598098067,0.0928534089158176
6570,333000,9663000,1.50876467980964,0.0302378544323557,0.0726769771562173
6571,334000,9663000,1.50242142765981,0.0292821528732132,0.0359060914327936
6572,335000,9663000,1.34226475033904,0.0313245736279255,0.0554620820986734
6573,336000,9663000,1.57566119595772,0.0458200479117275,0.0183408972043315
6574,337000,9663000,1.59488741596638,0.046832997578569,0.0690045341497681
6575,338000,9663000,1.56515891229225,0.0515812291301611,0.0925522961271659
6576,339000,9663000,1.38531502501559,0.048566386690836,0.0645817735939206
6577,340000,9663000,1.39307507359971,0.0456526562168368,0.0435044786937008
6578,341000,9663000,1.36666243030644,0.0470907325088683,0.120318727588169
6579,342000,9663000,1.43112311622952,0.0480028374686243,0.0624848023404504
6580,343000,9663000,1.46939053376479,0.0516509888505833,0.114903087220064
6581,344000,9663000,1.41650435800046,0.0509145566532664,0.0725009463036979
6582,345000,9663000,1.45109435778573,0.0500196273005608,0.092743333341675
6583,346000,9663000,1.48305023900941,0.0494787623666208,0.0752501705805334
6584,347000,9663000,1.51008884772387,0.0504451118247141,0.0516810974425951
6585,348000,9663000,1.52486010526969,0.0529960564776668,0.0704794461094496
6586,349000,9663000,1.49938583734287,0.0593411543027888,0.022157515730723
6587,350000,9663000,1.56832477419634,0.0649900400188173,0.0262077845613586
6588,351000,9663000,1.50076353977476,0.0607967164432278,0.0428599261960425
6589,352000,9663000,1.49538778793918,0.0685339294578555,0.0254316905853515
6590,353000,9663000,1.45374746702781,0.0671580335685696,0.0497833865990246
6591,354000,9663000,1.40091893200697,0.0712649702640494,0.0521025176338089
6592,355000,9663000,1.44281711864895,0.0733324747017427,0.0364396388437252
6593,356000,9663000,1.54262630328595,0.0663442008656476,0.0177202540708037
6594,357000,9663000,1.54124171277891,0.0668705277937719,0.00576055400006651
6595,358000,9663000,1.48808358719769,0.0718675730167347,0.0488411484897003
6596,359000,9663000,1.45534583812848,0.0723515349494123,0.0577388828541469
6597,360000,9663000,1.43858939562186,0.0764484082090319,0.0669682573903841
6598,361000,9663000,1.49141740934128,0.0714306923306974,0.0703138296946722
6599,362000,9663000,1.5001404785316,0.0687168421624407,0.0538487065765842
6600,363000,9663000,1.58970136985546,0.0676667840722315,0.0398297264679124
6601,364000,9663000,1.57508110434903,0.0691120596881315,0.0114316106342616
6602,365000,9663000,1.41019813410884,0.0673204395002567,0.014936826876981
6603,366000,9663000,1.50880260228027,0.0666488323156895,0.0209585596820768
6604,367000,9663000,1.54994450845902,0.0665504473968295,0.0228440464754733
6605,368000,9663000,1.56356872803916,0.0658638571779624,0.0154620006458705
6606,369000,9663000,1.56919777284199,0.0658423394805538,0.0156627848712193
6607,370000,9663000,1.58949309284477,0.0655978923135592,0.0122383957007189
6608,371000,9663000,1.55579367170851,0.0697495945272051,0.0138316273135454
6609,372000,9663000,1.55158317718849,0.0651824654175288,0.0220162839935219
6610,373000,9663000,1.55136215654614,0.0675749767906801,0.0128118251467309
6611,374000,9663000,1.36760078980589,0.0697235243934217,0.0306250835161998
6612,375000,9663000,1.51465197047624,0.0717172084576533,0.00453404146198111
6613,262000,9664000,1.59022237159521,0.0992809117685819,0.0157700872430934
6614,263000,9664000,1.54291189885306,0.114748329201204,0.0391465180560514
6615,264000,9664000,1.30497391310599,0.138572375250879,0.0851490547912277
6616,265000,9664000,1.41184144609353,0.130261397384679,0.0202664373362584
6617,266000,9664000,1.42915028418044,0.129118489767341,0.0389669280775469
6618,267000,9664000,1.47708851119269,0.12455780589212,0.0234889205559143
6619,268000,9664000,1.34707400905381,0.138638592251566,0.110310330172379
6620,269000,9664000,1.40313794325402,0.132403878593701,0.0551551281168117
6621,270000,9664000,1.28123916335429,0.129762916053592,0.0978307895224692
6622,271000,9664000,1.4487461252932,0.134204374729297,0.0595827104920388
6623,272000,9664000,1.50130836787069,0.12269216168907,0.0257023421721664
6624,273000,9664000,1.53945215488307,0.111167971526629,0.0224828316016386
6625,274000,9664000,1.54011686796633,0.103272084783808,0.013367144658599
6626,275000,9664000,1.54135270892006,0.0898531360856788,0.0202188045336093
6627,276000,9664000,1.4839634951076,0.0889412635168763,0.0303506900832644
6628,277000,9664000,1.53530399406116,0.0944405896486141,0.00494008902669695
6629,278000,9664000,1.38711287544419,0.0876062767487348,0.102517762436399
6630,279000,9664000,1.34086307693583,0.0799032487556945,0.0217378606561687
6631,280000,9664000,1.42362860161798,0.0780115565558649,0.0332243581224121
6632,281000,9664000,1.42675246588064,0.0792522297806876,0.0796654913344656
6633,282000,9664000,1.36614179598429,0.0765126127675058,0.105056965397741
6634,283000,9664000,1.19684497702389,0.081982939500148,0.0658861286187178
6635,284000,9664000,1.39686785142423,0.0805747990461309,0.037901833450916
6636,285000,9664000,1.47444211213129,0.0666431330701398,0.0252378344821296
6637,286000,9664000,1.51157838968045,0.0457160009364185,0.0822225728546237
6638,287000,9664000,1.46219638199665,0.0425558096722207,0.0644053282734482
6639,288000,9664000,1.37521201395805,0.0377181086678066,0.0696293494724999
6640,289000,9664000,1.54403067905779,0.0423274854089712,0.126210562177625
6641,290000,9664000,1.55393473983179,0.0405158591728975,0.0508184424006657
6642,291000,9664000,1.57501398571719,0.0402478621002625,0.0676666908552717
6643,292000,9664000,1.52127664424747,0.0362690823512534,0.121809280545644
6644,293000,9664000,1.4492651695631,0.0346718651657139,0.0704544839623622
6645,294000,9664000,1.51307942198787,0.0345102482302243,0.045895282845027
6646,295000,9664000,1.47066006162793,0.0380807027894805,0.0943115530989847
6647,296000,9664000,1.46666487655811,0.0404908440831053,0.137101556072982
6648,297000,9664000,1.50965960349918,0.0410851030110126,0.234455207552792
6649,298000,9664000,1.16221364356232,0.0472382971273119,0.243996458700993
6650,299000,9664000,1.30624511339856,0.0517934804796902,0.233871810773754
6651,3e+05,9664000,1.49425801636043,0.052985233130589,0.475705595672486
6652,301000,9664000,1.30034262869982,0.0492420280627961,0.0619900950150949
6653,302000,9664000,1.51543045953125,0.0497142568754465,0.0849000441144698
6654,303000,9664000,1.48677677566509,0.0569166446337173,0.057470390808833
6655,304000,9664000,1.44831770228814,0.0573003404870904,0.0764065480130348
6656,305000,9664000,1.36361034746925,0.0513819076988633,0.132927122978252
6657,306000,9664000,1.29612989031447,0.0476190742269469,0.100138112592788
6658,307000,9664000,1.42896939954967,0.0469773192562753,0.0962868822896452
6659,308000,9664000,1.39899678121012,0.0548904315769523,0.0516589298494678
6660,309000,9664000,1.5992134012681,0.0767312012346183,0.103249415049895
6661,310000,9664000,1.53791020015355,0.0907656058851234,0.133758831434615
6662,311000,9664000,1.47399482578605,0.0833266081439002,0.0312043693713443
6663,312000,9664000,1.39170733040312,0.0740078488500255,0.0750608256538639
6664,313000,9664000,1.50558094426059,0.0771138420652097,0.0920526217934034
6665,314000,9664000,1.52561987078452,0.0841876185446497,0.0119151041186612
6666,315000,9664000,1.52523898856823,0.0883954348060181,0.0810778425297735
6667,316000,9664000,1.53112874252095,0.0898868342773924,0.0943610089793058
6668,317000,9664000,1.48099939945774,0.0896866634533728,0.022688211790368
6669,318000,9664000,1.55160731402577,0.100614211561043,0.0271865843892628
6670,319000,9664000,1.57791210303899,0.106952345973065,0.0058659641192501
6671,320000,9664000,1.56072150917085,0.0959094534873953,0.00946160885956735
6672,321000,9664000,1.48273509360579,0.0664156256171733,0.0245542096115778
6673,322000,9664000,1.34597796292992,0.0610074224242247,0.044623732624939
6674,323000,9664000,1.33289481150363,0.0578232513526657,0.0423564816093783
6675,324000,9664000,1.48045723815908,0.0513610999161981,0.116230405593293
6676,325000,9664000,1.46489068280247,0.0511724077892144,0.11966903009317
6677,326000,9664000,1.50266299113237,0.045305231043563,0.130605762461592
6678,327000,9664000,1.5224669144491,0.0412558898658529,0.170532763190013
6679,328000,9664000,1.51443999673482,0.0370131507460069,0.126444262230784
6680,329000,9664000,1.52796322659576,0.0371081335432422,0.147712131284096
6681,330000,9664000,1.54134314666863,0.0341720545704165,0.139335550813376
6682,331000,9664000,1.5034822409826,0.0316738695033753,0.105474922790236
6683,332000,9664000,1.47199467232551,0.0302896310174833,0.0773820484509674
6684,333000,9664000,1.40985763629785,0.0306658835743437,0.063303784495478
6685,334000,9664000,1.379643492623,0.0305015744603029,0.0632541241276896
6686,335000,9664000,1.47569898268072,0.0413269393097905,0.0584619539919359
6687,336000,9664000,1.60120366852932,0.0489516999406474,0.0398017105121954
6688,337000,9664000,1.60125713608543,0.0460991901859778,0.076967962406764
6689,338000,9664000,1.51649377318027,0.0528678948736311,0.0354988731511485
6690,339000,9664000,1.45640092001788,0.0512374280116514,0.0868681469740323
6691,340000,9664000,1.45945398789463,0.0478354387954369,0.0764879180182589
6692,341000,9664000,1.39518573562469,0.0492477970404094,0.108844386650808
6693,342000,9664000,1.41097670434143,0.0526417166835328,0.0633106606567813
6694,343000,9664000,1.35495828963993,0.0538417898776603,0.0659410101766254
6695,344000,9664000,1.45997270887832,0.0507391743835229,0.104828721560374
6696,345000,9664000,1.35457302522907,0.0515625186330828,0.0848636480931671
6697,346000,9664000,1.37752657963768,0.0511636782402415,0.0652357038484059
6698,347000,9664000,1.45594113286824,0.0517584065889649,0.0997776360652584
6699,348000,9664000,1.4710999860983,0.0561245294774066,0.0384023982932083
6700,349000,9664000,1.47663237760261,0.0608551741099298,0.0318384204932472
6701,350000,9664000,1.46608896368245,0.0609735302083166,0.0321498007913542
6702,351000,9664000,1.32857349593368,0.0596122002514949,0.110500376506084
6703,352000,9664000,1.31772726003855,0.0659447527704125,0.0582382957327225
6704,353000,9664000,1.45260081688915,0.0662644903992669,0.0779510993530414
6705,354000,9664000,1.52094339329838,0.0666063778448852,0.0528813785331643
6706,355000,9664000,1.45317831949884,0.0679869504357967,0.0126213700476714
6707,356000,9664000,1.52564795758045,0.0691202988733038,0.0234342402009893
6708,357000,9664000,1.52345281666986,0.0693336842867485,0.0523041259217409
6709,358000,9664000,1.37080855636391,0.0735024981798722,0.08674954362102
6710,359000,9664000,1.46022843943996,0.0728178007598654,0.0688304414510733
6711,360000,9664000,1.44150213392402,0.0708521717037714,0.0590441270448803
6712,361000,9664000,1.45791595031075,0.0703374489371913,0.0508056190405745
6713,362000,9664000,1.55381480505481,0.0678964085527371,0.0166273869408281
6714,363000,9664000,1.57075348257347,0.0662355352584241,0.0654074996971275
6715,364000,9664000,1.55321445368316,0.0676435385796072,0.0152185375975119
6716,365000,9664000,1.56005054252406,0.0676853841843839,0.028115220185674
6717,366000,9664000,1.54398772708966,0.0658930993783851,0.0228349826833416
6718,367000,9664000,1.55934948251193,0.0664434432981667,0.0134581431169589
6719,368000,9664000,1.53558889178833,0.0653754857387466,0.00622056361156081
6720,369000,9664000,1.58025571769506,0.0644555924035059,0.0112756977177922
6721,370000,9664000,1.57217722171505,0.0638120805857304,0.00639074481423549
6722,371000,9664000,1.59184728157864,0.0671023146173951,0.016014330551356
6723,372000,9664000,1.25448559677571,0.0648354353074734,0.0383476268621016
6724,373000,9664000,1.38919623177785,0.07618327528596,0.00315790175728788
6725,374000,9664000,1.49157516906394,0.0736354352835099,0.0666674096966506
6726,375000,9664000,1.49583915585633,0.0670892991252152,0.0239375955813035
6727,262000,9665000,1.582930529658,0.0964029302696109,0.0189654481308276
6728,263000,9665000,1.23124196845713,0.125612938098941,0.0886907004948011
6729,264000,9665000,1.39838780795178,0.140220097886327,0.0690164548040869
6730,265000,9665000,1.42945875146501,0.134247641322217,0.0233799741267589
6731,266000,9665000,1.56587112895347,0.102373582503247,0.00712676277019034
6732,267000,9665000,1.55100691163361,0.10806389669776,0.0280104654438148
6733,268000,9665000,1.34259754254649,0.139083520480908,0.0911285392825985
6734,269000,9665000,1.47403110698773,0.134826035341561,0.0868584445148189
6735,270000,9665000,1.45887974930921,0.126740311905704,0.0363959253930142
6736,271000,9665000,1.50431519528097,0.127174150695351,0.0189842900620281
6737,272000,9665000,1.50674514341321,0.121776572176032,0.0234089255923555
6738,273000,9665000,1.46261115557086,0.0976697249695739,0.0280874360552245
6739,274000,9665000,1.42654955898078,0.0963523762105308,0.0328288153398109
6740,275000,9665000,1.41354791432931,0.09490719125652,0.0492918348960336
6741,276000,9665000,1.54197678653462,0.0995609779246768,0.0158091096221851
6742,277000,9665000,1.5261995696051,0.0932833415509444,0.0254630991636322
6743,278000,9665000,1.42917528905272,0.0887590921361004,0.0581009548995026
6744,279000,9665000,1.4738599050284,0.0845073190450026,0.0799243022395533
6745,280000,9665000,1.52348930209749,0.084863079854982,0.0416629940426533
6746,281000,9665000,1.47395526159789,0.0868723159827338,0.0394126996971885
6747,282000,9665000,1.36239181262377,0.0795218605133645,0.0541217501925427
6748,283000,9665000,1.46180419725846,0.08002040578211,0.0361883532454621
6749,284000,9665000,1.40679978676199,0.0798291063107942,0.0909144331829692
6750,285000,9665000,1.3248576408886,0.0812106688618923,0.0860388623477237
6751,286000,9665000,1.22849576932227,0.0521145682879932,0.135506635048682
6752,287000,9665000,1.44859659514176,0.0427980561519769,0.0663201299159749
6753,288000,9665000,1.46641835217465,0.0417669676612615,0.0582654933515166
6754,289000,9665000,1.36711862587573,0.0452800683687066,0.0608201941531142
6755,290000,9665000,1.38804200846749,0.0359297488452228,0.0557731260252387
6756,291000,9665000,1.51518169489688,0.0406349403301916,0.138525880728951
6757,292000,9665000,1.52946727277914,0.0366821679681246,0.0745771388709212
6758,293000,9665000,1.51711504874793,0.0364283022482806,0.0695147121754652
6759,294000,9665000,1.50185124716866,0.0364319646298947,0.0448204543028813
6760,295000,9665000,1.39393293082652,0.0387111080673517,0.064412720818674
6761,296000,9665000,1.40941274438544,0.0424578918607387,0.137733581833019
6762,297000,9665000,1.47650801506009,0.0425566381437089,0.179566301420611
6763,298000,9665000,1.47281908845161,0.0433971510131274,0.176855744180255
6764,299000,9665000,1.43600708547068,0.0459044409384177,0.15768869657136
6765,3e+05,9665000,1.48740157627094,0.0539024935383488,0.0613466296311526
6766,301000,9665000,1.33731175113345,0.0500238996911029,0.0594255330504776
6767,302000,9665000,1.47931211024025,0.0486697818359596,0.104016917781362
6768,303000,9665000,1.54662226334751,0.0560900841699021,0.146625799772275
6769,304000,9665000,1.29859921730571,0.0560044943806747,0.0989435223863525
6770,305000,9665000,1.47256300781898,0.0515181307396002,0.233498703462867
6771,306000,9665000,1.34073552448111,0.0500204511122114,0.0164993025327516
6772,307000,9665000,1.39210661544982,0.0489326524986711,0.101005008906863
6773,308000,9665000,1.41948405458204,0.0533054332182813,0.0609873192310411
6774,309000,9665000,1.52829184581023,0.0710203569869993,0.117158224902411
6775,310000,9665000,1.58789272613014,0.0902806040285518,0.0696573195797232
6776,311000,9665000,1.54043395469585,0.0958557016123415,0.0831711331574943
6777,312000,9665000,1.58596678327298,0.096835344681126,0.0743329660608524
6778,313000,9665000,1.57537328928463,0.0883945587346876,0.0214296314079732
6779,314000,9665000,1.52514560615038,0.0893322969468244,0.00949976328198919
6780,315000,9665000,1.54430345831803,0.0906667433939507,0.0119691763857303
6781,316000,9665000,1.4033598418403,0.0854379834040988,0.0511712005562705
6782,317000,9665000,1.45653554321899,0.0898884713884701,0.0213959019763981
6783,318000,9665000,1.54755531161937,0.0921314254667673,0.00783066538058916
6784,319000,9665000,1.58447684314424,0.0924515907370803,0.00699505955199305
6785,320000,9665000,1.31236933317725,0.0657487440011377,0.0105993720289104
6786,321000,9665000,1.37667139354344,0.057412211898109,0.0361338217807953
6787,322000,9665000,1.2886901284992,0.0534367517629722,0.0579275289195177
6788,323000,9665000,1.38890087451568,0.0566620689703453,0.038163483860407
6789,324000,9665000,1.42999033252915,0.0486991855333265,0.0725926203119454
6790,325000,9665000,1.53089507638001,0.0445888641580896,0.0882433034062994
6791,326000,9665000,1.43562158732673,0.0437689905802748,0.0784431658481153
6792,327000,9665000,1.44865088869639,0.0407362416937018,0.127116288756176
6793,328000,9665000,1.50552175333976,0.0357655175823215,0.205287576897524
6794,329000,9665000,1.54870565076717,0.0356147855752343,0.133032119480539
6795,330000,9665000,1.51139114954882,0.0330427461452239,0.129565681785519
6796,331000,9665000,1.51527734042633,0.0314182306732567,0.128133097381074
6797,332000,9665000,1.42166291646346,0.0302131774455115,0.0723114926684402
6798,333000,9665000,1.41166136519053,0.0292223880438118,0.0586481628429026
6799,334000,9665000,1.40216115305333,0.0277230480215234,0.0121938617886406
6800,335000,9665000,1.55117494384874,0.0427419537065487,0.0106205209249447
6801,336000,9665000,1.58619571302155,0.0462376650417704,0.0171972907070038
6802,337000,9665000,1.58246994185535,0.0431060130212045,0.0121140930592706
6803,338000,9665000,1.55277466498703,0.0533488601902637,0.0722315089284361
6804,339000,9665000,1.44347635748211,0.0519330905350699,0.0649169273552835
6805,340000,9665000,1.41626323751388,0.0517795350488558,0.0629848268114368
6806,341000,9665000,1.27416438789517,0.0518360767004221,0.0845978831112452
6807,342000,9665000,1.3434988969594,0.0537735139398359,0.0872057706340131
6808,343000,9665000,1.43201029996689,0.0519786566250209,0.113428457685373
6809,344000,9665000,1.30646543260572,0.0510286694079351,0.0973510805820257
6810,345000,9665000,1.41367244746742,0.0510150957905843,0.0868389498559128
6811,346000,9665000,1.38063918326295,0.0505254985234813,0.11408552351519
6812,347000,9665000,1.34873112817459,0.0546505949715352,0.0989014501810473
6813,348000,9665000,1.41834236873044,0.058339304521335,0.0475329795084209
6814,349000,9665000,1.4854250900991,0.0576956637325238,0.0454129754421887
6815,350000,9665000,1.32924318051752,0.0597132680835755,0.0285389154279057
6816,351000,9665000,1.35898948484719,0.0618943496091978,0.045304605109478
6817,352000,9665000,1.40916979943993,0.0654457567134489,0.0297839827814253
6818,353000,9665000,1.46984101380167,0.05926484596959,0.0435367004083447
6819,354000,9665000,1.55754006024117,0.0695219267604498,0.0179997527491168
6820,355000,9665000,1.45873555487904,0.0757112916463148,0.0601095448725951
6821,356000,9665000,1.28577356542299,0.0738990809555475,0.0626325553456951
6822,357000,9665000,1.2737823030919,0.0718713852947951,0.123218458982078
6823,358000,9665000,1.52725192791345,0.0720363904167639,0.0295098921015504
6824,359000,9665000,1.46191757498877,0.0710698202050506,0.0483630409371772
6825,360000,9665000,1.57554975572728,0.0667829302219744,0.00760484968093921
6826,361000,9665000,1.57775660711115,0.0671614961446559,0.025916792730685
6827,362000,9665000,1.56865034128697,0.0661027247632772,0.00369613518568276
6828,363000,9665000,1.58486433514196,0.0684824096634368,0.0427444558024832
6829,364000,9665000,1.5386585130641,0.0673768405352729,0.0321849861987332
6830,365000,9665000,1.39778472469959,0.0669153537396061,0.0542466320911123
6831,366000,9665000,1.36695362447938,0.0661385504395216,0.0333959682664236
6832,367000,9665000,1.55167047045995,0.0655161496505472,0.0225465282856834
6833,368000,9665000,1.58263066193325,0.0652736858978139,0.01813556715394
6834,369000,9665000,1.58344225889972,0.0643984965093054,0.0374007326676459
6835,370000,9665000,1.4247871493392,0.0652573329634095,0.0648005405392444
6836,371000,9665000,1.54562621033781,0.066593808151543,0.00669002786072238
6837,372000,9665000,1.39616163337856,0.0678899099008977,0.0509005261166832
6838,373000,9665000,1.44552324874977,0.0691703116714897,0.00772751108294673
6839,374000,9665000,1.18004169706339,0.0662596289092354,0.104844470311881
6840,375000,9665000,1.53763989913486,0.062081841909645,0.0179543017413654
6841,262000,9666000,1.53543844699009,0.100918775721592,0.00323843740556836
6842,263000,9666000,1.56341658496437,0.11137362317833,0.011702616852757
6843,264000,9666000,1.52140965101479,0.123550345132993,0.0300409712318798
6844,265000,9666000,1.51813604893762,0.12293659952665,0.0171577827217575
6845,266000,9666000,1.4813751824915,0.130778687988529,0.0190666965836672
6846,267000,9666000,1.58806264888932,0.117605196178146,0.0152774743609405
6847,268000,9666000,1.35977428674407,0.138947390366521,0.0162516107806513
6848,269000,9666000,1.42181186738972,0.13472803154677,0.0581818737004086
6849,270000,9666000,1.48057190435827,0.12614193395283,0.0243466199160296
6850,271000,9666000,1.5055951199336,0.113631841455723,0.00477090264612921
6851,272000,9666000,1.52407310964505,0.105737724341366,0.0252090821114112
6852,273000,9666000,1.53998156035328,0.0957153793744678,0.0175109620908896
6853,274000,9666000,1.55257401945241,0.0909244307216591,0.0444522255351241
6854,275000,9666000,1.45393545459706,0.0959048499653629,0.0304959052188828
6855,276000,9666000,1.46807856047527,0.0933276225194102,0.0499940824278897
6856,277000,9666000,1.53259046461397,0.0886618145335941,0.0225198655101274
6857,278000,9666000,1.46807312362633,0.0810808503774704,0.0408398651064702
6858,279000,9666000,1.39183889268271,0.078280141571108,0.0403629249266953
6859,280000,9666000,1.55153409438334,0.0895931783529093,0.0191340059831041
6860,281000,9666000,1.55503906302409,0.0954999117519022,0.0389005993070132
6861,282000,9666000,1.58138758985435,0.0892526399441857,0.062677432879365
6862,283000,9666000,1.46836279184524,0.0766108384928824,0.0760230404787268
6863,284000,9666000,1.29479048118772,0.079733599487832,0.136313043737768
6864,285000,9666000,1.54705425540425,0.0892230212830594,0.0973941706207403
6865,286000,9666000,1.53649514008327,0.0603584182129414,0.0212104928337041
6866,287000,9666000,1.41837033023075,0.0429378881367735,0.0275984795301041
6867,288000,9666000,1.24934089351896,0.0357234825733007,0.0770014057792734
6868,289000,9666000,1.41766774426381,0.035551115492034,0.0512083351152857
6869,290000,9666000,1.39542826254095,0.0356972579019974,0.0236462047306244
6870,291000,9666000,1.54709721373489,0.0435272437370299,0.0844222756990163
6871,292000,9666000,1.33275148393309,0.0382760237111324,0.0133217841398001
6872,293000,9666000,1.49212753682289,0.0367573155309668,0.177001210560136
6873,294000,9666000,1.4958044830499,0.0366614229430353,0.0140719545570576
6874,295000,9666000,1.42756593388024,0.0395032511205091,0.130924742547136
6875,296000,9666000,1.45286729242076,0.0427063871714383,0.217016219999063
6876,297000,9666000,1.52052074290177,0.0425093314874201,0.166517580640335
6877,298000,9666000,1.55177887993851,0.0394843465959032,0.0865436504892076
6878,299000,9666000,1.42257536226117,0.0446735360329567,0.15077723947521
6879,3e+05,9666000,1.47086844165125,0.0480618122051132,0.132561488550384
6880,301000,9666000,1.4444172207662,0.0451455034074834,0.0829198312616501
6881,302000,9666000,1.475086049802,0.046642727539917,0.0404172817822978
6882,303000,9666000,1.12479591914917,0.0489371979281377,0.108244318331256
6883,304000,9666000,1.48414551811876,0.0525190126366233,0.0432508616057066
6884,305000,9666000,1.46746666034462,0.0516853121314998,0.0455377640751658
6885,306000,9666000,1.41501689706064,0.0512069367414846,0.0517654068416029
6886,307000,9666000,1.37865944430057,0.0551190265855345,0.070512262264608
6887,308000,9666000,1.39825819897597,0.0569887084434189,0.0929064182385761
6888,309000,9666000,1.28840168705408,0.0638263397378288,0.0901281728132961
6889,310000,9666000,1.51194056392204,0.0737725739476125,0.0393943225827004
6890,311000,9666000,1.60483888078296,0.0907558782191867,0.0511194447942285
6891,312000,9666000,1.58211357128818,0.0957982896955805,0.06602291037839
6892,313000,9666000,1.55740547842875,0.0873331858138141,0.0115024133614464
6893,314000,9666000,1.5236541865767,0.0888515651583752,0.017515179875139
6894,315000,9666000,1.57126836172512,0.0839741529780332,0.0771257659058682
6895,316000,9666000,1.536131846321,0.0794574084746589,0.221014008394676
6896,317000,9666000,1.5699145023564,0.0733782848054801,0.179044667046261
6897,318000,9666000,1.44051718294137,0.0614834356280229,0.0965841624108036
6898,319000,9666000,1.41419295238931,0.0580214445540592,0.00954672673146858
6899,320000,9666000,1.4184711122069,0.0574514280368722,0.0141702002584623
6900,321000,9666000,1.454477124962,0.0537481990617394,0.0336397113389837
6901,322000,9666000,1.36784100280582,0.0550543584075756,0.0682546481853229
6902,323000,9666000,1.51151962629511,0.0477838620578887,0.0719071743487689
6903,324000,9666000,1.31434656638491,0.04465992639516,0.0791575689778152
6904,325000,9666000,1.50235433278549,0.0423839712861062,0.0653391166093301
6905,326000,9666000,1.44260257629005,0.0396023088048774,0.089161235421382
6906,327000,9666000,1.48980086790982,0.0365629532127024,0.167347625407025
6907,328000,9666000,1.44784331628923,0.0346327012987937,0.106532123006442
6908,329000,9666000,1.55707554952865,0.0342000174932777,0.130620042707351
6909,330000,9666000,1.50784567582683,0.0314010190617759,0.164622592640543
6910,331000,9666000,1.52145010999684,0.0298664622201592,0.0517651900272571
6911,332000,9666000,1.45128698259529,0.0309600948698824,0.0752080828053593
6912,333000,9666000,1.57729445761035,0.0336207322928508,0.0621608251160438
6913,334000,9666000,1.39098209352255,0.0327905512688954,0.0837854886844353
6914,335000,9666000,1.57580538031557,0.0374967245695665,0.0293849580664015
6915,336000,9666000,1.39397006928212,0.0345616866979467,0.0337325708984687
6916,337000,9666000,1.29907336494474,0.0351065416959033,0.0251445521805699
6917,338000,9666000,1.57203557777223,0.0493101227409039,0.0626224012361011
6918,339000,9666000,1.44323465391097,0.0508046907452071,0.0520368553019046
6919,340000,9666000,1.36739136784331,0.0536844070068799,0.0473346093900192
6920,341000,9666000,1.32639870306547,0.0576604178790325,0.0917510161734053
6921,342000,9666000,1.3963358981298,0.0537635713566713,0.0926613561933193
6922,343000,9666000,1.36168367164617,0.0530612870013637,0.079636098825855
6923,344000,9666000,1.38348768181072,0.0524673592200966,0.0977102706930493
6924,345000,9666000,1.295858071569,0.0530370701553096,0.10584978631037
6925,346000,9666000,1.37108416253658,0.0545529455478405,0.0516036273656138
6926,347000,9666000,1.41690387249992,0.0574013711259148,0.0563137032304475
6927,348000,9666000,1.39906428672722,0.0628852610198251,0.063975045325405
6928,349000,9666000,1.4441440281081,0.0635377336019897,0.0566732629686953
6929,350000,9666000,1.36553154500491,0.0667567577767185,0.0164801800781264
6930,351000,9666000,1.2593233397498,0.0630798928927787,0.0918258441136336
6931,352000,9666000,1.43970511467745,0.0660626580625746,0.0288604275273534
6932,353000,9666000,1.48896230813947,0.0665925149167388,0.0559905630722849
6933,354000,9666000,1.41144205816264,0.0685867041145625,0.088918398646632
6934,355000,9666000,1.28593900115528,0.0666709205184702,0.126999053933612
6935,356000,9666000,1.35165280155097,0.0695823736449949,0.0400292831734803
6936,357000,9666000,1.3404335330313,0.0731488868943827,0.0355258035689118
6937,358000,9666000,1.42428074211802,0.0732475611531692,0.0703825439757919
6938,359000,9666000,1.50344680060721,0.0681815451818069,0.0395229350503727
6939,360000,9666000,1.57258663508512,0.0669816125673939,0.0184052539654939
6940,361000,9666000,1.54093757369795,0.0665775132990562,0.0200337790352934
6941,362000,9666000,1.51984076624449,0.0659559247384188,0.107215061140507
6942,363000,9666000,1.54491955733919,0.0680821993625265,0.0106913800292734
6943,364000,9666000,1.31330492938627,0.0667266279049869,0.0654028536291595
6944,365000,9666000,1.40148089456503,0.0654944437170731,0.0821216970761697
6945,366000,9666000,1.56984161050533,0.0646014582661995,0.0278274056449376
6946,367000,9666000,1.5774210986087,0.0647044537177226,0.0154762802226818
6947,368000,9666000,1.5155177169157,0.0636793224187403,0.0223715117140114
6948,369000,9666000,1.38377288799693,0.0638457659710227,0.0854671015400547
6949,370000,9666000,1.18180984971242,0.0640889605593219,0.147515262621333
6950,371000,9666000,1.45214728787206,0.0638401190362726,0.034546471450655
6951,372000,9666000,1.46427082542147,0.0688613230025517,0.0523009472915799
6952,373000,9666000,1.47578185090177,0.068817304594809,0.0252716287444784
6953,374000,9666000,1.33066353508875,0.0682629915294093,0.0314103537269824
6954,375000,9666000,1.42256376953031,0.068118753395287,0.0359305925030189
6955,262000,9667000,1.50153316695368,0.109376889730332,0.0121891700998101
6956,263000,9667000,1.49585411027548,0.112502821178428,0.0120847229482514
6957,264000,9667000,1.50608964299349,0.108758482065462,0.0396597886415156
6958,265000,9667000,1.58706934173158,0.107599681685328,0.0412135013243364
6959,266000,9667000,1.58372244646915,0.121520022351847,0.00588271715651234
6960,267000,9667000,1.54324363084134,0.110114385837387,0.0211408958796794
6961,268000,9667000,1.4068460012668,0.120711497310861,0.0557082901053628
6962,269000,9667000,1.45762633643976,0.128514405613345,0.0127346797661834
6963,270000,9667000,1.43218165890238,0.123061812171901,0.0098313969374653
6964,271000,9667000,1.55482830648629,0.113090320028275,0.0291590346751311
6965,272000,9667000,1.58229147826736,0.0966185130468765,0.0396842195342141
6966,273000,9667000,1.57634766969056,0.095773652217573,0.00766389229185193
6967,274000,9667000,1.58609808602728,0.0967906302814709,0.0736774868694719
6968,275000,9667000,1.43107789887156,0.0939742111386934,0.0663342456574382
6969,276000,9667000,1.46182126910715,0.0938378091805275,0.0664921669606845
6970,277000,9667000,1.47506762660176,0.0952420222504072,0.0149243983153657
6971,278000,9667000,1.4815066659385,0.0951794409372299,0.0334453073456142
6972,279000,9667000,1.48786853125864,0.094466194982008,0.0402477307981498
6973,280000,9667000,1.50349650689586,0.0960722520817947,0.0360643955603889
6974,281000,9667000,1.42699672081839,0.0985621596363375,0.0234065919384982
6975,282000,9667000,1.50029636885565,0.0891837423989266,0.0714147863652757
6976,283000,9667000,1.37325233721998,0.081074264559188,0.0559208947647254
6977,284000,9667000,1.46031509741198,0.0820252638309155,0.0438458069957672
6978,285000,9667000,1.50660374036968,0.0789903978917413,0.104601381535579
6979,286000,9667000,1.39540008132069,0.0634278119205812,0.0693254732403142
6980,287000,9667000,1.33313003559733,0.0426771995876567,0.0578488399107284
6981,288000,9667000,1.35903860508987,0.0387253811673216,0.0817106030825266
6982,289000,9667000,1.43372820305391,0.0384459019341056,0.0783186406567486
6983,290000,9667000,1.55176562329711,0.0441173557351376,0.161185437787881
6984,291000,9667000,1.57171313848855,0.0450562674723698,0.076764940331854
6985,292000,9667000,1.40541781015316,0.0426228109785782,0.0705746660957593
6986,293000,9667000,1.30698976241498,0.0383299068587781,0.246836876796583
6987,294000,9667000,1.50812246623658,0.0389397634886036,0.0802390358089747
6988,295000,9667000,1.51916480798665,0.0392110941259474,0.198217734888318
6989,296000,9667000,1.3986366338167,0.0400476715606946,0.126086675428529
6990,297000,9667000,1.43500698705363,0.0393292817480545,0.119419589986429
6991,298000,9667000,1.54954485451765,0.0382772588392598,0.0354355504200926
6992,299000,9667000,1.47972271281518,0.0384618737950414,0.019156184455507
6993,3e+05,9667000,1.49692137103195,0.0394467083399587,0.0873214430818287
6994,301000,9667000,1.51187111404964,0.0417657279020162,0.0787089328393542
6995,302000,9667000,1.46651197844641,0.0459118493693097,0.0774834445419568
6996,303000,9667000,1.40804811617084,0.0482498977965616,0.0788789280532733
6997,304000,9667000,1.40086882548721,0.054959424417556,0.0192430277319588
6998,305000,9667000,1.48859662308491,0.0579791841405193,0.0936312910258345
6999,306000,9667000,1.56805312596361,0.0547024714589073,0.112851134772874
7000,307000,9667000,1.52460613782465,0.0548232385589509,0.289748480870701
7001,308000,9667000,1.49043668075523,0.0574169699643704,0.181276946231698
7002,309000,9667000,1.4935943502654,0.0608518881644333,0.0876008903160026
7003,310000,9667000,1.49323671664377,0.0663665133300039,0.191791429957298
7004,311000,9667000,1.54531827134446,0.0753359349213712,0.198294293464562
7005,312000,9667000,1.53380925239771,0.0728050985708237,0.171634185958434
7006,313000,9667000,1.53056233931627,0.0676661101481537,0.0922783033030531
7007,314000,9667000,1.54720429165744,0.0706549998112044,0.0929070312462852
7008,315000,9667000,1.47155548343812,0.0682074317245807,0.153659085852572
7009,316000,9667000,1.47356527971261,0.0643154187969411,0.121012297378494
7010,317000,9667000,1.51777353967982,0.0561235627409837,0.0981587735600984
7011,318000,9667000,1.51995058787252,0.0523755845025879,0.0655035509907008
7012,319000,9667000,1.43313444307744,0.0524050706888349,0.0834202457438785
7013,320000,9667000,1.37003023593502,0.0518951164613069,0.0342104017805282
7014,321000,9667000,1.47172266811739,0.0520302949416212,0.073208642417838
7015,322000,9667000,1.47512626341358,0.0500325130505723,0.0566523043208202
7016,323000,9667000,1.50616783971402,0.0451165598175771,0.117212208265549
7017,324000,9667000,1.50387956384341,0.0430827024745125,0.12542465490621
7018,325000,9667000,1.53696736476333,0.0400456730518743,0.124703706390448
7019,326000,9667000,1.41121133819523,0.0366929855222687,0.151350963012613
7020,327000,9667000,1.48918303374423,0.0370847858068001,0.112154984718341
7021,328000,9667000,1.42018822874717,0.0326219163097903,0.132121506612022
7022,329000,9667000,1.51116027051328,0.0317996549661806,0.117998677921106
7023,330000,9667000,1.37109055825681,0.031538305258979,0.0248061677284187
7024,331000,9667000,1.54507076939437,0.0303091037356462,0.097842616932343
7025,332000,9667000,1.40866357026149,0.0275074096586933,0.020971244040421
7026,333000,9667000,1.45749189377273,0.0333675242288278,0.0220977015434715
7027,334000,9667000,1.3075401612567,0.0301531651413539,0.0224183055360387
7028,335000,9667000,1.3911075580828,0.0334951896784667,0.0304487958677388
7029,336000,9667000,1.34412859915988,0.0344846510094353,0.0181285619001147
7030,337000,9667000,1.55754260197232,0.0416425834698604,0.0237398098456681
7031,338000,9667000,1.54884993696578,0.0549264024979213,0.105931425075585
7032,339000,9667000,1.4265829985465,0.0524240577340055,0.0370820624858001
7033,340000,9667000,1.47914722862031,0.0601909242381331,0.0574212532971626
7034,341000,9667000,1.39433440970295,0.0567078628003504,0.103629988181186
7035,342000,9667000,1.40939771230835,0.053802402914746,0.0940382885616302
7036,343000,9667000,1.42835531687488,0.0541603609459081,0.0860080251961508
7037,344000,9667000,1.32019932808494,0.0546771484503076,0.0926784564396703
7038,345000,9667000,1.16345292632782,0.054097076640576,0.109793267615021
7039,346000,9667000,1.29116448550494,0.0554941230271147,0.102048378819792
7040,347000,9667000,1.35102850054614,0.0586957322752342,0.0660455493007612
7041,348000,9667000,1.4692748123015,0.0624872281495793,0.0523803059606727
7042,349000,9667000,1.4428890353196,0.063793044753212,0.0497720428178357
7043,350000,9667000,1.42948847224654,0.0674481363073656,0.042886760788471
7044,351000,9667000,1.4102363590204,0.0629173743226992,0.080468172483497
7045,352000,9667000,1.52223456699415,0.0688197028186559,0.0115399100963738
7046,353000,9667000,1.54193298606747,0.0710270345824985,0.0194459884137629
7047,354000,9667000,1.40546722243803,0.070902751487903,0.0761741550363718
7048,355000,9667000,1.35305426459249,0.069074250601435,0.111257451556091
7049,356000,9667000,1.32351044848077,0.0655846812359855,0.094989690400693
7050,357000,9667000,1.35780055125904,0.0676205394020227,0.106716418604064
7051,358000,9667000,1.42004707894209,0.0702946029152364,0.0663283078007539
7052,359000,9667000,1.22186001292519,0.0697971370773387,0.123682979579857
7053,360000,9667000,1.38353654983544,0.0663064952300557,0.0276625787157025
7054,361000,9667000,1.40960403785386,0.0664488974055557,0.065865492939219
7055,362000,9667000,1.59074143119479,0.0660066799887271,0.0257503018280539
7056,363000,9667000,1.53588489671462,0.069326071366273,0.013403091995356
7057,364000,9667000,1.36975262489553,0.0663588632162723,0.0422085714772281
7058,365000,9667000,1.45543179697644,0.0643126987066964,0.0513407611068553
7059,366000,9667000,1.42457794451301,0.0631613369304708,0.0562731556974332
7060,367000,9667000,1.58589285306584,0.0629089445367523,0.0195204654422016
7061,368000,9667000,1.54954532136436,0.0621285218306819,0.0125989993616419
7062,369000,9667000,1.33130005498377,0.0643449410200389,0.0457507020032377
7063,370000,9667000,1.28818979449513,0.0633216211588738,0.0926395320769339
7064,371000,9667000,1.49148678882815,0.0647297708891511,0.0369591773519804
7065,372000,9667000,1.38790045489537,0.063303857632957,0.0671004760659472
7066,373000,9667000,1.18071981094801,0.0660498083312342,0.0749104259246575
7067,374000,9667000,1.16122611244008,0.0658212110058161,0.0825775827444617
7068,375000,9667000,1.4780048617528,0.0629674157866717,0.0250768437165
7069,262000,9668000,1.54919099130984,0.109913297926784,0.022079581400823
7070,263000,9668000,1.51963153020131,0.106462156114662,0.0184209092276903
7071,264000,9668000,1.50412674646823,0.107976562810757,0.0324791131092904
7072,265000,9668000,1.53147575273497,0.119707762883125,0.027771597160497
7073,266000,9668000,1.41031893523357,0.125496920937945,0.0159630595597606
7074,267000,9668000,1.54621283789668,0.0989230770158382,0.00414807608944305
7075,268000,9668000,1.51469666109999,0.0911890291492,0.0422516081654517
7076,269000,9668000,1.54741282097026,0.0997060850654978,0.00466703526700403
7077,270000,9668000,1.50508441412457,0.0946646635626658,0.0155096420717556
7078,271000,9668000,1.36591340074513,0.0971268242736508,0.0379556597191941
7079,272000,9668000,1.52613677502104,0.108464432296626,0.0275684755361476
7080,273000,9668000,1.52640864896077,0.104615778996685,0.0224495385710465
7081,274000,9668000,1.51209530897005,0.0935909405095649,0.0232642518281451
7082,275000,9668000,1.52465437338623,0.101251066744613,0.02493330070851
7083,276000,9668000,1.51625969959998,0.105162790589063,0.0237126902170699
7084,277000,9668000,1.56125301593513,0.102910670033339,0.009638224575316
7085,278000,9668000,1.57754566839995,0.103522647168144,0.00600146542380881
7086,279000,9668000,1.59339360992197,0.107835514308962,0.00945079888221204
7087,280000,9668000,1.58830324200692,0.104293708243847,0.0123671486765474
7088,281000,9668000,1.46979250583973,0.108157319037878,0.0700607066375912
7089,282000,9668000,1.44961840847186,0.0928988799443778,0.0640809674020867
7090,283000,9668000,1.31257437762994,0.0811872142209507,0.0650726591218803
7091,284000,9668000,1.32977003584254,0.0907707404552437,0.0966286232621587
7092,285000,9668000,1.500927747877,0.0834404396881935,0.0800400685846965
7093,286000,9668000,1.41055766979878,0.0569332137046048,0.0575010837340147
7094,287000,9668000,1.36196259716821,0.0432108106164944,0.0456573619284448
7095,288000,9668000,1.3850370131052,0.0414048987365882,0.10537912247016
7096,289000,9668000,1.51816264913543,0.0419719430325294,0.12890633365009
7097,290000,9668000,1.53386806476339,0.043918454919821,0.140993952423326
7098,291000,9668000,1.5708005178803,0.0444766546269821,0.0955494975106117
7099,292000,9668000,1.31601797427612,0.0370939475731177,0.0502303212851199
7100,293000,9668000,1.36354021921705,0.0423545501510703,0.0184981515734931
7101,294000,9668000,1.46227909417411,0.0410402247821678,0.261862727770811
7102,295000,9668000,1.42663295941489,0.040591228681778,0.228793201116014
7103,296000,9668000,1.39671976070417,0.0399414006378941,0.213263405885565
7104,297000,9668000,1.36957577963068,0.0379445819873456,0.0803469530763893
7105,298000,9668000,1.53293500907255,0.0381843105692996,0.0958008559570835
7106,299000,9668000,1.41996850025913,0.0382232676436517,0.0296804021037677
7107,3e+05,9668000,1.46047213901885,0.0404108722106753,0.122492232610867
7108,301000,9668000,1.55634766962902,0.0406032685690988,0.215871027460001
7109,302000,9668000,1.48020845141916,0.0452828012347266,0.129797647935358
7110,303000,9668000,1.52146514230649,0.0529674765689229,0.0863366688059391
7111,304000,9668000,1.30172319642995,0.0509474507628587,0.0565320281367277
7112,305000,9668000,1.46973366949975,0.0505917584880228,0.130448042088571
7113,306000,9668000,1.57180519195525,0.0553192763989623,0.0657226802898508
7114,307000,9668000,1.56066436283197,0.05322410071625,0.155949093106177
7115,308000,9668000,1.52400381408161,0.0561989101560152,0.138859492249834
7116,309000,9668000,1.44320538685731,0.0531768602904103,0.145073783251627
7117,310000,9668000,1.49168830416103,0.0557003916160026,0.147415544207389
7118,311000,9668000,1.50828779887643,0.0610034474787905,0.141612831626402
7119,312000,9668000,1.50896931823236,0.0625674010372698,0.187023326453025
7120,313000,9668000,1.50927829340131,0.0562737730403918,0.104464937655548
7121,314000,9668000,1.47155262730365,0.0534596788800136,0.0728742900506673
7122,315000,9668000,1.35855964960311,0.0544074933069891,0.0656777805740542
7123,316000,9668000,1.33062962237791,0.0515261619629002,0.200139759933826
7124,317000,9668000,1.45808729472766,0.0480243156637756,0.153083495261084
7125,318000,9668000,1.5227651486699,0.0453079150810278,0.195003927875091
7126,319000,9668000,1.45053897077884,0.048403431216153,0.0442055994066166
7127,320000,9668000,1.4351637128568,0.0505584437586835,0.0281187534120612
7128,321000,9668000,1.49923879772021,0.0522639791775189,0.0163889499779458
7129,322000,9668000,1.4991276268754,0.04959718121674,0.107127675047407
7130,323000,9668000,1.43694417345308,0.0437817543314441,0.0664474223629815
7131,324000,9668000,1.45955240520713,0.0414343907491417,0.057189119563811
7132,325000,9668000,1.53140322959383,0.0378977714904099,0.110661415475658
7133,326000,9668000,1.45799562862806,0.0367938720688347,0.107859865143897
7134,327000,9668000,1.49538740465138,0.0356979399724207,0.125637335932223
7135,328000,9668000,1.45488837276834,0.031959939174521,0.175658418030258
7136,329000,9668000,1.4206085806606,0.0314435653013348,0.0126075095433449
7137,330000,9668000,1.52058458075529,0.0311451943163667,0.0677892146819384
7138,331000,9668000,1.50348189393989,0.0291001220561147,0.101229103958812
7139,332000,9668000,1.47214630252057,0.0342212702745387,0.102752307435559
7140,333000,9668000,1.24112753861146,0.0360683573214786,0.107360091323924
7141,334000,9668000,1.48982436996899,0.0406035590355204,0.0175966563739412
7142,335000,9668000,1.40519300645608,0.0363701571479308,0.0541472193158234
7143,336000,9668000,1.53077638651177,0.0401691218599075,0.0116873674408348
7144,337000,9668000,1.59993030006847,0.0502924835441406,0.134113640894078
7145,338000,9668000,1.45790062599137,0.0530886573324921,0.0726074448839084
7146,339000,9668000,1.43179866177561,0.0554442345603194,0.0640907255481069
7147,340000,9668000,1.51213447599716,0.0653381135335393,0.0584092556341649
7148,341000,9668000,1.49216069590661,0.0581621293848643,0.0422840167813928
7149,342000,9668000,1.52412294894898,0.0614963167438865,0.0670261520608055
7150,343000,9668000,1.39540673069476,0.057433908542597,0.0642051811392475
7151,344000,9668000,1.30549782088244,0.0573098450542628,0.0844042458290261
7152,345000,9668000,1.37394993653671,0.0576862521474095,0.0952250032923956
7153,346000,9668000,1.26784892771071,0.05597201157479,0.118399205785842
7154,347000,9668000,1.4120636762108,0.0596347939279581,0.0633103362769289
7155,348000,9668000,1.30512506665913,0.0598406883670915,0.0550744648329206
7156,349000,9668000,1.37486263106912,0.0603235162437748,0.0646706524911325
7157,350000,9668000,1.42834506677697,0.0631420640991251,0.0537235330619366
7158,351000,9668000,1.4719703186452,0.0633899517026911,0.0236656860564871
7159,352000,9668000,1.55233635899349,0.0685019067545834,0.0175688279358818
7160,353000,9668000,1.57025805300126,0.0685501150679703,0.00879325863206089
7161,354000,9668000,1.53906202273032,0.0695119330295567,0.0126827415352943
7162,355000,9668000,1.54795304991074,0.0685852203489757,0.0420636506710396
7163,356000,9668000,1.46067758314268,0.0682855515007475,0.0429613244320138
7164,357000,9668000,1.37879002557296,0.0657140849096097,0.092900665410348
7165,358000,9668000,1.49267522565073,0.0635407697124359,0.0252283538394291
7166,359000,9668000,1.43323751664629,0.06197410187976,0.0642390105461491
7167,360000,9668000,1.42992724239971,0.0625217339022389,0.0207033684419307
7168,361000,9668000,1.44658967785491,0.0675962145562691,0.0307899613763683
7169,362000,9668000,1.51056900755961,0.0649199724082422,0.011381343052959
7170,363000,9668000,1.35506268345547,0.0665813906606184,0.0968464588616326
7171,364000,9668000,1.20167154330463,0.0655438825158258,0.117590512780053
7172,365000,9668000,1.28278282243464,0.0640651945240808,0.0524314284434313
7173,366000,9668000,1.40592640592181,0.0642928088879097,0.0248189468154142
7174,367000,9668000,1.42367844985938,0.0647961459311581,0.018022863395679
7175,368000,9668000,1.48849311902955,0.0661596568162548,0.0243996806960658
7176,369000,9668000,1.36341888730598,0.0685958589596331,0.0561973456943978
7177,370000,9668000,1.40318003374099,0.0649839213378447,0.0389897357585008
7178,371000,9668000,1.27552808814492,0.0678764303477329,0.053971907410014
7179,372000,9668000,1.25238434851971,0.0640587412206299,0.0102896209059226
7180,373000,9668000,1.22038339032203,0.0631203674420844,0.03630258879593
7181,374000,9668000,1.54340830074825,0.062136655360693,0.0158859415724927
7182,375000,9668000,1.56721386226655,0.0623335541176638,0.0224880852511517
7183,262000,9669000,1.44509230138071,0.113157628752783,0.0432029736496651
7184,263000,9669000,1.41749721656917,0.108577909461079,0.0157919288600712
7185,264000,9669000,1.50730268244597,0.10140070064538,0.0327248529360513
7186,265000,9669000,1.39392130097512,0.114452909514863,0.0411252088610086
7187,266000,9669000,1.46587683000845,0.123758051025439,0.0321559412568738
7188,267000,9669000,1.48881416321838,0.109577285555067,0.0104953783146662
7189,268000,9669000,1.53615136579646,0.0955811141068845,0.0180684326760467
7190,269000,9669000,1.55692038507747,0.0914347381645277,0.0138245504524045
7191,270000,9669000,1.60408153125726,0.089666853819789,0.0137219341419843
7192,271000,9669000,1.51895505110552,0.0987102168784111,0.033379571202002
7193,272000,9669000,1.53097464008242,0.0978019009533869,0.0250235233660985
7194,273000,9669000,1.46849305594789,0.0933013792572358,0.0148754770745033
7195,274000,9669000,1.47934823662985,0.0904895299532248,0.0120159460081413
7196,275000,9669000,1.53558153722928,0.097906653281491,0.0043384154537492
7197,276000,9669000,1.53671729342081,0.101727330889504,0.0163564191218434
7198,277000,9669000,1.52721523234484,0.100833246254901,0.022144740206348
7199,278000,9669000,1.54821508387292,0.0964929785466555,0.00762986650155389
7200,279000,9669000,1.54597727914335,0.103556222179418,0.0129837103112234
7201,280000,9669000,1.55963239809956,0.103986647233611,0.0131743900346236
7202,281000,9669000,1.53825330708174,0.10096187379608,0.0743035326333855
7203,282000,9669000,1.38537993348389,0.0884041190697121,0.0371167556219789
7204,283000,9669000,1.42237067628785,0.0816139280609925,0.0705639834267601
7205,284000,9669000,1.4736174246481,0.0886941671955463,0.057660979289221
7206,285000,9669000,1.39131745834527,0.086055777143347,0.0697476322895223
7207,286000,9669000,1.40805662690751,0.0791468349496049,0.0353034674006023
7208,287000,9669000,1.31531050466717,0.0477122421030819,0.0796274718121796
7209,288000,9669000,1.37577673505892,0.0407328848928064,0.0282871583862412
7210,289000,9669000,1.47891784419534,0.0428430250218908,0.0610740379294301
7211,290000,9669000,1.53213110494409,0.0424813325619898,0.0780226536772656
7212,291000,9669000,1.40651947281789,0.0388510306773967,0.0576415208631162
7213,292000,9669000,1.4426483078234,0.037730509907161,0.168111266211134
7214,293000,9669000,1.38446647328303,0.0422395508471294,0.0518165434079948
7215,294000,9669000,1.53176415906742,0.0406768045333709,0.169126384821986
7216,295000,9669000,1.45010556780973,0.0384622990311244,0.142864903471717
7217,296000,9669000,1.50831125221915,0.0387918781939083,0.154955956440618
7218,297000,9669000,1.45295449013036,0.0380847753364471,0.112493236073609
7219,298000,9669000,1.53021937672982,0.0392559038091736,0.231321812791641
7220,299000,9669000,1.45982357063092,0.0413622444457987,0.121883986458854
7221,3e+05,9669000,1.46064229835484,0.0446303425943086,0.161394670823422
7222,301000,9669000,1.42306818263997,0.0461222056086399,0.108695351147463
7223,302000,9669000,1.3431804044468,0.0468289494434128,0.109692708213927
7224,303000,9669000,1.3976744460827,0.0532921791168165,0.00576299437823906
7225,304000,9669000,1.30190658523092,0.0511185617917128,0.0182465313032207
7226,305000,9669000,1.47581646366821,0.04963029377186,0.0745831051095941
7227,306000,9669000,1.49553938331052,0.0502560164878634,0.121159416854105
7228,307000,9669000,1.39738908351131,0.0493343942039453,0.104007684088141
7229,308000,9669000,1.51661433597049,0.0518049905088743,0.175498958473505
7230,309000,9669000,1.49658467916595,0.0482842385193891,0.220752867525742
7231,310000,9669000,1.50610238869722,0.0476377603243347,0.123406003628534
7232,311000,9669000,1.52539382002358,0.0503551113549696,0.233109520721799
7233,312000,9669000,1.52310961963048,0.0519893579474154,0.130184594093232
7234,313000,9669000,1.49421691564714,0.0485134202881167,0.15139888267825
7235,314000,9669000,1.50380940028233,0.0449442090144577,0.207550677515868
7236,315000,9669000,1.42320020638744,0.0445372397901615,0.100854572719644
7237,316000,9669000,1.46378539441725,0.0431557353195527,0.183078699673214
7238,317000,9669000,1.50386145615323,0.0424723857268379,0.259007642816087
7239,318000,9669000,1.42955674881673,0.0474112230806426,0.108267200828827
7240,319000,9669000,1.44322833779923,0.0472434619062884,0.0111220022449709
7241,320000,9669000,1.52639729578953,0.0545387746772529,0.0405062774967264
7242,321000,9669000,1.47729766580113,0.0501361870713155,0.0523847350774681
7243,322000,9669000,1.43011182387021,0.0446535404474198,0.0599070974616887
7244,323000,9669000,1.47749861392846,0.0403549823984708,0.0998016873470593
7245,324000,9669000,1.49856447810807,0.0405257343945945,0.0669847149751559
7246,325000,9669000,1.48671013854802,0.0360160543990473,0.0851444113411347
7247,326000,9669000,1.39916178682022,0.0344574015338159,0.192462466782416
7248,327000,9669000,1.42431471437435,0.036493410776901,0.167118141241318
7249,328000,9669000,1.47264061924685,0.0378719116549428,0.0469107351778243
7250,329000,9669000,1.38469360052357,0.0327212168082981,0.0664729305935397
7251,330000,9669000,1.34267185581791,0.0310904861888917,0.0209577206855479
7252,331000,9669000,1.10046752962535,0.0329616762445821,0.0259378762861464
7253,332000,9669000,1.49265527696738,0.0376232920107533,0.0721349530247449
7254,333000,9669000,1.51815924579184,0.0482528363222052,0.0234153537435085
7255,334000,9669000,1.49153472402534,0.0501779199715601,0.0500418897169111
7256,335000,9669000,1.5168872170883,0.0463764780379093,0.0273031617663048
7257,336000,9669000,1.52152911529848,0.0509229027642345,0.0578039090347443
7258,337000,9669000,1.42450574716234,0.0546698120323885,0.0850250501831391
7259,338000,9669000,1.31393020592586,0.0532139187512826,0.023845479605872
7260,339000,9669000,1.35890131978566,0.0576182899103753,0.0647593662075094
7261,340000,9669000,1.39450306701222,0.0629741390611264,0.100805551987172
7262,341000,9669000,1.44526732272393,0.0649110662221869,0.0915401979735508
7263,342000,9669000,1.48205504989119,0.0714025992825163,0.0272015951269984
7264,343000,9669000,1.49623356020767,0.0641536705835571,0.0515786270789672
7265,344000,9669000,1.48272691591273,0.0588576048706523,0.0846160285026336
7266,345000,9669000,1.42893347251764,0.0626319715990227,0.0277707058245286
7267,346000,9669000,1.37661419224356,0.0584756913871493,0.0299120601385353
7268,347000,9669000,1.41755411533149,0.0602534068152535,0.0904005484847398
7269,348000,9669000,1.35756882428452,0.0635965282096939,0.0240091111917835
7270,349000,9669000,1.4985475877428,0.0609532348513565,0.0449033067823879
7271,350000,9669000,1.42380024976248,0.0646177798463369,0.0219805804646945
7272,351000,9669000,1.44473360985849,0.0689270415340834,0.0542032240628288
7273,352000,9669000,1.39596764488525,0.0683600867181313,0.0540615828773476
7274,353000,9669000,1.42135361139152,0.0677438918332327,0.0392882836112877
7275,354000,9669000,1.5103958933366,0.0696155628884863,0.0106572842272725
7276,355000,9669000,1.45790576366716,0.0702521531085765,0.0190164063320929
7277,356000,9669000,1.51355487121626,0.067061255620538,0.0200730189804359
7278,357000,9669000,1.44809461052008,0.0641762340153024,0.0210151252747596
7279,358000,9669000,1.4272153811933,0.0633073399310627,0.0463019022886396
7280,359000,9669000,1.52871154355507,0.0643737800412405,0.0112152337012856
7281,360000,9669000,1.44831659460537,0.064023305958869,0.0241338915989372
7282,361000,9669000,1.41601132871069,0.0625266000528223,0.0435815793136741
7283,362000,9669000,1.41172527083488,0.0678801648203846,0.0584017962336981
7284,363000,9669000,1.38488561961653,0.0671493528454251,0.0955028466448505
7285,364000,9669000,1.26863155906502,0.0663534811610291,0.112975744794337
7286,365000,9669000,1.33982127065326,0.0635828244332609,0.0797673357467809
7287,366000,9669000,1.48584897713608,0.0626895938260901,0.0382730085869537
7288,367000,9669000,1.4526478700592,0.0641205417148826,0.0229460874188756
7289,368000,9669000,1.47595390594142,0.0659878881393493,0.0323615664581355
7290,369000,9669000,1.30648294028304,0.0670187977041085,0.064764850859768
7291,370000,9669000,1.37374782301975,0.0633418108014586,0.0369903178386537
7292,371000,9669000,1.19772039444163,0.0618717245525831,0.109577507024361
7293,372000,9669000,1.56468472321843,0.0590766395246453,0.0555777559317774
7294,373000,9669000,1.5055687330817,0.0608279443634935,0.018366954264344
7295,374000,9669000,1.48615671086494,0.0629342327137319,0.0120568692148943
7296,375000,9669000,1.52522563465869,0.0666428371300196,0.015046273053984
7297,262000,9670000,1.44506360688284,0.11853950630669,0.0712595643522539
7298,263000,9670000,1.4980148337326,0.119401725485653,0.0150285580703136
7299,264000,9670000,1.56505813869934,0.120494814364364,0.00827139523268819
7300,265000,9670000,1.42789747336925,0.110975807587381,0.0209038003716274
7301,266000,9670000,1.50029593102156,0.108287190957863,0.0185332073182472
7302,267000,9670000,1.50749251994008,0.103386582118906,0.0125710221088936
7303,268000,9670000,1.49961974670077,0.094838467950954,0.0224656942513518
7304,269000,9670000,1.42997071717935,0.0959722242018734,0.0442432466594778
7305,270000,9670000,1.50347207215536,0.10356194814565,0.0256712363221596
7306,271000,9670000,1.47460113604654,0.105486877266834,0.0473782908117669
7307,272000,9670000,1.35173455953856,0.100799777001287,0.0669639815834943
7308,273000,9670000,1.51052218957891,0.0931259644504163,0.0259454459606222
7309,274000,9670000,1.52640484613104,0.103787689497111,0.00775216687831634
7310,275000,9670000,1.53040522139665,0.101106006074434,0.00592440835549375
7311,276000,9670000,1.59579951261378,0.0980004869283027,0.00871073934081077
7312,277000,9670000,1.5746833747029,0.0991651399691661,0.00623279846580799
7313,278000,9670000,1.52123341954666,0.104828681054276,0.0215362256570227
7314,279000,9670000,1.48680531627397,0.103132905817893,0.0274930580143968
7315,280000,9670000,1.43094943920955,0.103307717585727,0.0829400889466892
7316,281000,9670000,1.5660624657666,0.098262350189739,0.0404694245269918
7317,282000,9670000,1.43848404741633,0.082391814267525,0.054434024269584
7318,283000,9670000,1.34175876460189,0.081347289257102,0.0641956128301025
7319,284000,9670000,1.46887953930692,0.0885938011689157,0.0485402478357728
7320,285000,9670000,1.40244758964683,0.0816024877170808,0.063325494560199
7321,286000,9670000,1.45564381589654,0.0691740309996096,0.0958512000296167
7322,287000,9670000,1.37295550473532,0.0425801322907386,0.175326113544458
7323,288000,9670000,1.21822313777796,0.0372828290948662,0.100222071189079
7324,289000,9670000,1.49858107458557,0.0424497362955948,0.0705932866698602
7325,290000,9670000,1.38867124692137,0.0395014338682455,0.0781486163676242
7326,291000,9670000,1.39276843957716,0.042104528080305,0.0247981606587371
7327,292000,9670000,1.59349333657991,0.0487725158487531,0.148228306046156
7328,293000,9670000,1.56124936569056,0.0506509261051351,0.195386030259778
7329,294000,9670000,1.37434482089538,0.0451390175222862,0.279478528470812
7330,295000,9670000,1.34518490363818,0.048034216445464,0.104918424748593
7331,296000,9670000,1.43206327250725,0.0474126197291314,0.125147785912635
7332,297000,9670000,1.44539972245404,0.0446325711666416,0.13584311834413
7333,298000,9670000,1.44832816791613,0.0435771101083746,0.222656957303175
7334,299000,9670000,1.45058038484932,0.0450890430904697,0.0938317657860862
7335,3e+05,9670000,1.40471208670734,0.0470117169067362,0.100616356271326
7336,301000,9670000,1.38781769937889,0.0504227354447318,0.10675544705113
7337,302000,9670000,1.3745930910933,0.0491625198027523,0.139668114709204
7338,303000,9670000,1.35304154164839,0.0496151713086671,0.0779054841440932
7339,304000,9670000,1.40379658710298,0.0493764361705725,0.049422823182387
7340,305000,9670000,1.51583437689662,0.0494875186184852,0.203131140899627
7341,306000,9670000,1.49729056979493,0.0486724798206249,0.123529043758224
7342,307000,9670000,1.49764912936373,0.0475599554256207,0.119468267510699
7343,308000,9670000,1.47974413358834,0.0481869760144285,0.163404250108219
7344,309000,9670000,1.44598305515568,0.0464727389378614,0.142857989810101
7345,310000,9670000,1.43069190723685,0.0454519683622249,0.0676048931325321
7346,311000,9670000,1.38221269670599,0.047897089414453,0.123642140286315
7347,312000,9670000,1.37476142769952,0.0490299370681767,0.106041581416336
7348,313000,9670000,1.50412782684684,0.0468430041023351,0.211592832380243
7349,314000,9670000,1.47952508441229,0.0427687849277147,0.146885128563261
7350,315000,9670000,1.49370143537014,0.0405086994155646,0.10894739656403
7351,316000,9670000,1.47497973351557,0.0400082009404619,0.151588418102628
7352,317000,9670000,1.43874727924416,0.0420072481552924,0.170610960865524
7353,318000,9670000,1.4476830630743,0.0457812709624159,0.0955318642106048
7354,319000,9670000,1.43185326377915,0.0442065603021764,0.0757850539681608
7355,320000,9670000,1.48912872365902,0.046954494381883,0.0584120468975658
7356,321000,9670000,1.5163902087559,0.0433588574267249,0.097982056134694
7357,322000,9670000,1.53160661742314,0.0404262142778787,0.0875626447337325
7358,323000,9670000,1.54259038763683,0.0398886561774041,0.16283179282524
7359,324000,9670000,1.46780799165499,0.0379799347636028,0.0423762432565918
7360,325000,9670000,1.43842760526105,0.0346286531567551,0.0804872515066115
7361,326000,9670000,1.49331230990438,0.0337683224674767,0.0958569561191254
7362,327000,9670000,1.35978891929237,0.0376487637625107,0.0266112191103568
7363,328000,9670000,1.47810584340666,0.0377285357835739,0.0264947838648839
7364,329000,9670000,1.41748177498746,0.032196372514266,0.0280156669159847
7365,330000,9670000,1.39139576352147,0.0326746259045516,0.0443041042688707
7366,331000,9670000,1.32787542013095,0.0303559072750405,0.0609626632767564
7367,332000,9670000,1.49292558038736,0.0335260376457423,0.147115270257919
7368,333000,9670000,1.55559885515067,0.0396467013364036,0.0198900134839699
7369,334000,9670000,1.07203464354276,0.0303754055533031,0.152511247216621
7370,335000,9670000,1.48965653935658,0.0444067264372058,0.0360712906896618
7371,336000,9670000,1.55641462509004,0.0543687384173746,0.103398046380389
7372,337000,9670000,1.38781895849324,0.0532000395431709,0.0511903499216995
7373,338000,9670000,1.38899102770871,0.0601504868848537,0.0665633628492949
7374,339000,9670000,1.34103696101516,0.0635208078093642,0.152899837111115
7375,340000,9670000,1.39755646402284,0.0671601006697997,0.134256022807645
7376,341000,9670000,1.42866748918287,0.0684592176017444,0.0862884706549979
7377,342000,9670000,1.38536283491263,0.0672391685784461,0.0711381917558421
7378,343000,9670000,1.34751834838277,0.0668201734132072,0.0589551612627918
7379,344000,9670000,1.37056744173416,0.0667656546928765,0.0487190896666276
7380,345000,9670000,1.39898397929471,0.0642424754084295,0.0570052446682837
7381,346000,9670000,1.53626047470604,0.0585165737635022,0.0165063311705415
7382,347000,9670000,1.47053545793703,0.06105333478074,0.0442925828940661
7383,348000,9670000,1.48488344888963,0.0604818809767456,0.028516214256954
7384,349000,9670000,1.46730730141008,0.0614276910410648,0.0163261383105946
7385,350000,9670000,1.43587939754413,0.063533636647801,0.0259716958047651
7386,351000,9670000,1.31683322623861,0.062234219956553,0.0576701849611792
7387,352000,9670000,1.52107624776623,0.0598411624563373,0.0540653774540067
7388,353000,9670000,1.56184813938897,0.0625218558932898,0.0083900849862764
7389,354000,9670000,1.501739056142,0.0681896403114266,0.0130645075641059
7390,355000,9670000,1.54063270385648,0.0684214863986512,0.0170600264214926
7391,356000,9670000,1.50129415851768,0.0675237463428105,0.0217583466872199
7392,357000,9670000,1.44149240353863,0.0642976831518338,0.0639065845999588
7393,358000,9670000,1.46891340430137,0.0639406372522487,0.0466552037141396
7394,359000,9670000,1.54972256666562,0.0645696389203021,0.0348142345483984
7395,360000,9670000,1.41143091856998,0.0675894160705028,0.0691207106215386
7396,361000,9670000,1.39437720106075,0.0671222846381793,0.0496922459001484
7397,362000,9670000,1.47359573112064,0.0627555378075903,0.0659018381779626
7398,363000,9670000,1.36126332276829,0.0631232234543918,0.0620422119394136
7399,364000,9670000,1.29374647315441,0.0637474624130759,0.0722432661402943
7400,365000,9670000,1.38327150672008,0.0638692403704515,0.0657337477312505
7401,366000,9670000,1.27676301108595,0.062944697016046,0.118078256544465
7402,367000,9670000,1.18931407611746,0.0614746642389635,0.116809157211047
7403,368000,9670000,1.3698511364862,0.0597012967655068,0.0670637326907638
7404,369000,9670000,1.40779586013594,0.058402006701795,0.0280355273837009
7405,370000,9670000,1.28654813000784,0.0587921791255812,0.0913519632600552
7406,371000,9670000,1.55777179527877,0.0608222114287911,0.0168593013995881
7407,372000,9670000,1.55214927148492,0.0615602830829361,0.0190482533316005
7408,373000,9670000,1.49258198646506,0.0639152189419415,0.00847532808809735
7409,374000,9670000,1.53899369515912,0.0660957288116301,0.0259516964982089
7410,375000,9670000,1.59209627649149,0.0680104267562716,0.0420488067757844
7411,262000,9671000,1.53675025045067,0.1110518197642,0.00902945843334924
7412,263000,9671000,1.51180362347132,0.119093384025218,0.0123555950404628
7413,264000,9671000,1.46519517021586,0.129978051250009,0.0395928189853973
7414,265000,9671000,1.49811583127878,0.117047575091277,0.00347820883341373
7415,266000,9671000,1.46068426276728,0.106896065706815,0.0214471830315054
7416,267000,9671000,1.52759772334079,0.0997027526645093,0.0299363072893359
7417,268000,9671000,1.51704412199901,0.0958860290529725,0.00803517221980422
7418,269000,9671000,1.51128268683947,0.102324386534779,0.0188836415957996
7419,270000,9671000,1.30099051429095,0.10711386300354,0.0249552710440537
7420,271000,9671000,1.42507768700811,0.10232841149279,0.0460202255894287
7421,272000,9671000,1.47246412919307,0.0997011213473177,0.0400587372893517
7422,273000,9671000,1.53237659966044,0.0905240960607901,0.0109674051621282
7423,274000,9671000,1.51863598044423,0.0978926206600606,0.0170265030291296
7424,275000,9671000,1.52455971762757,0.0985165575177598,0.00788723250742853
7425,276000,9671000,1.46026650656421,0.0951810490477122,0.0383223620909252
7426,277000,9671000,1.55571672273245,0.0909369690636345,0.0318611524027936
7427,278000,9671000,1.54296490381979,0.0982547256298956,0.0241786135794683
7428,279000,9671000,1.4828571707548,0.0984069646714796,0.0300388929000274
7429,280000,9671000,1.55870967336402,0.0960892104394152,0.0509375625038926
7430,281000,9671000,1.52715645571565,0.0874458612884712,0.0240459941784801
7431,282000,9671000,1.31769930951362,0.0823645089970437,0.0308139984004456
7432,283000,9671000,1.42944131189622,0.0835544037102661,0.069234215261133
7433,284000,9671000,1.35812232088711,0.0897256600047038,0.079721276524306
7434,285000,9671000,1.33240118485934,0.0764306644316251,0.111356619964303
7435,286000,9671000,1.5463692650107,0.0554536868386378,0.113215520168132
7436,287000,9671000,1.57835428432863,0.0466086052911854,0.0170564666655362
7437,288000,9671000,1.54714890518058,0.0452054215982614,0.0214968719923454
7438,289000,9671000,1.5675407565728,0.0454282301927734,0.0843934030798011
7439,290000,9671000,1.38947961351359,0.0385304982844947,0.0236569477337638
7440,291000,9671000,1.4375427745089,0.0379787356436282,0.0422317076741226
7441,292000,9671000,1.47686211494174,0.0425272007476016,0.0796609118968527
7442,293000,9671000,1.54958700058771,0.0471923139086885,0.0673331352405306
7443,294000,9671000,1.49327562780204,0.0460689917433059,0.0462340828240003
7444,295000,9671000,1.36190363882827,0.0468501034671041,0.211293942897726
7445,296000,9671000,1.33656285301936,0.0536258238590914,0.0766678134055054
7446,297000,9671000,1.43252402454877,0.0530841571737606,0.0893462923919771
7447,298000,9671000,1.52112858467316,0.0481512502748187,0.0601830829567249
7448,299000,9671000,1.44173375235972,0.0505052833119883,0.113605618390602
7449,3e+05,9671000,1.52782208666518,0.0483891499669591,0.128694042555618
7450,301000,9671000,1.50316799091321,0.0495165261102528,0.114777074915853
7451,302000,9671000,1.4889005408454,0.0496448039050039,0.131883365367156
7452,303000,9671000,1.39077138208896,0.0476200560487957,0.0193219798781001
7453,304000,9671000,1.48249480713374,0.0468353353832752,0.0454655741336987
7454,305000,9671000,1.52244215388558,0.045224072830613,0.0883309179369276
7455,306000,9671000,1.55345979415293,0.0442934607385552,0.144592355800435
7456,307000,9671000,1.51112897369865,0.0452976785290264,0.202472232031067
7457,308000,9671000,1.51419465233068,0.0467636189726064,0.241904630331071
7458,309000,9671000,1.40052559054033,0.0478023471363802,0.215230312513842
7459,310000,9671000,1.45693961437671,0.0458641058385655,0.310181103137492
7460,311000,9671000,1.49696538549458,0.0438607455563939,0.180189194727961
7461,312000,9671000,1.44292194962588,0.0424641639458753,0.281662054013469
7462,313000,9671000,1.50761524134408,0.0427623281014613,0.130066371248845
7463,314000,9671000,1.42052413274832,0.0409513548743565,0.0678238359753789
7464,315000,9671000,1.50222191917459,0.035470090933526,0.062102130013449
7465,316000,9671000,1.53555493398422,0.0352720882799262,0.0742376546985984
7466,317000,9671000,1.49966843591697,0.039025762294483,0.106454201929239
7467,318000,9671000,1.50561107621461,0.0427228539926212,0.0669600668472199
7468,319000,9671000,1.4640001000485,0.0380775179603761,0.153745916001406
7469,320000,9671000,1.52871191071894,0.0391644102622182,0.0983144773134922
7470,321000,9671000,1.49979381775953,0.0390344581449535,0.0856536256788509
7471,322000,9671000,1.45093783426913,0.0379018893554654,0.085382943492438
7472,323000,9671000,1.44578338720853,0.0391720371404557,0.127868870276431
7473,324000,9671000,1.38521865033485,0.0368597521035004,0.107058275905999
7474,325000,9671000,1.44111299843893,0.0365745445872604,0.0743755173545765
7475,326000,9671000,1.46664718992224,0.038824552705615,0.0428841210831061
7476,327000,9671000,1.42793327840833,0.0379609442304309,0.0359209755038173
7477,328000,9671000,1.36798743707089,0.0331278851071466,0.064515678918077
7478,329000,9671000,1.05979799164637,0.0314159242391793,0.135951288139207
7479,330000,9671000,1.30848057636672,0.035097952732878,0.150444448075485
7480,331000,9671000,1.3055381102566,0.0357498327292399,0.149997750210719
7481,332000,9671000,1.40475259281574,0.0340871084784906,0.0945785265743621
7482,333000,9671000,1.38792316832436,0.0335143730699702,0.0456465609380364
7483,334000,9671000,1.45655526231963,0.0393881971985853,0.111018590948035
7484,335000,9671000,1.40033026423347,0.0572379369281411,0.0589625970747096
7485,336000,9671000,1.35474674653925,0.0571865832923871,0.0452957087560441
7486,337000,9671000,1.36326516159968,0.0628021368394161,0.0849887265337642
7487,338000,9671000,1.24707912152588,0.0669557515890266,0.114348974568653
7488,339000,9671000,1.43622592211501,0.0665140628379595,0.0942653796265957
7489,340000,9671000,1.32697342031221,0.0675903746662937,0.0722769530097637
7490,341000,9671000,1.37945202797795,0.070766275134741,0.0917056223780659
7491,342000,9671000,1.34503573488768,0.0678822678799247,0.0404345872921626
7492,343000,9671000,1.32476910820763,0.0652601471341153,0.0447161131079157
7493,344000,9671000,1.4048059657482,0.0626645624617866,0.0663398697201063
7494,345000,9671000,1.39923124014213,0.0592453233056396,0.0550408546014667
7495,346000,9671000,1.44922011071989,0.0580971382289891,0.0490095630861736
7496,347000,9671000,1.4951879216275,0.0577672441855061,0.012888807118278
7497,348000,9671000,1.4706459530703,0.0597285334582088,0.0236011677046636
7498,349000,9671000,1.51258025383851,0.0613611150319738,0.0119027261751861
7499,350000,9671000,1.48110752623003,0.064954409557541,0.0331403927384501
7500,351000,9671000,1.42357299260628,0.0618911601274411,0.0498718891631614
7501,352000,9671000,1.38869591930756,0.0627039785056335,0.0549384334733784
7502,353000,9671000,1.57617458825902,0.0629475042378025,0.0140941027296943
7503,354000,9671000,1.45879337410293,0.0661345394502243,0.0142784271152301
7504,355000,9671000,1.50917543266244,0.0640161508210753,0.0143681278917039
7505,356000,9671000,1.56229415548065,0.0655696249959482,0.0291242418946729
7506,357000,9671000,1.52422417339134,0.0657780257086224,0.0288138644116889
7507,358000,9671000,1.50150459333468,0.0662771507684362,0.0362916918400399
7508,359000,9671000,1.44471922809363,0.0662113660126235,0.0735983878766713
7509,360000,9671000,1.4893006546248,0.066187365280501,0.0224329934512623
7510,361000,9671000,1.49787527092234,0.0693243807453979,0.0844458075628362
7511,362000,9671000,1.54685211889232,0.0690901074327787,0.0319880584550718
7512,363000,9671000,1.4486036821335,0.0653246107967794,0.0593107973627988
7513,364000,9671000,1.47641938218023,0.0671675312098204,0.028433914687546
7514,365000,9671000,1.39698309688793,0.0657936814849267,0.0730982283362088
7515,366000,9671000,1.42552533743088,0.0644448027533721,0.0659539311715308
7516,367000,9671000,1.44918895795361,0.0674954685416307,0.0624415489468741
7517,368000,9671000,1.34815436901059,0.064467689196428,0.0938944966574911
7518,369000,9671000,1.28001415888605,0.0596455765855977,0.107444263796364
7519,370000,9671000,1.53422246375633,0.0599409927880929,0.0377821148903392
7520,371000,9671000,1.54416349850068,0.0616186872963278,0.0268263243025157
7521,372000,9671000,1.54949355186839,0.0636347602373451,0.0316069623337682
7522,373000,9671000,1.55013124662358,0.0658193286948531,0.0220047217978648
7523,374000,9671000,1.50230723835221,0.0657307329956168,0.0226494553106674
7524,375000,9671000,1.52419903792495,0.0712573168093688,0.0182853281212748
7525,262000,9672000,1.56138417443973,0.127253690834973,0.0341079351145677
7526,263000,9672000,1.51384756698936,0.131502177482317,0.0493066138845281
7527,264000,9672000,1.525119085914,0.128525489178036,0.0195391080264557
7528,265000,9672000,1.50226844333972,0.112958909666242,0.0181670357662368
7529,266000,9672000,1.54253046310512,0.103362335059407,0.0113444756778741
7530,267000,9672000,1.53607768013062,0.0975058201399531,0.0171829781604964
7531,268000,9672000,1.51368010908838,0.0966836227047624,0.0114727693996611
7532,269000,9672000,1.5463412791247,0.103324942010469,0.0215688877928511
7533,270000,9672000,1.52851489698036,0.104912593040174,0.0268927367965802
7534,271000,9672000,1.34401673289656,0.106759618459345,0.11433193155566
7535,272000,9672000,1.54983441990002,0.0990085646351354,0.0155384504428199
7536,273000,9672000,1.44678470567085,0.0977490821142192,0.0345802215587771
7537,274000,9672000,1.41010075357874,0.0965395055141291,0.0300605489035068
7538,275000,9672000,1.54804618425253,0.101055150873856,0.0120027311803015
7539,276000,9672000,1.5350286015147,0.104013915291964,0.0177338155081975
7540,277000,9672000,1.58929341191742,0.0968972706941666,0.0181182245691411
7541,278000,9672000,1.56555267641076,0.0964565359212342,0.0125017286072885
7542,279000,9672000,1.5340707315609,0.100466148545947,0.0352374138027712
7543,280000,9672000,1.49313939732906,0.0984344198492285,0.0467839689034707
7544,281000,9672000,1.53247550229715,0.0949608652451136,0.0341165360057484
7545,282000,9672000,1.50901615588748,0.0893419839349665,0.070182665731845
7546,283000,9672000,1.55117184865087,0.0899083170968659,0.0336318203120306
7547,284000,9672000,1.46089048026559,0.0913272007086459,0.0989382026916698
7548,285000,9672000,1.56983220188309,0.0705657685431786,0.0257492694571628
7549,286000,9672000,1.50977299715353,0.0498580277915944,0.0783088110880627
7550,287000,9672000,1.51994452440032,0.0425609883926407,0.103186217940504
7551,288000,9672000,1.41024479544403,0.0433588097687723,0.0360221305328366
7552,289000,9672000,1.39911835653943,0.0618983849681457,0.0637550020308753
7553,290000,9672000,1.34829952015978,0.0398122769561694,0.0889330205786773
7554,291000,9672000,1.37563216359279,0.0395384528324442,0.0939393898867162
7555,292000,9672000,1.34401981327031,0.0378014687291615,0.0556242295580382
7556,293000,9672000,1.4345242007805,0.0451210436859549,0.0931556927054471
7557,294000,9672000,1.4505795436915,0.052255376278807,0.0481751036085374
7558,295000,9672000,1.45022887858405,0.0464677449890526,0.0806559215472559
7559,296000,9672000,1.43399491987022,0.0546370852352689,0.11124505821467
7560,297000,9672000,1.42514589442746,0.0536088504275156,0.0582252420385851
7561,298000,9672000,1.51782725579038,0.051492610194868,0.0521099663078123
7562,299000,9672000,1.40677257504672,0.0502200781221935,0.0223671611014005
7563,3e+05,9672000,1.38850111871439,0.0472694332527004,0.0975164584035125
7564,301000,9672000,1.28909597441055,0.0496747014287642,0.0840350482032619
7565,302000,9672000,1.26094059987636,0.0514571331164378,0.0448092046674524
7566,303000,9672000,1.50636507368637,0.0456998280880979,0.172009932365127
7567,304000,9672000,1.52600520501058,0.0435463202402441,0.27074934321685
7568,305000,9672000,1.52697600310501,0.044184001500099,0.217502592564178
7569,306000,9672000,1.49754576332832,0.0417609918783975,0.177722380783571
7570,307000,9672000,1.4791892228343,0.0430777503457059,0.180802056135118
7571,308000,9672000,1.53572845265551,0.0439963260528582,0.333806840582613
7572,309000,9672000,1.35730280428651,0.0424936164434889,0.100284825881166
7573,310000,9672000,1.30436775517615,0.0410638374419214,0.193922100090939
7574,311000,9672000,1.39009704806109,0.0373962703000354,0.243712854410954
7575,312000,9672000,1.40174978005769,0.0365462063767222,0.257871821602065
7576,313000,9672000,1.29348743098053,0.0385538971599217,0.168251604874332
7577,314000,9672000,1.42138423210643,0.0360537100902153,0.162003323692802
7578,315000,9672000,1.4980737646248,0.0346673325057463,0.0573837640387116
7579,316000,9672000,1.49337519177808,0.0330665319425447,0.150905327589929
7580,317000,9672000,1.48530578969106,0.0357938941427373,0.208146762514118
7581,318000,9672000,1.41561410238251,0.0396907058159912,0.0366090838228613
7582,319000,9672000,1.45863119388096,0.0382366971797385,0.0758917722318407
7583,320000,9672000,1.42010684647471,0.0359792678148077,0.0923709064166989
7584,321000,9672000,1.43300060762178,0.0369487196223235,0.0816144641554367
7585,322000,9672000,1.36689784632884,0.0382644764921117,0.0379414604555863
7586,323000,9672000,1.54603927399291,0.036543812796113,0.178662301798945
7587,324000,9672000,1.54092275553863,0.0370234372710654,0.143071555854071
7588,325000,9672000,1.52908623528078,0.0373017255111308,0.0457919777775363
7589,326000,9672000,1.46534547964893,0.0383841722957713,0.0137011848197098
7590,327000,9672000,1.38318925021628,0.0328066915844684,0.0577026356271141
7591,328000,9672000,1.37874476242915,0.0328475181693355,0.0357390014114479
7592,329000,9672000,1.29479259649673,0.0292996003490184,0.0169848651783624
7593,330000,9672000,1.34707983552544,0.0292152526525153,0.0878203326674537
7594,331000,9672000,1.39096614278258,0.0323272983338057,0.0354028090661989
7595,332000,9672000,1.29791949024326,0.0358301090328225,0.0553290713243485
7596,333000,9672000,1.35703553697917,0.0385520438838793,0.0814391088658037
7597,334000,9672000,1.47658433762066,0.0419030640479717,0.0311888078788874
7598,335000,9672000,1.52457586805613,0.0539729271553627,0.0706405952509523
7599,336000,9672000,1.43931137545435,0.0633193414663416,0.0917057623403954
7600,337000,9672000,1.38269103559445,0.0686467722240786,0.0778430386563553
7601,338000,9672000,1.29525657398272,0.0681287403046,0.0672953247008006
7602,339000,9672000,1.33186840676088,0.0681615902662733,0.0486687865474795
7603,340000,9672000,1.29778753683212,0.0687823666708167,0.0491940691330483
7604,341000,9672000,1.44803630048662,0.0727020613060508,0.0428272733342572
7605,342000,9672000,1.3533573967135,0.0663593570363894,0.0604946384952624
7606,343000,9672000,1.40365040994065,0.0659630949481117,0.0276641409256476
7607,344000,9672000,1.40261485714368,0.0641891186023077,0.0558822041575162
7608,345000,9672000,1.40185533495787,0.0632114996440185,0.0624222397374763
7609,346000,9672000,1.49420128340776,0.0617719302253878,0.0650129047054089
7610,347000,9672000,1.39513487286596,0.0623665540119857,0.0443058175138926
7611,348000,9672000,1.39219786802604,0.0625821145160581,0.0674015201718408
7612,349000,9672000,1.42722914626944,0.0614973125199047,0.0596202417057089
7613,350000,9672000,1.47815770696045,0.0728487393678638,0.0571516304874006
7614,351000,9672000,1.49116614445531,0.0654468152332351,0.0285306063611352
7615,352000,9672000,1.41968766080558,0.0645711970807118,0.0387697264694509
7616,353000,9672000,1.51222392753075,0.0634226227395768,0.0243589040957048
7617,354000,9672000,1.44038342379922,0.0631101924652827,0.0277418789286035
7618,355000,9672000,1.55738333666115,0.0629922732437103,0.0158195464205799
7619,356000,9672000,1.5401822998833,0.0653718384265429,0.0403832648046936
7620,357000,9672000,1.54682966379123,0.0647977064168875,0.00842799337771388
7621,358000,9672000,1.56768156767952,0.0653639547913805,0.0418863461925211
7622,359000,9672000,1.38267051659303,0.0667838980961899,0.0773218925246076
7623,360000,9672000,1.43641940019773,0.0666686942814558,0.0642630308562666
7624,361000,9672000,1.48150898095024,0.0643787321529062,0.0581628251642261
7625,362000,9672000,1.43626173389307,0.06457829411211,0.0847862548190676
7626,363000,9672000,1.33159492888915,0.06378361922436,0.108169243848341
7627,364000,9672000,1.40791587215901,0.062074802514087,0.0473463547153726
7628,365000,9672000,1.49507694268528,0.0618703523262931,0.0598129005269275
7629,366000,9672000,1.30792924985397,0.0656105503311347,0.0918058478139676
7630,367000,9672000,1.29921428893158,0.0681959182224152,0.104130745241742
7631,368000,9672000,1.37569247294137,0.0731237172799264,0.0815857453255588
7632,369000,9672000,1.33315348836788,0.0677987835215909,0.0890695381295759
7633,370000,9672000,1.36559179759472,0.0615428321302972,0.062736265064765
7634,371000,9672000,1.48921217081728,0.0622721788771056,0.0337495001788145
7635,372000,9672000,1.57125200361955,0.065084046806789,0.0172464533062428
7636,373000,9672000,1.59054909780734,0.0669148587424368,0.00932545157081809
7637,374000,9672000,1.53425930260255,0.0654569332509351,0.0251789295462307
7638,375000,9672000,1.52749529906803,0.0695154361313218,0.0207413102666828
7639,262000,9673000,1.47517157511199,0.143155725110363,0.0238924564225363
7640,263000,9673000,1.50783234080837,0.141588272700693,0.00855200565862309
7641,264000,9673000,1.551557395203,0.116979008659805,0.012441973491537
7642,265000,9673000,1.53707810590675,0.103670308191459,0.0117064005156776
7643,266000,9673000,1.55183114268674,0.100585634018956,0.0105468359948766
7644,267000,9673000,1.55203715900267,0.0990698527526384,0.00893820843162576
7645,268000,9673000,1.53661236432878,0.098625084918635,0.0133158463512439
7646,269000,9673000,1.55719439724158,0.1063555285212,0.0207995908005348
7647,270000,9673000,1.45123039009593,0.111126197973565,0.0350272726742008
7648,271000,9673000,1.51015782758033,0.107758570413467,0.0146686413178299
7649,272000,9673000,1.5058525436627,0.101769504135779,0.0216866222171107
7650,273000,9673000,1.48601900793351,0.097875665818317,0.0220471358090843
7651,274000,9673000,1.52580959477402,0.10461226764602,0.0213890070698802
7652,275000,9673000,1.49905480784277,0.0978816149084181,0.0183380908913786
7653,276000,9673000,1.60588625051257,0.106086690179681,0.0185569942317001
7654,277000,9673000,1.55461758697037,0.108451733604416,0.0212462945627397
7655,278000,9673000,1.54884444010606,0.108191807289282,0.0170665390152852
7656,279000,9673000,1.52317986670868,0.0973327501241875,0.0467022476786003
7657,280000,9673000,1.46129603368947,0.0994773076976705,0.0364144288791645
7658,281000,9673000,1.49095125927144,0.0990956591383013,0.0395868077413459
7659,282000,9673000,1.52049240728917,0.0970880787092953,0.0148195803076785
7660,283000,9673000,1.57520910408674,0.0964917736110659,0.00538027423498419
7661,284000,9673000,1.49477481729828,0.090077017153021,0.0627499336601996
7662,285000,9673000,1.51675167646474,0.0828696784149903,0.116652027354798
7663,286000,9673000,1.47588244581509,0.0547585669341115,0.0787872264756971
7664,287000,9673000,1.38206259127383,0.0390321215014572,0.0447519116378199
7665,288000,9673000,1.45267673255483,0.0402925381641077,0.114272350735993
7666,289000,9673000,1.58622617381721,0.0495469616152513,0.0378004035068326
7667,290000,9673000,1.53171243789102,0.0424787646821705,0.064829832555016
7668,291000,9673000,1.40040442646901,0.0393850019097406,0.035240584962393
7669,292000,9673000,1.37829481934076,0.0404876998957606,0.0474954973970822
7670,293000,9673000,1.34988323716875,0.0398535009340331,0.149026778361727
7671,294000,9673000,1.4446302257243,0.0488618203213909,0.0604188613231973
7672,295000,9673000,1.32381873884569,0.0468185664606746,0.0979898573779826
7673,296000,9673000,1.43143034090275,0.0464433538433556,0.0506710214975826
7674,297000,9673000,1.52722508745949,0.0476204662193856,0.0913264694535308
7675,298000,9673000,1.47430805000095,0.0490257483198034,0.255392117065349
7676,299000,9673000,1.46358576811984,0.0467091200110226,0.0368295428787373
7677,3e+05,9673000,1.44941147343624,0.0494036554643023,0.0364313349596656
7678,301000,9673000,1.46450518913485,0.0478923963967189,0.0674412570213209
7679,302000,9673000,1.44142562612971,0.0478381170338215,0.072759411720127
7680,303000,9673000,1.46588741338527,0.0460899842443417,0.127012871220223
7681,304000,9673000,1.4746247112166,0.0400831312426633,0.260496975573292
7682,305000,9673000,1.53807376437014,0.0392299173429673,0.203469645451253
7683,306000,9673000,1.36140893354273,0.0401497246926264,0.0933930642532271
7684,307000,9673000,1.29888213071589,0.0409277933366634,0.224875206073868
7685,308000,9673000,1.40541195395071,0.0406900528268388,0.115327967276536
7686,309000,9673000,1.47495060157617,0.0386558131840815,0.368053683613494
7687,310000,9673000,1.29748034603801,0.0381815207940423,0.116100224696045
7688,311000,9673000,1.39990176628136,0.0368361836104084,0.0813703662237874
7689,312000,9673000,1.44716577645232,0.03510061006256,0.138751390306939
7690,313000,9673000,1.36471152862457,0.0352467385211242,0.20071797817231
7691,314000,9673000,1.54873602975275,0.0355909904771538,0.20110494021749
7692,315000,9673000,1.38081941255299,0.037953414958184,0.0874025156670423
7693,316000,9673000,1.54374836441581,0.0364365705121347,0.0952973779469945
7694,317000,9673000,1.57153578905729,0.0391449979560539,0.107042664800875
7695,318000,9673000,1.51568323016704,0.0384739113346208,0.0801952662992416
7696,319000,9673000,1.44171954391999,0.0392098136904225,0.0551351434461374
7697,320000,9673000,1.53192983038063,0.037101766187715,0.105823065059336
7698,321000,9673000,1.47947978618044,0.0343117970960008,0.126117792248643
7699,322000,9673000,1.51596204007747,0.0359037751509611,0.0654208383961124
7700,323000,9673000,1.50216526035096,0.034717150078013,0.0301957999687583
7701,324000,9673000,1.49931131077676,0.0355706951211027,0.0236986144915769
7702,325000,9673000,1.42306051086892,0.0316927414943678,0.0280447255740341
7703,326000,9673000,1.37796173147071,0.0320295524674094,0.0386450930077371
7704,327000,9673000,1.40435599182086,0.0321773413292922,0.0166315724075923
7705,328000,9673000,1.43428382264411,0.035246557249699,0.0212244007392565
7706,329000,9673000,1.14444035691216,0.0288594360445791,0.160434469740873
7707,330000,9673000,1.28975796172147,0.0326717106366939,0.083540548224712
7708,331000,9673000,1.55903315765178,0.0451818565752508,0.033026649742532
7709,332000,9673000,1.43332021585877,0.0389432144000867,0.04598774653328
7710,333000,9673000,1.30288037186429,0.0448686268831963,0.0655897372390551
7711,334000,9673000,1.53138083096389,0.0473537809563672,0.0993112708393103
7712,335000,9673000,1.4883995641851,0.0540271403111201,0.0724849310824499
7713,336000,9673000,1.44042201942204,0.0675814057557322,0.116220075060826
7714,337000,9673000,1.22978095565092,0.0683228504916036,0.120192254254156
7715,338000,9673000,1.322179524289,0.0688103946584804,0.0766574639851569
7716,339000,9673000,1.26178567080593,0.0682501278876175,0.0503857421102024
7717,340000,9673000,1.32316600224254,0.064615400227472,0.0434460547338417
7718,341000,9673000,1.48607909244343,0.0620559258699011,0.0583746619139114
7719,342000,9673000,1.44745571524664,0.0615384470302453,0.045528965152311
7720,343000,9673000,1.45717578454146,0.0635558759232577,0.040519932220763
7721,344000,9673000,1.34569207636563,0.0695753242244117,0.0949144541259902
7722,345000,9673000,1.40029358515682,0.0661523924568877,0.0783099468637993
7723,346000,9673000,1.21692415297063,0.063604478104761,0.115801604807346
7724,347000,9673000,1.41425003553051,0.0645683340842209,0.0330057769021219
7725,348000,9673000,1.49854218455625,0.0656513746171725,0.042760578283717
7726,349000,9673000,1.49853915976041,0.0647471068496396,0.0343478927538098
7727,350000,9673000,1.49879495939739,0.0680075246761244,0.0555456841301862
7728,351000,9673000,1.48666682733543,0.0668860534771769,0.034559216453039
7729,352000,9673000,1.48494188071779,0.0640245143670937,0.0240993646326874
7730,353000,9673000,1.35774040083562,0.0620498443362591,0.0697163474703939
7731,354000,9673000,1.55406493520057,0.0625213818075501,0.0207955850961647
7732,355000,9673000,1.54048387033746,0.0640651748034248,0.0196550946038856
7733,356000,9673000,1.56192851554251,0.0646425137610309,0.0117514007868712
7734,357000,9673000,1.47496882158527,0.0658697028648971,0.0518775094264334
7735,358000,9673000,1.58307437203958,0.0661010213999996,0.0528015904154774
7736,359000,9673000,1.57997136758336,0.0654220650344637,0.0111532556941849
7737,360000,9673000,1.55661106269481,0.0676456707325678,0.0290067102142173
7738,361000,9673000,1.52679010529259,0.0649319425606427,0.0167656541468669
7739,362000,9673000,1.5918107239347,0.0657324596113562,0.0322562761578232
7740,363000,9673000,1.59475957312617,0.0664528398018373,0.0259119047354635
7741,364000,9673000,1.58744354287993,0.0661387921098518,0.0236943478435219
7742,365000,9673000,1.47443543420623,0.0654732850485858,0.0549659137520009
7743,366000,9673000,1.47657323126964,0.065571065759546,0.0431498916328998
7744,367000,9673000,1.43662266436683,0.0643585123021144,0.0662151199774301
7745,368000,9673000,1.56192391085863,0.0643046802816368,0.0299930915597711
7746,369000,9673000,1.4764702386553,0.0706895369091709,0.0815195149015542
7747,370000,9673000,1.43320079221099,0.072989746071213,0.0752167690308198
7748,371000,9673000,1.56202865940856,0.0694972730330364,0.0097973974060395
7749,372000,9673000,1.56008925207521,0.0684643323980113,0.00359793541335099
7750,373000,9673000,1.54947849001646,0.0688810989870647,0.040086375443653
7751,374000,9673000,1.60313256782547,0.068416802642547,0.0428354784370923
7752,375000,9673000,1.5856974606803,0.0676686865528732,0.0468078877630341
7753,262000,9674000,1.46712500841381,0.135025256637035,0.0624667914297329
7754,263000,9674000,1.57074363769937,0.153662733578347,0.0138754772088317
7755,264000,9674000,1.59556779756267,0.145848398870711,0.00376004840691208
7756,265000,9674000,1.51891355703628,0.102376902116254,0.00740529256285264
7757,266000,9674000,1.5306780305372,0.101191524990602,0.00934011327493161
7758,267000,9674000,1.52825724229587,0.10054458199927,0.00470308968771836
7759,268000,9674000,1.52004810132881,0.101588832831114,0.0155897080950283
7760,269000,9674000,1.54912331535708,0.106040797591175,0.0144500536711351
7761,270000,9674000,1.44234954023138,0.113224322617097,0.0292109387974561
7762,271000,9674000,1.55826239679326,0.10653839586242,0.0183205416606388
7763,272000,9674000,1.46706033535067,0.0951248118341375,0.0276021831183381
7764,273000,9674000,1.57483088315609,0.0957813627477185,0.0100235916814319
7765,274000,9674000,1.5592729037383,0.0962754276394636,0.0108572899659638
7766,275000,9674000,1.51205876504495,0.0946898181448502,0.0299595327286152
7767,276000,9674000,1.57506345784455,0.104041627251311,0.0141650348554873
7768,277000,9674000,1.54547794602581,0.111503704243602,0.0173048750842971
7769,278000,9674000,1.5706040935024,0.110729625633325,0.0171495344712592
7770,279000,9674000,1.47762074160208,0.098331951905114,0.0443612841443143
7771,280000,9674000,1.49806570214617,0.100611361431529,0.0535038222654621
7772,281000,9674000,1.52306446870543,0.0998673523296807,0.0255222528358382
7773,282000,9674000,1.4950466911177,0.100822750589014,0.0640261257334628
7774,283000,9674000,1.26819091456636,0.099098889284088,0.110879870822553
7775,284000,9674000,1.25139839042377,0.0882851912972119,0.139360501925304
7776,285000,9674000,1.05741848559072,0.0865032952507398,0.238297617182237
7777,286000,9674000,1.57997832439604,0.0683717141283715,0.0296479943467158
7778,287000,9674000,1.5263203896272,0.0460092315758414,0.013537520923649
7779,288000,9674000,1.47272735355827,0.0430125709353259,0.0772410901956145
7780,289000,9674000,1.54366567715189,0.0452718035909492,0.0131127650036685
7781,290000,9674000,1.53961261623878,0.0461400237489685,0.0887311151441081
7782,291000,9674000,1.42023619825649,0.0432521449666014,0.0299315612715137
7783,292000,9674000,1.54063855461497,0.0499720197178504,0.0921224255132696
7784,293000,9674000,1.50045371807858,0.0378101262330873,0.116716755243096
7785,294000,9674000,1.5264558388091,0.0467417666528926,0.0901456779458511
7786,295000,9674000,1.38154478976873,0.0514260027866234,0.0849940410472307
7787,296000,9674000,1.2591395577257,0.0499428809335797,0.0862120205458065
7788,297000,9674000,1.43092840713356,0.0484869144526664,0.166788532692616
7789,298000,9674000,1.4500830661365,0.0467624384731534,0.109237104040763
7790,299000,9674000,1.45410806115279,0.0465491855431585,0.0425006671274207
7791,3e+05,9674000,1.40938475233622,0.044419042861105,0.0554480249130683
7792,301000,9674000,1.42803408857196,0.0430377754483211,0.122170944020714
7793,302000,9674000,1.36839182687779,0.0430134853720734,0.104589812211744
7794,303000,9674000,1.56043955401856,0.0403288355794758,0.165777304040171
7795,304000,9674000,1.47898271047023,0.0382121898328945,0.203219565344044
7796,305000,9674000,1.48375389261271,0.0379162774863043,0.221732924750801
7797,306000,9674000,1.28402252003359,0.0406901585463217,0.200187217072432
7798,307000,9674000,1.30004894831453,0.0400742738663774,0.212371077111877
7799,308000,9674000,1.44895900623051,0.0402356282050657,0.195191175030784
7800,309000,9674000,1.50312017062401,0.037475349799354,0.119117836165535
7801,310000,9674000,1.48633157339037,0.0367480910216604,0.158466120585554
7802,311000,9674000,1.40625254837904,0.0390223752733907,0.117214478662713
7803,312000,9674000,1.50705960612282,0.037898307121093,0.163915994003565
7804,313000,9674000,1.47733829749817,0.0380606270337823,0.174487982710586
7805,314000,9674000,1.50212533319793,0.0393366727635692,0.15748696030503
7806,315000,9674000,1.29911146824601,0.0389879485606097,0.12731501954347
7807,316000,9674000,1.50733902014685,0.0381390977076747,0.0600286576147593
7808,317000,9674000,1.47147132935615,0.0420879497154103,0.0388730793677331
7809,318000,9674000,1.4690396665897,0.0390398517859344,0.104629947941677
7810,319000,9674000,1.43359526154645,0.0384444692833939,0.100151319168457
7811,320000,9674000,1.44613956080713,0.0368550184052015,0.0680190775709284
7812,321000,9674000,1.42804251961719,0.0355309758269645,0.0570546265133098
7813,322000,9674000,1.4988707863121,0.0350140860664109,0.0784164990962314
7814,323000,9674000,1.51923603837106,0.0339336854391937,0.0118745413263012
7815,324000,9674000,1.53830472715314,0.032491061347922,0.00789867429208708
7816,325000,9674000,1.3327390085204,0.0323353748864921,0.0134498814691614
7817,326000,9674000,1.51633218465625,0.0293417108661337,0.00895257328014224
7818,327000,9674000,1.50033073263047,0.0281247397820924,0.00610317209315143
7819,328000,9674000,1.35717282476623,0.0333144939167373,0.0458264368735026
7820,329000,9674000,1.36438583657703,0.0329666295279325,0.0699334207911174
7821,330000,9674000,1.57505024929716,0.0429882367105099,0.0470660836421164
7822,331000,9674000,1.40396461891065,0.0495111986932067,0.0878558392328387
7823,332000,9674000,1.52348329391612,0.0476863846042753,0.0310590385721512
7824,333000,9674000,1.25642218206276,0.043752892068905,0.076792532695547
7825,334000,9674000,1.51140260467673,0.056978205799581,0.0672421232406924
7826,335000,9674000,1.45294227760817,0.0634183852048946,0.0539850701897822
7827,336000,9674000,1.33585032915462,0.0686471521804883,0.0524651438595286
7828,337000,9674000,1.33093305631677,0.0689923813208857,0.0612183439693345
7829,338000,9674000,1.32558068046121,0.0714442915044469,0.0410440771836437
7830,339000,9674000,1.26834537455841,0.0702137874789449,0.0696118595337904
7831,340000,9674000,1.29224201581291,0.0666108628878913,0.061663406065842
7832,341000,9674000,1.42116418176657,0.064734539462918,0.0502335583023493
7833,342000,9674000,1.41264695420293,0.0651799568358091,0.0621318907782446
7834,343000,9674000,1.48361718719074,0.066269950315259,0.0480665607117894
7835,344000,9674000,1.51204633134319,0.0701898483108112,0.0396839889292493
7836,345000,9674000,1.54190848663445,0.0698910880796899,0.00636337707751458
7837,346000,9674000,1.5789413277691,0.0713902851774008,0.042230862756728
7838,347000,9674000,1.5277329235329,0.0636470057632529,0.0129077463353909
7839,348000,9674000,1.56829064501115,0.0640427728695977,0.015714007203431
7840,349000,9674000,1.54138240354326,0.0651932074116579,0.030504560682193
7841,350000,9674000,1.5543134054763,0.0655762630517484,0.036241212200174
7842,351000,9674000,1.40987523505496,0.0666060734267182,0.0810831382349618
7843,352000,9674000,1.50847387855864,0.0644444135168931,0.0236972770598718
7844,353000,9674000,1.57196629417162,0.0633178704752749,0.027790959516744
7845,354000,9674000,1.57893119066695,0.064768751216268,0.0351146693191997
7846,355000,9674000,1.57632724727094,0.0646024528665506,0.0337028724899165
7847,356000,9674000,1.58893393017261,0.064798838115964,0.0335863581208387
7848,357000,9674000,1.55865838301995,0.0642098973513942,0.0622130107222165
7849,358000,9674000,1.43776436096268,0.0640974716992564,0.0426111624724135
7850,359000,9674000,1.58400080132413,0.0650779188263986,0.0250878064129585
7851,360000,9674000,1.56556661822629,0.0689473485570317,0.0504524610127237
7852,361000,9674000,1.59466056905005,0.0697635155770915,0.0312326164517564
7853,362000,9674000,1.57225505732949,0.0689223741373727,0.0163571115341238
7854,363000,9674000,1.58453986036452,0.0682547883364177,0.029997662067913
7855,364000,9674000,1.39232639441416,0.0689436408374175,0.0747412039353477
7856,365000,9674000,1.54082760381413,0.0700845743152399,0.0594414747885043
7857,366000,9674000,1.54074991420339,0.069646341118331,0.0389482280462723
7858,367000,9674000,1.57398517248603,0.0673120166652069,0.0243736044517813
7859,368000,9674000,1.36044331894068,0.0683122769486056,0.0241683473005475
7860,369000,9674000,1.52306552568356,0.0699268754073551,0.0375383410858172
7861,370000,9674000,1.52872324420244,0.0706207857483769,0.0999113219321501
7862,371000,9674000,1.5021816497677,0.0721087040492445,0.0337183305442498
7863,372000,9674000,1.58687685866385,0.0722342001761272,0.0318623388291365
7864,373000,9674000,1.53060399810415,0.0695293014879915,0.0311354776530153
7865,374000,9674000,1.28022043060439,0.0712923139044494,0.111284658564803
7866,375000,9674000,1.37319196221159,0.0730853732645416,0.0189254814893619
7867,262000,9675000,1.53535731094975,0.124954414002239,0.0118599551566557
7868,263000,9675000,1.57484266324137,0.158251416411678,0.0134982667746147
7869,264000,9675000,1.46366368256315,0.140923196740232,0.043090782201198
7870,265000,9675000,1.49235695142479,0.107785799006354,0.0124611119973769
7871,266000,9675000,1.55879717503013,0.10532545783945,0.0101473543679731
7872,267000,9675000,1.54579340327997,0.107432873262884,0.0055069917762888
7873,268000,9675000,1.51543692306472,0.103621120416085,0.00951364161688028
7874,269000,9675000,1.55670115699137,0.102433952724613,0.0106875351735248
7875,270000,9675000,1.55210798129918,0.105307351574468,0.015216232860179
7876,271000,9675000,1.56109938955834,0.10103862943153,0.00776421525183263
7877,272000,9675000,1.56045999380052,0.100083873715344,0.00992286395850769
7878,273000,9675000,1.5794343101271,0.0994935989964059,0.00627405784652984
7879,274000,9675000,1.56671020038228,0.0983986394402996,0.010420154454105
7880,275000,9675000,1.55006317840062,0.0970752986845236,0.0204016472412235
7881,276000,9675000,1.58180193264546,0.0996690382661554,0.00241416732451051
7882,277000,9675000,1.56077556770173,0.110106296519357,0.0163238017082477
7883,278000,9675000,1.58062385237394,0.107204452530658,0.0238312701203557
7884,279000,9675000,1.56805135858191,0.0993167109311155,0.018553437962153
7885,280000,9675000,1.49430648237832,0.0979701327787635,0.020366773372329
7886,281000,9675000,1.47159804232916,0.0999552577912848,0.0251866448031935
7887,282000,9675000,1.4975886367659,0.0996824608069778,0.00944023772256768
7888,283000,9675000,1.55538555489281,0.0882957892358749,0.0355209570662629
7889,284000,9675000,1.18857083079802,0.0854410044292272,0.064597977059808
7890,285000,9675000,1.31344349059297,0.0899564255066015,0.154596729067977
7891,286000,9675000,1.34727374318133,0.0821447307041802,0.117713738870653
7892,287000,9675000,1.40191434696357,0.0515714015661136,0.0752136444588743
7893,288000,9675000,1.41321976125423,0.0477814812722302,0.0904750513345811
7894,289000,9675000,1.56691715793667,0.0639847393167039,0.0352378833079454
7895,290000,9675000,1.55916724156066,0.0640111719527363,0.0387464724568528
7896,291000,9675000,1.39027582454374,0.039857408493457,0.0349141001208252
7897,292000,9675000,1.41505181840979,0.0443842025121546,0.0605809225554536
7898,293000,9675000,1.51089610623032,0.0445328639668028,0.111976950540775
7899,294000,9675000,1.44108123258793,0.0513580312921147,0.0843953762794655
7900,295000,9675000,1.39188041509974,0.0537614380577373,0.0723735497781273
7901,296000,9675000,1.31978114362507,0.0481610790144467,0.0993543515199575
7902,297000,9675000,1.47390592992648,0.0459157580944451,0.124096115767195
7903,298000,9675000,1.31936012742919,0.0453528723356403,0.174495294099106
7904,299000,9675000,1.42773781734083,0.0492649737749939,0.0950147546572548
7905,3e+05,9675000,1.44863915608995,0.0445226715535873,0.137200467453045
7906,301000,9675000,1.48533113082972,0.0413662368094237,0.12370731572717
7907,302000,9675000,1.22487190159363,0.0405001150955174,0.162096100454004
7908,303000,9675000,1.55889321774631,0.0370355677720991,0.124825116885065
7909,304000,9675000,1.5534561564347,0.0372976122870189,0.19280649847843
7910,305000,9675000,1.22606321089455,0.0397262700426414,0.226430960124867
7911,306000,9675000,1.33051823959161,0.0427610395210192,0.166005893961231
7912,307000,9675000,1.27591848155486,0.0392648622510997,0.227243454235226
7913,308000,9675000,1.32932756161791,0.0417941846285029,0.381380406443114
7914,309000,9675000,1.35781480262679,0.0397484976847468,0.15426154234426
7915,310000,9675000,1.30734250851455,0.0401854027843691,0.106378798753091
7916,311000,9675000,1.50232663236549,0.0409060990026916,0.079101373195014
7917,312000,9675000,1.39082880768829,0.0431394230337686,0.0938852237437006
7918,313000,9675000,1.52073888183288,0.0378843372863262,0.234762430556045
7919,314000,9675000,1.51138417965872,0.0374889187645503,0.238890810848198
7920,315000,9675000,1.34841017543007,0.0361861382630315,0.110382977462626
7921,316000,9675000,1.39239868737398,0.038747808652548,0.0388488755757303
7922,317000,9675000,1.46027133054893,0.0400627463827729,0.111086486097403
7923,318000,9675000,1.34867006330827,0.0389823097381398,0.139627106345132
7924,319000,9675000,1.54621212774474,0.0361397867187093,0.0452050856327882
7925,320000,9675000,1.48488630075435,0.0362484163321073,0.091303712110679
7926,321000,9675000,1.49751621207613,0.0353077570629015,0.0868111208609967
7927,322000,9675000,1.52635864253638,0.0335060908562319,0.0141504799042518
7928,323000,9675000,1.35771083714081,0.0329628474584902,0.00577120209200358
7929,324000,9675000,1.54170648932136,0.0316461134072775,0.0203919846780139
7930,325000,9675000,1.51526783787341,0.0328234674657142,0.0169232168348408
7931,326000,9675000,1.3091018528769,0.0339397623070896,0.0951300385347218
7932,327000,9675000,1.31359562747121,0.0316575269999482,0.0309125730404787
7933,328000,9675000,1.16714606545539,0.0333064963805989,0.0900295964610055
7934,329000,9675000,1.30391129234751,0.0458671372937623,0.0855727057886598
7935,330000,9675000,1.3877120981371,0.0467740553920768,0.09910300659351
7936,331000,9675000,1.42619987664252,0.0449407824876885,0.0539959772698175
7937,332000,9675000,1.56812759757675,0.0575149598443816,0.0990090438977419
7938,333000,9675000,1.50944920854653,0.0608609186603665,0.100219955516581
7939,334000,9675000,1.40341999776203,0.0716980828796788,0.0508080157703552
7940,335000,9675000,1.30857846539717,0.0686292945449577,0.0339980722939691
7941,336000,9675000,1.41565020782295,0.0700800556184017,0.0549674182144261
7942,337000,9675000,1.27884738217711,0.0733061536086862,0.0095649315008722
7943,338000,9675000,1.36133876730007,0.0691119516218162,0.0357539026991647
7944,339000,9675000,1.32562996621162,0.0678957044043071,0.0409374164554476
7945,340000,9675000,1.29391201835386,0.0674489903266604,0.0695561340765429
7946,341000,9675000,1.39969704041268,0.0645227819264072,0.0459837848344924
7947,342000,9675000,1.42502224995555,0.0655666063099907,0.0283616570903035
7948,343000,9675000,1.51529591936327,0.0667891778860592,0.0454647389657372
7949,344000,9675000,1.51874580542527,0.0666395160132373,0.0123745900535754
7950,345000,9675000,1.462476404242,0.0670056969822866,0.0506935199475734
7951,346000,9675000,1.4574381166208,0.0653047929879788,0.0286568854068087
7952,347000,9675000,1.34246859106567,0.0622807841123914,0.0661872507496159
7953,348000,9675000,1.54834156929225,0.0638449584362642,0.0277879060865277
7954,349000,9675000,1.52986790193099,0.0649867622161169,0.015115897224921
7955,350000,9675000,1.42654853438857,0.065961438065821,0.0802165607572081
7956,351000,9675000,1.51310515569328,0.0669370654960539,0.0314927214778992
7957,352000,9675000,1.52049452269701,0.0680753858086483,0.0304654462508312
7958,353000,9675000,1.53699271634738,0.0675247943553943,0.0239587966757639
7959,354000,9675000,1.54668275427096,0.0658935769261118,0.0253991874837832
7960,355000,9675000,1.57989234909365,0.0640500837177863,0.0446500038136115
7961,356000,9675000,1.54084038547045,0.064949848993087,0.0119638882721497
7962,357000,9675000,1.39261773577017,0.0681728981490704,0.0454667781222593
7963,358000,9675000,1.40004147494941,0.067361885391565,0.0583932906946651
7964,359000,9675000,1.58045538282572,0.0688111231859973,0.00710024693582372
7965,360000,9675000,1.53527835329702,0.0672097950854338,0.0453088206236141
7966,361000,9675000,1.57417311538337,0.0695085169477026,0.0463507878404033
7967,362000,9675000,1.51395561771125,0.0689050230480866,0.0167667001876221
7968,363000,9675000,1.56314796010993,0.0717080219835424,0.0177256914784955
7969,364000,9675000,1.56734464081094,0.0723079232458142,0.00937015612433676
7970,365000,9675000,1.57920268577334,0.0705884470117662,0.0181021351941554
7971,366000,9675000,1.51556721626197,0.0699541655266604,0.0430549756319056
7972,367000,9675000,1.46525460836877,0.0689654501678249,0.0510173305884781
7973,368000,9675000,1.39942958102088,0.0697739124830503,0.0544448558033341
7974,369000,9675000,1.49163788047231,0.0755870817636032,0.0951257165297014
7975,370000,9675000,1.45073881287046,0.0760639744994202,0.0418448218399976
7976,371000,9675000,1.51408496499723,0.0705968210071798,0.013923223362429
7977,372000,9675000,1.51823133898845,0.0714982873834181,0.0114687887596823
7978,373000,9675000,1.52179265153184,0.0725042050382146,0.024793006392632
7979,374000,9675000,1.37805549020014,0.0727471614640094,0.0608775657066134
7980,375000,9675000,1.49165540018005,0.074256387150534,0.0289930453346656
7981,262000,9676000,1.43514256218667,0.128667646541374,0.00542924261780808
7982,263000,9676000,1.54314900356943,0.158574280789775,0.023931845857414
7983,264000,9676000,1.48307319900708,0.144252535348509,0.0187099033352247
7984,265000,9676000,1.51573269743203,0.114486708794032,0.0249033667575118
7985,266000,9676000,1.55257383707383,0.112686797088197,0.0127170466628464
7986,267000,9676000,1.54607186148757,0.108543281760178,0.00663774658911441
7987,268000,9676000,1.54575315303487,0.102994200857597,0.011542923033412
7988,269000,9676000,1.56520541147807,0.101806957678526,0.0145981255812483
7989,270000,9676000,1.54911479494972,0.106207848881908,0.00734581244380846
7990,271000,9676000,1.55935713959582,0.102004192288803,0.0107512289947098
7991,272000,9676000,1.58512754152326,0.103966445948282,0.00362752111489391
7992,273000,9676000,1.54338509692881,0.0977168561474145,0.0145804075503288
7993,274000,9676000,1.58836780695885,0.0991301682967638,0.00845056108058533
7994,275000,9676000,1.57757770393382,0.100948813749066,0.00542406252171342
7995,276000,9676000,1.52178195461329,0.0989387015214591,0.0228563612969592
7996,277000,9676000,1.57617241966194,0.10470395990694,0.0142987551837437
7997,278000,9676000,1.58197716378696,0.103891466902408,0.0197083967355422
7998,279000,9676000,1.54878188841472,0.105805043993959,0.00785457586347966
7999,280000,9676000,1.57456959484811,0.0958577303509681,0.0063351581115544
8000,281000,9676000,1.56044785939476,0.091635693246864,0.0242169373471272
8001,282000,9676000,1.3888615740741,0.0930431748989351,0.0304483281054057
8002,283000,9676000,1.58142130696086,0.0875802601144468,0.0340502637751608
8003,284000,9676000,1.53933514474571,0.081608841162979,0.0602979399345155
8004,285000,9676000,1.52892758541051,0.0832268986386095,0.0985811702290128
8005,286000,9676000,1.45305013485278,0.0888969523212013,0.05107319296969
8006,287000,9676000,1.56337101272338,0.0742074119896794,0.00767019616695518
8007,288000,9676000,1.55053990526643,0.057438108918305,0.0496471259520791
8008,289000,9676000,1.56400208325672,0.0610524203562422,0.062218845220029
8009,290000,9676000,1.54715855721132,0.0758263281271499,0.0674289877009974
8010,291000,9676000,1.3499118694126,0.0385977157016239,0.0367208377157996
8011,292000,9676000,1.39570056459405,0.0377266616097368,0.0817672249780214
8012,293000,9676000,1.48936550615076,0.0392584519047078,0.0990195056618837
8013,294000,9676000,1.29898781173334,0.0472030582441528,0.1130063794413
8014,295000,9676000,1.3885521267158,0.0465785381200232,0.0113582094654981
8015,296000,9676000,1.4241422936911,0.0438762677089453,0.0731663870751965
8016,297000,9676000,1.18919674420786,0.044475967941413,0.129499006027398
8017,298000,9676000,1.41607989060699,0.0453316114135526,0.119215287387931
8018,299000,9676000,1.46983611880942,0.0489028061051088,0.14279822379595
8019,3e+05,9676000,1.46749566015323,0.0445359407552816,0.163348298697339
8020,301000,9676000,1.42785993256451,0.0410480178119713,0.0487971756418275
8021,302000,9676000,1.52389341069693,0.0396158487318635,0.125244587451062
8022,303000,9676000,1.51007689461733,0.0386618435730682,0.168905343792075
8023,304000,9676000,1.50367237779266,0.0376179855034052,0.116238547889292
8024,305000,9676000,1.47089453469304,0.0367393858512549,0.389082098759121
8025,306000,9676000,1.40908223513357,0.039715259631659,0.152507917484727
8026,307000,9676000,1.42198393619661,0.0369735708869949,0.152121467331669
8027,308000,9676000,1.41857820975729,0.0391378463201777,0.246949665172261
8028,309000,9676000,1.32887593381765,0.0391174696097495,0.187778498455695
8029,310000,9676000,1.3885831480236,0.0407664657019056,0.121921112555457
8030,311000,9676000,1.41656787216822,0.038871962770048,0.143243868392777
8031,312000,9676000,1.28682804233741,0.0385101297156507,0.115988789454875
8032,313000,9676000,1.49258822067675,0.037423146771008,0.126686569847868
8033,314000,9676000,1.40395144552886,0.0357972288484418,0.302163298458043
8034,315000,9676000,1.46341999824415,0.0397532813315167,0.152251017702673
8035,316000,9676000,1.44429971329786,0.0389517870911112,0.10937694715896
8036,317000,9676000,1.51268755882008,0.0352078302645061,0.163742624304326
8037,318000,9676000,1.5262168244819,0.0364889489682635,0.0660611089327728
8038,319000,9676000,1.53048559079054,0.0338436605710572,0.0567711515359944
8039,320000,9676000,1.56638941938312,0.0336128079581647,0.0967504766034476
8040,321000,9676000,1.50525516146231,0.0330031999860559,0.0179622000675519
8041,322000,9676000,1.51522261157008,0.0325853307317427,0.0854149325690205
8042,323000,9676000,1.347488591925,0.0340202942497373,0.037887734450283
8043,324000,9676000,1.30993320451422,0.035306906533123,0.0373462441005684
8044,325000,9676000,1.35979325909325,0.0371968430911228,0.0335643722535646
8045,326000,9676000,1.48414727869375,0.0451334658319774,0.0247370528015264
8046,327000,9676000,1.31703190181609,0.0358331544315839,0.093986200582073
8047,328000,9676000,1.44271260721378,0.0472471022031,0.0520189378206094
8048,329000,9676000,1.59029607330625,0.0620179006784062,0.0967428858477648
8049,330000,9676000,1.31511309050379,0.0453184072901658,0.0687340686232798
8050,331000,9676000,1.46056545425233,0.0492372153608482,0.0287180201372813
8051,332000,9676000,1.47374401669222,0.0698792096920402,0.08167996718767
8052,333000,9676000,1.48078313154825,0.0731483477813253,0.0535017177775436
8053,334000,9676000,1.46574330975206,0.0808240960922274,0.00924620676254215
8054,335000,9676000,1.25292445702479,0.0702508203912963,0.0989371078764367
8055,336000,9676000,1.32769319867916,0.0690544618662086,0.0776809668226094
8056,337000,9676000,1.29716794970074,0.0737409683966465,0.0821150095678463
8057,338000,9676000,1.3440701085179,0.0738550939390806,0.0224060233414198
8058,339000,9676000,1.43516733976878,0.0706822853232418,0.0667810547046198
8059,340000,9676000,1.37399053878516,0.0691679680773559,0.0515178911669223
8060,341000,9676000,1.49978785860129,0.0586038181387015,0.0350795593976589
8061,342000,9676000,1.4984145959372,0.0670884086720235,0.0217800586391024
8062,343000,9676000,1.46050788962829,0.0692937198360535,0.0763017364758612
8063,344000,9676000,1.50290690825986,0.0687492471252802,0.0392027297035863
8064,345000,9676000,1.43402240917597,0.0667072353586084,0.0622119942945353
8065,346000,9676000,1.53356965987024,0.0634042921896884,0.0116940000979132
8066,347000,9676000,1.55302674140881,0.0620934700039822,0.0285749397295073
8067,348000,9676000,1.49169108835882,0.0645883738043884,0.040307594753835
8068,349000,9676000,1.52128071228271,0.0654125778892478,0.0313448872942335
8069,350000,9676000,1.47203271309847,0.0671215293787265,0.0372809560558632
8070,351000,9676000,1.44423726649629,0.0668403514330023,0.0579980973379112
8071,352000,9676000,1.48146086678073,0.0652869098055291,0.0390095936714458
8072,353000,9676000,1.4824339368259,0.067900915636568,0.0391361667618097
8073,354000,9676000,1.46493698492304,0.0675111394392877,0.0308593813066134
8074,355000,9676000,1.59838016544686,0.068719786508201,0.0558261261241625
8075,356000,9676000,1.44627064109035,0.0670327466262771,0.0438569218776354
8076,357000,9676000,1.37541199704786,0.0678189034492964,0.0488278567798204
8077,358000,9676000,1.3554104140341,0.0691889060049491,0.0814643681323175
8078,359000,9676000,1.51772980012343,0.072055784132966,0.0383750875005253
8079,360000,9676000,1.38510371244056,0.0683920350405182,0.0936915561108256
8080,361000,9676000,1.58821464779345,0.0703078755967944,0.0306038902548351
8081,362000,9676000,1.58755029742086,0.0701728830151059,0.0510584422872412
8082,363000,9676000,1.53575364597287,0.0706437454145276,0.0337907591665579
8083,364000,9676000,1.57258824766872,0.0709289599278934,0.0267502491170817
8084,365000,9676000,1.58170309202661,0.0715665551908259,0.031293849007185
8085,366000,9676000,1.53767400510924,0.071088373822841,0.0131448964334318
8086,367000,9676000,1.5846312167174,0.0725974391448203,0.0459872145308965
8087,368000,9676000,1.57990715009832,0.0732041853076191,0.0287255971346979
8088,369000,9676000,1.45553485621485,0.0743356676923995,0.033841023050672
8089,370000,9676000,1.40107098625389,0.073582673429718,0.0311886368368417
8090,371000,9676000,1.47383964766274,0.0716921756575831,0.0519680349268618
8091,372000,9676000,1.45924473932832,0.0704640430947314,0.0537573141492113
8092,373000,9676000,1.48863935611944,0.0673574352185296,0.0618047272300729
8093,374000,9676000,1.46204301286185,0.071555118332578,0.0475896930911375
8094,375000,9676000,1.5292020805506,0.0679477595533815,0.0545197367576434
8095,262000,9677000,1.26118504010686,0.133892851807636,0.0201843917566611
8096,263000,9677000,1.47854561784163,0.149583119596731,0.0422175194775361
8097,264000,9677000,1.60639694452351,0.140565502478877,0.00572392323546799
8098,265000,9677000,1.4765586480569,0.116125434600883,0.0393383055977512
8099,266000,9677000,1.52629937587157,0.108330276342489,0.0102284257547312
8100,267000,9677000,1.49723502656289,0.103685657277864,0.00199924143780263
8101,268000,9677000,1.5189191940566,0.102631930959,0.0146262635117423
8102,269000,9677000,1.57690813035825,0.105521222651729,0.0125453466613978
8103,270000,9677000,1.52923531873493,0.10380224141156,0.049534539155739
8104,271000,9677000,1.55449627520991,0.106153835577128,0.0269681090912957
8105,272000,9677000,1.56582437957114,0.107191276329764,0.0175729466094523
8106,273000,9677000,1.55738120726552,0.100721930254263,0.00805763391546483
8107,274000,9677000,1.55750381041014,0.101173293201118,0.0101466307531174
8108,275000,9677000,1.57512072162417,0.0991937454349581,0.00625270256305615
8109,276000,9677000,1.56134845301488,0.0994164947753481,0.0059983924353361
8110,277000,9677000,1.56422627734975,0.100750175535421,0.0189116907934911
8111,278000,9677000,1.60677438689238,0.0973946005866059,0.0225818857817235
8112,279000,9677000,1.57657469704785,0.0963112661023047,0.0136547325939833
8113,280000,9677000,1.42711653762444,0.0871669479041009,0.0172812563914834
8114,281000,9677000,1.55496114045966,0.0866212214635511,0.0100973331690414
8115,282000,9677000,1.39475268827706,0.0900768928269112,0.065268750892148
8116,283000,9677000,1.39070607595185,0.0858093570370028,0.024934748975723
8117,284000,9677000,1.54629661032114,0.0850281918652184,0.0331672175793946
8118,285000,9677000,1.49528857338412,0.0826504450698448,0.024795689084696
8119,286000,9677000,1.47396844353885,0.0876778816252145,0.0576799474716647
8120,287000,9677000,1.51936401918415,0.0835600495564388,0.0439013497287535
8121,288000,9677000,1.56701234072211,0.0611765582094893,0.0541721933824891
8122,289000,9677000,1.53989907049325,0.0748525132933037,0.0310609035700011
8123,290000,9677000,1.47559248102074,0.0745580975071644,0.0187067555146153
8124,291000,9677000,1.20062018653526,0.0348510074223263,0.0645072507496892
8125,292000,9677000,1.37702093879276,0.0334924359062763,0.0856371775054491
8126,293000,9677000,1.36560852633833,0.038447207944209,0.190483275480017
8127,294000,9677000,1.49734242419085,0.0381515581912819,0.092506329302411
8128,295000,9677000,1.46941725564621,0.0380990089282295,0.163653178694248
8129,296000,9677000,1.4827068212884,0.0400611278224843,0.14270100703702
8130,297000,9677000,1.43547517683923,0.040830873590398,0.242429862375638
8131,298000,9677000,1.39734103740961,0.04240573764569,0.0778575037901075
8132,299000,9677000,1.4184871375944,0.0416110139539707,0.151460479897227
8133,3e+05,9677000,1.51568807210941,0.0392012700445771,0.13138317400433
8134,301000,9677000,1.48915146524093,0.0380747455919255,0.178807968997143
8135,302000,9677000,1.38682221300175,0.0389310362587608,0.107664363104199
8136,303000,9677000,1.47505092593369,0.0379403351495663,0.151358069543353
8137,304000,9677000,1.49489013899687,0.0360117401416686,0.180041992696269
8138,305000,9677000,1.53547523642848,0.0332189789378419,0.211090681977889
8139,306000,9677000,1.46161471595235,0.0346610825040704,0.105377451831124
8140,307000,9677000,1.4838855446281,0.0338691532398278,0.228049405544127
8141,308000,9677000,1.47847949463805,0.0342576478421913,0.152590768052612
8142,309000,9677000,1.36234772558361,0.0359465235614064,0.159716594101781
8143,310000,9677000,1.35029558407308,0.0382050265401199,0.179494659473422
8144,311000,9677000,1.42089330063058,0.0372674266252733,0.0557846238443686
8145,312000,9677000,1.4218317669626,0.0365143998023583,0.0709788183796041
8146,313000,9677000,1.49234808746078,0.0363400818525635,0.125148847507793
8147,314000,9677000,1.44682115356752,0.0374761910356448,0.0289269967099095
8148,315000,9677000,1.42558164280444,0.0378596963349046,0.0414543647629002
8149,316000,9677000,1.43088992717236,0.0369146124362065,0.0942316378482371
8150,317000,9677000,1.51131901879419,0.0339446307893124,0.0443496696236715
8151,318000,9677000,1.38589712552519,0.0380442066910758,0.0772216955120684
8152,319000,9677000,1.39481452889769,0.0351107838919165,0.0480185901191006
8153,320000,9677000,1.30621296441313,0.0343901631855625,0.0424897962282391
8154,321000,9677000,1.3076154739267,0.0363285973654074,0.060402435516822
8155,322000,9677000,1.42201644262153,0.0344322597616671,0.0138718495670229
8156,323000,9677000,1.50426356185863,0.0354076920026215,0.0327552395854021
8157,324000,9677000,1.33533088160113,0.0351762421456254,0.0471843951062955
8158,325000,9677000,1.46170072252654,0.0392276933911906,0.0349246908074911
8159,326000,9677000,1.48678291308236,0.0476253404927674,0.0407849952699614
8160,327000,9677000,1.53464791623669,0.0629327373278226,0.0824140808407253
8161,328000,9677000,1.3042670257667,0.0748838608973504,0.050695387524582
8162,329000,9677000,1.53178128944363,0.0736827744828697,0.0758510218073779
8163,330000,9677000,1.54490935733158,0.0657582381010599,0.0761501152506379
8164,331000,9677000,1.52969971868408,0.0715934084469082,0.0591890938337806
8165,332000,9677000,1.37127358508237,0.0713777131505146,0.0692286580434645
8166,333000,9677000,1.39991307290436,0.0730282685700904,0.0618675013943961
8167,334000,9677000,1.38524447495706,0.0747212679466888,0.0196158228440595
8168,335000,9677000,1.31546165543988,0.0729533429146762,0.0686063295980783
8169,336000,9677000,1.29288497225143,0.0706826106716674,0.0809970447683761
8170,337000,9677000,1.25668007117758,0.0735988113905807,0.0816255342612582
8171,338000,9677000,1.36701370673289,0.0749556319108955,0.0452887051425941
8172,339000,9677000,1.37586979763336,0.0790978713941659,0.057054741403894
8173,340000,9677000,1.32178862426835,0.0735294723001207,0.0559628568700473
8174,341000,9677000,1.49993200307712,0.0664108280502994,0.0115279001045919
8175,342000,9677000,1.51939519943322,0.0641881065739834,0.0660918430205877
8176,343000,9677000,1.46897584440201,0.0638994504481628,0.0519451600063567
8177,344000,9677000,1.52713194796992,0.0670054006701667,0.0328205740810308
8178,345000,9677000,1.50158220520128,0.0678152038583674,0.0345794558357148
8179,346000,9677000,1.47158930923182,0.0652956335258146,0.0527452553590973
8180,347000,9677000,1.57827099902272,0.0645803019032506,0.0338902079132718
8181,348000,9677000,1.52242723063223,0.0633311384950691,0.0204216620851079
8182,349000,9677000,1.47718206792373,0.0647713063011799,0.0308252781164615
8183,350000,9677000,1.53083284802376,0.0684714712733484,0.0212299225263771
8184,351000,9677000,1.4848860211103,0.0668953569654166,0.0485680317019413
8185,352000,9677000,1.3683154757717,0.0657530779994731,0.0986541791842783
8186,353000,9677000,1.5200146080969,0.0671648727069386,0.0227814068835625
8187,354000,9677000,1.51167699558391,0.0686390686611922,0.0195806762944154
8188,355000,9677000,1.44602965398637,0.070605476209809,0.0403471695842162
8189,356000,9677000,1.55298864352778,0.0675060757654708,0.0280001965643519
8190,357000,9677000,1.54967682628737,0.0681682469319468,0.0166786173864426
8191,358000,9677000,1.46795403712927,0.0701659858368924,0.0231591918370404
8192,359000,9677000,1.50695529829108,0.0711345080970862,0.0383601431103566
8193,360000,9677000,1.57669807818033,0.0696856990640283,0.0111772614739833
8194,361000,9677000,1.40262231490624,0.0697408452356308,0.100027511941376
8195,362000,9677000,1.44763771806287,0.0692852842433648,0.107276240908433
8196,363000,9677000,1.56386900315107,0.0678515070711709,0.0312943240857821
8197,364000,9677000,1.59825383010334,0.0714666284011307,0.0239066594040741
8198,365000,9677000,1.57527565834494,0.0737065626079777,0.0754032499373897
8199,366000,9677000,1.5554094261078,0.0754483431671352,0.0466230122322431
8200,367000,9677000,1.5436049187103,0.0780952407970338,0.0395100374849055
8201,368000,9677000,1.52779718218833,0.0790230863716202,0.026162437130431
8202,369000,9677000,1.56391925127751,0.0743240321540367,0.00211952271369508
8203,370000,9677000,1.49575189616386,0.0721477610278971,0.0662904725515384
8204,371000,9677000,1.5143119805916,0.0731339492039697,0.0419591120813556
8205,372000,9677000,1.47193311755793,0.074264162748399,0.018884559776108
8206,373000,9677000,1.49089540067985,0.0699885318477433,0.06376037285172
8207,374000,9677000,1.56534655181717,0.0704793735368942,0.00853435667581529
8208,375000,9677000,1.50118088102733,0.0736506621716091,0.0417407667110168
8209,262000,9678000,1.52641482089122,0.144179409289174,0.0132638719357041
8210,263000,9678000,1.36250472387001,0.140954717432588,0.0210819087355517
8211,264000,9678000,1.48590528761657,0.143411701816084,0.0201082321524321
8212,265000,9678000,1.59074334133845,0.144631354644431,0.00592016700795894
8213,266000,9678000,1.52140122624719,0.115894585506335,0.00863142709602387
8214,267000,9678000,1.51934674583619,0.117891935151947,0.00948076772709435
8215,268000,9678000,1.53685719569961,0.103405848050691,0.0147690771134627
8216,269000,9678000,1.51302685720351,0.103773317572306,0.017530645473285
8217,270000,9678000,1.55761325338929,0.105466428514692,0.0280813884413447
8218,271000,9678000,1.56768299053244,0.107378878597368,0.0228814828661811
8219,272000,9678000,1.46824125361655,0.100848594128716,0.0143472138329952
8220,273000,9678000,1.56877989560709,0.10249549875458,0.0040853329386959
8221,274000,9678000,1.51037969550516,0.0997185641869405,0.00702468849390313
8222,275000,9678000,1.5470030170893,0.0984100263334983,0.0157504083417316
8223,276000,9678000,1.54471314324048,0.0960920466962654,0.0124897246338212
8224,277000,9678000,1.53205153390058,0.0997694460793722,0.0242181815595904
8225,278000,9678000,1.49487939464433,0.093172371758262,0.0428245783078468
8226,279000,9678000,1.53148953597235,0.0938016697354919,0.0316012559358162
8227,280000,9678000,1.49814847690097,0.0909791911184666,0.00636115685268695
8228,281000,9678000,1.4479503065425,0.0831476297439201,0.0115967625127344
8229,282000,9678000,1.48232645246392,0.081151559363187,0.0325368095296622
8230,283000,9678000,1.53185515649376,0.0860539842888693,0.073898344831887
8231,284000,9678000,1.52175103796879,0.0910446528756728,0.0202151991327648
8232,285000,9678000,1.5302656528349,0.0873998013340791,0.0419569862767171
8233,286000,9678000,1.52424294325417,0.0856373222694729,0.060267169241232
8234,287000,9678000,1.47514868966163,0.0900257820214853,0.0411348097927223
8235,288000,9678000,1.50449503088655,0.0704274796090395,0.0388238410131348
8236,289000,9678000,1.43599506495346,0.0771375116576178,0.0484469397051715
8237,290000,9678000,1.47281141557292,0.0738292062239727,0.0385720680631121
8238,291000,9678000,1.31799004866611,0.0366717722107796,0.0626226933454044
8239,292000,9678000,1.43195605062222,0.0337173871032954,0.0693532165170387
8240,293000,9678000,1.3982642265751,0.0362022518635497,0.0482627878946412
8241,294000,9678000,1.2926575950429,0.0375563418390089,0.073421938399374
8242,295000,9678000,1.43809087362953,0.0336995922114463,0.143618115566001
8243,296000,9678000,1.47621754106096,0.0365852772913645,0.17974054448893
8244,297000,9678000,1.53909027207758,0.0373648645756339,0.277524915653735
8245,298000,9678000,1.37773931172315,0.0357300753438221,0.0252433910500562
8246,299000,9678000,1.36658236002173,0.0381219523183106,0.107275858915198
8247,3e+05,9678000,1.36719518689681,0.0350740983908908,0.142637995332909
8248,301000,9678000,1.50310055746162,0.032941734098396,0.162999614246868
8249,302000,9678000,1.49617012214096,0.0334869144277671,0.157025474560966
8250,303000,9678000,1.3772878354838,0.0335755217434303,0.133606598618621
8251,304000,9678000,1.29105097384665,0.0341889164295393,0.0504931493703228
8252,305000,9678000,1.32125406347316,0.0318617145786695,0.142536895880459
8253,306000,9678000,1.43402592947229,0.0337199933177993,0.168015007038262
8254,307000,9678000,1.44250851001078,0.0345405001462259,0.0295465962040394
8255,308000,9678000,1.5242003466191,0.0339113404433883,0.0753269330437255
8256,309000,9678000,1.22127398844835,0.0340669014134298,0.133873196291229
8257,310000,9678000,1.40667974505175,0.0353839759276683,0.12309460419691
8258,311000,9678000,1.39069351922654,0.0368164064481073,0.0735120407897612
8259,312000,9678000,1.44654511981819,0.0365558921868166,0.0899693536736681
8260,313000,9678000,1.51858590225426,0.0372575862748456,0.0365502548544636
8261,314000,9678000,1.50300484913182,0.0377941230464959,0.0579172007912534
8262,315000,9678000,1.41190671115548,0.037692434766286,0.0401263909684649
8263,316000,9678000,1.4389184168119,0.0395594244452512,0.0205661363934735
8264,317000,9678000,1.39611487581343,0.0407428774437039,0.0212469314224457
8265,318000,9678000,1.56480707446464,0.0454880914588181,0.0529005912639171
8266,319000,9678000,1.58895434257951,0.0446697609200603,0.029330715294037
8267,320000,9678000,1.40714237308117,0.0472551729461013,0.0798997164007239
8268,321000,9678000,1.5291183884361,0.0431086587078394,0.0311896742428186
8269,322000,9678000,1.49000462551445,0.0382511259574231,0.0216723141661405
8270,323000,9678000,1.52424927817433,0.0473522286299255,0.0602169645917148
8271,324000,9678000,1.38733283076938,0.0498724449814203,0.101911519443838
8272,325000,9678000,1.50984930557702,0.0583475658187092,0.0823417826118679
8273,326000,9678000,1.3503497869508,0.0708591072157605,0.068518147757329
8274,327000,9678000,1.43792328098048,0.071075069770005,0.0360676330117975
8275,328000,9678000,1.35089923365703,0.0761641360262087,0.045804459269251
8276,329000,9678000,1.38170818134932,0.0849478644416963,0.057527143558871
8277,330000,9678000,1.43498168081868,0.0818639210958417,0.0635500594042143
8278,331000,9678000,1.41550325211617,0.0807700049172624,0.0953293329555528
8279,332000,9678000,1.34041685935916,0.0775400597753973,0.0590092055180906
8280,333000,9678000,1.39119343272056,0.0725954360065701,0.0666566724535012
8281,334000,9678000,1.3037974675136,0.0734814022720341,0.0395409742020762
8282,335000,9678000,1.24222844528916,0.0776506530571221,0.0445964238486587
8283,336000,9678000,1.20697554662992,0.0738503590831213,0.0350847938715045
8284,337000,9678000,1.36082819603751,0.0734919502329221,0.051088121772243
8285,338000,9678000,1.40503032913742,0.0731600925474729,0.0749338483540395
8286,339000,9678000,1.3548217087586,0.0752125186532276,0.0712313395300015
8287,340000,9678000,1.22610887914868,0.0761854480713956,0.0373855505459533
8288,341000,9678000,1.38618978450451,0.0691612254065791,0.0565465117747121
8289,342000,9678000,1.38035999984394,0.0670485999213567,0.0447317237414404
8290,343000,9678000,1.44371120717657,0.0686283289372809,0.0351581126865525
8291,344000,9678000,1.40565370724247,0.0662418874688786,0.0272769157035444
8292,345000,9678000,1.50293147224238,0.0665400004913664,0.0388267793398951
8293,346000,9678000,1.50028382189765,0.0655466641481137,0.034996099744302
8294,347000,9678000,1.51131291893309,0.0670958961075167,0.0147389006409998
8295,348000,9678000,1.36457147242849,0.0681874407930596,0.0559974930654301
8296,349000,9678000,1.29400007156116,0.0693620561907678,0.0958827830044946
8297,350000,9678000,1.47912176590761,0.067718799990531,0.013734684630754
8298,351000,9678000,1.39611466997016,0.0689785090591696,0.0633115145219246
8299,352000,9678000,1.55430644317275,0.0691486417783726,0.0239307598266061
8300,353000,9678000,1.45496985674199,0.0687654606452055,0.0421207636390538
8301,354000,9678000,1.43657268085183,0.0691700851029472,0.0539342311054294
8302,355000,9678000,1.40582977619986,0.0676993702955234,0.0706151479347959
8303,356000,9678000,1.56149864277504,0.0666109140290404,0.020259559136494
8304,357000,9678000,1.58255470804796,0.0708773808518667,0.0322675681471758
8305,358000,9678000,1.53827825657268,0.0705823213582972,0.0191177392439994
8306,359000,9678000,1.55881747368646,0.0686499837968276,0.0248490373488668
8307,360000,9678000,1.3896545977107,0.0677964620070654,0.0527560357603974
8308,361000,9678000,1.35042157256853,0.0700081196003463,0.0486876377004692
8309,362000,9678000,1.53393653466136,0.0676836912542478,0.0170894460351296
8310,363000,9678000,1.35716521802188,0.0678747270130235,0.128454644273866
8311,364000,9678000,1.59763866533454,0.0739397669673661,0.0122702857354911
8312,365000,9678000,1.567048075056,0.0792908451992926,0.0960340529783447
8313,366000,9678000,1.50273654424031,0.077491517985722,0.0228775058749192
8314,367000,9678000,1.49823993776407,0.0842377951680862,0.0735549395889632
8315,368000,9678000,1.55650572843455,0.0809327628930813,0.019867512129646
8316,369000,9678000,1.54995754840521,0.071568651282566,0.0652231369129684
8317,370000,9678000,1.51794384088978,0.0711791457888483,0.0523942174064461
8318,371000,9678000,1.56796869772945,0.0742679238908075,0.0393513373064022
8319,372000,9678000,1.51543413689341,0.0729168607487334,0.0164951645862275
8320,373000,9678000,1.39018519138641,0.0736179889918556,0.0968619539430755
8321,374000,9678000,1.46842697681506,0.0722046523776718,0.0388379596967239
8322,375000,9678000,1.48377624456701,0.0723937399557818,0.0424903238589543
8323,262000,9679000,1.44201257672371,0.140359107835323,0.0730421151408332
8324,263000,9679000,1.52026572459097,0.14701695831693,0.039209519845203
8325,264000,9679000,1.43851239738556,0.129777968804719,0.0289536843034076
8326,265000,9679000,1.45023984376266,0.140531251243007,0.0154073594849484
8327,266000,9679000,1.43636305803457,0.123901758051586,0.00949724674372837
8328,267000,9679000,1.59195936437788,0.133695158293254,0.00643071310864569
8329,268000,9679000,1.43343588525938,0.105047491477772,0.0288073665994907
8330,269000,9679000,1.45975084201244,0.104731259394356,0.0288363891759277
8331,270000,9679000,1.5567394690599,0.107964249918188,0.00742214224857498
8332,271000,9679000,1.56215462168643,0.10934224419445,0.00887281773603893
8333,272000,9679000,1.57112310633872,0.114016384373381,0.00252558335972342
8334,273000,9679000,1.54527148120696,0.10696844332461,0.0104898401495024
8335,274000,9679000,1.49260517836639,0.106985684000575,0.0227540815897958
8336,275000,9679000,1.55793384905388,0.113319492526976,0.0171385133526866
8337,276000,9679000,1.57236820779743,0.10792218006586,0.00565745262924979
8338,277000,9679000,1.58807287000298,0.103633587855308,0.0188942550296362
8339,278000,9679000,1.54064412233277,0.0999571459067819,0.014935488379389
8340,279000,9679000,1.46771893343517,0.0933383285030058,0.0248048018690969
8341,280000,9679000,1.52246262813757,0.0934374407797755,0.0337038440255948
8342,281000,9679000,1.5080056594498,0.0846408464209833,0.0496249768300717
8343,282000,9679000,1.48547175434564,0.0830343024284728,0.0199759994342412
8344,283000,9679000,1.49197543244131,0.0867422616124315,0.0230360363943659
8345,284000,9679000,1.37268372973334,0.0945214829286434,0.105020445949556
8346,285000,9679000,1.47107756049895,0.0926962005635708,0.0642963826600645
8347,286000,9679000,1.53718546598125,0.0878334100674862,0.103400632416352
8348,287000,9679000,1.46579076051361,0.0865991564759637,0.0227507764834917
8349,288000,9679000,1.55202103197218,0.0758004404147258,0.020374126022603
8350,289000,9679000,1.55162051566792,0.0768429343839704,0.0538892846949742
8351,290000,9679000,1.50786873357176,0.0761616692677809,0.0676260709352675
8352,291000,9679000,1.53332755812102,0.0668112904881409,0.0286894519940767
8353,292000,9679000,1.32793259064155,0.046197627395683,0.0496822406977819
8354,293000,9679000,1.36257748840839,0.0399357374046527,0.0602757656728815
8355,294000,9679000,1.44106011636661,0.0421319053818522,0.0939836506808163
8356,295000,9679000,1.26574991797155,0.0351440951450714,0.132072284169875
8357,296000,9679000,1.44311296331617,0.0389759400559509,0.155775948265042
8358,297000,9679000,1.4016868072311,0.0360924452050674,0.0253058176816055
8359,298000,9679000,1.33246411154159,0.0339658882197195,0.0361095302384619
8360,299000,9679000,1.49414696848992,0.0335914494380508,0.0964487428664727
8361,3e+05,9679000,1.45617968128693,0.0335246259067848,0.0795847943267848
8362,301000,9679000,1.49523212200332,0.0321895833777603,0.00785926691900271
8363,302000,9679000,1.48363927532221,0.033150226621227,0.0179843692836694
8364,303000,9679000,1.49410437390797,0.0326719116511751,0.0252110295196876
8365,304000,9679000,1.45788134000815,0.0323317438564829,0.0290135687795268
8366,305000,9679000,1.43545734660598,0.0320656325952133,0.0850617258199186
8367,306000,9679000,1.51950954187558,0.03543441862606,0.0665746085284078
8368,307000,9679000,1.50160055039302,0.0359992041309863,0.0958706568630477
8369,308000,9679000,1.50194786107865,0.0322917155062423,0.133184966569613
8370,309000,9679000,1.30423569241369,0.0344032453080294,0.146027141645548
8371,310000,9679000,1.45692093972262,0.0373637142682856,0.113015060099928
8372,311000,9679000,1.50682573627816,0.0342357083546927,0.0143265660792462
8373,312000,9679000,1.48078465522649,0.0383554564668692,0.0289166851234196
8374,313000,9679000,1.50520568037787,0.0381026353075776,0.0730314606616978
8375,314000,9679000,1.47976866168951,0.0386318275368222,0.0282768374573591
8376,315000,9679000,1.41422242441291,0.0412790772514974,0.0816450959385787
8377,316000,9679000,1.41499361033951,0.0447397112012184,0.043303756853765
8378,317000,9679000,1.40025519846846,0.0415465712039481,0.0668778695604651
8379,318000,9679000,1.35052616266124,0.0447016337316907,0.0758880284926709
8380,319000,9679000,1.55454558835676,0.0430139373656522,0.100939743442505
8381,320000,9679000,1.43652923747896,0.0467303286526535,0.0616225398018665
8382,321000,9679000,1.52066771596374,0.0434256797806357,0.0969160759909813
8383,322000,9679000,1.48468861934522,0.0491330324504476,0.0187565510152848
8384,323000,9679000,1.41921540327729,0.0607892487520675,0.0890717992873073
8385,324000,9679000,1.31714403859754,0.0650666550997881,0.0640293506600597
8386,325000,9679000,1.34124052945957,0.0730758982099441,0.065035296089453
8387,326000,9679000,1.35751780410608,0.0743150283949307,0.0711646972325769
8388,327000,9679000,1.36737211839423,0.0746889977674269,0.0839605547466661
8389,328000,9679000,1.41440380967135,0.07982661742917,0.0637105426256809
8390,329000,9679000,1.3809943595863,0.087997016203743,0.104752134739893
8391,330000,9679000,1.39748670632255,0.0853469128192644,0.0730069758381727
8392,331000,9679000,1.47169212041778,0.0817855956577139,0.0445191251129989
8393,332000,9679000,1.33224110974995,0.0786350646550897,0.0394417908455092
8394,333000,9679000,1.28445607394474,0.0749895787287277,0.047806929935107
8395,334000,9679000,1.37054425830036,0.0739413785726022,0.0695506791753746
8396,335000,9679000,1.43868408515232,0.0750786775659817,0.0193833604369037
8397,336000,9679000,1.29636687665888,0.0746600065595635,0.0452919614703886
8398,337000,9679000,1.34005814415174,0.0709438476564602,0.0669777191338509
8399,338000,9679000,1.44505994663725,0.0746429576160191,0.0381647434238474
8400,339000,9679000,1.5016468930412,0.0751045501577891,0.0469027740949236
8401,340000,9679000,1.35760166226523,0.0745394311900361,0.0673864634031797
8402,341000,9679000,1.4355402933137,0.0739238660171044,0.0552129196897069
8403,342000,9679000,1.37750582134366,0.0719707543556295,0.0462752482092407
8404,343000,9679000,1.43756918980638,0.0711060804069485,0.05646243460574
8405,344000,9679000,1.42526069634682,0.067846772226509,0.0450143851828561
8406,345000,9679000,1.48884547649702,0.0662202930836179,0.0369389194677112
8407,346000,9679000,1.49612359893073,0.0669590084545427,0.103536362733524
8408,347000,9679000,1.42832196937513,0.0703810769178546,0.0350735501573551
8409,348000,9679000,1.42839396541561,0.0718111185197079,0.0318561588055676
8410,349000,9679000,1.43799868754919,0.0739474275464867,0.0181830651071276
8411,350000,9679000,1.39636645245868,0.0717907906018217,0.0551348005467074
8412,351000,9679000,1.44549967493376,0.0679990426143522,0.0518781931001087
8413,352000,9679000,1.4354007675382,0.0695669769553935,0.0620327894709778
8414,353000,9679000,1.52151680707814,0.0706503009911004,0.0158885614813132
8415,354000,9679000,1.53146330702062,0.0670440277554958,0.0285218932666758
8416,355000,9679000,1.39255888974115,0.0673677194392616,0.0431112828453098
8417,356000,9679000,1.39656606136344,0.0675462319339562,0.018431487868807
8418,357000,9679000,1.48938412627916,0.068975180157653,0.0221616383153961
8419,358000,9679000,1.48318151102965,0.0674764582791891,0.0217937231849221
8420,359000,9679000,1.45870034660158,0.0699861789650129,0.0569081168038265
8421,360000,9679000,1.46182897231007,0.0683037646889283,0.030084253717783
8422,361000,9679000,1.25204343265783,0.0690108489412776,0.0580833692279172
8423,362000,9679000,1.39881712826333,0.0696758087595458,0.0515473522661703
8424,363000,9679000,1.39387198543392,0.0704926962071351,0.0642923279530239
8425,364000,9679000,1.42179090664754,0.0782703303097938,0.0834401119737339
8426,365000,9679000,1.4736648345775,0.0802902038731851,0.0189641453841852
8427,366000,9679000,1.55199199499427,0.0747894927630588,0.0129841817171338
8428,367000,9679000,1.54536376987332,0.0785618505466537,0.0176447837167497
8429,368000,9679000,1.47413721594774,0.0787067880529286,0.0375220099727096
8430,369000,9679000,1.43230045163994,0.071593337569607,0.0249068126326338
8431,370000,9679000,1.42739128187101,0.0679280837934771,0.0446356001944974
8432,371000,9679000,1.52484415849999,0.0706622595304935,0.024448828733886
8433,372000,9679000,1.43775101496692,0.0785772332866739,0.0569498218020494
8434,373000,9679000,1.48754593704017,0.0801398843156493,0.0187875109987057
8435,374000,9679000,1.4991881488326,0.069410119263672,0.0184330135620931
8436,375000,9679000,1.56281723801454,0.0683471509527042,0.0445473489509257
8437,262000,9680000,1.38396886774003,0.139321789885244,0.0304785729151735
8438,263000,9680000,1.3592033021107,0.142453955236056,0.0128043897440385
8439,264000,9680000,1.29771899784508,0.143111316014952,0.0507658251198895
8440,265000,9680000,1.42581875221273,0.139122950396033,0.0396932610115474
8441,266000,9680000,1.48585627907066,0.140733627315651,0.0152863639353784
8442,267000,9680000,1.55750579727762,0.132132703603058,0.00760925189168569
8443,268000,9680000,1.53462777203432,0.104206596311669,0.00697476867325994
8444,269000,9680000,1.51554872000275,0.102435500394095,0.0182834017610823
8445,270000,9680000,1.52575891460771,0.119822704081039,0.0132116441673471
8446,271000,9680000,1.59338597484948,0.131321259790023,0.00517769214053961
8447,272000,9680000,1.56411901091131,0.124025427642673,0.00604711506718365
8448,273000,9680000,1.55053404022077,0.115796459669763,0.0153047061520274
8449,274000,9680000,1.5341052847856,0.114292066439804,0.0096555567932407
8450,275000,9680000,1.52524847103432,0.109309879888326,0.00828728957401046
8451,276000,9680000,1.55590195238187,0.10228650778389,0.00887280422101211
8452,277000,9680000,1.51954974137888,0.101433133555905,0.0104024782370999
8453,278000,9680000,1.4488323775261,0.0954447609332095,0.0165107560911263
8454,279000,9680000,1.54854808660666,0.101125708817109,0.0214745732065929
8455,280000,9680000,1.45878833226602,0.0918079627362509,0.0135228692885133
8456,281000,9680000,1.52931493621671,0.0906781221671211,0.0257896948471391
8457,282000,9680000,1.53189819890506,0.0846869643968236,0.0450641595123885
8458,283000,9680000,1.33149055643558,0.0868593361113566,0.0317761514924577
8459,284000,9680000,1.40764389434634,0.0940058712608943,0.0585148592627825
8460,285000,9680000,1.41961935993785,0.105251229380357,0.0476957583738353
8461,286000,9680000,1.56903027878023,0.0938379415925568,0.0980206628995865
8462,287000,9680000,1.45226925486363,0.086015759236355,0.0188741481946496
8463,288000,9680000,1.52238355061223,0.103774624723535,0.00836706462697566
8464,289000,9680000,1.56695481444318,0.101174983791823,0.00859672600597793
8465,290000,9680000,1.5009502601832,0.0917657824823756,0.0298433026340844
8466,291000,9680000,1.53304350325003,0.0812679006627027,0.0585644107508145
8467,292000,9680000,1.42757514285483,0.0715320122784994,0.0506270434343619
8468,293000,9680000,1.48210182928093,0.0466390500558226,0.0592137455671118
8469,294000,9680000,1.45558827153727,0.04414924595496,0.0436033766892093
8470,295000,9680000,1.38959117398244,0.0429668758566356,0.063501940408075
8471,296000,9680000,1.41529850736059,0.0359488799542135,0.0440988038060561
8472,297000,9680000,1.34969784264839,0.0370378149339182,0.07460142702557
8473,298000,9680000,1.33616902960893,0.0364152619522654,0.103737826411732
8474,299000,9680000,1.30682921666691,0.0373537623676966,0.0779854668312056
8475,3e+05,9680000,1.51611671558263,0.0357547325729149,0.0189246160866211
8476,301000,9680000,1.32930572312782,0.0362771112705299,0.0625067802769917
8477,302000,9680000,1.24833695716211,0.0360711064462975,0.112292849673625
8478,303000,9680000,1.31405570340333,0.0332390709737001,0.0687702935717086
8479,304000,9680000,1.29549439604864,0.0332585158005137,0.0440678859134286
8480,305000,9680000,1.30334971380107,0.0325789134090236,0.0485668631449622
8481,306000,9680000,1.44737616679545,0.03724109854206,0.0535014336442919
8482,307000,9680000,1.47400116836628,0.0392196679727278,0.0893272536455028
8483,308000,9680000,1.49246052429409,0.036791507530115,0.106755879442943
8484,309000,9680000,1.37563718721568,0.0385574154639944,0.0707333320230786
8485,310000,9680000,1.52102445425137,0.0479364682725321,0.0469876310614043
8486,311000,9680000,1.4542839298091,0.0449870933815723,0.0478905438299612
8487,312000,9680000,1.58316048298015,0.0502133389611471,0.0220576970048956
8488,313000,9680000,1.54566247905911,0.0471728377031735,0.0270251266249439
8489,314000,9680000,1.56290984115376,0.0495780257275804,0.0157816267444294
8490,315000,9680000,1.44539831399734,0.0565438581179383,0.0386569784637164
8491,316000,9680000,1.51667476025427,0.0533758947373577,0.0596513039870359
8492,317000,9680000,1.55643118625395,0.0450845243664052,0.0540823839169334
8493,318000,9680000,1.43935505254041,0.0378532429918045,0.115427410295975
8494,319000,9680000,1.40612111475101,0.0382433422156534,0.114974541129326
8495,320000,9680000,1.54098213852832,0.05008490663143,0.177675295832893
8496,321000,9680000,1.44263958089158,0.05627592262033,0.0949482210764941
8497,322000,9680000,1.2978983964891,0.0617570808355744,0.0765207685473009
8498,323000,9680000,1.29518726561757,0.070018439824816,0.11796537482939
8499,324000,9680000,1.45166093205002,0.0711826548132845,0.110197659832456
8500,325000,9680000,1.36015912798146,0.0756002428882907,0.0710009550396495
8501,326000,9680000,1.27640670760725,0.0775992703581391,0.0665341409552188
8502,327000,9680000,1.34879067131462,0.076881309292849,0.0751689891945197
8503,328000,9680000,1.42496777453655,0.0757494237249519,0.0817405306266696
8504,329000,9680000,1.35338951771453,0.0812024981724308,0.0246839121852768
8505,330000,9680000,1.41386500996962,0.0849790633085587,0.018035312643961
8506,331000,9680000,1.46680565614532,0.079457179596033,0.0353653056620592
8507,332000,9680000,1.49754499865215,0.0769980700863524,0.049316843684863
8508,333000,9680000,1.500037163811,0.0755614252746463,0.0354413186563312
8509,334000,9680000,1.40502618410432,0.0742532964427039,0.0341176435074252
8510,335000,9680000,1.47928718662243,0.0760008366264266,0.0194382655648274
8511,336000,9680000,1.43845366418411,0.072836684370055,0.0476743174582943
8512,337000,9680000,1.45563927713621,0.070544270588458,0.0359815487747397
8513,338000,9680000,1.49121128833463,0.0736278886033742,0.0355529950388181
8514,339000,9680000,1.55111443433423,0.072339661225431,0.0140671084265309
8515,340000,9680000,1.5131420412668,0.073680635372173,0.0314985698499711
8516,341000,9680000,1.56067363349326,0.0729539506003187,0.0299585917044847
8517,342000,9680000,1.44738683205917,0.0751679413487917,0.0413510835348766
8518,343000,9680000,1.45734351870524,0.075265474568872,0.0556144081303908
8519,344000,9680000,1.4273876914304,0.0733318170661574,0.0552480619128702
8520,345000,9680000,1.53684052958237,0.0708431632771879,0.037265299890807
8521,346000,9680000,1.49625057801985,0.0720627010723936,0.127640847307911
8522,347000,9680000,1.46318005134376,0.0679923429334878,0.0549434157527724
8523,348000,9680000,1.49906282728481,0.0699425219023349,0.0384765247165492
8524,349000,9680000,1.49345731932027,0.0706020485382783,0.0155658478788861
8525,350000,9680000,1.30643851249847,0.0678215200863803,0.0780203311062641
8526,351000,9680000,1.41200588426526,0.0665595522508365,0.0717768247511212
8527,352000,9680000,1.53691358564972,0.0683717722189028,0.016478105457222
8528,353000,9680000,1.38524201182411,0.0696363788156791,0.0553518128843451
8529,354000,9680000,1.51054080423827,0.0692918352010693,0.0374044125137144
8530,355000,9680000,1.53451448827097,0.0675254195069278,0.0239156317384054
8531,356000,9680000,1.57867560213248,0.0684187872432966,0.0471445975997099
8532,357000,9680000,1.38869356465721,0.0682347950897488,0.0557929602789253
8533,358000,9680000,1.47283529538768,0.0687851843609055,0.0252700110641289
8534,359000,9680000,1.43617974757958,0.0696374129399735,0.0621072959408056
8535,360000,9680000,1.5018450408948,0.0674604597228068,0.0465070763030392
8536,361000,9680000,1.17920223959809,0.0672251360084817,0.0341270606128064
8537,362000,9680000,1.42118890046555,0.0695701466757197,0.0230013820127176
8538,363000,9680000,1.39413398508976,0.0698170547890763,0.064007601155179
8539,364000,9680000,1.4135368668863,0.0732755717157599,0.0489140051446528
8540,365000,9680000,1.29904921341704,0.073832298121035,0.105791871126595
8541,366000,9680000,1.35324776969559,0.0790367971183422,0.0901859519857655
8542,367000,9680000,1.23134676198239,0.0834439104099327,0.111297858279153
8543,368000,9680000,1.51440193095484,0.0814715027137358,0.0437260793636632
8544,369000,9680000,1.46601742023918,0.0722623885033344,0.0394433872000304
8545,370000,9680000,1.50009993922169,0.0724363462468095,0.0277745792731584
8546,371000,9680000,1.5968562992,0.0791620794296899,0.0150302418368908
8547,372000,9680000,1.48662940681162,0.0809650167754101,0.00957859658600894
8548,373000,9680000,1.45082961243798,0.0723180238629838,0.023785435667002
8549,374000,9680000,1.48891445875981,0.0720331835185478,0.023084818807195
8550,375000,9680000,1.5141123188252,0.0810631220672457,0.0459936945172094
8551,262000,9681000,1.21931875967324,0.139701432473721,0.0454028912437187
8552,263000,9681000,1.40902427909195,0.148717022242087,0.0440912440188083
8553,264000,9681000,1.47361898974427,0.146117605479321,0.036013725054713
8554,265000,9681000,1.48120531993622,0.148242688014082,0.0185760580572145
8555,266000,9681000,1.43051992845469,0.144236916748363,0.0242046839632562
8556,267000,9681000,1.40537314155738,0.133204309623858,0.0516498529822465
8557,268000,9681000,1.32293820463469,0.0982964608520837,0.02128366090475
8558,269000,9681000,1.5371203841722,0.116067452174335,0.0100631364606624
8559,270000,9681000,1.60030390056014,0.138820402276586,0.00210075722958248
8560,271000,9681000,1.59627920031466,0.132977081056467,0.00305527272355815
8561,272000,9681000,1.5892009417721,0.122669012611619,0.0178352487948857
8562,273000,9681000,1.5974605256153,0.12367667322246,0.00692804203761688
8563,274000,9681000,1.59100701546328,0.122736614684364,0.00722784925015911
8564,275000,9681000,1.54299863701882,0.109218407268555,0.014659199228295
8565,276000,9681000,1.56375464397194,0.107144014929775,0.0138600322067954
8566,277000,9681000,1.50556788824608,0.0998527782226924,0.0258316174363898
8567,278000,9681000,1.49621155457919,0.10081580572428,0.0182356798282741
8568,279000,9681000,1.54754537926201,0.100754639614362,0.0239260563971045
8569,280000,9681000,1.44518800592686,0.0930340351898041,0.0347797034229226
8570,281000,9681000,1.49180122643464,0.0894458635848173,0.0245736324823639
8571,282000,9681000,1.36722348337695,0.0843429773560978,0.0154924713745492
8572,283000,9681000,1.51061964329771,0.0911144311583114,0.010228368505443
8573,284000,9681000,1.52535461814329,0.0941804402047634,0.0467842492343733
8574,285000,9681000,1.4806245921656,0.103939098888272,0.0709920432464098
8575,286000,9681000,1.51682954282022,0.0977174812562689,0.0360179242408719
8576,287000,9681000,1.54934666853601,0.0904154699419728,0.0495489571117839
8577,288000,9681000,1.48211570500161,0.0933862021717524,0.0132805875778113
8578,289000,9681000,1.49517764058013,0.0897682736869115,0.0389041730837753
8579,290000,9681000,1.51468882333663,0.089104961452988,0.0427104991722981
8580,291000,9681000,1.50715021328334,0.0786255716880689,0.0809791081294571
8581,292000,9681000,1.56922558824132,0.0839497676544441,0.0351989453410479
8582,293000,9681000,1.58278154459315,0.0808148053105935,0.0175231323377359
8583,294000,9681000,1.47075471359654,0.0586293828382352,0.059494329491541
8584,295000,9681000,1.5247196654001,0.070235427170218,0.106256094187765
8585,296000,9681000,1.3522959656565,0.0431493261316003,0.0259595776563682
8586,297000,9681000,1.5248779869457,0.0357004590089679,0.0908326780663677
8587,298000,9681000,1.43184631346303,0.0383072632579103,0.0773879723936297
8588,299000,9681000,1.4731835975296,0.037470528965258,0.0436499098616077
8589,3e+05,9681000,1.43970748014113,0.0358617842942961,0.0464841236873442
8590,301000,9681000,1.2884717135568,0.0369137526018592,0.084315629993562
8591,302000,9681000,1.38654521922105,0.0378445970996308,0.0258434403870445
8592,303000,9681000,1.3870757594031,0.0381488299997948,0.0898769974663516
8593,304000,9681000,1.51019645495884,0.0378037949095197,0.0373217248499492
8594,305000,9681000,1.53387557098475,0.0377882367176933,0.0334380600963985
8595,306000,9681000,1.41383818449849,0.0408078546909888,0.0728655192357879
8596,307000,9681000,1.4185010020045,0.0421158452447297,0.0691190822174394
8597,308000,9681000,1.43788761099611,0.0457038262674679,0.045878885037904
8598,309000,9681000,1.52567090182135,0.0512767812713886,0.0405392773830679
8599,310000,9681000,1.42873127990719,0.0647769288484892,0.0411559823777305
8600,311000,9681000,1.5374556540881,0.0601707985286614,0.0340087473145618
8601,312000,9681000,1.47548559190688,0.0611015640016175,0.0914418363423489
8602,313000,9681000,1.47809381368917,0.0615410137205896,0.049580706351078
8603,314000,9681000,1.47473969988614,0.0616362033461465,0.0705706368852623
8604,315000,9681000,1.37328171691595,0.0619759284318093,0.109057496403557
8605,316000,9681000,1.48583196209464,0.0607341595268409,0.0519500461443216
8606,317000,9681000,1.44856010251688,0.0589246538089913,0.0322751778622041
8607,318000,9681000,1.40657609201213,0.0599883110770188,0.033031565105027
8608,319000,9681000,1.43354693935979,0.0634062523688885,0.0560276355123803
8609,320000,9681000,1.26002570495431,0.0685439708190419,0.0826818099154109
8610,321000,9681000,1.45503859207349,0.0672062883880921,0.0538824515940148
8611,322000,9681000,1.39390022401873,0.069262118928585,0.0559768794391071
8612,323000,9681000,1.38531444978128,0.0732527700704554,0.0471162250075301
8613,324000,9681000,1.4050239139483,0.07187244148766,0.109534839500259
8614,325000,9681000,1.48844592035884,0.0710925532613648,0.0349867213081701
8615,326000,9681000,1.57777308631047,0.0764416202390818,0.0252008976907949
8616,327000,9681000,1.50546657303304,0.0775452443002217,0.0423291083535739
8617,328000,9681000,1.45379012604469,0.0749728226042809,0.035762062927006
8618,329000,9681000,1.46184747603735,0.0773413181350814,0.0356960031296686
8619,330000,9681000,1.44732464074591,0.076661713421388,0.0795505692123563
8620,331000,9681000,1.45434585735528,0.074244742341252,0.0361783269325204
8621,332000,9681000,1.53804068037202,0.0762045757103483,0.0857003293969976
8622,333000,9681000,1.44467198782305,0.0774245492311142,0.014348895254134
8623,334000,9681000,1.38760834762019,0.0747535114039271,0.018140682902078
8624,335000,9681000,1.4147685289421,0.0758564963832142,0.0453272588170045
8625,336000,9681000,1.42427476190145,0.0746611893956771,0.0438361998276763
8626,337000,9681000,1.41996314419354,0.0727065382011098,0.0546779404950326
8627,338000,9681000,1.490163374851,0.0708828012243074,0.0331586001110746
8628,339000,9681000,1.52808155160851,0.0734143335473324,0.0402047489863491
8629,340000,9681000,1.47100802536821,0.0759499268124975,0.0409663873401088
8630,341000,9681000,1.50565706904244,0.0751524772869881,0.0389648168869155
8631,342000,9681000,1.49072826210369,0.07419764946152,0.0362526107275644
8632,343000,9681000,1.51715352384181,0.0718764675312613,0.0288770453888095
8633,344000,9681000,1.48459576076533,0.0718163890021518,0.0400454774479534
8634,345000,9681000,1.49594215955601,0.0722329534313133,0.0389499245036384
8635,346000,9681000,1.50470185843114,0.0706507483399697,0.0510436852403184
8636,347000,9681000,1.47311698148182,0.0712734465341431,0.0502093840110913
8637,348000,9681000,1.48706406221471,0.0695591083690379,0.0441197167843429
8638,349000,9681000,1.50249906713056,0.0671104341546265,0.023922795258842
8639,350000,9681000,1.38057665149291,0.0677857850384359,0.0427901194169203
8640,351000,9681000,1.41697176885128,0.0657747641595267,0.0552404533855351
8641,352000,9681000,1.53693927333973,0.0677160148521486,0.018096587130507
8642,353000,9681000,1.53431773625217,0.067398328028327,0.0128062061551509
8643,354000,9681000,1.44261181323102,0.0695425311831865,0.0476332616090633
8644,355000,9681000,1.57987325569882,0.0688806377231125,0.0434363939603451
8645,356000,9681000,1.57980600145982,0.0674668642540597,0.0407140338697863
8646,357000,9681000,1.54756999846856,0.0690526108797325,0.0113363237542221
8647,358000,9681000,1.52907967919315,0.073845678862329,0.061481383063765
8648,359000,9681000,1.52671792428197,0.0705809920947797,0.0197966797941495
8649,360000,9681000,1.52777531624714,0.0689494690630494,0.0526090049706364
8650,361000,9681000,1.4413560363346,0.0686436164265834,0.0421125135599321
8651,362000,9681000,1.41289583540264,0.0719061559353157,0.0674734652667054
8652,363000,9681000,1.44898736592007,0.0749278688172391,0.138562052286005
8653,364000,9681000,1.40216091828543,0.0712972427747775,0.077191151151508
8654,365000,9681000,1.38761551315376,0.0767947876230152,0.0769037467081481
8655,366000,9681000,1.46104303180813,0.0810356653562267,0.0316473316631685
8656,367000,9681000,1.3448453797046,0.0804496607723292,0.10517610485029
8657,368000,9681000,1.52024538927947,0.0785786380653196,0.0198841085094233
8658,369000,9681000,1.36756711451398,0.0756654280978375,0.0891638660696754
8659,370000,9681000,1.53534912051636,0.0756272007183153,0.0263676913246132
8660,371000,9681000,1.58914331163017,0.0807563871609957,0.0129923231981204
8661,372000,9681000,1.50759099688692,0.0830551125203124,0.0233828205137947
8662,373000,9681000,1.48389667901282,0.0677847149237789,0.00697822566679326
8663,374000,9681000,1.55387260544084,0.0772609697806081,0.0106374790373058
8664,375000,9681000,1.27870965154885,0.0891236490577483,0.0436295884214924
8665,262000,9682000,1.45114293976119,0.124538507844075,0.0230196725182339
8666,263000,9682000,1.57667603895368,0.147713766517618,0.0109563947653557
8667,264000,9682000,1.5501331182475,0.153437677763927,0.0336993415727274
8668,265000,9682000,1.56696719766128,0.151894084654394,0.0279138335915553
8669,266000,9682000,1.52520748201718,0.140572949228135,0.00584637920264642
8670,267000,9682000,1.5583889938811,0.13047580411327,0.010869542824851
8671,268000,9682000,1.51578450450374,0.115969465828208,0.0165566664487813
8672,269000,9682000,1.55353905316076,0.125004566405391,0.012364550483105
8673,270000,9682000,1.5338490493549,0.123941484303634,0.0113647540263334
8674,271000,9682000,1.59079751071107,0.127175996994569,0.00616718323424126
8675,272000,9682000,1.59852420585748,0.127913654983414,0.00537776705699445
8676,273000,9682000,1.59825914688948,0.13274218489742,0.00267117806129738
8677,274000,9682000,1.57212007089995,0.120383855056722,0.00985733135216777
8678,275000,9682000,1.5105214255616,0.108323414016239,0.0130229100052672
8679,276000,9682000,1.59700489042032,0.106854948700932,0.00818504014659279
8680,277000,9682000,1.54401671151051,0.0979417608363502,0.0305658976206811
8681,278000,9682000,1.48244084860447,0.100122401998109,0.0145014097477087
8682,279000,9682000,1.53328161267034,0.101253375463755,0.0142198895270293
8683,280000,9682000,1.49534903766715,0.0963722660390999,0.0170415807294207
8684,281000,9682000,1.46286959363121,0.0905119725424249,0.0302356068748548
8685,282000,9682000,1.47457362183223,0.0896375988189184,0.043992634408073
8686,283000,9682000,1.51635830164491,0.0924440684010138,0.0335706491075551
8687,284000,9682000,1.56641966361693,0.0975287321842944,0.0207184911228431
8688,285000,9682000,1.56377474778147,0.102485582905645,0.0420407404228742
8689,286000,9682000,1.45838124461804,0.101169257862211,0.0689704204551191
8690,287000,9682000,1.45215568607843,0.0995238102893036,0.0383972373465919
8691,288000,9682000,1.547746991276,0.100356512662227,0.0243632136711708
8692,289000,9682000,1.55483611669962,0.097411765726839,0.0608806101315392
8693,290000,9682000,1.45300876567011,0.0884361219992174,0.0228120327792145
8694,291000,9682000,1.43516246619607,0.074569365870087,0.0290593263790693
8695,292000,9682000,1.51075832564566,0.0773460402032753,0.0899998426809524
8696,293000,9682000,1.45766394626424,0.0782411879929381,0.0666565417653722
8697,294000,9682000,1.50803887306993,0.0807057167194333,0.086443854470744
8698,295000,9682000,1.36490215663262,0.0793324200871748,0.0702095109180648
8699,296000,9682000,1.53284445696981,0.0662793224186763,0.0277216780692461
8700,297000,9682000,1.52481244004018,0.0486687279737818,0.0621793301760408
8701,298000,9682000,1.50408215340428,0.0574629369440628,0.0424681047560457
8702,299000,9682000,1.54361370722551,0.0551392650073295,0.0177357850942207
8703,3e+05,9682000,1.25227770289515,0.0412657871388064,0.0474702928059392
8704,301000,9682000,1.45478248329148,0.039882930202732,0.0334130647746438
8705,302000,9682000,1.48781785927522,0.0418747525617514,0.0255197207728144
8706,303000,9682000,1.44638039431173,0.0394557260277609,0.0426506965058704
8707,304000,9682000,1.52216555614244,0.0398711726674749,0.0115110888404739
8708,305000,9682000,1.5229413470742,0.0396460948185502,0.0134014011651248
8709,306000,9682000,1.42242730411774,0.0411055238610492,0.0329397603364943
8710,307000,9682000,1.38690465718163,0.0444310362603402,0.0136309202996794
8711,308000,9682000,1.48482689130152,0.0493265477380158,0.018711578149525
8712,309000,9682000,1.55392410654661,0.055635926803859,0.0125347836237887
8713,310000,9682000,1.53602030079259,0.0644990263465563,0.0240056662244433
8714,311000,9682000,1.53929775486862,0.0623355271186673,0.0270855192638907
8715,312000,9682000,1.47707538769154,0.0713747688126755,0.0400482876561813
8716,313000,9682000,1.49274859873999,0.0773011584691153,0.0720079612676046
8717,314000,9682000,1.43295274480274,0.0744352552017048,0.0631926310194813
8718,315000,9682000,1.37815181953854,0.0764298894253722,0.0307993763954183
8719,316000,9682000,1.39524137160506,0.0766832869141348,0.0438485534015022
8720,317000,9682000,1.33304707288429,0.0744072853228821,0.0774411537098354
8721,318000,9682000,1.33214035830827,0.0745030512523718,0.0215621225783828
8722,319000,9682000,1.47778450330372,0.0719602064050001,0.0602047909563231
8723,320000,9682000,1.50276247448851,0.0690928181796278,0.0400190210487455
8724,321000,9682000,1.49630244853069,0.0727688430100859,0.0821032260339646
8725,322000,9682000,1.49642373677908,0.0746991611344677,0.0663800563776858
8726,323000,9682000,1.38440764788861,0.0716536775390477,0.0598647741953268
8727,324000,9682000,1.55136962821446,0.0735733745061969,0.0403074986446653
8728,325000,9682000,1.53592782132789,0.0774095522405673,0.0337750619595541
8729,326000,9682000,1.485500830176,0.0812167921985688,0.0470757008885391
8730,327000,9682000,1.54397682191016,0.0809579627351362,0.0361123074316571
8731,328000,9682000,1.51325197852394,0.0763112416679289,0.0506111604238203
8732,329000,9682000,1.31888080295793,0.0762372037532962,0.0321075124748836
8733,330000,9682000,1.40394044321187,0.0761452407909785,0.0751850978002075
8734,331000,9682000,1.28527989265673,0.0755260852844231,0.0331375183966357
8735,332000,9682000,1.39882780056012,0.076928766987294,0.0652818949116923
8736,333000,9682000,1.45044306340115,0.0767042422343373,0.0444490071796563
8737,334000,9682000,1.37753546925396,0.0790290156592132,0.0790123888515125
8738,335000,9682000,1.47682425898975,0.0815502231408913,0.0514089365414016
8739,336000,9682000,1.43628903738525,0.0744588213946257,0.036260046388761
8740,337000,9682000,1.32563476764676,0.0725625953230183,0.0570968687093003
8741,338000,9682000,1.52017215931572,0.0721455196348587,0.0204928032280516
8742,339000,9682000,1.44777707892948,0.075072041773993,0.0635892609181932
8743,340000,9682000,1.47528847742236,0.0775792991499576,0.0403148997483123
8744,341000,9682000,1.52846760774109,0.0750693891062913,0.0320150730592706
8745,342000,9682000,1.49988845709575,0.0726206590900058,0.037920039853335
8746,343000,9682000,1.43426662209543,0.0717744911167453,0.0702300438126477
8747,344000,9682000,1.52484240600469,0.0686799916771188,0.0403107242812606
8748,345000,9682000,1.56529396305014,0.068629665187449,0.051485929078456
8749,346000,9682000,1.4577047656171,0.0681038367260558,0.0523693518421473
8750,347000,9682000,1.40243999727144,0.0665845231983799,0.0240824653494527
8751,348000,9682000,1.50632536314975,0.063654185286994,0.0373141798004997
8752,349000,9682000,1.43469025849702,0.0666660845985154,0.0415513680411664
8753,350000,9682000,1.35001747785334,0.0642626429633117,0.0970503414615243
8754,351000,9682000,1.35883797207495,0.067727766597069,0.0947389610877519
8755,352000,9682000,1.25084198916713,0.0670636805740701,0.116441131789683
8756,353000,9682000,1.47773993471476,0.0656045164514197,0.0349719555443791
8757,354000,9682000,1.5534931020984,0.0679974798432552,0.0117298650140297
8758,355000,9682000,1.53518137291873,0.069370006095271,0.0707947108425797
8759,356000,9682000,1.37990520778159,0.0712108338554013,0.0913145679020932
8760,357000,9682000,1.54508087747841,0.0715689405948332,0.0584157723102726
8761,358000,9682000,1.51018424212977,0.0713251871341671,0.0620845034100194
8762,359000,9682000,1.44757344223396,0.0717643382430124,0.0331955910377561
8763,360000,9682000,1.35726465032476,0.0720751232087202,0.0971890376873136
8764,361000,9682000,1.41859542119415,0.0718224252153241,0.0888460144456561
8765,362000,9682000,1.50625557811717,0.0732555842921512,0.0364548659271573
8766,363000,9682000,1.45468809200835,0.0804406233158895,0.0859041256819127
8767,364000,9682000,1.52369811262546,0.0753571737514711,0.0767365128097983
8768,365000,9682000,1.40013097820148,0.0790046709711724,0.0814200571651176
8769,366000,9682000,1.53469008249226,0.0788607060688344,0.00523838800965427
8770,367000,9682000,1.54941715386426,0.0767131554104629,0.0303624403309786
8771,368000,9682000,1.51520182163862,0.0753234012497734,0.0459303420797929
8772,369000,9682000,1.37259235583652,0.0752686303764094,0.00926826273822245
8773,370000,9682000,1.54250035179277,0.0785036984627482,0.0189737264968127
8774,371000,9682000,1.57194729662059,0.0813303960395136,0.0174198354346956
8775,372000,9682000,1.56086776175787,0.0861784846386518,0.0139174194441474
8776,373000,9682000,1.40236544029165,0.0718609860605299,0.0533573086127589
8777,374000,9682000,1.4439964330979,0.0881469604462024,0.013393186379577
8778,375000,9682000,1.26577808255486,0.0910864099189978,0.0598182849964503
8779,262000,9683000,1.58943671677546,0.104351801084047,0.0279635687628586
8780,263000,9683000,1.37798094384554,0.127124465534162,0.0518285937857819
8781,264000,9683000,1.56255326843834,0.1280090479415,0.011507739160461
8782,265000,9683000,1.52736640951973,0.136574778143908,0.0673978139731826
8783,266000,9683000,1.26915596700485,0.13766125677097,0.100629962145759
8784,267000,9683000,1.48431805373268,0.129667703144018,0.0206322306213209
8785,268000,9683000,1.49331210909831,0.132217183797446,0.00723260230113951
8786,269000,9683000,1.58528446221787,0.132681423153428,0.00544112576762484
8787,270000,9683000,1.54701128379262,0.150653363790361,0.00568602105883894
8788,271000,9683000,1.6040742619344,0.141217575303335,0.00143091101254432
8789,272000,9683000,1.59470196292263,0.137488412157516,0.00450095158575874
8790,273000,9683000,1.58677951752373,0.128626869571902,0.0034151299015168
8791,274000,9683000,1.55340400095427,0.120631061792671,0.0151639878479992
8792,275000,9683000,1.54897763125466,0.102926092264146,0.0154705775861779
8793,276000,9683000,1.52468211140301,0.104822371784389,0.0176578920846667
8794,277000,9683000,1.50438661244586,0.110523762627844,0.0301915822823005
8795,278000,9683000,1.55810619955027,0.107386835429524,0.0200068199285828
8796,279000,9683000,1.5274226289269,0.107655200846081,0.00672493900622748
8797,280000,9683000,1.48352157349151,0.0990027910219459,0.0131920202558673
8798,281000,9683000,1.46724734760449,0.0934437511961988,0.0195080242501582
8799,282000,9683000,1.40774802502047,0.0985598020519778,0.0672964380200778
8800,283000,9683000,1.55743712692717,0.0938392789621647,0.0206512132176827
8801,284000,9683000,1.45173762797456,0.0902037065975516,0.0188062249190518
8802,285000,9683000,1.56627590484676,0.0966265721550115,0.0143331383131514
8803,286000,9683000,1.49787210784389,0.0980607211461862,0.0225975313395298
8804,287000,9683000,1.4942431219842,0.102318990614534,0.0303748658168918
8805,288000,9683000,1.54275655260111,0.10993943582875,0.0205663624220433
8806,289000,9683000,1.45749418143797,0.106009318708087,0.0695901065453101
8807,290000,9683000,1.53446110345884,0.100221082036195,0.0668095028333519
8808,291000,9683000,1.51707906752362,0.0857855503296375,0.0834668822936236
8809,292000,9683000,1.41913423046906,0.0781812337992879,0.0652747554387039
8810,293000,9683000,1.43542465621204,0.0768884144798558,0.0760265957635893
8811,294000,9683000,1.55872086084069,0.0721333472961191,0.0171515758682579
8812,295000,9683000,1.55038446910352,0.0813034881448013,0.0274218846664344
8813,296000,9683000,1.55029241390469,0.0839694193242747,0.00858446840663479
8814,297000,9683000,1.53340841963512,0.0673322702090471,0.035120462560156
8815,298000,9683000,1.44484128503343,0.06394996983432,0.0303409690086231
8816,299000,9683000,1.56118107416256,0.0718608826378419,0.0141398768876476
8817,3e+05,9683000,1.39340123231881,0.0556750976662601,0.0608389620893909
8818,301000,9683000,1.37430269089965,0.0442762956026506,0.0470731734638991
8819,302000,9683000,1.36033352531518,0.0469239403928372,0.053622076472512
8820,303000,9683000,1.47368912197721,0.0472449421915353,0.0575441214373529
8821,304000,9683000,1.40603411331221,0.0452953593215543,0.0981129660757213
8822,305000,9683000,1.34026336050019,0.0449053774415795,0.0560766168541128
8823,306000,9683000,1.44491490149786,0.0500612172787169,0.0714852653463853
8824,307000,9683000,1.5180499201627,0.0580754601845054,0.0424947520027096
8825,308000,9683000,1.52827554048164,0.0596038611382585,0.0238217520818293
8826,309000,9683000,1.53425531756727,0.0680608291904054,0.0442418687421085
8827,310000,9683000,1.54495015695306,0.0720307655094202,0.0303997534234047
8828,311000,9683000,1.53919487343557,0.0731356607105629,0.0711471824521925
8829,312000,9683000,1.47798660279239,0.080393223676309,0.0353373421627712
8830,313000,9683000,1.4207247822168,0.0859931830191601,0.0721800271736144
8831,314000,9683000,1.33918058151244,0.0770428739512364,0.0820820315349835
8832,315000,9683000,1.41111243673617,0.0785990984007324,0.0541374159700207
8833,316000,9683000,1.38573031564429,0.076518786083126,0.0451823798660712
8834,317000,9683000,1.53771581399947,0.0750532673890345,0.0473816309902021
8835,318000,9683000,1.53507790594624,0.0780680726338916,0.0437931995748452
8836,319000,9683000,1.46025590391774,0.0733403734871288,0.00494664564709194
8837,320000,9683000,1.45218914595693,0.0720840863127564,0.0473946351226674
8838,321000,9683000,1.43660344451072,0.0740032615745206,0.0563720875783532
8839,322000,9683000,1.4709191205021,0.0748048696758201,0.0571548807323598
8840,323000,9683000,1.48571128348531,0.0779765895598134,0.0280126184305792
8841,324000,9683000,1.41826037579284,0.0756091467130996,0.0548796666259291
8842,325000,9683000,1.33075223200924,0.0788197039914298,0.0897984111001873
8843,326000,9683000,1.42861988983961,0.0811615518858193,0.0623181393877889
8844,327000,9683000,1.52445912250255,0.0800204999132148,0.0161926450394648
8845,328000,9683000,1.54718176102982,0.0802902607949318,0.0299534098357303
8846,329000,9683000,1.49525780071615,0.0779475588598213,0.0982627969579811
8847,330000,9683000,1.52671083569503,0.0791718314555381,0.0682282725431847
8848,331000,9683000,1.33582888039538,0.0808261050346222,0.0661671596516464
8849,332000,9683000,1.41247109143746,0.0786521763195909,0.0724601082630144
8850,333000,9683000,1.38498470836828,0.077386124319788,0.0236858818877577
8851,334000,9683000,1.50855447946283,0.0753731003057452,0.0189391314293448
8852,335000,9683000,1.45046066080625,0.079001788254242,0.0354409024053183
8853,336000,9683000,1.39868318611485,0.0764739368726236,0.0140825290236811
8854,337000,9683000,1.42640476702957,0.0707787170476912,0.0283604586010952
8855,338000,9683000,1.52351902085546,0.0715619609102958,0.0257374501735136
8856,339000,9683000,1.4501244853166,0.0724569785699205,0.0509046470822921
8857,340000,9683000,1.37556641488807,0.0712603772093105,0.0675623679672094
8858,341000,9683000,1.51462701274406,0.0724580150136911,0.0270564107076536
8859,342000,9683000,1.55670543259526,0.0692691880919429,0.0222187980271647
8860,343000,9683000,1.52699679267591,0.0707166132787777,0.0251504375430557
8861,344000,9683000,1.40636723022895,0.0687708670636499,0.0887869597757756
8862,345000,9683000,1.57789907094041,0.0683174556496772,0.0300498786115524
8863,346000,9683000,1.55260009871899,0.0674392638477315,0.039244282819528
8864,347000,9683000,1.56433098913712,0.066274092591389,0.0255434737245482
8865,348000,9683000,1.5811517887171,0.0639611394275749,0.0309715179116287
8866,349000,9683000,1.45283285364653,0.0649058457014161,0.0517050102791172
8867,350000,9683000,1.28127207538577,0.0668825153813741,0.143388707023356
8868,351000,9683000,1.43245454354436,0.0695388153518115,0.0831479799493328
8869,352000,9683000,1.46442154347025,0.0681215526068108,0.0359337806674838
8870,353000,9683000,1.49570593899703,0.0684147890450976,0.0318219565247768
8871,354000,9683000,1.38164592786746,0.0666027549673464,0.0920271806248574
8872,355000,9683000,1.42339678512195,0.0675201339117883,0.0368839454603126
8873,356000,9683000,1.3880527853764,0.0711834333158495,0.0208657791113636
8874,357000,9683000,1.53526502709834,0.0709123734007675,0.0368999569308296
8875,358000,9683000,1.4725333309998,0.0721552310282751,0.0350040273429469
8876,359000,9683000,1.53537352550285,0.0760487753569458,0.0183525973039406
8877,360000,9683000,1.55223376683365,0.0805975890097346,0.0688472267595231
8878,361000,9683000,1.56385044491769,0.0772670431517592,0.0164527767004712
8879,362000,9683000,1.32189112122303,0.0747690881764093,0.0859039555585586
8880,363000,9683000,1.54685449765767,0.0842505856566886,0.0380037221150972
8881,364000,9683000,1.55167929299602,0.0823165772384582,0.0264213712741391
8882,365000,9683000,1.54057195524433,0.0794260411042471,0.0168248214540305
8883,366000,9683000,1.54394696108844,0.0761626348301815,0.0191402064750164
8884,367000,9683000,1.55154530557585,0.0749501824629328,0.0501266639883364
8885,368000,9683000,1.52595912662008,0.0763904257905348,0.0440036856011933
8886,369000,9683000,1.44893606487357,0.0763917887218222,0.0442672277935185
8887,370000,9683000,1.4584469471654,0.0754547418883999,0.0386962507107352
8888,371000,9683000,1.54415787453348,0.0792879741190465,0.0126214588262942
8889,372000,9683000,1.55512711605645,0.0858538843494661,0.00743046862693661
8890,373000,9683000,1.52811137709168,0.0675192148247476,0.0165661925796274
8891,374000,9683000,1.39089046127823,0.0897785055946796,0.0126993599721501
8892,375000,9683000,1.26235239654577,0.0947564874677044,0.041152890878151
8893,262000,9684000,1.52121537491599,0.124711090920284,0.0238374732929495
8894,263000,9684000,1.39547367564295,0.11697495238129,0.0748963637803974
8895,264000,9684000,1.47766660486824,0.117905361164496,0.0324718003134805
8896,265000,9684000,1.50550123150483,0.109574599182197,0.0178821579520898
8897,266000,9684000,1.50754931864228,0.123022813287632,0.0652442147273271
8898,267000,9684000,1.48212554356564,0.144968314302369,0.0104403073654295
8899,268000,9684000,1.48257490512733,0.134352881604915,0.0172413958488681
8900,269000,9684000,1.52067571853773,0.137940572165344,0.0100420411220691
8901,270000,9684000,1.575018248706,0.135653743788054,0.00559939923905002
8902,271000,9684000,1.59448046614784,0.135469494813346,0.00343598550561996
8903,272000,9684000,1.58805414630265,0.133816722497901,0.00480341750795935
8904,273000,9684000,1.47021406560693,0.114331296547627,0.0295797929284891
8905,274000,9684000,1.48741418966237,0.108559164177484,0.0151446062709117
8906,275000,9684000,1.60338109369187,0.123268216726742,0.00711835070463976
8907,276000,9684000,1.57821084277058,0.121634927551174,0.00634602544827809
8908,277000,9684000,1.52143197669198,0.108489442814601,0.0330642253867256
8909,278000,9684000,1.51174092062159,0.109654727936339,0.0173925098380538
8910,279000,9684000,1.49684628758014,0.107236349761197,0.00655564342711508
8911,280000,9684000,1.4810366872766,0.102095697486424,0.0147685794054842
8912,281000,9684000,1.51501514112225,0.0977102842949453,0.00515352976258883
8913,282000,9684000,1.53910603544568,0.101409239684953,0.0110910039868498
8914,283000,9684000,1.54047311394854,0.102422491467064,0.0307671335818192
8915,284000,9684000,1.48062214511642,0.0935513386177358,0.0360144335566451
8916,285000,9684000,1.46045340919734,0.0928420792131207,0.0342074881780886
8917,286000,9684000,1.49466850851618,0.0966651097593992,0.0212922534756736
8918,287000,9684000,1.54625628981696,0.104550467177912,0.0218713552399193
8919,288000,9684000,1.41666702515552,0.098589218581737,0.0518152286875463
8920,289000,9684000,1.49838319573052,0.0955605538509825,0.059088536622472
8921,290000,9684000,1.4744168825819,0.0971254206920982,0.0653558083622095
8922,291000,9684000,1.51921805953119,0.0905837795906999,0.0430387914090259
8923,292000,9684000,1.53067197269346,0.0888554541499557,0.0479957507866462
8924,293000,9684000,1.55013834854215,0.0872157918014703,0.0614744170627706
8925,294000,9684000,1.49423110013377,0.0814951095067111,0.0415922860865112
8926,295000,9684000,1.56378193512107,0.0878587679323353,0.0137109367291139
8927,296000,9684000,1.54148365589423,0.0804258807816202,0.0242868748680657
8928,297000,9684000,1.46501933039136,0.0702010353168462,0.0511857770632207
8929,298000,9684000,1.58379187262638,0.0740647483673338,0.0415824294630077
8930,299000,9684000,1.53875062963618,0.0733847916062189,0.012783645567618
8931,3e+05,9684000,1.25973470535961,0.0729637165746227,0.0440516617615849
8932,301000,9684000,1.46990454547273,0.0691182260329001,0.0755251360492051
8933,302000,9684000,1.45400163960601,0.0693727807763155,0.0246264116600963
8934,303000,9684000,1.46718032004045,0.0713635794853895,0.0565408159955606
8935,304000,9684000,1.40446695419587,0.0681446877255036,0.04933083533155
8936,305000,9684000,1.48706998702164,0.0701630914597307,0.0261688684684793
8937,306000,9684000,1.49379850340025,0.0726912519172977,0.0217709506117259
8938,307000,9684000,1.47050318921773,0.0700756553785578,0.0345802708823209
8939,308000,9684000,1.58241197910344,0.0710613450884187,0.0535169291765207
8940,309000,9684000,1.5054809097829,0.0724470417893423,0.0341708903814072
8941,310000,9684000,1.57456129570132,0.0764817473455068,0.0306391091228803
8942,311000,9684000,1.58763837773725,0.0775453232853447,0.0429017643647815
8943,312000,9684000,1.43073523743141,0.0811425230497341,0.0105023324496106
8944,313000,9684000,1.49917478847908,0.0855849159260418,0.0540552793572463
8945,314000,9684000,1.44989404774966,0.0805219093106166,0.0227882227378462
8946,315000,9684000,1.50289610060064,0.0765882285565815,0.0388900772899457
8947,316000,9684000,1.41804176107426,0.0783657185728297,0.0486954147526414
8948,317000,9684000,1.34824456562229,0.0778475971715873,0.0624852831499529
8949,318000,9684000,1.50792154015737,0.0772742331815774,0.0676324448687955
8950,319000,9684000,1.52018480864678,0.0769872606740954,0.0630019242641223
8951,320000,9684000,1.48867716376779,0.0738296860935131,0.0202241010465921
8952,321000,9684000,1.50509847257453,0.0752747014218079,0.0843346584524955
8953,322000,9684000,1.57950674399687,0.0766986591946095,0.025300871131431
8954,323000,9684000,1.43109349686732,0.0795280012891817,0.0443143103929616
8955,324000,9684000,1.48177391469391,0.0761844569661878,0.0380480127780809
8956,325000,9684000,1.57459815622935,0.0764893684237551,0.0764776543822028
8957,326000,9684000,1.42273182733231,0.080682739610073,0.092753625198456
8958,327000,9684000,1.50242624531653,0.079876634866092,0.0393315727024652
8959,328000,9684000,1.51731355906239,0.0825212586392012,0.0438900069567071
8960,329000,9684000,1.53386534914947,0.0831200467588127,0.0937940241870659
8961,330000,9684000,1.53238845724031,0.0840313941272169,0.0416342320643304
8962,331000,9684000,1.44196800133413,0.0807950571969776,0.0399247154659381
8963,332000,9684000,1.46625042349472,0.0808135201949519,0.0295992190833042
8964,333000,9684000,1.42206838700462,0.0758010399578751,0.0651253611368338
8965,334000,9684000,1.56225267011603,0.0749669583620122,0.0150513023245904
8966,335000,9684000,1.47915791317864,0.0793387944371874,0.047543552231051
8967,336000,9684000,1.48208749794104,0.0804488055948978,0.0473606064698871
8968,337000,9684000,1.42739891672789,0.070713282013634,0.0470932614429139
8969,338000,9684000,1.44706299776958,0.0702333264075376,0.0540605027593931
8970,339000,9684000,1.57640454515226,0.071640539648599,0.0226013425684101
8971,340000,9684000,1.53911905289347,0.0710442821996217,0.0162569993390553
8972,341000,9684000,1.34987267414336,0.0705045664065825,0.0459571321751109
8973,342000,9684000,1.53228662137518,0.06842636296991,0.0176046242929882
8974,343000,9684000,1.55311789092895,0.0691219000315471,0.0473995803502999
8975,344000,9684000,1.57829093980831,0.0689416876251301,0.00529876844399741
8976,345000,9684000,1.56212389619746,0.0688936919307911,0.0238801244211008
8977,346000,9684000,1.54563597606168,0.0696890140309837,0.0394440892200067
8978,347000,9684000,1.3816987185801,0.0688179065131425,0.0666254037799385
8979,348000,9684000,1.3706984265341,0.0683280756776876,0.0735249698708226
8980,349000,9684000,1.40162514914187,0.0691022402418181,0.0679843895188309
8981,350000,9684000,1.29764121932124,0.0706069902040332,0.123478411700744
8982,351000,9684000,1.32719005703118,0.0700720812894922,0.101608322546853
8983,352000,9684000,1.47435845399083,0.0667016441671676,0.0265551928551966
8984,353000,9684000,1.46012354545547,0.0684321458661989,0.0541337033085141
8985,354000,9684000,1.41256205490025,0.0668053646612795,0.036197608504796
8986,355000,9684000,1.3827155062411,0.0681424254639312,0.0369343535183133
8987,356000,9684000,1.42327201190417,0.0690896798279826,0.0700667631739284
8988,357000,9684000,1.40384145455888,0.0686696493820008,0.0308003146083598
8989,358000,9684000,1.52564037449222,0.072217652033637,0.0343365466075533
8990,359000,9684000,1.34430256100889,0.0729396530999441,0.0777146821911687
8991,360000,9684000,1.60047478876321,0.0748137711782959,0.052016854540681
8992,361000,9684000,1.46309940057928,0.0800842524427892,0.0362290244764444
8993,362000,9684000,1.39731135170438,0.0776399180073108,0.0395212320687605
8994,363000,9684000,1.52809382644667,0.081919562236305,0.0145743095368369
8995,364000,9684000,1.46047423823962,0.0816716931878566,0.0298498621257327
8996,365000,9684000,1.57228197812071,0.079439280104487,0.0500711415710037
8997,366000,9684000,1.40372958484516,0.0788693217171775,0.0534119306442539
8998,367000,9684000,1.52371059652026,0.0761034567961596,0.0390799794204797
8999,368000,9684000,1.45445221461814,0.0769687361167205,0.0597311894677604
9000,369000,9684000,1.58602349604825,0.0802337935109188,0.0224950626442375
9001,370000,9684000,1.58045806613203,0.0790050846653007,0.0253218541581924
9002,371000,9684000,1.56257619106028,0.080062718500909,0.0230703993081555
9003,372000,9684000,1.52473516152556,0.0847836250112397,0.0197181831471562
9004,373000,9684000,1.49498256623239,0.0659255066452481,0.0399368406469069
9005,374000,9684000,1.54324212994648,0.09003539931691,0.0132061866748965
9006,375000,9684000,1.38602827920377,0.0939481742455838,0.0468099535168055
9007,262000,9685000,1.46295937751411,0.157378140084665,0.0101030841251994
9008,263000,9685000,1.48237903742039,0.126111859801986,0.0135177382131207
9009,264000,9685000,1.33549057603023,0.118424350485918,0.0405621571086622
9010,265000,9685000,1.46533125649362,0.112486822645073,0.0137406993861305
9011,266000,9685000,1.5455416072211,0.099652292537928,0.0532549758195662
9012,267000,9685000,1.60134421753515,0.135938042627194,0.0119850888331112
9013,268000,9685000,1.51127938751146,0.123334740459792,0.0061459600618839
9014,269000,9685000,1.52569294843372,0.119671486380702,0.0222729712527776
9015,270000,9685000,1.59722746033476,0.137339264987413,0.00392080115075389
9016,271000,9685000,1.54333588297126,0.12224063142195,0.00659859845109612
9017,272000,9685000,1.59655864660381,0.131719186928277,0.0136799644791819
9018,273000,9685000,1.58514987900995,0.115713213462117,0.0197959252169667
9019,274000,9685000,1.56097604307834,0.119923175841436,0.0126066433277491
9020,275000,9685000,1.57233209646475,0.122363063599758,0.014719396933023
9021,276000,9685000,1.4994855544616,0.111685090234372,0.00711177586886325
9022,277000,9685000,1.5078414852546,0.109028756575561,0.0132738440657209
9023,278000,9685000,1.54146719114198,0.1138822167765,0.00603224992028443
9024,279000,9685000,1.45844144016039,0.10302307709664,0.0207381718274877
9025,280000,9685000,1.56942912504631,0.10856924154691,0.017830445734796
9026,281000,9685000,1.56236539057101,0.103136712290727,0.00391017926960591
9027,282000,9685000,1.50342867623957,0.0999519950963022,0.00912524617422
9028,283000,9685000,1.52866893218353,0.0990973590215421,0.0171421093082395
9029,284000,9685000,1.52070491868672,0.0958130670987384,0.014104120738348
9030,285000,9685000,1.45887791451417,0.0950703558508223,0.0308363246918331
9031,286000,9685000,1.56609131882781,0.102657033219348,0.0170283189018525
9032,287000,9685000,1.55728644609973,0.106779641954259,0.0106216741996391
9033,288000,9685000,1.51797557115916,0.0986293433531897,0.0272694221146431
9034,289000,9685000,1.49883626219114,0.0877867273693386,0.0138611414258748
9035,290000,9685000,1.4087279424085,0.0890648598983734,0.0330188248163502
9036,291000,9685000,1.51538283293808,0.0924401759628991,0.0312020144027411
9037,292000,9685000,1.56012034053241,0.0898294537384454,0.0371054133240817
9038,293000,9685000,1.55165976290412,0.0892003067977052,0.0805241318031669
9039,294000,9685000,1.56088442506551,0.0870516313940112,0.0110573069953677
9040,295000,9685000,1.54122454077431,0.0849823596833444,0.0103697870842998
9041,296000,9685000,1.49334470361713,0.0882115112366558,0.0383209394394363
9042,297000,9685000,1.46554388861669,0.0836325595432383,0.0425414960226015
9043,298000,9685000,1.3205854189777,0.0797345534145007,0.0759567131717826
9044,299000,9685000,1.3904762873119,0.0789325095911904,0.0812122545807119
9045,3e+05,9685000,1.43079472426602,0.081236347423402,0.0316254799436226
9046,301000,9685000,1.48118656109571,0.0793824991322798,0.054481383924838
9047,302000,9685000,1.3668389934616,0.0784769160758727,0.0061644556944674
9048,303000,9685000,1.32250668318051,0.0784173557222469,0.0550590162959688
9049,304000,9685000,1.3665688926339,0.078028342889341,0.054987603053094
9050,305000,9685000,1.5564053299692,0.0802846997999677,0.0638939654109985
9051,306000,9685000,1.44394093835446,0.0777614775374251,0.06346872288606
9052,307000,9685000,1.48892788206671,0.07963211681842,0.0268880162477016
9053,308000,9685000,1.50385108977764,0.0798719209212159,0.048926922427312
9054,309000,9685000,1.51489814728353,0.0793583391900523,0.045280266806189
9055,310000,9685000,1.52680626876096,0.0769970603726131,0.0123309444576505
9056,311000,9685000,1.56692942503589,0.0784696052083789,0.0297495635247357
9057,312000,9685000,1.51580654485662,0.08233206106087,0.0382123801864676
9058,313000,9685000,1.47153800231672,0.0838464259537573,0.0749745773595443
9059,314000,9685000,1.47447957052105,0.0790782987350831,0.028020689772643
9060,315000,9685000,1.37709891788751,0.0786457624635984,0.0492061947410247
9061,316000,9685000,1.40088037969647,0.0795261665891636,0.0624127962415739
9062,317000,9685000,1.48508264619854,0.0795834890696102,0.0322886473410501
9063,318000,9685000,1.49788072361777,0.0784558259366421,0.0368977604482567
9064,319000,9685000,1.43726428495198,0.0766838957301249,0.0391404819916024
9065,320000,9685000,1.45300745814137,0.0783595905707102,0.0491006518236664
9066,321000,9685000,1.53470067942482,0.0783656046908126,0.0184072536445797
9067,322000,9685000,1.44090552013535,0.0794011584673022,0.068360993363443
9068,323000,9685000,1.34469083015378,0.0809246653638646,0.055207304471153
9069,324000,9685000,1.51117887526496,0.0845880112915485,0.0306539926614606
9070,325000,9685000,1.5032975337725,0.0832841676158814,0.0588823636905516
9071,326000,9685000,1.53976877887517,0.0887472718349133,0.115571380214502
9072,327000,9685000,1.56446700414873,0.0857373663854684,0.0312491274436616
9073,328000,9685000,1.44698840805915,0.0862067124740897,0.112937705646055
9074,329000,9685000,1.42520374075616,0.0889543317125732,0.0528075027299559
9075,330000,9685000,1.53692192796157,0.0802413983216679,0.0169480505898879
9076,331000,9685000,1.45355827997452,0.0780032487765514,0.0553509243357681
9077,332000,9685000,1.5011737453738,0.0819694936701581,0.0228190512630007
9078,333000,9685000,1.43945716986906,0.0771191834227472,0.0571423898300737
9079,334000,9685000,1.58047868169572,0.0774144056004852,0.0342424753327391
9080,335000,9685000,1.49592385299106,0.0809017743076973,0.0378994768002493
9081,336000,9685000,1.41437091848397,0.0776920780308976,0.0663304175081425
9082,337000,9685000,1.42315637789006,0.0711245445741403,0.0156462641267404
9083,338000,9685000,1.39458194088839,0.0717091246549269,0.0640162956019843
9084,339000,9685000,1.38075318237711,0.0731938290507568,0.0476562255958615
9085,340000,9685000,1.4712275304191,0.0746739961239031,0.028194308502407
9086,341000,9685000,1.55835133057584,0.0724900609141499,0.0172944013825503
9087,342000,9685000,1.5267787761938,0.0711959425900509,0.0190620138631763
9088,343000,9685000,1.55494402697101,0.0699286903067696,0.0277319261010543
9089,344000,9685000,1.59993993115633,0.0693456451591228,0.0255807633853591
9090,345000,9685000,1.54028286488578,0.0701159823403319,0.0335507799893154
9091,346000,9685000,1.35488218067682,0.0718894276789092,0.0718658931366125
9092,347000,9685000,1.47816642326432,0.0703540493763268,0.0215514080956736
9093,348000,9685000,1.50588751849996,0.0722899993615466,0.00609138619547443
9094,349000,9685000,1.50818603295824,0.0754418944371031,0.0236058025896032
9095,350000,9685000,1.36394365618648,0.07442375213359,0.0879609255587162
9096,351000,9685000,1.39397224089494,0.0737367622420291,0.0346625710640688
9097,352000,9685000,1.44152789339072,0.0738241239785033,0.0401690694276573
9098,353000,9685000,1.3573687488987,0.0702891325522948,0.0890072487809589
9099,354000,9685000,1.47092551795155,0.0741732722610757,0.0527190551829704
9100,355000,9685000,1.44332335707719,0.0682678820947897,0.0336958994328713
9101,356000,9685000,1.34868079537093,0.0698851180836565,0.0330593021493258
9102,357000,9685000,1.39007255010471,0.0668178867107369,0.071642379704111
9103,358000,9685000,1.42319666941264,0.0700695703733629,0.0406195487037677
9104,359000,9685000,1.47053873540348,0.0742258435998408,0.0614140887171402
9105,360000,9685000,1.52137766195353,0.0732266848173971,0.012367965228086
9106,361000,9685000,1.53386720576952,0.07607006880966,0.0360967928689074
9107,362000,9685000,1.52133845307453,0.078708171883439,0.0103097046098973
9108,363000,9685000,1.4591527739701,0.0796722253665244,0.0251177518269427
9109,364000,9685000,1.45386475614796,0.0800099891100891,0.0323451094673779
9110,365000,9685000,1.54248430695175,0.082695468530775,0.0763096384215348
9111,366000,9685000,1.33335659365612,0.0820523750130105,0.0715589910495131
9112,367000,9685000,1.44098631883958,0.0807812035801957,0.0845433499084835
9113,368000,9685000,1.43998792352318,0.0771629834198934,0.0625687516685183
9114,369000,9685000,1.40745505492254,0.0738214770667698,0.064804121329274
9115,370000,9685000,1.46442717148538,0.0721058003785517,0.0537222848177499
9116,371000,9685000,1.49314605349991,0.0741479701877989,0.0304431359551003
9117,372000,9685000,1.57358171770987,0.0715227935555041,0.00749074360747538
9118,373000,9685000,1.38344332116519,0.0534205010696154,0.0726325497924258
9119,374000,9685000,1.54554510627513,0.077743542077159,0.00718202445579591
9120,375000,9685000,1.53561042055118,0.0825822900254688,0.0168730070548786
9121,262000,9686000,1.47173533548956,0.168841526647887,0.0142585553185779
9122,263000,9686000,1.52301055265959,0.159208281011655,0.0080514948844861
9123,264000,9686000,1.43425557748501,0.125845403424172,0.0111171658559375
9124,265000,9686000,1.406689866477,0.124422016200461,0.0449412462171605
9125,266000,9686000,1.48387246290013,0.118546122699359,0.02777582192571
9126,267000,9686000,1.45952503144832,0.112064669358361,0.0346434659415164
9127,268000,9686000,1.49635004606036,0.138016657427394,0.0243094929876994
9128,269000,9686000,1.54327726990883,0.145932437513449,0.00807004045091253
9129,270000,9686000,1.57523163988437,0.153453385904965,0.00570913230834978
9130,271000,9686000,1.58840597257124,0.137153009433808,0.00287668434424911
9131,272000,9686000,1.5637207717703,0.132626738288717,0.00463171671775675
9132,273000,9686000,1.55194913951382,0.123784412816115,0.0160544110680208
9133,274000,9686000,1.48680807577584,0.107957228412999,0.0093693072087136
9134,275000,9686000,1.57141672462518,0.119953480039171,0.0101126929539958
9135,276000,9686000,1.55056156724583,0.12254338169103,0.0258552827241285
9136,277000,9686000,1.58103863300732,0.121213485358075,0.011263780400991
9137,278000,9686000,1.58177269701526,0.125353362685688,0.00530642216439252
9138,279000,9686000,1.55444391582903,0.112263610895666,0.0094727685602569
9139,280000,9686000,1.55459976564159,0.109756939062756,0.012241737859197
9140,281000,9686000,1.57065891979887,0.108125483411496,0.00397097065509226
9141,282000,9686000,1.54861174987692,0.103677655059098,0.00483929965234392
9142,283000,9686000,1.51675777138469,0.0997973253297218,0.00487646615293802
9143,284000,9686000,1.50371582007685,0.0984724961630003,0.0231843725918733
9144,285000,9686000,1.50229140713688,0.0987404792454959,0.0388136149529773
9145,286000,9686000,1.51549610292984,0.0988779664726114,0.0423233170940376
9146,287000,9686000,1.56728020395723,0.0971818647429979,0.0128824459273659
9147,288000,9686000,1.58806638067072,0.0986684375120696,0.0168117996583145
9148,289000,9686000,1.467951582512,0.0904854922383112,0.0233154511814156
9149,290000,9686000,1.52150462155847,0.0876394032787578,0.0080396258793585
9150,291000,9686000,1.37835975019627,0.0946966641804861,0.0278480321577883
9151,292000,9686000,1.53234189252391,0.086764886659913,0.0196669764766136
9152,293000,9686000,1.5797777610836,0.0858837388963862,0.00697043951458788
9153,294000,9686000,1.55669141222625,0.0885871108133968,0.0320178658572469
9154,295000,9686000,1.51545040625262,0.0932154141702028,0.0148020196358622
9155,296000,9686000,1.53415840272348,0.0921262316984928,0.0265934953150166
9156,297000,9686000,1.52932237801754,0.090116401791914,0.0452757477558422
9157,298000,9686000,1.53328118066652,0.0834315149676242,0.0149542099758306
9158,299000,9686000,1.53357249246142,0.0848519765031057,0.0636820719329645
9159,3e+05,9686000,1.53290701797176,0.0846915575086123,0.0294888374283324
9160,301000,9686000,1.52512793934081,0.0819442427205,0.0400555467037253
9161,302000,9686000,1.41056493089264,0.0817652422016087,0.0793011318621611
9162,303000,9686000,1.50764787552804,0.0821144416316932,0.084545189017155
9163,304000,9686000,1.47492140124955,0.0806517057648186,0.0291474565354275
9164,305000,9686000,1.51170870554293,0.0855283731223988,0.0481624475939213
9165,306000,9686000,1.34835568913815,0.0843589224622864,0.110376616307768
9166,307000,9686000,1.4169771164841,0.081563887370137,0.0225624390039585
9167,308000,9686000,1.49320717503964,0.0812226250419869,0.0100017833107881
9168,309000,9686000,1.47903411715815,0.0812600681116397,0.024206307943034
9169,310000,9686000,1.50984720809156,0.0823688220639086,0.0205581662152005
9170,311000,9686000,1.44618447227013,0.0818280500809479,0.0927340665968844
9171,312000,9686000,1.40689102663847,0.0844852598339006,0.0508559783869534
9172,313000,9686000,1.40232407141319,0.0852832392467642,0.0638629861391573
9173,314000,9686000,1.33927156036693,0.0815385387880843,0.0729839916093119
9174,315000,9686000,1.35160704418843,0.0777623629143632,0.0717011856051221
9175,316000,9686000,1.41258592512679,0.0784689033998557,0.0411630007460554
9176,317000,9686000,1.51118717216447,0.0795541562229675,0.0344996099240503
9177,318000,9686000,1.45947038818184,0.0814674532919295,0.0805688742160438
9178,319000,9686000,1.47307364045113,0.0787780895720295,0.0158582861054664
9179,320000,9686000,1.57793482618443,0.0811976738319806,0.0618335643396444
9180,321000,9686000,1.35536628758639,0.0777806760494804,0.0817770118610738
9181,322000,9686000,1.54287149086892,0.0787027235710614,0.0383687634445452
9182,323000,9686000,1.49359815341931,0.0854124744583928,0.0361151818100263
9183,324000,9686000,1.41758158978696,0.0940546582466458,0.0546471621940597
9184,325000,9686000,1.49791867091633,0.09134549643674,0.0535192580776396
9185,326000,9686000,1.57840451624815,0.0905801845611604,0.0407473874699733
9186,327000,9686000,1.59128308850477,0.0874610685283357,0.0429158452978952
9187,328000,9686000,1.48996780396413,0.0892212760661903,0.0747984805215953
9188,329000,9686000,1.51330274898751,0.0899633250170171,0.0291503423424349
9189,330000,9686000,1.52927075109936,0.0835786240985144,0.0271958635736558
9190,331000,9686000,1.52969775068091,0.0784639175840174,0.0238951312666797
9191,332000,9686000,1.54334279709926,0.0771482838699527,0.0214989820159224
9192,333000,9686000,1.54706444730038,0.0822068379800105,0.0414495118144427
9193,334000,9686000,1.18191788832734,0.085053030361646,0.0171104215960203
9194,335000,9686000,1.25311405126202,0.0843761085418679,0.0471602390069667
9195,336000,9686000,1.40169172510166,0.0778279536846782,0.0609226815349403
9196,337000,9686000,1.39097676882806,0.0764379624845167,0.0502457239261455
9197,338000,9686000,1.41123689262194,0.0754756739663127,0.0634437540813262
9198,339000,9686000,1.50009456184856,0.0793798592181481,0.0213272791199383
9199,340000,9686000,1.45625929536287,0.0779217118049343,0.0510498570018729
9200,341000,9686000,1.49407965657095,0.0761587493336145,0.0371140620602389
9201,342000,9686000,1.54049343716298,0.0745124651679569,0.0178453211298727
9202,343000,9686000,1.58689262387151,0.0725963155776754,0.0240177171468772
9203,344000,9686000,1.5576022954868,0.070129174862485,0.0398806729717673
9204,345000,9686000,1.57767595114343,0.0712228446930846,0.0213957486661648
9205,346000,9686000,1.53862265165186,0.0711044142032078,0.0260436221469001
9206,347000,9686000,1.4746156418812,0.0714748234319778,0.0372301245751609
9207,348000,9686000,1.54098828431742,0.0713213062923949,0.0122245670048936
9208,349000,9686000,1.52838676025585,0.0734679645790834,0.0214965643399402
9209,350000,9686000,1.57798022979706,0.0759501836385054,0.0485600646196953
9210,351000,9686000,1.39899321820389,0.0766546117387875,0.0144044807319914
9211,352000,9686000,1.42672850883719,0.0730746538072879,0.0410972293188583
9212,353000,9686000,1.3500785483054,0.0774997420979778,0.0550448159800545
9213,354000,9686000,1.54449559888915,0.0810366320696651,0.0256009216944827
9214,355000,9686000,1.4760850090444,0.0696522030225109,0.0473983362352518
9215,356000,9686000,1.4153886843391,0.0675310815665365,0.0592921187202653
9216,357000,9686000,1.41446568853549,0.07041721511814,0.0193650920821094
9217,358000,9686000,1.33386617543811,0.0721900551402424,0.0510348116602172
9218,359000,9686000,1.37568014064235,0.072182845389119,0.0764826319699223
9219,360000,9686000,1.51001028370382,0.0748593396153824,0.0519861048133754
9220,361000,9686000,1.52063429735556,0.0749209716498469,0.0231655021492481
9221,362000,9686000,1.50238030300689,0.0744523274024724,0.0812871775938253
9222,363000,9686000,1.55832954853929,0.0771868714483063,0.0479715259018015
9223,364000,9686000,1.54110525825667,0.0823217547802678,0.0526404319804663
9224,365000,9686000,1.34716555164284,0.083861368328702,0.137675482098162
9225,366000,9686000,1.36309830756073,0.0865164959125725,0.136866294708236
9226,367000,9686000,1.22894950277803,0.0877093535342045,0.184881267720522
9227,368000,9686000,1.5477011780041,0.0818203790078702,0.0852467359578147
9228,369000,9686000,1.53696995104408,0.0752068820889422,0.00750967447247311
9229,370000,9686000,1.34651621647725,0.0756656697564808,0.0580163558271199
9230,371000,9686000,1.56242244070091,0.0827535021311525,0.0319902583499346
9231,372000,9686000,1.45748575760472,0.0694535276671616,0.0135103378332372
9232,373000,9686000,1.32672813465251,0.0501013281257371,0.0311528786654217
9233,374000,9686000,1.41399801073838,0.0593007634215796,0.0342919165879885
9234,375000,9686000,1.58307607905634,0.0808670746472476,0.00849360216401589
9235,262000,9687000,1.44636312197125,0.160806429592219,0.0143403601312849
9236,263000,9687000,1.48957533376016,0.165268375830897,0.0127779402791335
9237,264000,9687000,1.55138652758973,0.145869287921486,0.0117320139124683
9238,265000,9687000,1.5120575314859,0.130078523027807,0.0373988511927688
9239,266000,9687000,1.55207590863036,0.125680509915561,0.0272155654460178
9240,267000,9687000,1.3845510817208,0.104658913201642,0.035470531027459
9241,268000,9687000,1.54360980080234,0.128485244771974,0.0434673216974205
9242,269000,9687000,1.51673937725907,0.168352060140822,0.00571722551271558
9243,270000,9687000,1.51949882557808,0.175657231836897,0.0186760418372428
9244,271000,9687000,1.56523944509362,0.148874589831931,0.00611589096457494
9245,272000,9687000,1.51416342639606,0.127495261703135,0.00737464944705533
9246,273000,9687000,1.50117110755053,0.117939328911591,0.0237785756767948
9247,274000,9687000,1.46284811553115,0.102704311981517,0.0320264312075541
9248,275000,9687000,1.49928017481912,0.118800224304867,0.017919264628671
9249,276000,9687000,1.56891280757193,0.13412688586232,0.00825421161033628
9250,277000,9687000,1.55025945636069,0.119541605103167,0.012698997390273
9251,278000,9687000,1.58166592333257,0.120134473236291,0.0121236167506981
9252,279000,9687000,1.51794766888436,0.117728333604605,0.0268515333553686
9253,280000,9687000,1.5046861576318,0.11865583639985,0.00549962378516341
9254,281000,9687000,1.59304087299105,0.101680250806108,0.00398309027046697
9255,282000,9687000,1.53620466298576,0.098488407520649,0.0107760133181817
9256,283000,9687000,1.53526696340241,0.100190811543195,0.0133708432463168
9257,284000,9687000,1.52907088343532,0.102494844622535,0.0226570706689552
9258,285000,9687000,1.52904211876102,0.0999087319584007,0.0173586484575965
9259,286000,9687000,1.57217053165949,0.10171972029041,0.0137703823275373
9260,287000,9687000,1.54122968689313,0.0923085669221796,0.0198370670870826
9261,288000,9687000,1.55510643573819,0.0925472474482647,0.0151064088215276
9262,289000,9687000,1.42265042132406,0.0883986034069046,0.0422491630543977
9263,290000,9687000,1.45895186318582,0.0849587725575679,0.029619151353671
9264,291000,9687000,1.43081920828444,0.0934463980803164,0.029953919960512
9265,292000,9687000,1.53528743088893,0.0901181074905102,0.0273628649817789
9266,293000,9687000,1.39561314084291,0.093995648647826,0.076789267950009
9267,294000,9687000,1.44503551658989,0.0994739671181323,0.0224754042100353
9268,295000,9687000,1.51083154256301,0.0953000035558708,0.046575582364989
9269,296000,9687000,1.42028898452254,0.0922037728321618,0.0493178410438625
9270,297000,9687000,1.41378962670986,0.0931063813469379,0.0521102855504296
9271,298000,9687000,1.52312287339132,0.0911511596387311,0.046541717349855
9272,299000,9687000,1.55067052155166,0.0868604051108159,0.0161239403931256
9273,3e+05,9687000,1.4720951277088,0.0837183015225904,0.0454867227539102
9274,301000,9687000,1.41977946901688,0.081175479915777,0.0535122156216414
9275,302000,9687000,1.39369691929078,0.0823014733543629,0.0653703696570825
9276,303000,9687000,1.5031699135407,0.0857737521200487,0.0199553192800141
9277,304000,9687000,1.5106854321131,0.0875137293386493,0.0184710286697078
9278,305000,9687000,1.55221112895789,0.0911590781909152,0.0906906457064046
9279,306000,9687000,1.52318327564526,0.0851382308816709,0.0250567365259269
9280,307000,9687000,1.41259905524016,0.082884396534073,0.0589579002439256
9281,308000,9687000,1.55427281567603,0.0880440684184494,0.01971744117051
9282,309000,9687000,1.47126531720673,0.0879463155911988,0.0422598759367337
9283,310000,9687000,1.53912068640928,0.0872430436001153,0.0980580877595718
9284,311000,9687000,1.50512139939527,0.0849303332461121,0.0299677434630455
9285,312000,9687000,1.3398469829759,0.0830184002624186,0.039254145820738
9286,313000,9687000,1.38652327897145,0.0829669896898548,0.0223244317215041
9287,314000,9687000,1.36174972838696,0.082495189641046,0.0794243161141151
9288,315000,9687000,1.47021217594825,0.0841438859842006,0.0400526601602872
9289,316000,9687000,1.45924621621834,0.0829573422348323,0.0269687388333072
9290,317000,9687000,1.55656864329076,0.0824406453378694,0.123638940571591
9291,318000,9687000,1.51566435503355,0.0826022378934281,0.00787276341161811
9292,319000,9687000,1.46074229916187,0.0820249860846912,0.056864099894845
9293,320000,9687000,1.5549932115364,0.0816133772736361,0.028228299466389
9294,321000,9687000,1.38927610091565,0.0796303506706864,0.0581835483926567
9295,322000,9687000,1.38737258928609,0.0830303193050949,0.0819053216394219
9296,323000,9687000,1.49055851129731,0.0909774273063979,0.0581455867186872
9297,324000,9687000,1.48612057082084,0.0985303740205839,0.0296128622326251
9298,325000,9687000,1.46336578940155,0.0929728772383523,0.0373250144202307
9299,326000,9687000,1.47620065765645,0.0889501057765709,0.0587622393475266
9300,327000,9687000,1.48019382412696,0.0871651805932962,0.0532333851109813
9301,328000,9687000,1.56810116784174,0.0846780431191959,0.0645374894309312
9302,329000,9687000,1.55571148419502,0.0878092757042523,0.0512597652343917
9303,330000,9687000,1.51939392904841,0.0858796186949299,0.0167543169257572
9304,331000,9687000,1.51376301081511,0.0814357908434133,0.0505183802986959
9305,332000,9687000,1.54446647504956,0.0778491367209117,0.0409885680317816
9306,333000,9687000,1.53531268835262,0.0817520136770597,0.0374523335328772
9307,334000,9687000,1.51504997076828,0.088290612856011,0.0295625772847068
9308,335000,9687000,1.42503089810363,0.0803961471143191,0.0261865678207723
9309,336000,9687000,1.43302221536622,0.0740101703937469,0.0297774975552347
9310,337000,9687000,1.49054266178592,0.0741007250697227,0.0158717547928747
9311,338000,9687000,1.51336741259079,0.0722524958366532,0.0366992416740987
9312,339000,9687000,1.26788262018423,0.0810675695040742,0.0979431431380643
9313,340000,9687000,1.5218078525663,0.0792470138776597,0.0498544692880654
9314,341000,9687000,1.5411201186147,0.077671963900541,0.0500724975410762
9315,342000,9687000,1.5613288340266,0.0729602168374412,0.0127130195991125
9316,343000,9687000,1.59077460688812,0.0710523145957752,0.0156750255070709
9317,344000,9687000,1.57830483401323,0.0705587261155224,0.0158486150036208
9318,345000,9687000,1.55110049555458,0.0723460251120025,0.0115542212205696
9319,346000,9687000,1.34067787649375,0.0716449433567495,0.050767538449169
9320,347000,9687000,1.38273603059735,0.0712024807520689,0.0545038099076378
9321,348000,9687000,1.48035190710452,0.070909882218929,0.0291490565106312
9322,349000,9687000,1.5269025141795,0.073251171259694,0.00775079039775201
9323,350000,9687000,1.53460809444258,0.075491256537399,0.00788224093652172
9324,351000,9687000,1.51051203826824,0.0739112591047947,0.0636300001943798
9325,352000,9687000,1.40620871725608,0.0701012781656794,0.0433438769535091
9326,353000,9687000,1.35939524173286,0.0733144497771999,0.070144771000122
9327,354000,9687000,1.47508654276929,0.0789468674710999,0.0305481064675366
9328,355000,9687000,1.45091329134236,0.0750841060398812,0.0711603348992162
9329,356000,9687000,1.44699275267771,0.0686696273048598,0.0191834903558068
9330,357000,9687000,1.50028752948429,0.0708788111728003,0.0248328051535275
9331,358000,9687000,1.38361745786185,0.0741594523257419,0.027670395289547
9332,359000,9687000,1.296933578989,0.0715552763816895,0.0636867559219061
9333,360000,9687000,1.44497592071821,0.0727675579307172,0.0223855416341316
9334,361000,9687000,1.54390473015869,0.0756227110446242,0.0195749099132581
9335,362000,9687000,1.41809008141659,0.0720630949389083,0.0475526643807921
9336,363000,9687000,1.50556923138327,0.0790363462690488,0.0414064223896035
9337,364000,9687000,1.51615465925068,0.0848070180990137,0.055185822926298
9338,365000,9687000,1.43298181633132,0.0828114066611117,0.0894899259815317
9339,366000,9687000,1.42962535756553,0.0820520751994276,0.0919127753841139
9340,367000,9687000,1.3333041469943,0.0829838132338578,0.110097476581885
9341,368000,9687000,1.55886310134672,0.0811828465208232,0.0850621299553606
9342,369000,9687000,1.51018096276693,0.0760239798753628,0.0373912891186956
9343,370000,9687000,1.57680537310646,0.0851108942491313,0.0300595727831233
9344,371000,9687000,1.57909333831823,0.0786295873446705,0.0140089817376107
9345,372000,9687000,1.53036295262222,0.079079646578434,0.016462023819494
9346,373000,9687000,1.52316168503505,0.0649498896523555,0.00522586225156412
9347,374000,9687000,1.45082629823851,0.0588726413208641,0.0303234490163147
9348,375000,9687000,1.52354863394678,0.0764368378585668,0.00836129440889554
9349,262000,9688000,1.44649356702423,0.167026875698442,0.0202580418830911
9350,263000,9688000,1.40679688687261,0.171611059173979,0.0313028504149055
9351,264000,9688000,1.45376781728278,0.170098928684969,0.0317009477908377
9352,265000,9688000,1.4752664656773,0.132240387419771,0.0203909268755005
9353,266000,9688000,1.35983633117999,0.136269540190946,0.0620869924596766
9354,267000,9688000,1.49410259491215,0.112381678811138,0.0222217599755721
9355,268000,9688000,1.45541220353735,0.12003903373597,0.0539882831659616
9356,269000,9688000,1.44191720299341,0.136438219271913,0.0272452500259768
9357,270000,9688000,1.4050212955024,0.158780838695043,0.0232577510377802
9358,271000,9688000,1.58135355082641,0.160679673287168,0.00256989552563769
9359,272000,9688000,1.58691913912863,0.144311827261605,0.00422124708364238
9360,273000,9688000,1.47438784477634,0.114439684480826,0.0154197269388793
9361,274000,9688000,1.37181332701788,0.103260722331897,0.0195735866164602
9362,275000,9688000,1.57604468961166,0.129089202263849,0.0187083414220871
9363,276000,9688000,1.49511206679272,0.12627573203826,0.0155038959765411
9364,277000,9688000,1.528260976904,0.124478865735947,0.010570351322613
9365,278000,9688000,1.44938761416963,0.105586590286487,0.0327891349349436
9366,279000,9688000,1.58106860119964,0.117608157922013,0.00402378983388002
9367,280000,9688000,1.53781873737436,0.1077753776727,0.0128481460016339
9368,281000,9688000,1.51043471447399,0.0944430796078213,0.0140422383794096
9369,282000,9688000,1.5404699126707,0.103076634879153,0.004022210735983
9370,283000,9688000,1.57622861298297,0.10637086127085,0.0083171163049128
9371,284000,9688000,1.52400091747633,0.101843543253218,0.0150396037299523
9372,285000,9688000,1.49536053594714,0.100074599231423,0.0147242718543951
9373,286000,9688000,1.54368061632226,0.099802732932447,0.025874413164633
9374,287000,9688000,1.56874789160576,0.0998549777498463,0.0267637321536684
9375,288000,9688000,1.50350393529748,0.0997501360316562,0.0261155200440383
9376,289000,9688000,1.54108982537534,0.0963472497753721,0.0255973403396667
9377,290000,9688000,1.51122140926093,0.0923635504548034,0.0224265846422646
9378,291000,9688000,1.51572830842001,0.0915905489549242,0.0152868914638998
9379,292000,9688000,1.49253490230075,0.0868326094667084,0.0417748694064085
9380,293000,9688000,1.50319384960304,0.0919899098797774,0.0396717042017435
9381,294000,9688000,1.57709229778913,0.0927802484720076,0.0367370337816644
9382,295000,9688000,1.5686782185239,0.093099469053475,0.0123858882073706
9383,296000,9688000,1.54408938767404,0.0911609825918316,0.0390624130528287
9384,297000,9688000,1.56397508402007,0.0891966223264839,0.00540719669955388
9385,298000,9688000,1.56891398596702,0.093114107008781,0.00818221234988544
9386,299000,9688000,1.54354761931875,0.0876606665077258,0.0194906104973413
9387,3e+05,9688000,1.53538681713353,0.0832506030669661,0.0129195458149085
9388,301000,9688000,1.48765594570402,0.0771997095720067,0.0321444874947588
9389,302000,9688000,1.52401716865879,0.0798857536397703,0.0206548179228097
9390,303000,9688000,1.53344084789164,0.0823831207156673,0.032905540142379
9391,304000,9688000,1.5728380613712,0.0856037251826159,0.0240593241812664
9392,305000,9688000,1.54626050035763,0.0850064126900369,0.00336319604533567
9393,306000,9688000,1.54037899596153,0.0867687372603651,0.0221143550603697
9394,307000,9688000,1.41263595873544,0.0846236487091326,0.0679620335341991
9395,308000,9688000,1.52782729937721,0.0871550090714692,0.0181146735700565
9396,309000,9688000,1.4715407934362,0.0884554785129004,0.0383077593458911
9397,310000,9688000,1.40111046847941,0.088991326266693,0.0473743009591756
9398,311000,9688000,1.49156136175819,0.0869942600918485,0.0474134969155228
9399,312000,9688000,1.4463325495047,0.0907977168650151,0.0710649598515802
9400,313000,9688000,1.4232644856934,0.0877433886799492,0.0389238385158604
9401,314000,9688000,1.41404020413637,0.0824267254886256,0.0519426405777095
9402,315000,9688000,1.38304594635854,0.0884817961675603,0.0779500874796739
9403,316000,9688000,1.41035952509341,0.08324395334007,0.0545689028452405
9404,317000,9688000,1.54152641647832,0.0844790249420418,0.0391153341732644
9405,318000,9688000,1.48668622079975,0.0844851227218002,0.0452238550479507
9406,319000,9688000,1.52080072633349,0.0877382529715603,0.0381281892474065
9407,320000,9688000,1.50494183287999,0.0840500185917492,0.0448429620338117
9408,321000,9688000,1.38639032002951,0.0821808003545186,0.0739448226255908
9409,322000,9688000,1.47817599334397,0.0833593512116356,0.0621957068307275
9410,323000,9688000,1.55815550026703,0.0940053693226968,0.0377950382593581
9411,324000,9688000,1.50457209256419,0.0981928217237762,0.0466749055284816
9412,325000,9688000,1.50195096531952,0.0933126244096833,0.0278969738387527
9413,326000,9688000,1.53774749401785,0.0912548290329446,0.0102429529059617
9414,327000,9688000,1.54531283301946,0.0864664366489391,0.00496163776627993
9415,328000,9688000,1.52766703228712,0.0834149087041299,0.0286112117958807
9416,329000,9688000,1.55810152015318,0.0886096905384176,0.0142377528302648
9417,330000,9688000,1.53362418264312,0.0889475565339811,0.0782173060073041
9418,331000,9688000,1.57534564276957,0.0810027038360814,0.0322040665362173
9419,332000,9688000,1.5591410563464,0.0796734151651355,0.0461234959635799
9420,333000,9688000,1.46234473186977,0.0792674335828915,0.0334946641932909
9421,334000,9688000,1.56521467981885,0.0919884586546429,0.0213742288034885
9422,335000,9688000,1.4914381061342,0.0871169571927086,0.0282338619911618
9423,336000,9688000,1.48569769448493,0.0877755740309436,0.067017111979539
9424,337000,9688000,1.50928602800909,0.0759371526195296,0.0754671992633755
9425,338000,9688000,1.41019269158528,0.0787482722499204,0.0227507335717028
9426,339000,9688000,1.38017267149542,0.083545286091002,0.0631245145581006
9427,340000,9688000,1.34730257488323,0.0801006774499432,0.0580746367868533
9428,341000,9688000,1.53245042376151,0.0773023924444734,0.0288458792390785
9429,342000,9688000,1.54456439478589,0.0757451501574009,0.0312185611626987
9430,343000,9688000,1.46311546559442,0.0728483640457753,0.0541859093802511
9431,344000,9688000,1.56672908621242,0.0707308793931141,0.0303390463410478
9432,345000,9688000,1.56027724662697,0.071980308911961,0.0294913547271973
9433,346000,9688000,1.50435930956741,0.0713995143634044,0.0289180507791262
9434,347000,9688000,1.53340531879835,0.0721256205211992,0.0334171378154847
9435,348000,9688000,1.56794861058468,0.0705951327228786,0.0180189123702287
9436,349000,9688000,1.53493166921672,0.0736450595442891,0.0451415196912648
9437,350000,9688000,1.53982613453651,0.0767102645171471,0.0383801204163754
9438,351000,9688000,1.44530300347907,0.0739214155105931,0.0649547793604911
9439,352000,9688000,1.46581881633656,0.0746596579633076,0.0595595756738561
9440,353000,9688000,1.32328052233284,0.0753923011285764,0.0834640451652946
9441,354000,9688000,1.3768374094385,0.0762052693754694,0.0866346823972521
9442,355000,9688000,1.4028008657927,0.0732192020581249,0.0654523941174005
9443,356000,9688000,1.45500036542141,0.0737572876581734,0.0496201460780241
9444,357000,9688000,1.40714513197819,0.0699402247688006,0.0172123466318153
9445,358000,9688000,1.44586296401881,0.0762349124255947,0.0617555352590302
9446,359000,9688000,1.42694009608348,0.0738582334667825,0.0430373687879
9447,360000,9688000,1.51427093352407,0.073024601499313,0.0243977290419014
9448,361000,9688000,1.50986934069104,0.0749366436884996,0.0264775665387274
9449,362000,9688000,1.52937947839841,0.0756767824466882,0.0241828088411771
9450,363000,9688000,1.48243844442801,0.0776975890159258,0.0423299633281226
9451,364000,9688000,1.43880595748998,0.0837140244801968,0.0849078097574863
9452,365000,9688000,1.47856099542541,0.0812033777718013,0.0644517904855082
9453,366000,9688000,1.48355163591448,0.07734887645017,0.0654911372327844
9454,367000,9688000,1.49583990592685,0.0722587307681179,0.0330193192204204
9455,368000,9688000,1.4197710240124,0.0699960843438837,0.0572836660108415
9456,369000,9688000,1.40383001156819,0.075994032406551,0.0359935626414939
9457,370000,9688000,1.56148176598809,0.0852398692309835,0.0376943103526778
9458,371000,9688000,1.60693890539362,0.0774090816710507,0.0701423047207243
9459,372000,9688000,1.51223228187232,0.100769516893512,0.0161452551156771
9460,373000,9688000,1.44498523746432,0.101519739970596,0.042628274651035
9461,374000,9688000,1.40973345265953,0.0663079104082322,0.00900921257336248
9462,375000,9688000,1.4708862809761,0.0900211744050312,0.0250487065141653
9463,262000,9689000,1.48971476209698,0.168580347101978,0.0155540680195335
9464,263000,9689000,1.4471604129329,0.171959973921746,0.0152663411600329
9465,264000,9689000,1.37947963088791,0.181765844059239,0.0186200970037899
9466,265000,9689000,1.44026373958251,0.166606309304444,0.0320919266600399
9467,266000,9689000,1.54126054591705,0.13453654496939,0.017866360897665
9468,267000,9689000,1.57380752719063,0.130188397028495,0.0143552733742056
9469,268000,9689000,1.58058779493618,0.130934764865525,0.0726728644854407
9470,269000,9689000,1.51152437378157,0.127822080117012,0.0476116387618613
9471,270000,9689000,1.4992895999045,0.142409050277136,0.00746183428425161
9472,271000,9689000,1.48779851033162,0.174824954769767,0.00411312071932707
9473,272000,9689000,1.53736413197075,0.168080562182002,0.007061454006883
9474,273000,9689000,1.34923242065405,0.106410271508214,0.0276743431687345
9475,274000,9689000,1.56372511107415,0.12279533840559,0.0110146902516479
9476,275000,9689000,1.60167039809265,0.142194951451424,0.0056069093259086
9477,276000,9689000,1.60452050246658,0.14624862547522,0.00214290581007498
9478,277000,9689000,1.55346740671821,0.131130114850903,0.00924313086699228
9479,278000,9689000,1.49727107845962,0.112204593154483,0.0115553110375721
9480,279000,9689000,1.53318303669086,0.113842970383691,0.0107664493873263
9481,280000,9689000,1.4895965118273,0.0925213608873112,0.00577300419463103
9482,281000,9689000,1.32204405632335,0.0921617319982628,0.0362898311870189
9483,282000,9689000,1.5377378339447,0.0984123617784297,0.00572268999892844
9484,283000,9689000,1.50097784316585,0.104059850886917,0.0408057568106323
9485,284000,9689000,1.48055861127066,0.106203274408518,0.0261723694721578
9486,285000,9689000,1.51093561750427,0.102485187841778,0.0132267752308068
9487,286000,9689000,1.55138471971261,0.103947806350234,0.00561288192335399
9488,287000,9689000,1.51107538218634,0.105383026658267,0.0303602375996587
9489,288000,9689000,1.51946951097555,0.102381071160896,0.0138044561141109
9490,289000,9689000,1.51623020615233,0.0970712772621281,0.0195551736989707
9491,290000,9689000,1.38873478887233,0.0956488939156771,0.0775877874452656
9492,291000,9689000,1.52598858444296,0.0978002196796298,0.026808802609356
9493,292000,9689000,1.52684256673203,0.0955180877884239,0.0197170630944256
9494,293000,9689000,1.54804007626054,0.0938290075508406,0.0214019295856306
9495,294000,9689000,1.51368986099706,0.0933570401513816,0.0385670290670516
9496,295000,9689000,1.56257733245757,0.0934430749878789,0.0641582112218621
9497,296000,9689000,1.54315962990473,0.0871545989489691,0.0289900711165124
9498,297000,9689000,1.56783015858765,0.088404811595136,0.0281522455784889
9499,298000,9689000,1.5360933383198,0.0926716641748373,0.0189925114865543
9500,299000,9689000,1.55196721868677,0.0892158940289537,0.0119747239805095
9501,3e+05,9689000,1.53973154917709,0.0874309432992359,0.0151389863223106
9502,301000,9689000,1.49531671579744,0.0823546965147861,0.0416600185461934
9503,302000,9689000,1.4998417212695,0.0827459239799666,0.0409813822283847
9504,303000,9689000,1.48675506053483,0.0824581172434483,0.0458065973251472
9505,304000,9689000,1.54522885557446,0.0853348264432086,0.0211310658245455
9506,305000,9689000,1.53950777444306,0.089033449578391,0.0287259547850689
9507,306000,9689000,1.52173811913184,0.0918986324987389,0.030736573592245
9508,307000,9689000,1.51250295929557,0.0902478842026301,0.0272845154194763
9509,308000,9689000,1.52206467590031,0.0896786322421061,0.0363593434368685
9510,309000,9689000,1.50488295608399,0.0892418096255636,0.0251427055081959
9511,310000,9689000,1.44383217709561,0.0888895868736856,0.0595452029736306
9512,311000,9689000,1.54237112955069,0.0899270078648477,0.0274637111626977
9513,312000,9689000,1.46872895497713,0.100547898182277,0.0651711563347043
9514,313000,9689000,1.49947081803861,0.0973797883465471,0.0345808298611091
9515,314000,9689000,1.37614984696247,0.0865029304136484,0.0882810836897142
9516,315000,9689000,1.52438160399498,0.0854381681374893,0.0204392902366032
9517,316000,9689000,1.38169383518062,0.0830400364955139,0.0345195186202665
9518,317000,9689000,1.44398926329182,0.0877978888251646,0.016461335335463
9519,318000,9689000,1.52031267129123,0.0877596893391777,0.0788966805141616
9520,319000,9689000,1.50446666792386,0.087548911319237,0.0606416196174942
9521,320000,9689000,1.52283514017783,0.0876167526708954,0.0341193840632183
9522,321000,9689000,1.50389493389175,0.0863475239777504,0.0336349776313253
9523,322000,9689000,1.49438528242243,0.0851144206875163,0.029428361421659
9524,323000,9689000,1.56622808807605,0.0941127951998492,0.0225863797101882
9525,324000,9689000,1.52632620149448,0.0894808143266148,0.0779011102175796
9526,325000,9689000,1.53725025269123,0.0875902212730298,0.0478859814209955
9527,326000,9689000,1.37656053082676,0.0874872049338406,0.108503898057381
9528,327000,9689000,1.43399856257861,0.0852345173728229,0.0818509240514365
9529,328000,9689000,1.49814015016113,0.0892421733123964,0.0377787431671525
9530,329000,9689000,1.50891135764421,0.0889732502020832,0.03892742606575
9531,330000,9689000,1.53628356611128,0.0842432155459808,0.0501727969786632
9532,331000,9689000,1.54291412648328,0.0785037681713512,0.0660326376214981
9533,332000,9689000,1.52500785656954,0.0795960669387752,0.0648237401081587
9534,333000,9689000,1.40057699934634,0.0791638862398086,0.056551373554385
9535,334000,9689000,1.52925731488016,0.0892717176333255,0.026192479407182
9536,335000,9689000,1.54522131691891,0.0864796930678025,0.037877268501154
9537,336000,9689000,1.4096208050475,0.0852243912170881,0.0585831201683142
9538,337000,9689000,1.41854660302297,0.102118795357624,0.0392988477580147
9539,338000,9689000,1.49163195459351,0.0830600623267426,0.103286655734637
9540,339000,9689000,1.48663438661997,0.0894814487089591,0.0384486296185029
9541,340000,9689000,1.47523175702958,0.0852377788974192,0.0579624281266211
9542,341000,9689000,1.54160102876604,0.0819979538968957,0.0718061356409084
9543,342000,9689000,1.55776277140458,0.0830568403175624,0.0147323273864094
9544,343000,9689000,1.58823372836884,0.077746140128263,0.0526570327327507
9545,344000,9689000,1.4500699884978,0.075058503007178,0.0628908478250191
9546,345000,9689000,1.55250764855631,0.0731681574617869,0.0234140592073385
9547,346000,9689000,1.42667271488193,0.0718614020324076,0.0381980543528605
9548,347000,9689000,1.43780043150098,0.0735834983531036,0.0628161039523586
9549,348000,9689000,1.51460297582435,0.0703433503396463,0.0229872102842172
9550,349000,9689000,1.47521452544909,0.0760009202636608,0.0291332885471163
9551,350000,9689000,1.46022481674016,0.0796567717457835,0.0434181249272211
9552,351000,9689000,1.49371235233574,0.0774018823786071,0.0697934214445947
9553,352000,9689000,1.42293871910737,0.0788237393673888,0.0645779177740487
9554,353000,9689000,1.31559737905399,0.0768840131037776,0.0931767267312157
9555,354000,9689000,1.3858967313515,0.0750244852874586,0.0605836682412212
9556,355000,9689000,1.4677647168255,0.0756725693062858,0.0485507615733124
9557,356000,9689000,1.49460072555127,0.0750268300852217,0.0174347354784335
9558,357000,9689000,1.42241136884599,0.0750353144588952,0.0321322086808048
9559,358000,9689000,1.33399249776854,0.0735004160144259,0.0605159239888713
9560,359000,9689000,1.46463167711678,0.0701486789523588,0.0221152095258257
9561,360000,9689000,1.34843524141351,0.0737994097861967,0.0674987629526821
9562,361000,9689000,1.40938255783842,0.0767729980459007,0.0341901001949018
9563,362000,9689000,1.56904638559387,0.0788946377528479,0.0137139018878784
9564,363000,9689000,1.51699448365197,0.0822126557248873,0.0180124448532046
9565,364000,9689000,1.51010140028109,0.0777402770470743,0.0198712700064859
9566,365000,9689000,1.41471251456024,0.0732131635320556,0.0649881942946444
9567,366000,9689000,1.35394578865626,0.0735882890081235,0.134105440653021
9568,367000,9689000,1.43697970500791,0.0734198480685382,0.0354175270079388
9569,368000,9689000,1.48298819448756,0.0770350925250041,0.0307887543411114
9570,369000,9689000,1.55650305618881,0.0860153560626744,0.0153241893076358
9571,370000,9689000,1.55046830199527,0.0815104225689906,0.0179203474465601
9572,371000,9689000,1.47197266955768,0.0893495143946107,0.047036428940358
9573,372000,9689000,1.28557774555953,0.0973876824773547,0.0817531013771956
9574,373000,9689000,1.46686487229435,0.101911822632037,0.0396797812741633
9575,374000,9689000,1.38377295951279,0.063349275008167,0.0448918137603467
9576,375000,9689000,1.4369161970069,0.0763139112221168,0.0706072572188147
9577,262000,9690000,1.52147976395857,0.172716235949861,0.0135988600212376
9578,263000,9690000,1.44079098338877,0.175182194738325,0.0101665853945358
9579,264000,9690000,1.44969642852478,0.184583929987206,0.00814879626575137
9580,265000,9690000,1.46707130493143,0.188079431159919,0.00567057204655209
9581,266000,9690000,1.52342112354604,0.161844276635679,0.0111171691549884
9582,267000,9690000,1.44062012862045,0.127107025501925,0.0318316620268462
9583,268000,9690000,1.5124238080121,0.119237419661238,0.0313133270391713
9584,269000,9690000,1.44781917826104,0.122995059764012,0.0454967937236063
9585,270000,9690000,1.57123812979931,0.151101197326962,0.0193779577154593
9586,271000,9690000,1.5330496303222,0.178377198306786,0.00366673123366142
9587,272000,9690000,1.49706893397919,0.167770370772116,0.0196297142646435
9588,273000,9690000,1.44122093636698,0.128805555665108,0.0474979703517718
9589,274000,9690000,1.52794922242145,0.129399860487445,0.0081932740619929
9590,275000,9690000,1.56006532584878,0.144524742804414,0.0116628694701052
9591,276000,9690000,1.5662761106965,0.129977349001623,0.0101259278800889
9592,277000,9690000,1.39146700130474,0.108925750901219,0.009913088418465
9593,278000,9690000,1.56659922524562,0.121978935922892,0.0193195470875824
9594,279000,9690000,1.57569278345699,0.126340326992734,0.00921442981736071
9595,280000,9690000,1.53629269134387,0.107124195757493,0.0197666899463842
9596,281000,9690000,1.46869572244115,0.100526662384992,0.0203471568330467
9597,282000,9690000,1.59874473320657,0.105940648397442,0.0060668605866782
9598,283000,9690000,1.56836732746244,0.11245677017358,0.00445806310827793
9599,284000,9690000,1.5504836786477,0.110683799923096,0.00890508481995329
9600,285000,9690000,1.52912020019582,0.103067727566169,0.0105250962172223
9601,286000,9690000,1.5310134109881,0.104626806941992,0.0184516900010943
9602,287000,9690000,1.54120320728071,0.105196755420559,0.0172868507162861
9603,288000,9690000,1.4825723685156,0.101807827649641,0.0217957129785893
9604,289000,9690000,1.51439508431363,0.0934240700946097,0.0268325790799801
9605,290000,9690000,1.52632565481956,0.0947104662775905,0.0174498742319038
9606,291000,9690000,1.48227011014697,0.0986876959041929,0.0394277567268713
9607,292000,9690000,1.41869836746339,0.0950843201030643,0.0613592556777662
9608,293000,9690000,1.5010631834737,0.0951591569802711,0.0296639771467756
9609,294000,9690000,1.47248742143549,0.0958780494731887,0.0126617908912263
9610,295000,9690000,1.54617147307821,0.093790245747381,0.00673253185815046
9611,296000,9690000,1.58614396259296,0.0909783616900959,0.0200406825701536
9612,297000,9690000,1.57238882631299,0.0919808234702945,0.0184341017274914
9613,298000,9690000,1.55465914802206,0.0930567911461094,0.0048299217629122
9614,299000,9690000,1.55035063848288,0.0907011150615679,0.0188729300341373
9615,3e+05,9690000,1.56858871751364,0.0896711123317375,0.0188936116560367
9616,301000,9690000,1.534034574178,0.0835856915636673,0.0137779733539126
9617,302000,9690000,1.506897685194,0.0847187543250302,0.0233536548731765
9618,303000,9690000,1.53733408436167,0.0887320873960035,0.0683584419758931
9619,304000,9690000,1.55459180363616,0.0848152831543585,0.0231285098523046
9620,305000,9690000,1.52453414402016,0.0926030798309447,0.0305339959715142
9621,306000,9690000,1.53503468471827,0.0936195813606802,0.0282707939288353
9622,307000,9690000,1.51838935929065,0.0911211290537513,0.0140373394730056
9623,308000,9690000,1.31078573973431,0.0895588055375439,0.0829718316605048
9624,309000,9690000,1.36655796619848,0.0891547244679142,0.0497762038810867
9625,310000,9690000,1.50329623208148,0.0915010389339488,0.0284971544493656
9626,311000,9690000,1.55235051072196,0.0954177727876742,0.0172114625012228
9627,312000,9690000,1.42641596499925,0.0994360848242699,0.0688582433571677
9628,313000,9690000,1.42966263283605,0.0965179448967568,0.0657495212245953
9629,314000,9690000,1.50685494586031,0.0917151161329448,0.018153423905098
9630,315000,9690000,1.55409585470475,0.0864845366584427,0.0140737000824615
9631,316000,9690000,1.513839506096,0.0881017732166819,0.030146469755203
9632,317000,9690000,1.39776804244996,0.0883619376836713,0.0394680683759116
9633,318000,9690000,1.45043669195992,0.0870913343132166,0.0532540321007259
9634,319000,9690000,1.44427630991903,0.0867231479573418,0.0404408622674105
9635,320000,9690000,1.53234645549254,0.0878037435724967,0.0286358558283467
9636,321000,9690000,1.48087733016378,0.0873172717060022,0.044512534451924
9637,322000,9690000,1.444944057961,0.0884489090185177,0.0211197130896928
9638,323000,9690000,1.5254359003132,0.0896692029627286,0.0181760284680187
9639,324000,9690000,1.54637695156466,0.0876546052547193,0.0547318582407963
9640,325000,9690000,1.51774512414304,0.0867277186997283,0.0406892675993404
9641,326000,9690000,1.38906960918602,0.0840966169120542,0.0565003165548195
9642,327000,9690000,1.58073807643914,0.073624847148493,0.0183293750280765
9643,328000,9690000,1.43005652544061,0.0858412144447154,0.0725369520464758
9644,329000,9690000,1.52822901393827,0.0842050369632425,0.0353257883382278
9645,330000,9690000,1.51965680264597,0.083245894276828,0.0291427014291522
9646,331000,9690000,1.58017471664964,0.0787201606193088,0.0414470097098124
9647,332000,9690000,1.43320651027698,0.0760353965236165,0.0531340219332953
9648,333000,9690000,1.50337682864392,0.0777745838794732,0.0319994875438369
9649,334000,9690000,1.54182008299384,0.0838841204082191,0.00694895039932768
9650,335000,9690000,1.51913057964944,0.0872131231431642,0.034204124733523
9651,336000,9690000,1.46861024709941,0.0802676811150141,0.0572513446011333
9652,337000,9690000,1.50737034115475,0.104487829428171,0.0370715194639004
9653,338000,9690000,1.37969248494131,0.0935063449897739,0.0132431103812319
9654,339000,9690000,1.53371238301348,0.0955980362050387,0.0193283996691437
9655,340000,9690000,1.52398887045745,0.0876024580519244,0.0332382234783879
9656,341000,9690000,1.48938181674797,0.0877814753134989,0.035034778272828
9657,342000,9690000,1.49371644411516,0.0826687011956063,0.0340605788155508
9658,343000,9690000,1.54554299691607,0.075861629933364,0.0838524539589608
9659,344000,9690000,1.36418097755691,0.0751915348381729,0.0418466696073356
9660,345000,9690000,1.57682175785089,0.0753228535518489,0.0300875549370321
9661,346000,9690000,1.5416851579491,0.0743598509498521,0.0388291250904558
9662,347000,9690000,1.53783839570299,0.0762064644271623,0.0292819350088074
9663,348000,9690000,1.56593157792229,0.0748623902957071,0.00957943866142785
9664,349000,9690000,1.531246889278,0.076341283783631,0.0111447769316129
9665,350000,9690000,1.53252617899484,0.082938359342003,0.0287555294348811
9666,351000,9690000,1.34961693788632,0.0784904218745785,0.0593510348165907
9667,352000,9690000,1.3419491582188,0.0813451942977871,0.0724331855815084
9668,353000,9690000,1.36933559379723,0.0827355537878938,0.0492285292555909
9669,354000,9690000,1.30911408868025,0.0747345113647375,0.0611091753119294
9670,355000,9690000,1.43425924947116,0.0760561260702076,0.04507106453252
9671,356000,9690000,1.45208434410915,0.0747156954317804,0.0170233105252413
9672,357000,9690000,1.52619603162093,0.0734891948469543,0.0233210477980563
9673,358000,9690000,1.29453720701368,0.0735071778090002,0.0755442403424903
9674,359000,9690000,1.30900566130268,0.0711999863655734,0.0964274166970742
9675,360000,9690000,1.42007024266145,0.0757441047902303,0.0490816715912553
9676,361000,9690000,1.48627836504736,0.080365738791465,0.026974521319029
9677,362000,9690000,1.43496523922003,0.0805526399321135,0.0102679762829991
9678,363000,9690000,1.34773141603145,0.0803846491534151,0.0842390337131124
9679,364000,9690000,1.45829221129289,0.0841575053693295,0.0466487386910753
9680,365000,9690000,1.39379195606523,0.0828813033723495,0.0125172380510627
9681,366000,9690000,1.33429294893987,0.0822617762187417,0.100060146336457
9682,367000,9690000,1.37261988214959,0.0793700830685087,0.0497238163763907
9683,368000,9690000,1.29400391884128,0.0763819123941904,0.100888196725656
9684,369000,9690000,1.40417721935679,0.0766030137107188,0.0344843202429978
9685,370000,9690000,1.57668536048174,0.0777086944187375,0.0535906259402819
9686,371000,9690000,1.4418213560369,0.0979423054918504,0.022123903623745
9687,372000,9690000,1.45446206913965,0.101724357374077,0.103971868412042
9688,373000,9690000,1.41295619682362,0.104780957953328,0.0446753636395073
9689,374000,9690000,1.2337543336208,0.0615919434577057,0.079685649507251
9690,375000,9690000,1.32368653630805,0.0578645486292445,0.11247564318003
9691,262000,9691000,1.4220332670422,0.18028233451515,0.00640917776992251
9692,263000,9691000,1.37097480997926,0.181604679355851,0.0156607594064928
9693,264000,9691000,1.29437494413484,0.189024781521363,0.0366468655799515
9694,265000,9691000,1.34250163672903,0.19189594526846,0.00940803007065099
9695,266000,9691000,1.51361538039228,0.172390534298027,0.0246645445357625
9696,267000,9691000,1.4818297799981,0.137775354622443,0.0238792345763435
9697,268000,9691000,1.53647331536407,0.130584568290141,0.0175649837028717
9698,269000,9691000,1.51055400378883,0.125737089520903,0.00727479118642257
9699,270000,9691000,1.58532533358123,0.153709382789657,0.0109515894035009
9700,271000,9691000,1.50336951629189,0.188745225437933,0.00767699501529889
9701,272000,9691000,1.4901616128547,0.172662923978647,0.0137470446179611
9702,273000,9691000,1.59028856829828,0.150143233260344,0.00477703165264069
9703,274000,9691000,1.54296867139875,0.137804982620083,0.00863180375521681
9704,275000,9691000,1.58145949845182,0.15190660932035,0.0087948712392698
9705,276000,9691000,1.47482280215931,0.126374400468575,0.014550612972945
9706,277000,9691000,1.54689397386713,0.113371491489326,0.00718449973548623
9707,278000,9691000,1.54760302084686,0.133251671143275,0.0137476881196632
9708,279000,9691000,1.47574021933238,0.151020075908482,0.0169603816230852
9709,280000,9691000,1.51883124839019,0.120621350216332,0.00586371117542986
9710,281000,9691000,1.54746984544414,0.128798211975375,0.00983023671221476
9711,282000,9691000,1.59743497145265,0.118678098129807,0.00250556240414992
9712,283000,9691000,1.56677499683249,0.106471725106624,0.0140752245237837
9713,284000,9691000,1.56585405092991,0.112348906013236,0.00768551606848585
9714,285000,9691000,1.48786745415962,0.112234354216285,0.00271716231189346
9715,286000,9691000,1.54648245256845,0.10560450485926,0.0172021220893748
9716,287000,9691000,1.53060195142132,0.105290308476189,0.00272640420920911
9717,288000,9691000,1.48281054358869,0.100765662554092,0.0134093431319532
9718,289000,9691000,1.52089024179264,0.100791719828776,0.0283031489873766
9719,290000,9691000,1.47170793240769,0.0954115490170605,0.0415588778201354
9720,291000,9691000,1.47395775661286,0.0946956765857879,0.0269076683991775
9721,292000,9691000,1.49731206525813,0.0951186264417532,0.02271097494143
9722,293000,9691000,1.40305819092173,0.0952852104572698,0.0297383404445536
9723,294000,9691000,1.46705795110069,0.0959067001343563,0.0313415315625918
9724,295000,9691000,1.56244690803516,0.0987135162546734,0.0362512300441575
9725,296000,9691000,1.55281327914831,0.0959340830494205,0.0165818502351903
9726,297000,9691000,1.55237056176495,0.0959724904703564,0.0124816137641623
9727,298000,9691000,1.54998425029179,0.094115885174403,0.0170388490329135
9728,299000,9691000,1.52959967498935,0.0904772095454933,0.011070050155151
9729,3e+05,9691000,1.58323632245306,0.0901863948063903,0.0367160729937432
9730,301000,9691000,1.52259886227997,0.0935539816966588,0.0172342651234655
9731,302000,9691000,1.5560912329976,0.0905252646750591,0.0153486389145632
9732,303000,9691000,1.54318950355313,0.091801280395664,0.0113807503625999
9733,304000,9691000,1.58152072512176,0.0908829099323817,0.00659400311768609
9734,305000,9691000,1.58527259537691,0.095148959954507,0.0385056599623744
9735,306000,9691000,1.54153084591522,0.0964606249284918,0.0220282632487511
9736,307000,9691000,1.57658604420889,0.0931537783156535,0.0076201208395816
9737,308000,9691000,1.36289371698799,0.0932747763881107,0.0325074368128756
9738,309000,9691000,1.49493043758946,0.0891792885281304,0.036202802682998
9739,310000,9691000,1.48682942568931,0.093140155438671,0.0432050233533381
9740,311000,9691000,1.51159891547072,0.0972084131399677,0.020715643905317
9741,312000,9691000,1.26919227108199,0.0955051959640821,0.0472598103295466
9742,313000,9691000,1.46185135050844,0.0990477045938244,0.0599488043847443
9743,314000,9691000,1.41883686963235,0.100863119811,0.0649695842098464
9744,315000,9691000,1.54817662106816,0.0979776299126768,0.0166523288105267
9745,316000,9691000,1.54261663835145,0.094578032195014,0.0202546309848223
9746,317000,9691000,1.55940690366348,0.0896342866893025,0.0239972384515819
9747,318000,9691000,1.48250982439363,0.0917517767413491,0.0326505484357355
9748,319000,9691000,1.44335649396242,0.0930018174463925,0.0283156102766682
9749,320000,9691000,1.54176131112848,0.0888472297652201,0.0288882916429737
9750,321000,9691000,1.44488796733848,0.0863185266515357,0.0473544743350413
9751,322000,9691000,1.54197350316308,0.0887780647836023,0.0168845659362306
9752,323000,9691000,1.56962835095939,0.0869797444696323,0.00507361519612362
9753,324000,9691000,1.57254501669712,0.0855393956162051,0.0127776219715549
9754,325000,9691000,1.57106926268597,0.0866192289157839,0.0197833172914787
9755,326000,9691000,1.46386525756909,0.0873631473815408,0.0485642718314163
9756,327000,9691000,1.56916545158203,0.077966232818028,0.0412809838200776
9757,328000,9691000,1.42811748541181,0.0830738454622389,0.0419151989775596
9758,329000,9691000,1.41097243829939,0.0808706347545604,0.0830503811766749
9759,330000,9691000,1.52946688867126,0.0835225803737407,0.0710505618548365
9760,331000,9691000,1.54951310672605,0.0798882896751186,0.012834859714487
9761,332000,9691000,1.57759566891241,0.0754319913620394,0.0389837514880506
9762,333000,9691000,1.57600033978675,0.076170792277687,0.024393701301525
9763,334000,9691000,1.46051059125767,0.0799846386080384,0.0268209793940529
9764,335000,9691000,1.44594511623622,0.0876187116151278,0.0367028641897094
9765,336000,9691000,1.52782799749971,0.0788672473684174,0.0726691742418097
9766,337000,9691000,1.47612890548754,0.092284038156691,0.0437490038050851
9767,338000,9691000,1.48779895084182,0.101971045276609,0.0638825141931219
9768,339000,9691000,1.54385642271529,0.106535894784652,0.0184301689144934
9769,340000,9691000,1.55012772337208,0.092160993576937,0.0324728095808158
9770,341000,9691000,1.48187930469178,0.0870132948627561,0.0209633099321035
9771,342000,9691000,1.34285483143059,0.0879186188462248,0.0560732380879604
9772,343000,9691000,1.60587476300349,0.0806324050074738,0.0123742038832494
9773,344000,9691000,1.57041493576119,0.0775050469270753,0.0139775188172246
9774,345000,9691000,1.58232628303715,0.0763118419349353,0.0414290666337357
9775,346000,9691000,1.53236226122633,0.0769739537724062,0.0272941028445568
9776,347000,9691000,1.56484453781148,0.0746356343152218,0.0232788264448842
9777,348000,9691000,1.47571321615997,0.0778079963917528,0.0183736545735785
9778,349000,9691000,1.38956046982683,0.0791769177441837,0.0790525989063307
9779,350000,9691000,1.48479380011146,0.0844615918859375,0.0419594456227356
9780,351000,9691000,1.42337807429391,0.0757548721838496,0.0328823528951888
9781,352000,9691000,1.40155244156169,0.0764360927782231,0.0371144218150346
9782,353000,9691000,1.50724174667178,0.0762626092230302,0.0550463819375047
9783,354000,9691000,1.46698681941793,0.074298455639614,0.0167505271384445
9784,355000,9691000,1.50782552249903,0.0749409993859238,0.0184368314862298
9785,356000,9691000,1.3706299426687,0.0721465751370663,0.0349620056921435
9786,357000,9691000,1.54690272276499,0.0713790094515066,0.0198033510721826
9787,358000,9691000,1.40575012165795,0.0750804611419049,0.0263063381617247
9788,359000,9691000,1.41894691859812,0.076808866020015,0.0318882279671833
9789,360000,9691000,1.503455105446,0.0816103523671745,0.018121592990404
9790,361000,9691000,1.52414771866895,0.0846655348374356,0.0114255993752999
9791,362000,9691000,1.3344482911856,0.0789882960052495,0.0464938615666799
9792,363000,9691000,1.34560369966792,0.0793031403181275,0.0159498640160163
9793,364000,9691000,1.25541147776752,0.0790191327236755,0.143501481819255
9794,365000,9691000,1.32586565639988,0.0788201988042911,0.14769528838621
9795,366000,9691000,1.40351635363614,0.085375179614727,0.0470127919146829
9796,367000,9691000,1.52979518138391,0.0889778455768177,0.0175456344466338
9797,368000,9691000,1.45358221055382,0.063467377714917,0.0178684552057546
9798,369000,9691000,1.38867731473387,0.0529128980995049,0.0393546655082402
9799,370000,9691000,1.52233051999812,0.0776211991826521,0.00979910154864962
9800,371000,9691000,1.27941996913053,0.10497387703477,0.0868328830923111
9801,372000,9691000,1.35469512864614,0.105245951103778,0.0700864173993705
9802,373000,9691000,1.40578443599448,0.108256582658029,0.0468184942260524
9803,374000,9691000,1.37413800576797,0.089741811704349,0.0931967604233311
9804,375000,9691000,1.44392705451557,0.0761263212343551,0.0660461294298723
9805,262000,9692000,1.50248199597069,0.168610287208657,0.0263159785425693
9806,263000,9692000,1.44472504517982,0.177797250579686,0.0254054628060141
9807,264000,9692000,1.42398623496085,0.185427601155199,0.015411608895335
9808,265000,9692000,1.31442632560393,0.190089607408724,0.0333456566424825
9809,266000,9692000,1.23259071233085,0.181025247312483,0.073054179236936
9810,267000,9692000,1.42985233847808,0.149069755933389,0.0135773014257427
9811,268000,9692000,1.4661868820339,0.135804399288135,0.0335053356033859
9812,269000,9692000,1.53097468775516,0.111692540999623,0.00639686589458657
9813,270000,9692000,1.14909374173284,0.101503893843228,0.0818734836136114
9814,271000,9692000,1.55331889741376,0.175008616399375,0.0076502591609629
9815,272000,9692000,1.4970314662152,0.174671293692021,0.00596687624312066
9816,273000,9692000,1.55525979763925,0.143134644656382,0.0137378172128725
9817,274000,9692000,1.60600928983028,0.155298309930141,0.00128861065519725
9818,275000,9692000,1.59753010116675,0.149742654706714,0.0110943923225257
9819,276000,9692000,1.49615427765706,0.138494760437804,0.047506253415238
9820,277000,9692000,1.53346118231108,0.132347682931414,0.00934517739098434
9821,278000,9692000,1.5292309332026,0.13660920754028,0.0118007371748471
9822,279000,9692000,1.58994028008002,0.143931440639476,0.00526801255770248
9823,280000,9692000,1.49753929402986,0.134502801310211,0.00770530915097718
9824,281000,9692000,1.37842020103422,0.144177487907475,0.055575552626534
9825,282000,9692000,1.56322676613098,0.134446701709719,0.0112298972613112
9826,283000,9692000,1.54890218611963,0.124211333256193,0.00714243801005419
9827,284000,9692000,1.56832377992267,0.115324491181856,0.0124924661425273
9828,285000,9692000,1.51251277872793,0.125242178540259,0.0115020038308606
9829,286000,9692000,1.53212404100771,0.109713502501995,0.0136225500444906
9830,287000,9692000,1.57705702700062,0.109167892885292,0.0132220981339335
9831,288000,9692000,1.47007296527844,0.0972366526587512,0.0119294873260521
9832,289000,9692000,1.48321845634175,0.103540332567866,0.0357376274040012
9833,290000,9692000,1.54317703665566,0.100268125615953,0.0167966410774978
9834,291000,9692000,1.51754700079519,0.0987778249261463,0.0237796672706124
9835,292000,9692000,1.51391139837687,0.0980655855792162,0.025226898793139
9836,293000,9692000,1.44575914759283,0.0945497877805107,0.0169283772726555
9837,294000,9692000,1.4223327215765,0.0991346123772025,0.0393890826643931
9838,295000,9692000,1.53426477739193,0.1020587159052,0.00624681098033971
9839,296000,9692000,1.50049310487371,0.0967789345347659,0.0277597002330158
9840,297000,9692000,1.48658156955378,0.0999665013916145,0.0248901772895597
9841,298000,9692000,1.47094782408391,0.0963399625689084,0.0448922978432863
9842,299000,9692000,1.56285793942296,0.099332505265979,0.014722386722079
9843,3e+05,9692000,1.51700581112322,0.0975577142678283,0.0485451879835148
9844,301000,9692000,1.43585337592737,0.100014146949007,0.0474831343406359
9845,302000,9692000,1.50782812559264,0.0951577555210743,0.0101305112117698
9846,303000,9692000,1.57206052554136,0.0958959779803934,0.0198671496800179
9847,304000,9692000,1.48126457397618,0.0978286032988093,0.0377645491717836
9848,305000,9692000,1.46161213882829,0.100525433296827,0.0378327492580772
9849,306000,9692000,1.39286980207985,0.100843554454765,0.0559815907128196
9850,307000,9692000,1.55601692100938,0.0989519880575009,0.0201719840543335
9851,308000,9692000,1.44578272742742,0.103254400772673,0.0718268091687557
9852,309000,9692000,1.57473482694882,0.0974160430696312,0.0154036434468686
9853,310000,9692000,1.52241450370947,0.0943457081786344,0.0398533229476224
9854,311000,9692000,1.50026328796249,0.0992537792745218,0.0464129563643435
9855,312000,9692000,1.48600735431751,0.0967256757570976,0.0488780451613043
9856,313000,9692000,1.38690990948205,0.104587711332282,0.0681669018006126
9857,314000,9692000,1.36014225379579,0.104480423623387,0.0801759698148509
9858,315000,9692000,1.40050193628671,0.105622058345251,0.0683058279330059
9859,316000,9692000,1.46732724805728,0.104718200925258,0.0310352585169553
9860,317000,9692000,1.40665118192447,0.0973879663225386,0.0174938799876143
9861,318000,9692000,1.27924267358123,0.0871326756077713,0.0581409866405527
9862,319000,9692000,1.46254214020442,0.0990695149587894,0.0660815065232533
9863,320000,9692000,1.53029057866352,0.0965095663519909,0.015530934166567
9864,321000,9692000,1.45261065899422,0.0917095486130091,0.0245192586385736
9865,322000,9692000,1.5558262696428,0.0884586679282577,0.0265836811786627
9866,323000,9692000,1.55704773799059,0.0884320325924381,0.0426852899797576
9867,324000,9692000,1.59213640296135,0.0855037911323618,0.0464272782537901
9868,325000,9692000,1.4692048733949,0.0837091942374747,0.0392146764057216
9869,326000,9692000,1.49123029439457,0.0912146616663398,0.0344569050184262
9870,327000,9692000,1.48565072129028,0.095553353795985,0.0342753478952257
9871,328000,9692000,1.49898405813296,0.0845523539428994,0.0636142846134826
9872,329000,9692000,1.58835917312312,0.0776527199886745,0.0127720569261083
9873,330000,9692000,1.43400591470154,0.0800373995382125,0.0369852728228663
9874,331000,9692000,1.53827945239377,0.0774489996476412,0.0470720295469639
9875,332000,9692000,1.55256908284918,0.0781934374798284,0.0259692531648089
9876,333000,9692000,1.57792904069192,0.0784609857604682,0.0328454581653875
9877,334000,9692000,1.47263502399681,0.0780631041141799,0.0599939904725585
9878,335000,9692000,1.47084599031985,0.0826276360430862,0.0149296513676484
9879,336000,9692000,1.51834092105843,0.0799940444450624,0.0206665783020065
9880,337000,9692000,1.49627895455053,0.0905534319139738,0.0366125305337327
9881,338000,9692000,1.49939800090093,0.0977565786368601,0.0306512509186624
9882,339000,9692000,1.51445987358649,0.106217710463426,0.0279880190058207
9883,340000,9692000,1.52872599030665,0.115018615807156,0.0132505783635882
9884,341000,9692000,1.52007555382387,0.0933438722194169,0.00784462741956879
9885,342000,9692000,1.43949851220214,0.0857805946353926,0.0596800234061326
9886,343000,9692000,1.57769528751791,0.079298876950974,0.0139264117652208
9887,344000,9692000,1.45187043706535,0.0765270432099793,0.0359741195171134
9888,345000,9692000,1.54448789133103,0.0756022244369634,0.0334841351735471
9889,346000,9692000,1.55193363903312,0.0769802662116296,0.034316055910462
9890,347000,9692000,1.55132817886185,0.077205911998989,0.0340239667571111
9891,348000,9692000,1.52119259780401,0.0785451041861605,0.0131060983658414
9892,349000,9692000,1.55186971174921,0.0781474551101127,0.0148970701457727
9893,350000,9692000,1.47084527446595,0.0829059574454812,0.0392778361293358
9894,351000,9692000,1.3357613129322,0.0799479929700949,0.0567199409987211
9895,352000,9692000,1.44393915258613,0.0808380286608028,0.0494768393124845
9896,353000,9692000,1.53731948458016,0.0749139251943375,0.00976746133151778
9897,354000,9692000,1.57326179357223,0.0739577232144439,0.00461627841079473
9898,355000,9692000,1.49973602129951,0.0763026533292914,0.0327093690000654
9899,356000,9692000,1.55302587110721,0.0786944726145449,0.00418618615735728
9900,357000,9692000,1.57514426684264,0.0822415604528097,0.00651026592433826
9901,358000,9692000,1.51598489597735,0.0825869749398179,0.0107127827899813
9902,359000,9692000,1.52875414638467,0.0830458085619531,0.0165928783244736
9903,360000,9692000,1.51183969948101,0.0853069155267661,0.0123334534293406
9904,361000,9692000,1.53716160807868,0.0945321045908402,0.0189540115118344
9905,362000,9692000,1.53600645793318,0.087069703648059,0.0214060956851688
9906,363000,9692000,1.46175322996826,0.0861499666183187,0.0288049113860471
9907,364000,9692000,1.50284583552289,0.0865359892361392,0.0170249657325132
9908,365000,9692000,1.24932200120881,0.0781141611671954,0.120060500211158
9909,366000,9692000,1.42001706166453,0.0776573938311018,0.0780053586498652
9910,367000,9692000,1.52764036087229,0.0750124961873878,0.0682687607782614
9911,368000,9692000,1.31574533395022,0.0562688173477918,0.0849267427487327
9912,369000,9692000,1.46353120493544,0.0512531352604958,0.0495550827901911
9913,370000,9692000,1.39075295871851,0.0785317294541826,0.0604155997060389
9914,371000,9692000,1.57188433383695,0.101153478019811,0.0268597610825658
9915,372000,9692000,1.50375901045558,0.104864133097201,0.0277685966282399
9916,373000,9692000,1.3993008559575,0.107903835029438,0.0473063254474662
9917,374000,9692000,1.43788758311373,0.102237205353946,0.0267997427126535
9918,375000,9692000,1.39178769064874,0.0836674566477848,0.0479627580824743
9919,262000,9693000,1.54312208271156,0.163840668845384,0.0213978185509576
9920,263000,9693000,1.52009064535286,0.161006155448233,0.0255790019873359
9921,264000,9693000,1.46392181362005,0.172602714416832,0.0189811178193827
9922,265000,9693000,1.41036471746691,0.185764507115525,0.0242963336085317
9923,266000,9693000,1.4847234562731,0.179439155238941,0.0279966294356027
9924,267000,9693000,1.52042445330158,0.133315604111361,0.0184979242468584
9925,268000,9693000,1.50606879866725,0.104952131577915,0.0362873484017042
9926,269000,9693000,1.41212504966295,0.0948719498020952,0.0265534184944054
9927,270000,9693000,1.46587007608872,0.0888362268143844,0.0410409984351413
9928,271000,9693000,1.48387781797803,0.149453311186747,0.0264975848243965
9929,272000,9693000,1.59346570599045,0.152113954645436,0.0040943364814462
9930,273000,9693000,1.50380139735785,0.138981640642067,0.01366053583211
9931,274000,9693000,1.5569447554274,0.168027730550264,0.00462940680086849
9932,275000,9693000,1.5938756456095,0.160504417691666,0.00400935815890455
9933,276000,9693000,1.50806505172743,0.151435989476353,0.0104859624215017
9934,277000,9693000,1.50439933662311,0.141855368959619,0.0204674349312182
9935,278000,9693000,1.48684947624611,0.149842428512003,0.0495097900781628
9936,279000,9693000,1.58778142712513,0.148381573221137,0.0101003885383669
9937,280000,9693000,1.57796337598971,0.163492153669657,0.0131384595946147
9938,281000,9693000,1.46104294287039,0.159507856506309,0.00826015107624543
9939,282000,9693000,1.50270411744508,0.147271082147355,0.0298551284385114
9940,283000,9693000,1.55076398572583,0.142945057903469,0.0155147162082672
9941,284000,9693000,1.59522772637837,0.13164946705899,0.00822161175973239
9942,285000,9693000,1.51030224649981,0.141774817591758,0.0219282180507723
9943,286000,9693000,1.54543153219188,0.123070472352664,0.0202673280413949
9944,287000,9693000,1.47910723184854,0.109036768264244,0.00877748821898238
9945,288000,9693000,1.54146246654297,0.0988613145297272,0.0512510799558923
9946,289000,9693000,1.5630363589273,0.0984337737393012,0.00893287860680013
9947,290000,9693000,1.45969786655852,0.0996255404031939,0.0492576681138566
9948,291000,9693000,1.54068307912831,0.0978090866236146,0.0155428630756408
9949,292000,9693000,1.52646734675456,0.0979576745184097,0.0166624547240585
9950,293000,9693000,1.51449457781662,0.0988933361493131,0.00763971293957431
9951,294000,9693000,1.56390900101035,0.104955765052343,0.00982495955526033
9952,295000,9693000,1.52901752343187,0.0967644752883845,0.0215436724160737
9953,296000,9693000,1.49345939663333,0.0978660396517374,0.0319218473467242
9954,297000,9693000,1.52357268716679,0.0988769557524932,0.0214651002636889
9955,298000,9693000,1.42829012359631,0.100009001749317,0.0423285946544137
9956,299000,9693000,1.54040166353265,0.102667128132058,0.0323677329184511
9957,3e+05,9693000,1.47545044083765,0.101617117866016,0.0242636424488571
9958,301000,9693000,1.50805033571031,0.0995810331381458,0.0269614507167419
9959,302000,9693000,1.42279986373989,0.0987472447850985,0.0623354244972713
9960,303000,9693000,1.43834164020988,0.099651135379498,0.0553646396405153
9961,304000,9693000,1.46529715850092,0.102902614328367,0.050642725387989
9962,305000,9693000,1.46169001119568,0.106032166024298,0.0612699974376571
9963,306000,9693000,1.49291202240473,0.102517064926385,0.0345569954806648
9964,307000,9693000,1.54352677836081,0.100640075998756,0.0280310772485928
9965,308000,9693000,1.38453094284316,0.104591855738169,0.077280698015554
9966,309000,9693000,1.56261876971452,0.101015169231221,0.00701061541747756
9967,310000,9693000,1.50358123591805,0.0971686924324839,0.0362627763518972
9968,311000,9693000,1.52469886950552,0.101999164498954,0.032713816014268
9969,312000,9693000,1.50282415469414,0.10565329292714,0.0251942623761745
9970,313000,9693000,1.3937513607112,0.107428406920564,0.0659127690506942
9971,314000,9693000,1.38937201833361,0.109553330269806,0.0541335246220326
9972,315000,9693000,1.4096702567664,0.109775018996623,0.04859330285006
9973,316000,9693000,1.43430167440119,0.111337851528144,0.0441375088891128
9974,317000,9693000,1.27020698319816,0.110400274740579,0.112902150238233
9975,318000,9693000,1.47378266260665,0.0920052520416886,0.023439492426692
9976,319000,9693000,1.5740452406509,0.10748302412882,0.0176175950812155
9977,320000,9693000,1.53176936424985,0.108937228034883,0.00686745378860953
9978,321000,9693000,1.53617562691939,0.0979817111747553,0.0188772715141355
9979,322000,9693000,1.58061966487331,0.0874110086307485,0.0532142074359142
9980,323000,9693000,1.58625461738893,0.0880570552101645,0.00598419298620958
9981,324000,9693000,1.58761096623364,0.0845379474018615,0.0441870072414842
9982,325000,9693000,1.45365413269211,0.0830495682730093,0.0144728252488622
9983,326000,9693000,1.34607168311539,0.0866193601105492,0.101097341686222
9984,327000,9693000,1.42155057505838,0.0879634460170278,0.0595708392573414
9985,328000,9693000,1.47985651324613,0.0789620298758076,0.0381514000856112
9986,329000,9693000,1.54018525695001,0.0790823433106877,0.0163978368600483
9987,330000,9693000,1.49870916168378,0.0801117914480537,0.0315313108292496
9988,331000,9693000,1.50103852017836,0.0761486785679392,0.0311514536079591
9989,332000,9693000,1.39136763494942,0.0798573645620778,0.0433491170843371
9990,333000,9693000,1.49288191894279,0.0818478257990411,0.0401851563215611
9991,334000,9693000,1.38647781723431,0.079914721867089,0.0577333898767834
9992,335000,9693000,1.46195363839504,0.0813855332394532,0.0258868842976564
9993,336000,9693000,1.5263940666599,0.0933354196227328,0.0110627114953724
9994,337000,9693000,1.49337020887916,0.0941041138752146,0.0218668392803516
9995,338000,9693000,1.58178800017762,0.0984976107761407,0.0156075362785777
9996,339000,9693000,1.53889434627669,0.0999637191632472,0.00439160736177313
9997,340000,9693000,1.54267327832847,0.115295189334543,0.0219263626853972
9998,341000,9693000,1.58900908130465,0.10369894818198,0.0407685451308359
9999,342000,9693000,1.47268859542978,0.0869564721423999,0.0646873011079837
10000,343000,9693000,1.55040365486934,0.0806477740525591,0.0222972896736505
10001,344000,9693000,1.57249562991137,0.0785631010244627,0.0110464650116325
10002,345000,9693000,1.52125447362874,0.0777763565580653,0.0142823774474421
10003,346000,9693000,1.49368429625828,0.0767162565384659,0.0508192841092774
10004,347000,9693000,1.52523416575506,0.0760505150848292,0.0334228144649024
10005,348000,9693000,1.58241468677278,0.0772547616460071,0.0239877119820208
10006,349000,9693000,1.56278067441042,0.0807750404883903,0.0124421733535603
10007,350000,9693000,1.48985544907302,0.08557883383558,0.0286833475283663
10008,351000,9693000,1.3371795851794,0.0824011763809971,0.0699414697473039
10009,352000,9693000,1.4763969282026,0.081002524141901,0.0444330822454752
10010,353000,9693000,1.52361416111947,0.0732672460870493,0.0175800579409166
10011,354000,9693000,1.46678427117062,0.0742125794159736,0.0284267205259354
10012,355000,9693000,1.46577072985465,0.0753665391936986,0.0272744186970851
10013,356000,9693000,1.58535641831796,0.0849799023213796,0.00679329043017131
10014,357000,9693000,1.56382417007324,0.0838152317400882,0.00621987649626596
10015,358000,9693000,1.55366929517655,0.086180593215551,0.00795715637960664
10016,359000,9693000,1.58078756075713,0.0893019543441962,0.00515587042002007
10017,360000,9693000,1.58256295367791,0.0923177404300613,0.0148148820672543
10018,361000,9693000,1.56039885512762,0.0983495863482978,0.0137426512577544
10019,362000,9693000,1.48916199942997,0.093864383826631,0.031605571344354
10020,363000,9693000,1.56605162280744,0.0843143159776218,0.0264257608880587
10021,364000,9693000,1.47755722344624,0.0850416571895697,0.0381622605617254
10022,365000,9693000,1.4412484709482,0.0873777489038505,0.0355702690927204
10023,366000,9693000,1.5544640220984,0.0945705148982873,0.0127930495248674
10024,367000,9693000,1.45999299512087,0.0762297403050729,0.084367025336611
10025,368000,9693000,1.45823635325212,0.0492907800634384,0.0354020803359583
10026,369000,9693000,1.54468171156026,0.047167773153136,0.0214689152168438
10027,370000,9693000,1.44400129800423,0.078282258675608,0.0477499682336212
10028,371000,9693000,1.34116464336114,0.105498517359354,0.0398266664918464
10029,372000,9693000,1.52964076197634,0.105231256080768,0.0500572301862144
10030,373000,9693000,1.53437814444951,0.1054942798232,0.0532839564090013
10031,374000,9693000,1.50278599871321,0.102524692788537,0.0744605389029897
10032,375000,9693000,1.45103853332063,0.0986603233193876,0.027439468402571
10033,262000,9694000,1.50739122977386,0.157367707520429,0.0244607329059698
10034,263000,9694000,1.54836784010367,0.156790224967729,0.024689892424766
10035,264000,9694000,1.5077563199549,0.159974497656554,0.0211599582769971
10036,265000,9694000,1.47697889705688,0.179525393396194,0.020500465364024
10037,266000,9694000,1.54895194704581,0.177655137584152,0.0165258044700298
10038,267000,9694000,1.55484461430461,0.129497964604152,0.0159713584387192
10039,268000,9694000,1.34728447512499,0.117453467161891,0.0914637889777845
10040,269000,9694000,1.48285265415151,0.0939871803380384,0.0720250429593385
10041,270000,9694000,1.46115171775151,0.0882742244965475,0.0367093910370818
10042,271000,9694000,1.21151143203829,0.127396365604099,0.0638110772605956
10043,272000,9694000,1.10696739532196,0.111842423201048,0.0926056122844065
10044,273000,9694000,1.35357780895895,0.107453541861953,0.0771125369490999
10045,274000,9694000,1.49133329263415,0.154415335005305,0.0182526904234892
10046,275000,9694000,1.46093841323551,0.162165943976941,0.0164664964779097
10047,276000,9694000,1.58351474248012,0.13842150121394,0.0039629123320097
10048,277000,9694000,1.50271019407786,0.14896644735482,0.0119772262381516
10049,278000,9694000,1.39215276303402,0.159203400060072,0.0218781235204677
10050,279000,9694000,1.39780090250792,0.160822063773025,0.0156212852343325
10051,280000,9694000,1.35138193322845,0.167808110008581,0.0501289371667987
10052,281000,9694000,1.52204464279188,0.179967708844895,0.00910921204890359
10053,282000,9694000,1.56839957088637,0.170410672516437,0.00341626628508078
10054,283000,9694000,1.58972130959252,0.137556991017704,0.00410339667558156
10055,284000,9694000,1.57922156340422,0.144402833698415,0.00608234440011225
10056,285000,9694000,1.55355655740127,0.147553189479986,0.00914620394200912
10057,286000,9694000,1.57947605313445,0.126482004678678,0.0336746108814475
10058,287000,9694000,1.45898979375189,0.109497532235425,0.010995248261675
10059,288000,9694000,1.51447566454294,0.0963815114961954,0.041388228336183
10060,289000,9694000,1.51072937898252,0.0972856606932838,0.0220522376996291
10061,290000,9694000,1.51449215232072,0.0956561948125308,0.0545411649893296
10062,291000,9694000,1.58048486973771,0.102886046287189,0.0338831564687114
10063,292000,9694000,1.55602810597795,0.0963040106909235,0.0306839104123502
10064,293000,9694000,1.44668966641481,0.09623146149811,0.0448241309259536
10065,294000,9694000,1.5786690172442,0.103602560466461,0.0255471413663712
10066,295000,9694000,1.47252383627139,0.0996631147993718,0.0488011031414001
10067,296000,9694000,1.47841628411542,0.100462345301057,0.0353563051616162
10068,297000,9694000,1.50312710498888,0.0967403551617987,0.0222706835113565
10069,298000,9694000,1.4460431766522,0.10021551627502,0.011612850861073
10070,299000,9694000,1.49654941114001,0.102048260730894,0.0306103165272875
10071,3e+05,9694000,1.48565606081431,0.100423548886558,0.0546209365513444
10072,301000,9694000,1.42697472201685,0.0986667532937992,0.0404303080712471
10073,302000,9694000,1.52340386431127,0.10027554872314,0.0129633727178317
10074,303000,9694000,1.46098672980079,0.102029571612076,0.0852704122374486
10075,304000,9694000,1.47003484019035,0.107537549312138,0.103519315384372
10076,305000,9694000,1.41191727204139,0.108148392833365,0.0839498316634913
10077,306000,9694000,1.53406367700102,0.105835345373486,0.0547252020786568
10078,307000,9694000,1.56113999035186,0.103443074938454,0.0347349328282674
10079,308000,9694000,1.47700738223253,0.10764767280798,0.0821086772086906
10080,309000,9694000,1.54831361804891,0.103580812525647,0.0232616151413891
10081,310000,9694000,1.56932858574433,0.102654991984135,0.00690291549963026
10082,311000,9694000,1.43040306746026,0.111334649424707,0.0607089096838509
10083,312000,9694000,1.4236508562898,0.111667084244557,0.0604478853035832
10084,313000,9694000,1.39662947972359,0.11053350853006,0.0715538032413911
10085,314000,9694000,1.36051264110616,0.111107023808306,0.057371146337105
10086,315000,9694000,1.41743292992773,0.110356826930795,0.0386112411956977
10087,316000,9694000,1.46761291532003,0.111238252477165,0.0236918921326584
10088,317000,9694000,1.468075611727,0.113273430637566,0.0372499862638307
10089,318000,9694000,1.42416629115092,0.0992000047796182,0.0451550067888785
10090,319000,9694000,1.41817639933702,0.100761990319833,0.0605252151765503
10091,320000,9694000,1.45943416965921,0.107061943993389,0.0119015376063121
10092,321000,9694000,1.51960142262606,0.103033416030409,0.0253984504872792
10093,322000,9694000,1.49804548500471,0.0902925451071616,0.0102381084355492
10094,323000,9694000,1.56630192046649,0.0874016906034709,0.055562634843724
10095,324000,9694000,1.44734765647969,0.0882981015116684,0.0310648718143987
10096,325000,9694000,1.41664840474938,0.0954249459739548,0.0522432006134362
10097,326000,9694000,1.42127087266617,0.0865335197866325,0.0438851526256272
10098,327000,9694000,1.56213999513852,0.0836537613796264,0.0194940375793548
10099,328000,9694000,1.50478962897725,0.0813174359581784,0.0673755425218548
10100,329000,9694000,1.52425826286959,0.0825332336054693,0.0289634574450026
10101,330000,9694000,1.57773610322028,0.0794585965261962,0.015746604720454
10102,331000,9694000,1.56477014814833,0.0751916763432799,0.0162365601320643
10103,332000,9694000,1.56091835523695,0.0782021852894069,0.0379855501688288
10104,333000,9694000,1.47492672181524,0.0833494383099846,0.0927961294852158
10105,334000,9694000,1.25495964521244,0.0837470139627873,0.0715337194182677
10106,335000,9694000,1.54126096841317,0.0991272405460411,0.0114343720693146
10107,336000,9694000,1.26085742494101,0.0984378562769488,0.0682774550189012
10108,337000,9694000,1.44670432298872,0.0960640910225359,0.0392742764400945
10109,338000,9694000,1.55796901527741,0.102562237190726,0.006252465455131
10110,339000,9694000,1.50214186147669,0.1079288397956,0.0316810043759157
10111,340000,9694000,1.49045670212383,0.107428384117878,0.035809918692447
10112,341000,9694000,1.54747621402449,0.106934053335961,0.0102596843202434
10113,342000,9694000,1.43585595871241,0.0857311089363501,0.0441198122874002
10114,343000,9694000,1.56624150859365,0.0789326220340639,0.0149153496897469
10115,344000,9694000,1.56106453209415,0.0795997670230247,0.0181286166713012
10116,345000,9694000,1.53167091849383,0.0762922099386665,0.0220046519069426
10117,346000,9694000,1.56073296460242,0.0768667152052775,0.0188700870642885
10118,347000,9694000,1.51563236589894,0.0747392436934953,0.0365451469116546
10119,348000,9694000,1.55017099276721,0.0772236192918037,0.0353055296853954
10120,349000,9694000,1.48932698093528,0.0812616559589736,0.0248631165241884
10121,350000,9694000,1.54212010582117,0.0852154020209133,0.0169718669534589
10122,351000,9694000,1.43175468812567,0.0816137066880924,0.036709288551293
10123,352000,9694000,1.49939766351605,0.0824115610358394,0.0586104849131589
10124,353000,9694000,1.51510490041395,0.0856438346705267,0.0251692306797506
10125,354000,9694000,1.57699062729551,0.0848569006398168,0.00530021099039475
10126,355000,9694000,1.56357345154393,0.0818006512322859,0.00642495746182314
10127,356000,9694000,1.56258499002362,0.0842007930573373,0.0150001171773044
10128,357000,9694000,1.58661639776658,0.0889797503817574,0.00591562068178443
10129,358000,9694000,1.46987219374852,0.0943516836426169,0.00279439581583578
10130,359000,9694000,1.53454557744305,0.0884090508356847,0.0335924834281602
10131,360000,9694000,1.56167244058983,0.0921297795140985,0.0197463397417656
10132,361000,9694000,1.52977623402746,0.0944825026515208,0.0159896982484261
10133,362000,9694000,1.53286576921326,0.0952234517690816,0.0172205339986243
10134,363000,9694000,1.3527233071064,0.0823286376682462,0.0820934732914386
10135,364000,9694000,1.42095141366868,0.0845707588201293,0.0589226549888417
10136,365000,9694000,1.51337827379369,0.0783703489861738,0.0027602406181522
10137,366000,9694000,1.55433760473274,0.0784942774654583,0.0248882440325979
10138,367000,9694000,1.35005289433576,0.0589235392325548,0.0275166040659853
10139,368000,9694000,1.37256092077025,0.0516867444807306,0.0163172622301712
10140,369000,9694000,1.5830853501823,0.0450317252815261,0.00655688985975402
10141,370000,9694000,1.49303969396587,0.0772218779553155,0.0306784856617784
10142,371000,9694000,1.43464822532142,0.0957128461507042,0.0779109105796359
10143,372000,9694000,1.4212570456055,0.0980899870947286,0.0775914932177642
10144,373000,9694000,1.47239009589935,0.105554901331723,0.0248860959732263
10145,374000,9694000,1.43046154971381,0.0969552457141118,0.0612339520079033
10146,375000,9694000,1.55141644736687,0.0933820764400133,0.0682501133017393
10147,262000,9695000,1.51828629747672,0.150773019512845,0.0133986188722031
10148,263000,9695000,1.45006900670951,0.160397159067253,0.0181151041743089
10149,264000,9695000,1.47464051269157,0.162750983002853,0.00761380599649836
10150,265000,9695000,1.55612532761201,0.170170667402752,0.00663742629938547
10151,266000,9695000,1.58209517517141,0.16849986701282,0.0092588611434743
10152,267000,9695000,1.58286855520139,0.167918682664385,0.0133244548163891
10153,268000,9695000,1.52575512506018,0.194103939214427,0.0102836918284764
10154,269000,9695000,1.52653074818753,0.158051471885842,0.0275887051446362
10155,270000,9695000,1.50875995864491,0.144260606963532,0.045046574611651
10156,271000,9695000,1.44533392298813,0.142198556269373,0.0163204372213329
10157,272000,9695000,1.44812340528767,0.125391510956811,0.0523336740364748
10158,273000,9695000,1.57535916239924,0.138095517760878,0.00491718888813244
10159,274000,9695000,1.59293934575769,0.128181721914288,0.00479349597404495
10160,275000,9695000,1.54267247034579,0.144796369669775,0.0129591486064516
10161,276000,9695000,1.5380230160287,0.14017917099846,0.0146491671158507
10162,277000,9695000,1.44970370876141,0.158065479592792,0.00794190434796996
10163,278000,9695000,1.40853282944534,0.164416826806521,0.00910563479191836
10164,279000,9695000,1.30768901158024,0.162204083137067,0.0272782504204303
10165,280000,9695000,1.55093497170314,0.163581184642125,0.00941793037488771
10166,281000,9695000,1.47260184000533,0.195594345991207,0.0109313316434404
10167,282000,9695000,1.50251781061722,0.174238790725057,0.0058978845612634
10168,283000,9695000,1.56806868832113,0.138254501071585,0.00338720792277885
10169,284000,9695000,1.54793276218083,0.128879260528382,0.0148794386109109
10170,285000,9695000,1.56051944861997,0.140232102393042,0.00456667292211948
10171,286000,9695000,1.51220607312966,0.122200194361191,0.0153572529544539
10172,287000,9695000,1.50421496751494,0.112704323009619,0.0201409822223252
10173,288000,9695000,1.53980764597345,0.111454809622828,0.0281343512047622
10174,289000,9695000,1.38160389744527,0.0966487800985364,0.0568198519508093
10175,290000,9695000,1.51044177218851,0.0899238134755109,0.0486511123507814
10176,291000,9695000,1.49212941691001,0.0881894211839558,0.0211665145373257
10177,292000,9695000,1.42255194777749,0.0865648653934606,0.0805518893640595
10178,293000,9695000,1.47448562200206,0.0948569903097912,0.0196038581174763
10179,294000,9695000,1.34210090265767,0.096695989965603,0.00938626428542769
10180,295000,9695000,1.52292818266845,0.107000098476208,0.0194833626433037
10181,296000,9695000,1.57690227801018,0.107185544635007,0.0120889376363507
10182,297000,9695000,1.47940784914719,0.0958080340201407,0.0420567696140173
10183,298000,9695000,1.47842706979108,0.0973016239331662,0.0254249652985162
10184,299000,9695000,1.39352414720141,0.0960971306939164,0.0144182310010301
10185,3e+05,9695000,1.41896597391031,0.0927057291114771,0.0447453028937451
10186,301000,9695000,1.50580073662865,0.0894957633424487,0.0184452663586134
10187,302000,9695000,1.40550499754933,0.0969440973376629,0.0221765350465643
10188,303000,9695000,1.38875402026633,0.101901734449426,0.0356277779024965
10189,304000,9695000,1.3478799695868,0.109013333341318,0.11718710159723
10190,305000,9695000,1.53601534735878,0.108165218821116,0.00761083607932173
10191,306000,9695000,1.55447738859057,0.109905253196415,0.0430235859124537
10192,307000,9695000,1.58680554784684,0.107313289566769,0.0502921459338917
10193,308000,9695000,1.56016554270449,0.109052096087528,0.0523474256560403
10194,309000,9695000,1.51432110768357,0.105940372945243,0.0378950110552014
10195,310000,9695000,1.52724910504889,0.109841986432766,0.0137134080081912
10196,311000,9695000,1.51520330305435,0.119039197401636,0.0252023166222167
10197,312000,9695000,1.49071732114545,0.11652376423125,0.0409568086581066
10198,313000,9695000,1.41854771632173,0.115583008633441,0.0614223060864037
10199,314000,9695000,1.42951521214352,0.114571233123484,0.0278629717258138
10200,315000,9695000,1.48432547100126,0.114923459332371,0.0295716286236121
10201,316000,9695000,1.47575930226835,0.118704596938741,0.0165937452627458
10202,317000,9695000,1.52702876086591,0.119575435411272,0.0199543975661855
10203,318000,9695000,1.50032198611702,0.0982645851360652,0.016719568931026
10204,319000,9695000,1.55109099377927,0.103432635037649,0.0179417224489146
10205,320000,9695000,1.54850186624918,0.121128359353639,0.0366642797252796
10206,321000,9695000,1.49075564378268,0.105361915154282,0.0372938183273183
10207,322000,9695000,1.34321615755223,0.0890093767346489,0.0822958403421736
10208,323000,9695000,1.56439553560425,0.0895389362351235,0.0139346648047933
10209,324000,9695000,1.4272896860582,0.0993046677464643,0.0227035812540044
10210,325000,9695000,1.45606466914929,0.0997854994209478,0.0350184670677241
10211,326000,9695000,1.43102582556777,0.0874267438234255,0.0432926447019516
10212,327000,9695000,1.59230395452838,0.085100458513739,0.0109048135689117
10213,328000,9695000,1.56190981937653,0.0916722462794599,0.0150711575903688
10214,329000,9695000,1.41572553048529,0.0844162236719937,0.0578506104435906
10215,330000,9695000,1.39447993749389,0.0821825395248464,0.0194680773537656
10216,331000,9695000,1.42855623549264,0.092084634222965,0.0343879864216961
10217,332000,9695000,1.35655612342221,0.0871876945013489,0.0731574870618269
10218,333000,9695000,1.40198506102849,0.0851248451427638,0.0400210072002673
10219,334000,9695000,1.33431051644549,0.08499578151507,0.0509598600640222
10220,335000,9695000,1.58058221106734,0.107438569955348,0.0119832188254059
10221,336000,9695000,1.51909623860964,0.116324618615007,0.0293168290369421
10222,337000,9695000,1.49660857095401,0.10503192632453,0.0110438548123416
10223,338000,9695000,1.51628151860188,0.0991261758413744,0.0185181254845113
10224,339000,9695000,1.4788412805134,0.114449727324484,0.0432559324009388
10225,340000,9695000,1.32137945192113,0.107512648497608,0.0206735478163152
10226,341000,9695000,1.48918021930243,0.111674974892644,0.0195832351473057
10227,342000,9695000,1.39341834502191,0.0907892965938294,0.0129612938258936
10228,343000,9695000,1.55852338475636,0.0801641772014473,0.019213467783156
10229,344000,9695000,1.51841125139949,0.0765474510563011,0.0101659166229276
10230,345000,9695000,1.51374541844113,0.0754698833126383,0.012942614946041
10231,346000,9695000,1.52883353131637,0.0789714368214499,0.0186444377622555
10232,347000,9695000,1.50358750445707,0.0773110102325731,0.0141910351973217
10233,348000,9695000,1.54659840558498,0.0779053971488572,0.0131750287129695
10234,349000,9695000,1.59325163192108,0.0810147817206794,0.029307408318742
10235,350000,9695000,1.54698100679557,0.0894619348292904,0.0177858492633726
10236,351000,9695000,1.53167452019568,0.0851022634612558,0.0130647049444515
10237,352000,9695000,1.48203690465275,0.0834787391105552,0.0405510821860407
10238,353000,9695000,1.43763140088316,0.0894477721287253,0.0735280642749132
10239,354000,9695000,1.42456557989343,0.0832582018590929,0.0465531825083623
10240,355000,9695000,1.52026268319905,0.0913294958683788,0.0210986318126006
10241,356000,9695000,1.52771403186292,0.0974482188947834,0.0257055663254531
10242,357000,9695000,1.54633935560827,0.0938236504634051,0.00861323866260577
10243,358000,9695000,1.58250679240913,0.0940286453001632,0.00735107171708924
10244,359000,9695000,1.58412359853056,0.0934684239805775,0.00766789255376281
10245,360000,9695000,1.53339594833015,0.0998538919861478,0.0194919291532272
10246,361000,9695000,1.57450595873055,0.0901270689162959,0.010870765065518
10247,362000,9695000,1.46822491383274,0.0900703334715477,0.0255397826775154
10248,363000,9695000,1.49310805527969,0.0930493047250894,0.0494845516317234
10249,364000,9695000,1.53495604461486,0.104193963707782,0.0264362170205382
10250,365000,9695000,1.38580681614269,0.0536657186125241,0.115693483867429
10251,366000,9695000,1.27641676542922,0.0519860339151714,0.0609896787176308
10252,367000,9695000,1.40832767640653,0.0654935449273759,0.0803106582790201
10253,368000,9695000,1.25807894083496,0.0556078428825179,0.0907309700943665
10254,369000,9695000,1.31922429448086,0.0575279824034112,0.0358722562041404
10255,370000,9695000,1.47928342699209,0.0907809018986506,0.0446715573359944
10256,371000,9695000,1.50985787912445,0.0921088419490613,0.0541972872911344
10257,372000,9695000,1.50438455929149,0.0654077398454655,0.0830400314586933
10258,373000,9695000,1.47387489265524,0.0882810446250454,0.0326271220310874
10259,374000,9695000,1.32087188379089,0.0916898616056853,0.0567157964928319
10260,375000,9695000,1.3569811210704,0.0951534569659108,0.0570170684554877
10261,262000,9696000,1.53544526405583,0.130200665551208,0.00747419813510773
10262,263000,9696000,1.52824185022561,0.147968357279315,0.0141134937723957
10263,264000,9696000,1.50838067970314,0.154784822416306,0.00742579888287879
10264,265000,9696000,1.38667209190835,0.151159335113058,0.00443227555567442
10265,266000,9696000,1.5053547173338,0.168933292311693,0.0124666916720328
10266,267000,9696000,1.37265696421394,0.189320155645704,0.0301411411378644
10267,268000,9696000,1.4932803123619,0.200729233665704,0.0144208696482617
10268,269000,9696000,1.40017068655803,0.20468914710407,0.023866188648145
10269,270000,9696000,1.52623180425973,0.192544610144858,0.00771772215272536
10270,271000,9696000,1.4979826390061,0.184980201669024,0.0206883151426981
10271,272000,9696000,1.36058206620076,0.192904452854332,0.0329384923533768
10272,273000,9696000,1.4651133410105,0.189228559193967,0.0152663751786031
10273,274000,9696000,1.54550607034701,0.15961687926916,0.0142282519863893
10274,275000,9696000,1.58229822353025,0.148043613633801,0.00751527557618652
10275,276000,9696000,1.482464027214,0.149396154946168,0.00977098366923351
10276,277000,9696000,1.44172171073412,0.157343822821759,0.0136469375427916
10277,278000,9696000,1.47387347795558,0.160219844818866,0.00763928798582338
10278,279000,9696000,1.56684207763761,0.158282065103885,0.00401751093461922
10279,280000,9696000,1.50581947100164,0.16895216666839,0.0175243843211295
10280,281000,9696000,1.49332947997681,0.251311902384454,0.011057930679352
10281,282000,9696000,1.54106903348875,0.228676466318722,0.00554674168651463
10282,283000,9696000,1.48679577205848,0.174256981326242,0.0136046568574679
10283,284000,9696000,1.47326227343158,0.154400244448005,0.0171869162530346
10284,285000,9696000,1.58106829879815,0.136475593143121,0.00925132645035099
10285,286000,9696000,1.51238539114729,0.134714884588089,0.00745104804336703
10286,287000,9696000,1.49761430157981,0.125401399624337,0.0119231765904096
10287,288000,9696000,1.57874241028326,0.119520947402511,0.0217895815093048
10288,289000,9696000,1.46131547273427,0.106758793029134,0.0842152579773129
10289,290000,9696000,1.52470419891956,0.0991038243870834,0.0726309037452562
10290,291000,9696000,1.4810828762793,0.0922450542961235,0.0275426773727954
10291,292000,9696000,1.35752468746401,0.0871911784498079,0.0527638600212912
10292,293000,9696000,1.43964032029393,0.0950988768376576,0.0258966634749211
10293,294000,9696000,1.37545604344425,0.0945936377255652,0.074687477881161
10294,295000,9696000,1.55442478301221,0.11333213398596,0.0206127571345437
10295,296000,9696000,1.56064707461222,0.112883924733505,0.00633797747933849
10296,297000,9696000,1.48621652395235,0.101061329800829,0.014849716784744
10297,298000,9696000,1.44923227351351,0.0967712285578684,0.037429270394884
10298,299000,9696000,1.4159084174468,0.0948151918450174,0.0172622210623725
10299,3e+05,9696000,1.5029442855256,0.0944065036206951,0.0272103985955865
10300,301000,9696000,1.47728737370606,0.0870817546031678,0.00931764336823866
10301,302000,9696000,1.35994294483227,0.096019226154335,0.0182020535180187
10302,303000,9696000,1.39271341837806,0.102505219596791,0.0369807876157236
10303,304000,9696000,1.41191981507898,0.107011410890957,0.0765494517339083
10304,305000,9696000,1.47882192597509,0.104369851352734,0.0593734990571473
10305,306000,9696000,1.51097439471178,0.106095613070285,0.0177677758111918
10306,307000,9696000,1.42537135133904,0.10336766842582,0.0200981951114964
10307,308000,9696000,1.50880909641045,0.108330238284569,0.0333834072326218
10308,309000,9696000,1.38958992556501,0.113000464458922,0.0611752505442484
10309,310000,9696000,1.49220246656257,0.117753164876401,0.0310362899512143
10310,311000,9696000,1.53170626633849,0.119725970512069,0.0037977188549248
10311,312000,9696000,1.4859467238379,0.120825710662781,0.0281141534947685
10312,313000,9696000,1.53015975808122,0.118701183568353,0.030631990824053
10313,314000,9696000,1.53653672344128,0.111823530188033,0.0437305744316472
10314,315000,9696000,1.56556638913154,0.114087058537001,0.0301445817562654
10315,316000,9696000,1.52446430488052,0.121533207542194,0.0334664882759636
10316,317000,9696000,1.5137974222689,0.120269450625423,0.0252122744090084
10317,318000,9696000,1.46044530395431,0.10474729701521,0.0368880457972237
10318,319000,9696000,1.48650361751633,0.102320501208842,0.0436431152625509
10319,320000,9696000,1.44766587836563,0.115444592729164,0.0584930819409815
10320,321000,9696000,1.57267830401978,0.113149476441641,0.00244330342220594
10321,322000,9696000,1.39432870078197,0.0923939898384513,0.0803150215251908
10322,323000,9696000,1.46288273235909,0.0918435733324721,0.0376502368707024
10323,324000,9696000,1.43526325945132,0.10222003798981,0.0132115953521598
10324,325000,9696000,1.38910368129817,0.0900453568421835,0.0320794939595774
10325,326000,9696000,1.59684498682299,0.0850652470652497,0.0125073497871337
10326,327000,9696000,1.55847540629695,0.0868500486975645,0.0317889402414323
10327,328000,9696000,1.51225647574601,0.0883520126285983,0.0431220539572997
10328,329000,9696000,1.43671565201633,0.0897713276582037,0.0565820562026391
10329,330000,9696000,1.46706957153225,0.0892028173214982,0.0284623215126677
10330,331000,9696000,1.53238545890526,0.100653816754011,0.00682435790320135
10331,332000,9696000,1.53853829115174,0.090933032179323,0.0115753407994428
10332,333000,9696000,1.52458069272908,0.0864563352026431,0.0174732045279523
10333,334000,9696000,1.52489583306911,0.0837674493373613,0.0143245750031341
10334,335000,9696000,1.58563329964393,0.100255169660599,0.0293329646713321
10335,336000,9696000,1.54682585496729,0.13243473349681,0.0281845968564771
10336,337000,9696000,1.45249716008458,0.127285215353254,0.0353581716773489
10337,338000,9696000,1.52212400907643,0.117234082789432,0.0184077082187104
10338,339000,9696000,1.46395704885754,0.120355548910197,0.0328267722920748
10339,340000,9696000,1.52549252164764,0.130301683608579,0.0151918263596425
10340,341000,9696000,1.5315718023274,0.149479546372871,0.00449647212838205
10341,342000,9696000,1.46746791334061,0.117103150511342,0.0273431293001501
10342,343000,9696000,1.44457733024474,0.0895723908367254,0.0256246016977034
10343,344000,9696000,1.3236154483508,0.085047753319386,0.0388266727792083
10344,345000,9696000,1.57552485520706,0.0787307442526736,0.0360728267669223
10345,346000,9696000,1.47781257824847,0.0762144108845687,0.0528615367701974
10346,347000,9696000,1.39035085608986,0.081507925651268,0.0402940731490435
10347,348000,9696000,1.42612282867253,0.0820235819361036,0.0103631591239464
10348,349000,9696000,1.59838935796351,0.0823166365727442,0.00508802702025555
10349,350000,9696000,1.58801394144405,0.0873190883895426,0.0071779040875863
10350,351000,9696000,1.43222815463884,0.0915103839262094,0.045225267839995
10351,352000,9696000,1.48038734589237,0.094740237600173,0.0157248004988259
10352,353000,9696000,1.45873921763943,0.0857100903107985,0.0718479672706684
10353,354000,9696000,1.49293242153874,0.0850749445339306,0.0204428152068211
10354,355000,9696000,1.52701680461955,0.0860310666172897,0.00938864591904133
10355,356000,9696000,1.42395012316985,0.0815594352831204,0.0202022250262917
10356,357000,9696000,1.42999580245732,0.084393418550072,0.048725969242392
10357,358000,9696000,1.59751680525228,0.088333312361438,0.00270047373661619
10358,359000,9696000,1.59944382011457,0.0861591169740735,0.00945585624010598
10359,360000,9696000,1.58677465110782,0.0983415769548509,0.0200269172791738
10360,361000,9696000,1.56048677620366,0.100887307808649,0.0178963416592087
10361,362000,9696000,1.57414426637869,0.100950167765524,0.0533041535317325
10362,363000,9696000,1.51522522179235,0.0931366433862678,0.0767787430095309
10363,364000,9696000,1.5155661236908,0.0899845488416819,0.0334878684503472
10364,365000,9696000,1.27921893065331,0.0621105064663497,0.0412148396180053
10365,366000,9696000,1.19917354537921,0.0507649357232737,0.120828412221335
10366,367000,9696000,1.50339284244444,0.0738592512986021,0.0128704952130918
10367,368000,9696000,1.405227058207,0.0622042779053064,0.0732466696538523
10368,369000,9696000,1.39357965412922,0.0599220034085127,0.0695827929518072
10369,370000,9696000,1.37118356109923,0.0649026785552991,0.0174176584331288
10370,371000,9696000,1.39832258739954,0.0631929676248521,0.0049079010308875
10371,372000,9696000,1.40848865187411,0.088859109391257,0.0797139592144427
10372,373000,9696000,1.40698218186188,0.0801240124835886,0.0307952829618489
10373,374000,9696000,1.45597898764556,0.0666215685908694,0.0327863028639921
10374,375000,9696000,1.42621506220098,0.0850147202303519,0.0544549727937667
10375,262000,9697000,1.5764943565335,0.122889672133025,0.00530174730282315
10376,263000,9697000,1.53371926409944,0.139651283169159,0.00761561483947301
10377,264000,9697000,1.54039137949954,0.149712402737524,0.00863873317687106
10378,265000,9697000,1.56450330835507,0.145823038786938,0.00852855503736286
10379,266000,9697000,1.55180896138278,0.159164135320691,0.0125452077471785
10380,267000,9697000,1.45895098340509,0.181972952829393,0.0127232137030178
10381,268000,9697000,1.45390222780765,0.197865938144293,0.0104107808810917
10382,269000,9697000,1.39179544227583,0.195054875546071,0.0371856139824603
10383,270000,9697000,1.5758349501871,0.159566767306823,0.0123930866055843
10384,271000,9697000,1.52528261853994,0.170990946442199,0.0184435476416216
10385,272000,9697000,1.57044346533146,0.169574227587733,0.0126424619746979
10386,273000,9697000,1.54201931581162,0.173505588622321,0.0127523224785888
10387,274000,9697000,1.45110997985549,0.208921855144697,0.0112995804860787
10388,275000,9697000,1.56999293830897,0.160280377133688,0.016050822440985
10389,276000,9697000,1.55030086991382,0.170300488983163,0.00888073430694651
10390,277000,9697000,1.5750362580745,0.131932349579515,0.0070077196105942
10391,278000,9697000,1.44822952791385,0.15317135716231,0.0128540996338494
10392,279000,9697000,1.57940513108892,0.134792114378733,0.00626651585841309
10393,280000,9697000,1.5659854131621,0.192982690429005,0.00733667084728418
10394,281000,9697000,1.47261042777381,0.201430772958468,0.0190994375596446
10395,282000,9697000,1.54606648008668,0.199775615732544,0.00717850843205003
10396,283000,9697000,1.39713002274117,0.17280842648687,0.0250478961731368
10397,284000,9697000,1.51960988353478,0.18432815142332,0.0173432879750519
10398,285000,9697000,1.49205983345141,0.162788139943552,0.0306716863937365
10399,286000,9697000,1.47501312888009,0.163905303322705,0.021663461013599
10400,287000,9697000,1.4829394018277,0.152437461355128,0.0175986857305121
10401,288000,9697000,1.40489018895828,0.126527270608413,0.0230815603851566
10402,289000,9697000,1.47497827671612,0.11984536580602,0.0336831166296479
10403,290000,9697000,1.28051781091771,0.104039400380618,0.0663288219609876
10404,291000,9697000,1.42026778443086,0.105786077786573,0.0461707672901418
10405,292000,9697000,1.49885261609214,0.0962909332965433,0.0336276139605499
10406,293000,9697000,1.45270721637788,0.0888567297035664,0.033012780386092
10407,294000,9697000,1.37261334260225,0.097042516178184,0.036874536191717
10408,295000,9697000,1.5436260594976,0.113891302782559,0.0268146581015239
10409,296000,9697000,1.41145514780387,0.106580331351144,0.0319094996575835
10410,297000,9697000,1.41719232814367,0.0969313542290473,0.0197152856853849
10411,298000,9697000,1.42273366862674,0.0910793180972725,0.0173643453751364
10412,299000,9697000,1.45095835889876,0.105934997045673,0.0113303336730865
10413,3e+05,9697000,1.51909558115911,0.100047877186188,0.0121186857445981
10414,301000,9697000,1.46134529207828,0.0924160383428344,0.0298087596783239
10415,302000,9697000,1.41793680419024,0.095607006913676,0.0135388919879659
10416,303000,9697000,1.54175566730991,0.103941732435639,0.0465213488629611
10417,304000,9697000,1.34342781438534,0.106726256093708,0.0808877539320431
10418,305000,9697000,1.50331473865845,0.105985071969432,0.0165698907210806
10419,306000,9697000,1.46046000740503,0.102943350868695,0.0263365913889587
10420,307000,9697000,1.53940979577635,0.108113347213876,0.0240265647186038
10421,308000,9697000,1.45900989189122,0.106139821906309,0.0553242622176981
10422,309000,9697000,1.59324004639035,0.115962258616793,0.0455866051908424
10423,310000,9697000,1.53315798926443,0.123304584648691,0.0311075409863485
10424,311000,9697000,1.55700195514843,0.125528008986198,0.0554195938794448
10425,312000,9697000,1.42021305059103,0.125766498900555,0.0223230512646274
10426,313000,9697000,1.52580781982869,0.118619639249529,0.0610510221963817
10427,314000,9697000,1.59326613827482,0.113099475846547,0.0288521234755464
10428,315000,9697000,1.49801200859667,0.117012915833577,0.0375434986134072
10429,316000,9697000,1.52565817334669,0.121229316445369,0.0097970112537993
10430,317000,9697000,1.49035099341791,0.122141296377975,0.0334348219097872
10431,318000,9697000,1.44571302353721,0.107349153281668,0.0588514096682352
10432,319000,9697000,1.45578219392498,0.106736316334235,0.0394746149861606
10433,320000,9697000,1.38770584401019,0.114400087772704,0.0777761940072511
10434,321000,9697000,1.56195851639468,0.109723470252624,0.0206287431322536
10435,322000,9697000,1.43005938425825,0.0941037464712579,0.00909178869606457
10436,323000,9697000,1.55436019398174,0.0979240718987581,0.0276757298267244
10437,324000,9697000,1.58941773772298,0.0992905940038958,0.0166786172498211
10438,325000,9697000,1.44528096756559,0.0855259450696418,0.0535885266860842
10439,326000,9697000,1.51571971065737,0.0868869152973692,0.0419384498156011
10440,327000,9697000,1.46110776377023,0.0869912006833875,0.0537908277030937
10441,328000,9697000,1.49602874989548,0.0893771080080671,0.0343702168398533
10442,329000,9697000,1.41669131495695,0.0927261647504215,0.0494210043122894
10443,330000,9697000,1.5714809534067,0.0856970919313242,0.0927566505156451
10444,331000,9697000,1.40985150804813,0.0892681283243834,0.049030629087877
10445,332000,9697000,1.50295128052665,0.0894958634450411,0.0130381552675338
10446,333000,9697000,1.43792712849303,0.100925591478885,0.0206459233671556
10447,334000,9697000,1.42143785884368,0.0827560773087006,0.0483830661397947
10448,335000,9697000,1.52870141061166,0.0837421530523886,0.0852963455329861
10449,336000,9697000,1.54604065774758,0.106338363023764,0.0441702808729684
10450,337000,9697000,1.52689985318915,0.119537096434814,0.0247401711728726
10451,338000,9697000,1.49776325788423,0.132130075255812,0.0276651151387795
10452,339000,9697000,1.48359703143873,0.139874785128831,0.01501545451588
10453,340000,9697000,1.44730165567143,0.154446407019747,0.0326078955205439
10454,341000,9697000,1.4306073215709,0.159306376086067,0.0285330819600514
10455,342000,9697000,1.46020539112276,0.158948422932009,0.0349696159729353
10456,343000,9697000,1.59195807950705,0.115532570643552,0.0144071169415389
10457,344000,9697000,1.55108881533914,0.130787494136096,0.0108151243627986
10458,345000,9697000,1.27202131601009,0.0847451364210837,0.0103908367172888
10459,346000,9697000,1.57562422724465,0.0807878487945322,0.0264883036174639
10460,347000,9697000,1.56592901208087,0.0814227020212526,0.0278450510491143
10461,348000,9697000,1.42055752007955,0.084321159119068,0.0079279783972729
10462,349000,9697000,1.59662598717745,0.0855714404436641,0.0126820347599703
10463,350000,9697000,1.57946773753972,0.0854282615052745,0.00565723177827141
10464,351000,9697000,1.55636880243464,0.0866789852523755,0.0177098330308152
10465,352000,9697000,1.52092466258363,0.0878575827670608,0.0348806031715433
10466,353000,9697000,1.54323212785964,0.0892574213808971,0.0274170004425601
10467,354000,9697000,1.53469713511704,0.09313198651497,0.0236097562672056
10468,355000,9697000,1.56534846642306,0.0943309501263217,0.0381528059576062
10469,356000,9697000,1.55123278482201,0.087588900110486,0.0359812436428359
10470,357000,9697000,1.55547186263213,0.0906873494875269,0.00690678122465962
10471,358000,9697000,1.55260431945713,0.0928180187150062,0.0171855215441508
10472,359000,9697000,1.52455860912172,0.0773578717413296,0.0338065591646354
10473,360000,9697000,1.56871540514829,0.0849638462768435,0.0192774982391554
10474,361000,9697000,1.59011280826221,0.0963956487595539,0.0500503044799732
10475,362000,9697000,1.58130392569814,0.098555603615412,0.0177372054476467
10476,363000,9697000,1.59891228927117,0.0937705823813635,0.0566656611430644
10477,364000,9697000,1.57433798708825,0.113445944675655,0.00568675397176121
10478,365000,9697000,1.53035925044373,0.0912665784351878,0.0329287983687176
10479,366000,9697000,1.39506688275944,0.0693188432094178,0.0746645142601946
10480,367000,9697000,1.52362468564314,0.0663271637241351,0.089784324565468
10481,368000,9697000,1.41526577400184,0.0651828855162507,0.0334768413954952
10482,369000,9697000,1.21752273487373,0.0534504164001505,0.104560526624807
10483,370000,9697000,1.36642029385471,0.0664771685630591,0.0842087948459186
10484,371000,9697000,0.971112301401496,0.0492326899191832,0.12798324110865
10485,372000,9697000,1.38467024235994,0.0757114222309759,0.0642701952507821
10486,373000,9697000,1.26212728242617,0.0947101082948394,0.0458506148665833
10487,374000,9697000,1.41457656494709,0.0896505641647573,0.0142109890589043
10488,375000,9697000,1.36390662962619,0.0868242372788297,0.0734580431147428
10489,262000,9698000,1.55340516177074,0.125957567236909,0.0210142439483025
10490,263000,9698000,1.49808645756618,0.13203101477925,0.0147186172829614
10491,264000,9698000,1.5806429970288,0.148030598666154,0.0129923265668883
10492,265000,9698000,1.55094830716948,0.145008257537373,0.0152059562100665
10493,266000,9698000,1.38095460212996,0.173137726225689,0.0290885753133906
10494,267000,9698000,1.2485276615518,0.185666933661506,0.0717848955853125
10495,268000,9698000,1.40092876402893,0.196158852185996,0.0234956673698861
10496,269000,9698000,1.51417186770132,0.191247565569923,0.0597343302883313
10497,270000,9698000,1.39867178761872,0.187535925417508,0.0453417641567713
10498,271000,9698000,1.56215928399228,0.172569476715813,0.00609912168388969
10499,272000,9698000,1.37155026591329,0.202240430322256,0.0189350756994494
10500,273000,9698000,1.52221931092041,0.163144304552591,0.0215732491969214
10501,274000,9698000,1.5655805649509,0.185432323346912,0.0106840792432077
10502,275000,9698000,1.36275963769729,0.174738363774207,0.0315362949742943
10503,276000,9698000,1.55605931399892,0.144446242277744,0.0232337337361829
10504,277000,9698000,1.53193590346646,0.10028326464,0.0402976144915539
10505,278000,9698000,1.5755349622548,0.163733001569645,0.00473536733222099
10506,279000,9698000,1.5603236375777,0.155354598336214,0.0126445000518905
10507,280000,9698000,1.45685998838521,0.214629206224945,0.0204477893181058
10508,281000,9698000,1.60097817694251,0.178848495682888,0.00935732271491536
10509,282000,9698000,1.55585198369219,0.196622292946551,0.0141031497965737
10510,283000,9698000,1.55678644173123,0.180585273424254,0.00410818897810506
10511,284000,9698000,1.56342422475994,0.199240285601425,0.0030165987638444
10512,285000,9698000,1.50251019586141,0.187745991311929,0.0197049606408232
10513,286000,9698000,1.41551844197239,0.1705243376644,0.0205688959786841
10514,287000,9698000,1.4678832657839,0.166863921724098,0.0324019702362526
10515,288000,9698000,1.40430458129771,0.139377612453358,0.0786851412513042
10516,289000,9698000,1.47296499666822,0.137087627917613,0.0170667452755883
10517,290000,9698000,1.20729739901002,0.107691823143485,0.0422045860981718
10518,291000,9698000,1.46280143327336,0.121259113659331,0.0273504832962597
10519,292000,9698000,1.5338091508417,0.109809849440083,0.0323834735215555
10520,293000,9698000,1.48228503837312,0.091874867492193,0.0225109701591141
10521,294000,9698000,1.41521565659543,0.109871680330258,0.00648919004116951
10522,295000,9698000,1.6020623777179,0.129597896075701,0.0071070769658851
10523,296000,9698000,1.41898216962261,0.103032797177094,0.0587271003528852
10524,297000,9698000,1.53923623734123,0.0912951862812427,0.0250394861784856
10525,298000,9698000,1.45249617002553,0.0880470557630416,0.022138907812514
10526,299000,9698000,1.37070137801331,0.103991196222673,0.0120084231703482
10527,3e+05,9698000,1.42785464672866,0.0998139794016309,0.0289859256634166
10528,301000,9698000,1.56946990938305,0.094752507459207,0.047328506332153
10529,302000,9698000,1.52393455664849,0.0949590836629517,0.0198183257890462
10530,303000,9698000,1.51501814115709,0.103072857246826,0.0767295978360378
10531,304000,9698000,1.38119855527521,0.106581406056558,0.0882866777962187
10532,305000,9698000,1.42035603863671,0.102434817766934,0.0505098089665692
10533,306000,9698000,1.52767542432883,0.0997565607083779,0.0746746170974449
10534,307000,9698000,1.33327035642595,0.112592700648749,0.0352733383899158
10535,308000,9698000,1.24732271003098,0.107121962488805,0.0742489047092893
10536,309000,9698000,1.58935513732729,0.117209603915796,0.059302873155996
10537,310000,9698000,1.51049500999709,0.125792070817668,0.0399608287846726
10538,311000,9698000,1.50453819772142,0.128269510395571,0.0534992462184158
10539,312000,9698000,1.3986587218606,0.128587736168605,0.0641072080289231
10540,313000,9698000,1.54588198827115,0.121081595888632,0.0552965564252916
10541,314000,9698000,1.56315208700436,0.118124113188455,0.0454181980071669
10542,315000,9698000,1.4754009065428,0.121040396501913,0.0242757420536823
10543,316000,9698000,1.458265137111,0.114360245134993,0.0610126052283106
10544,317000,9698000,1.35498713417897,0.11923332080741,0.089676197581642
10545,318000,9698000,1.40978495535126,0.108681049972573,0.0422806012920549
10546,319000,9698000,1.4151425158493,0.109239335199751,0.0758234413066355
10547,320000,9698000,1.39917775359224,0.114303637157561,0.0791737035184005
10548,321000,9698000,1.46523898137756,0.108952053630354,0.0256429686492618
10549,322000,9698000,1.458303878425,0.0921313148770401,0.057086143819981
10550,323000,9698000,1.60135370496616,0.0956102829720629,0.0178404471719587
10551,324000,9698000,1.37681916854692,0.0903873429263647,0.0461834358612123
10552,325000,9698000,1.53427793180045,0.0898481404016677,0.0229895787556571
10553,326000,9698000,1.47725433001062,0.091609986663303,0.0356768236574009
10554,327000,9698000,1.29681295172111,0.0889240623335474,0.114672118024186
10555,328000,9698000,1.51073225221407,0.0906991236857586,0.025794318918096
10556,329000,9698000,1.44592451589893,0.0938709342988713,0.0534588477692367
10557,330000,9698000,1.58198226868224,0.0877952179693693,0.0320747222094888
10558,331000,9698000,1.57884248033488,0.0845764477913132,0.0286061190268605
10559,332000,9698000,1.51184613288163,0.0871924230400223,0.0665412019222778
10560,333000,9698000,1.37248478757637,0.0966699995827103,0.0174071654063957
10561,334000,9698000,1.56772209520283,0.0731506042030589,0.129344345768506
10562,335000,9698000,1.56757469307262,0.0679791299914566,0.0157425355031448
10563,336000,9698000,1.55768502070193,0.100665860454734,0.0569302625319392
10564,337000,9698000,1.5362979041685,0.127020386835777,0.0155956657861105
10565,338000,9698000,1.5798722176461,0.148519285571049,0.0141843799979846
10566,339000,9698000,1.60017433482206,0.153968369803546,0.00631210761737752
10567,340000,9698000,1.56497281082498,0.164717377385488,0.00501181926630665
10568,341000,9698000,1.50534469965335,0.166217127488109,0.0115764155413981
10569,342000,9698000,1.44681875102856,0.157618140662425,0.0336170449666859
10570,343000,9698000,1.39713797028207,0.145671144992851,0.0185257452517689
10571,344000,9698000,1.48333057368414,0.157388311446528,0.0813910756187648
10572,345000,9698000,1.42440238858967,0.103067979987392,0.025557483422671
10573,346000,9698000,1.48850573975892,0.0908132907218454,0.0207079604120416
10574,347000,9698000,1.53146313263244,0.0844323956768026,0.0296803479832101
10575,348000,9698000,1.41997085314549,0.082503914030536,0.0412843809815548
10576,349000,9698000,1.60450962897702,0.0882695077748352,0.00772033108197147
10577,350000,9698000,1.51683389882632,0.0850534983348367,0.0278803885188664
10578,351000,9698000,1.57330277145146,0.0807950022621743,0.00916210969786023
10579,352000,9698000,1.57953050836019,0.0888919524811939,0.0102572991118672
10580,353000,9698000,1.59902189158285,0.0974044831435055,0.0316557875065987
10581,354000,9698000,1.54769396766061,0.103805983808157,0.0217171496638843
10582,355000,9698000,1.53301558956423,0.100373205960458,0.0547479195435095
10583,356000,9698000,1.52849119190791,0.095429554121267,0.0219259267621047
10584,357000,9698000,1.56067847958889,0.09568848314919,0.0161531925090316
10585,358000,9698000,1.53882876299261,0.100926732274409,0.0224193609126804
10586,359000,9698000,1.5709665282982,0.09262798197752,0.0084640910760076
10587,360000,9698000,1.56041737327837,0.0813671865407281,0.0170526182111149
10588,361000,9698000,1.54600017362214,0.0833603591707192,0.0159841122106095
10589,362000,9698000,1.42795198413294,0.0810517277011131,0.0656630603665152
10590,363000,9698000,1.59033152000874,0.0939052425693986,0.0915345473706371
10591,364000,9698000,1.51886814895024,0.105535870678415,0.0343266001185522
10592,365000,9698000,1.51465515126365,0.113555535227176,0.01725427380729
10593,366000,9698000,1.46706210085991,0.0983571471344637,0.0163331194132543
10594,367000,9698000,1.48935311547161,0.0956356901227582,0.0345572223778809
10595,368000,9698000,1.5967207239309,0.0862810517203782,0.0895621265241677
10596,369000,9698000,1.48724496837234,0.0515688081690994,0.0596983050194894
10597,370000,9698000,1.43020583824749,0.0686177133637316,0.0686237153193573
10598,371000,9698000,1.22153054651967,0.0519459482630325,0.0956532218160566
10599,372000,9698000,1.41499310079539,0.0755762076442648,0.0801368120794211
10600,373000,9698000,1.47658095311942,0.0845454435399565,0.0368103727040666
10601,374000,9698000,1.46881885358624,0.0897934428513265,0.0453406600461624
10602,375000,9698000,1.39911764385549,0.073695885930239,0.0582503962573166
