"cell_id","cell_x","cell_y","NDVI_mean","NDSI","NDVI_var"
1,262000,9606000,0.248150717280805,-0.433739147186279,0.0252435020951089
2,263000,9606000,0.230784446987882,-0.422052447238564,0.0300529859749717
3,264000,9606000,0.25833679854162,-0.438258071136475,0.0256197177850641
4,265000,9606000,0.329892194717377,-0.420047660471499,0.0482752801211085
5,266000,9606000,0.386122105237097,-0.447816072705388,0.0509569700483931
6,267000,9606000,0.473507842816412,-0.453019324888289,0.0561808500594692
7,268000,9606000,0.454849827931449,-0.446893798166141,0.0472460191271035
8,269000,9606000,0.39205292250216,-0.46265316208452,0.0460913098157616
9,270000,9606000,0.362397306173295,-0.456117728364468,0.0390767290123971
10,271000,9606000,0.325283585534617,-0.457592721714079,0.0344591107438086
11,272000,9606000,0.324456441298872,-0.457813218800724,0.0391473644533427
12,273000,9606000,0.260658148266835,-0.39723304438293,0.0331842469097697
13,274000,9606000,0.328920938741788,-0.428653313522041,0.061272294133273
14,275000,9606000,0.230681302849943,-0.321282130707055,0.0390612988703884
15,276000,9606000,0.149678378135583,-0.309787570878118,0.0251317944792099
16,277000,9606000,0.144050270726369,-0.359676057776809,0.0271861458969186
17,278000,9606000,0.245130052670464,-0.410438551382348,0.0469274943934754
18,279000,9606000,0.290091867897421,-0.456358286916465,0.0653283329365833
19,280000,9606000,0.279713406615984,-0.446424737828225,0.0610542794147972
20,281000,9606000,0.257429707494646,-0.456351362727955,0.0578547856315039
21,282000,9606000,0.303343800929934,-0.529020669391751,0.0694289104463533
22,283000,9606000,0.230368024975061,-0.464861702373624,0.045304818981979
23,284000,9606000,0.274341506546736,-0.500713293588162,0.0666353269148618
24,285000,9606000,0.316197975019366,-0.51915800382793,0.0635158115643077
25,286000,9606000,0.282742959975451,-0.4955166788131,0.0500497377261519
26,287000,9606000,0.27762718796283,-0.511980352988839,0.0577405797559768
27,288000,9606000,0.277101975262165,-0.549486835032701,0.0606903771318961
28,289000,9606000,0.276113386210799,-0.524679155391455,0.0667690363794565
29,290000,9606000,0.253047735133022,-0.534344718727469,0.0643765460574999
30,291000,9606000,0.235976204546541,-0.52042113673687,0.0476005137659144
31,292000,9606000,0.224241368974745,-0.509422543403506,0.0505009772707708
32,293000,9606000,0.219134664494544,-0.488786225450039,0.0482336175485514
33,294000,9606000,0.202812968394905,-0.465078298349679,0.0426819832112873
34,295000,9606000,0.213933992531151,-0.498806396907568,0.0469010764265433
35,296000,9606000,0.243281500527263,-0.525211106172204,0.0668653757871129
36,297000,9606000,0.262599809505045,-0.521635283359885,0.0839640365874395
37,298000,9606000,0.301172453165054,-0.535322119966149,0.0974655824761838
38,299000,9606000,0.307905701367557,-0.52485028218329,0.102478000020236
39,3e+05,9606000,0.329985202766955,-0.520132964658737,0.10703230141066
40,301000,9606000,0.341372142282128,-0.526201152196527,0.126479736110382
41,302000,9606000,0.367820011371374,-0.529156916508079,0.135652782706916
42,303000,9606000,0.402124981072545,-0.52505185213387,0.119092729286104
43,304000,9606000,0.410534033609927,-0.51156390722096,0.111497200793028
44,305000,9606000,0.452221909600496,-0.498678826025128,0.110942360997573
45,306000,9606000,0.385226105976105,-0.504379178589582,0.10369508660771
46,307000,9606000,0.287097134363651,-0.485110385900736,0.0918058120969683
47,308000,9606000,0.271918779642135,-0.466697069683671,0.0837878163196147
48,309000,9606000,0.19365806398131,-0.432372406363487,0.0308502509543207
49,310000,9606000,0.249443909868971,-0.41540863687098,0.0229423884613265
50,311000,9606000,0.519454484709352,-0.42941069791168,0.0782046738776146
51,312000,9606000,0.497485837105662,-0.40511172323823,0.0937381887020776
52,313000,9606000,0.535689618714899,-0.410537661123276,0.0741649145774427
53,314000,9606000,0.59715522724539,-0.427662157486379,0.0580994768298115
54,315000,9606000,0.587941982342303,-0.430700426788628,0.0244621666673687
55,316000,9606000,0.729601197659969,-0.36214487259984,0.0157181048067403
56,317000,9606000,0.795610261929035,-0.430418689566851,0.0112115448478493
57,318000,9606000,0.762333054369688,-0.416121548718214,0.0121569302072079
58,319000,9606000,0.443428159826249,-0.411481871262193,0.0217269830651494
59,320000,9606000,0.343747619586624,-0.424911965392984,0.0171397906000231
60,321000,9606000,0.415687086822093,-0.39576921158284,0.0216861096909735
61,322000,9606000,0.450537872759998,-0.335849724836647,0.0257931815550313
62,323000,9606000,0.39261136706695,-0.319165733422339,0.0247749727319693
63,324000,9606000,0.384989720316976,-0.339744940406084,0.0210887260448129
64,325000,9606000,0.364462036261708,-0.340246345973387,0.0404404506012797
65,326000,9606000,0.247555105227605,-0.278028042363375,0.0184199481003452
66,327000,9606000,0.201476870670542,-0.309473150752485,0.0149655226422619
67,328000,9606000,0.301864742302895,-0.34028940859139,0.0180260671675613
68,329000,9606000,0.319746576433629,-0.372777876536548,0.03500887736351
69,330000,9606000,0.526915956967324,-0.402574742596596,0.0429854144759476
70,331000,9606000,0.371471069216728,-0.43435941131264,0.0337313271000399
71,332000,9606000,0.179664839042351,-0.410538157758117,0.0217432494353561
72,333000,9606000,0.191077721522003,-0.389952029916644,0.0206027258316055
73,334000,9606000,0.197816046066582,-0.433901331204176,0.0140028853060678
74,335000,9606000,0.210907485131919,-0.468965179181099,0.0190983911348914
75,336000,9606000,0.224192061248422,-0.472299612486362,0.0159189849468588
76,337000,9606000,0.232641396042705,-0.500707668057084,0.0216037767639267
77,338000,9606000,0.201806787319481,-0.561611491286755,0.0248979842394707
78,339000,9606000,0.236154210820049,-0.554779393878579,0.0177617065366881
79,340000,9606000,0.260959034131467,-0.548539572834969,0.055673060445179
80,341000,9606000,0.46272836805135,-0.515492040994763,0.0611379822043702
81,342000,9606000,0.537771855261922,-0.512227982360125,0.0575896835220046
82,343000,9606000,0.397777011942863,-0.572448651897907,0.101024581961706
83,344000,9606000,0.330297254255414,-0.585230788519979,0.0996684694483411
84,345000,9606000,0.311220383134484,-0.575892074796557,0.0754335455059074
85,346000,9606000,0.296137124429643,-0.570913743621111,0.0900513034303207
86,347000,9606000,0.295807908515632,-0.575035965168476,0.101363814330846
87,348000,9606000,0.32796167993769,-0.592299893701076,0.0966664084019838
88,349000,9606000,0.411250620031357,-0.591766002839804,0.120753965479322
89,350000,9606000,0.491706700417399,-0.533143140637875,0.10333318691426
90,351000,9606000,0.524805524347723,-0.490577671939135,0.0940320811349433
91,352000,9606000,0.641583796066046,-0.531324643310904,0.0626851368148462
92,353000,9606000,0.731293948039413,-0.538120443868637,0.0402767625534994
93,354000,9606000,0.596341718074679,-0.564906176909804,0.0776843953645322
94,355000,9606000,0.471748945245147,-0.581178509780765,0.104206776223145
95,356000,9606000,0.41251681356281,-0.592331227454543,0.107591819290351
96,357000,9606000,0.320967435648292,-0.587020133641362,0.100458418475883
97,358000,9606000,0.311258228419721,-0.553851315656304,0.0748235473992303
98,359000,9606000,0.511352640132606,-0.473280843223631,0.0553179249140085
99,360000,9606000,0.705396364104748,-0.451446710795164,0.048983247934212
100,361000,9606000,0.675174014040828,-0.430870534557104,0.192365829079133
101,362000,9606000,0.509471170618589,-0.404662881957658,0.185055384718697
102,363000,9606000,0.200991998277605,-0.645649524745345,0.0443781093246071
103,364000,9606000,0.196219792082906,-0.653289858114719,0.0546390310795978
104,365000,9606000,0.209990932973474,-0.653786881792545,0.0624157849863637
105,366000,9606000,0.211026688861847,-0.643548786830902,0.0651044314850355
106,367000,9606000,0.227819382089376,-0.639521204346418,0.061436278739199
107,368000,9606000,0.204981286023557,-0.637974691027403,0.0411044802998193
108,369000,9606000,0.202216145864129,-0.625957397246361,0.03812115619611
109,370000,9606000,0.202786124145985,-0.632913368505239,0.0520309160206467
110,371000,9606000,0.192290290690958,-0.644156624150276,0.0529017795162974
111,372000,9606000,0.193721582786739,-0.633803000718355,0.0578198899124283
112,373000,9606000,0.182561830922961,-0.640914303076267,0.0642466512421146
113,374000,9606000,0.17726756080389,-0.628156847465038,0.0572189710695297
114,375000,9606000,0.182688072838567,-0.624049543196505,0.0559117191386494
115,262000,9607000,0.45765607470274,-0.516528711155057,0.0364506554642576
116,263000,9607000,0.498950133638084,-0.507386408546567,0.0493421115808655
117,264000,9607000,0.502804626512527,-0.489752752912045,0.049417044705688
118,265000,9607000,0.387125970283151,-0.463593247836828,0.056856716953381
119,266000,9607000,0.435489413180307,-0.462441908986866,0.0588958274161443
120,267000,9607000,0.415338095881045,-0.451899073068798,0.0466815015120199
121,268000,9607000,0.396188730921224,-0.456089758700877,0.0399340155091486
122,269000,9607000,0.415000924772024,-0.460105709439516,0.0433961044089636
123,270000,9607000,0.38913517960757,-0.455067555138469,0.0403576219714712
124,271000,9607000,0.331659381912649,-0.451527516067028,0.0407904175711796
125,272000,9607000,0.248996773175895,-0.434912002208829,0.0301968098073732
126,273000,9607000,0.222264567799866,-0.394335739824176,0.0297591909776093
127,274000,9607000,0.185384721853025,-0.313370604220033,0.024181881170324
128,275000,9607000,0.227814628726523,-0.395134081769362,0.0317753810383147
129,276000,9607000,0.14728583362754,-0.314624197222292,0.02199028796762
130,277000,9607000,0.135191893635644,-0.285160582641512,0.0269945826419338
131,278000,9607000,0.233066058876086,-0.445167855371535,0.0499951186420396
132,279000,9607000,0.296065658676997,-0.485899552643299,0.0687190627661534
133,280000,9607000,0.286294451965956,-0.452068748511653,0.0694737468032632
134,281000,9607000,0.217273661211494,-0.371778829401685,0.049641016018705
135,282000,9607000,0.245359468559964,-0.427905158451665,0.0639066449439153
136,283000,9607000,0.21353341044113,-0.467745420533419,0.0479478192562005
137,284000,9607000,0.248095769102126,-0.492670071896911,0.0500408609449863
138,285000,9607000,0.307655619977415,-0.521275749352574,0.0689964395033196
139,286000,9607000,0.270917035200447,-0.480321901506186,0.0579778146322817
140,287000,9607000,0.245994350276887,-0.508509506100416,0.0408615504945163
141,288000,9607000,0.222873130659759,-0.50599533174634,0.0345947575308383
142,289000,9607000,0.251058735382557,-0.505022505912185,0.054239592936472
143,290000,9607000,0.251500556833297,-0.509233295968175,0.0743776421221904
144,291000,9607000,0.236751601751894,-0.500655221751332,0.06819272440942
145,292000,9607000,0.232933722683787,-0.499452155709267,0.0597470088404603
146,293000,9607000,0.245614883185923,-0.510314469513297,0.0582692883348092
147,294000,9607000,0.234339795226604,-0.478934316807985,0.0543872043536045
148,295000,9607000,0.25564650157094,-0.502399408105016,0.0640236184595153
149,296000,9607000,0.265546486975253,-0.530176808297634,0.0773152893179096
150,297000,9607000,0.279302313265204,-0.54446054277122,0.0886638719070703
151,298000,9607000,0.282944878681004,-0.531092269083858,0.109366074087843
152,299000,9607000,0.274904388096929,-0.511773756733537,0.108646975859255
153,3e+05,9607000,0.283181544442475,-0.499032133552432,0.110035452429205
154,301000,9607000,0.318783833523095,-0.500636721557379,0.124525773568079
155,302000,9607000,0.348665102684498,-0.512893630972505,0.134991152652353
156,303000,9607000,0.375673989844322,-0.506896478715539,0.130999903531373
157,304000,9607000,0.389987200005352,-0.494658517605066,0.118486225800216
158,305000,9607000,0.377400395861268,-0.498188846439123,0.104348054070398
159,306000,9607000,0.262726446700841,-0.488701829844713,0.0893764303639531
160,307000,9607000,0.240637515464425,-0.464995682609081,0.0676718420511112
161,308000,9607000,0.232651623793691,-0.459183874775469,0.0593382101273164
162,309000,9607000,0.215834221231192,-0.431653200250864,0.0393205886533717
163,310000,9607000,0.202702152489126,-0.393666088783741,0.0197675743892847
164,311000,9607000,0.490841525745019,-0.430090321579576,0.049424648538779
165,312000,9607000,0.559707632366195,-0.4109073262766,0.0675851740808226
166,313000,9607000,0.473430130203068,-0.413877953104675,0.0336579400898772
167,314000,9607000,0.369010784352198,-0.387588668590039,0.0755518924013595
168,315000,9607000,0.714268230257928,-0.386557258979976,0.0599147743092675
169,316000,9607000,0.782266730207205,-0.422847842046618,0.0108714134278183
170,317000,9607000,0.810481023839116,-0.480537062710524,0.0102363510616589
171,318000,9607000,0.694713221363723,-0.382369465784729,0.0132084343689436
172,319000,9607000,0.467071286216378,-0.404938868872821,0.0179756698583413
173,320000,9607000,0.451519841311872,-0.380334512868524,0.020195953154465
174,321000,9607000,0.477958953920007,-0.400937879833579,0.0256593444082537
175,322000,9607000,0.361086069259048,-0.453898779305816,0.0254085469432175
176,323000,9607000,0.442361917162687,-0.384802373881638,0.0292013444735087
177,324000,9607000,0.470930341283977,-0.391183055242896,0.0339704298546072
178,325000,9607000,0.321510867109522,-0.360777894407511,0.0218633898946166
179,326000,9607000,0.420486532500386,-0.396731524294615,0.0241472963679815
180,327000,9607000,0.434582527576387,-0.42071603500843,0.0251188075826387
181,328000,9607000,0.439291420073807,-0.437126758866012,0.0230307023672853
182,329000,9607000,0.480786687285453,-0.403249848526483,0.0404272920158459
183,330000,9607000,0.478346187254041,-0.383331453995779,0.0474864561129478
184,331000,9607000,0.379869009907544,-0.43014194919914,0.0312341436782619
185,332000,9607000,0.325382644375786,-0.387792271608859,0.0300891912246836
186,333000,9607000,0.212975592223834,-0.336668506849557,0.0166591102649632
187,334000,9607000,0.198317742459103,-0.368691960405558,0.0176374678240187
188,335000,9607000,0.195110364607722,-0.399751270934939,0.015520941595285
189,336000,9607000,0.180005269211531,-0.380987822811305,0.0169604602221458
190,337000,9607000,0.215958830971271,-0.417043353623152,0.0178714745777484
191,338000,9607000,0.198786388130113,-0.520503670352697,0.0193950630478736
192,339000,9607000,0.223818504022062,-0.5367059764117,0.0172888664667553
193,340000,9607000,0.25282188167572,-0.547766786721349,0.0538183768387593
194,341000,9607000,0.439634132128954,-0.523999570676684,0.0597309757217998
195,342000,9607000,0.471397617080808,-0.521596089291573,0.0786181194081902
196,343000,9607000,0.342325984574854,-0.575272416773438,0.0827890402923338
197,344000,9607000,0.292963815573882,-0.572857220554352,0.065074427381088
198,345000,9607000,0.289235821813345,-0.562539909270406,0.0615110652724281
199,346000,9607000,0.337207647505403,-0.54519138763845,0.0687027007662691
200,347000,9607000,0.292016506275535,-0.56813316591084,0.0883567452839343
201,348000,9607000,0.316666970410943,-0.5886584654212,0.105290462279599
202,349000,9607000,0.394295927914977,-0.584923522651196,0.113845635588141
203,350000,9607000,0.463581983394921,-0.549811287727952,0.107769721974619
204,351000,9607000,0.495485753303766,-0.555683257508278,0.0947802553131245
205,352000,9607000,0.62394481535852,-0.5702624150455,0.0640149777604267
206,353000,9607000,0.622988925099373,-0.52823440952599,0.0549515341028571
207,354000,9607000,0.565635947445035,-0.560729086530209,0.0784145187087357
208,355000,9607000,0.356123888601363,-0.604767057919502,0.0951941883638501
209,356000,9607000,0.350973010551929,-0.596206711882353,0.10170906483382
210,357000,9607000,0.309525751115382,-0.573367275592685,0.091377399911359
211,358000,9607000,0.278519149052352,-0.531545294055343,0.0698874830146087
212,359000,9607000,0.64979693499282,-0.447015197436512,0.126563075083657
213,360000,9607000,0.6925743080616,-0.447581673595309,0.059254717761348
214,361000,9607000,0.680661765667796,-0.447973521009088,0.0886336856075795
215,362000,9607000,0.496857224304974,-0.481995954659581,0.0938177391392819
216,363000,9607000,0.204897383023053,-0.660018052589893,0.0544786307484377
217,364000,9607000,0.207270442103595,-0.659532658094168,0.0568095719210338
218,365000,9607000,0.212519390312582,-0.654355981117487,0.0576354004253401
219,366000,9607000,0.224557459239662,-0.648221171873808,0.063833174556843
220,367000,9607000,0.226645334626734,-0.651288141584396,0.0624849848225713
221,368000,9607000,0.200629825459421,-0.637583487665653,0.0499873646175954
222,369000,9607000,0.196597499068081,-0.642781879425049,0.0394338907724246
223,370000,9607000,0.200151263307035,-0.637650843715668,0.0342422760238405
224,371000,9607000,0.194825888887048,-0.6464804654181,0.0415233013259945
225,372000,9607000,0.189534422273934,-0.6460277803123,0.047736610313796
226,373000,9607000,0.180677740247548,-0.63170260643363,0.0583016508663539
227,374000,9607000,0.180594427891076,-0.619145248800516,0.0544750314111821
228,375000,9607000,0.194348670650612,-0.610792605876923,0.0563255566129969
229,262000,9608000,0.362015721738338,-0.501241820931435,0.0470258180678356
230,263000,9608000,0.421736930063367,-0.486144023907185,0.050299547725264
231,264000,9608000,0.431125901755318,-0.478036848837137,0.0686867432058207
232,265000,9608000,0.411956527100503,-0.480224912199378,0.0726100505136885
233,266000,9608000,0.415403384679556,-0.463084546474367,0.0616380575750722
234,267000,9608000,0.368567530447245,-0.480087828819454,0.0516918927304156
235,268000,9608000,0.381848420354724,-0.486105360738933,0.0493262936913408
236,269000,9608000,0.43075411901772,-0.46757176399231,0.0503904258771799
237,270000,9608000,0.398270755526423,-0.473378474359214,0.0473459771614987
238,271000,9608000,0.327918177598715,-0.449699554541707,0.0503046086053597
239,272000,9608000,0.290347833959013,-0.434691755980253,0.0401217138858978
240,273000,9608000,0.232452273662761,-0.405454215785861,0.0292919499628944
241,274000,9608000,0.222818655609339,-0.40688555278033,0.0304700385215459
242,275000,9608000,0.195253333877027,-0.391789038252831,0.0312435907698469
243,276000,9608000,0.198118759225868,-0.402513779655099,0.0317414002792677
244,277000,9608000,0.124951248425618,-0.278927435173839,0.0313881015673629
245,278000,9608000,0.171843539066799,-0.381474517316371,0.0347035324352793
246,279000,9608000,0.193887679067627,-0.43331041213572,0.0459790368804941
247,280000,9608000,0.264137073232234,-0.488517019081116,0.0635095167644322
248,281000,9608000,0.260459086737782,-0.482618035979569,0.0695933581183664
249,282000,9608000,0.248882142644277,-0.475522222351655,0.0609210300520761
250,283000,9608000,0.22041983990036,-0.460708804058284,0.0515132158621098
251,284000,9608000,0.24502332983762,-0.485048452351987,0.0506416471219389
252,285000,9608000,0.23789328379333,-0.491500541454554,0.0499723241057713
253,286000,9608000,0.248029353338853,-0.445187069220096,0.0623661348222755
254,287000,9608000,0.218515241745114,-0.476808825731277,0.0412302416153951
255,288000,9608000,0.21205560859479,-0.480628756338358,0.0396634109548526
256,289000,9608000,0.248662711274624,-0.513250952121615,0.0446484869813547
257,290000,9608000,0.260287562903762,-0.518495754826069,0.0660016068529338
258,291000,9608000,0.245687485523522,-0.519769951669872,0.0757692685967311
259,292000,9608000,0.237849991736561,-0.513344532985985,0.0697026507843751
260,293000,9608000,0.245520956255496,-0.495032292920351,0.0535400391265168
261,294000,9608000,0.259834132778645,-0.498982536876202,0.0618578748153523
262,295000,9608000,0.261904089434445,-0.52060698390007,0.0637688668828458
263,296000,9608000,0.248828505398333,-0.504883442151546,0.0686598596614786
264,297000,9608000,0.253644387671351,-0.51215930147171,0.086399763327837
265,298000,9608000,0.242055805166066,-0.510225985440612,0.0841208884464577
266,299000,9608000,0.238846289851516,-0.487264749798179,0.0902676355382428
267,3e+05,9608000,0.211098817200214,-0.461570856197178,0.0771386843342334
268,301000,9608000,0.245134085547924,-0.498059290930629,0.0908254258790985
269,302000,9608000,0.282657429617643,-0.505575652715564,0.115369760246947
270,303000,9608000,0.32677862868607,-0.502473699507117,0.122121042961627
271,304000,9608000,0.345522569943219,-0.488060909715295,0.110691704199649
272,305000,9608000,0.290517625339329,-0.499008156463504,0.0880720736725256
273,306000,9608000,0.271854904529452,-0.496972199529409,0.0971195288926363
274,307000,9608000,0.2592744158566,-0.486681496939063,0.08177802533824
275,308000,9608000,0.249187100984901,-0.468323214438558,0.0755193877532147
276,309000,9608000,0.193486543210596,-0.414672009858489,0.0329672971871449
277,310000,9608000,0.214887230235338,-0.390495105272532,0.0226459728457616
278,311000,9608000,0.512945775000518,-0.421706811796129,0.0743640632846043
279,312000,9608000,0.446228382963315,-0.398979075065255,0.0527488863764214
280,313000,9608000,0.416420683611743,-0.397854354589898,0.0359542905165581
281,314000,9608000,0.425064059707243,-0.429818888821919,0.0723367957507493
282,315000,9608000,0.588871374733001,-0.459013074240088,0.0768220264363277
283,316000,9608000,0.826298706462979,-0.491828286138177,0.00809312377372698
284,317000,9608000,0.744715723881126,-0.444148951074481,0.0124617365338898
285,318000,9608000,0.677064516283572,-0.394925807666779,0.0155625925569271
286,319000,9608000,0.548172698780894,-0.377344817763567,0.0216805803464144
287,320000,9608000,0.524025572545826,-0.378386134460568,0.0198979084509541
288,321000,9608000,0.494701972226799,-0.423599077743292,0.0256655189407873
289,322000,9608000,0.373298209287971,-0.448872253286839,0.0299594903547433
290,323000,9608000,0.386588952511549,-0.411816837248206,0.037314569806878
291,324000,9608000,0.399360775270313,-0.40850882063359,0.0344208327874774
292,325000,9608000,0.471185056621209,-0.407926631242037,0.0484296697993996
293,326000,9608000,0.472034876074642,-0.414536749146134,0.0337529187451815
294,327000,9608000,0.54180791733712,-0.409934904417396,0.0339497185130254
295,328000,9608000,0.489830118069053,-0.404493111434579,0.0475979190854938
296,329000,9608000,0.647152840009332,-0.402896107834578,0.0493181606017752
297,330000,9608000,0.513559311214089,-0.420568974994123,0.0372653337128344
298,331000,9608000,0.354680682109296,-0.408117072884738,0.0223751628562866
299,332000,9608000,0.413503294282407,-0.411741685350239,0.0241457039877074
300,333000,9608000,0.268673839606158,-0.360066466391087,0.0183056762823835
301,334000,9608000,0.373497085193545,-0.381632356612384,0.0270778773263446
302,335000,9608000,0.426950586738437,-0.398557201139629,0.0372769835236817
303,336000,9608000,0.38118811888434,-0.392245506748557,0.0334300679271284
304,337000,9608000,0.336291513545811,-0.38585724016428,0.0267016279960284
305,338000,9608000,0.325154559918866,-0.413428397065401,0.0320365262916777
306,339000,9608000,0.300571571628423,-0.503703036077321,0.026938782480068
307,340000,9608000,0.286547237148881,-0.525339255291223,0.0543035300829448
308,341000,9608000,0.409856219281256,-0.534998808971047,0.0667159917402314
309,342000,9608000,0.349192920324206,-0.555538689172268,0.077367497499031
310,343000,9608000,0.289866371453553,-0.572972569164634,0.0575576325081289
311,344000,9608000,0.268530203374475,-0.559139266070724,0.0542808970604325
312,345000,9608000,0.262868808403611,-0.549955503079295,0.0612020403015893
313,346000,9608000,0.354364696110785,-0.546196046498418,0.0710734697138891
314,347000,9608000,0.291747998535633,-0.558485554903746,0.0817033213587478
315,348000,9608000,0.312093638250232,-0.583510473406315,0.098550329132285
316,349000,9608000,0.357933856016397,-0.588441550815105,0.0891994233043399
317,350000,9608000,0.374695445561409,-0.583178133648634,0.110338768515759
318,351000,9608000,0.38552304879874,-0.579362467193604,0.102953422247246
319,352000,9608000,0.538702034005523,-0.573856818568707,0.0910711160757579
320,353000,9608000,0.503340947447717,-0.564628795728087,0.108071210438013
321,354000,9608000,0.439416749572754,-0.579179808008671,0.0939323916718364
322,355000,9608000,0.337838233806938,-0.594824003425241,0.085006614427967
323,356000,9608000,0.291515005937219,-0.565789090207219,0.0952811575571075
324,357000,9608000,0.295021579752862,-0.526078945729136,0.096762084242329
325,358000,9608000,0.468238600534201,-0.492940651541948,0.0639040777619579
326,359000,9608000,0.65921756747365,-0.467192161312699,0.0794237589400262
327,360000,9608000,0.696666752636433,-0.440793948382139,0.0671151172706275
328,361000,9608000,0.731154193845391,-0.438638142301142,0.0793115990054561
329,362000,9608000,0.355864731675386,-0.524572252222896,0.0523531759932928
330,363000,9608000,0.219325188557804,-0.647358990168571,0.0662746232239762
331,364000,9608000,0.203215189770609,-0.644766200137138,0.0516382459572051
332,365000,9608000,0.205528895228356,-0.632267685884237,0.0524474473710405
333,366000,9608000,0.212972050336003,-0.633438164454699,0.0564384690373787
334,367000,9608000,0.223707621193677,-0.650752446007729,0.0636560700203525
335,368000,9608000,0.203148377928883,-0.647998271310329,0.05183130622725
336,369000,9608000,0.210872893735766,-0.651661053091288,0.0425167466587853
337,370000,9608000,0.201408452780545,-0.63481164637804,0.039884626818879
338,371000,9608000,0.192965545292199,-0.638544070667028,0.0450039850716246
339,372000,9608000,0.19160772421211,-0.64930240188241,0.0365717478877516
340,373000,9608000,0.187721884696186,-0.631768903839588,0.0499122556692921
341,374000,9608000,0.184858092068881,-0.634218807500601,0.0384282066756859
342,375000,9608000,0.19348311049017,-0.618829756704244,0.0439587318778715
343,262000,9609000,0.336234608918428,-0.462090835958719,0.0542185505211819
344,263000,9609000,0.474955036330223,-0.479532577371597,0.0746063204462873
345,264000,9609000,0.505805553385615,-0.477567023891211,0.0726228979256353
346,265000,9609000,0.450356551477313,-0.476812215071917,0.0601883630046155
347,266000,9609000,0.471392052413523,-0.488952246588469,0.0530785505156149
348,267000,9609000,0.447701512925327,-0.487658213269711,0.0491358866963652
349,268000,9609000,0.393283949442953,-0.477410520043969,0.0555132295433665
350,269000,9609000,0.353946614733338,-0.457739363858104,0.0751882932792883
351,270000,9609000,0.334628137594461,-0.44083007504046,0.0618334883590229
352,271000,9609000,0.239009078989178,-0.403163076931238,0.0320974716371275
353,272000,9609000,0.268801967059448,-0.413259324438125,0.0329462402712437
354,273000,9609000,0.187550884024799,-0.352594736933708,0.0225562437565008
355,274000,9609000,0.17596430292502,-0.372631532754004,0.0260333808978612
356,275000,9609000,0.190406587225944,-0.418952289715409,0.0242754228851059
357,276000,9609000,0.164152387093008,-0.450255386914313,0.0166989519143652
358,277000,9609000,0.233899997577816,-0.460491213604808,0.0302826325405855
359,278000,9609000,0.197746651857346,-0.396628840269148,0.0333337780049769
360,279000,9609000,0.177116544122488,-0.398661689572036,0.0277466038681916
361,280000,9609000,0.18303869134523,-0.411673185747862,0.0341967956490698
362,281000,9609000,0.183317333654687,-0.400532357726991,0.040261885436927
363,282000,9609000,0.22471963176243,-0.448612244047224,0.055590849914588
364,283000,9609000,0.22737831742987,-0.463427590861917,0.0542219338381663
365,284000,9609000,0.208220558547601,-0.462259700576961,0.0475152175718569
366,285000,9609000,0.215596468234807,-0.462695228776336,0.0556937642627396
367,286000,9609000,0.223702717083693,-0.439852316962183,0.0559931669931393
368,287000,9609000,0.23326356055364,-0.472638637107611,0.0580483178174123
369,288000,9609000,0.233108317267499,-0.45967146063894,0.0580261672611348
370,289000,9609000,0.255619051115215,-0.490057963976264,0.052864187746495
371,290000,9609000,0.234417039132863,-0.494536585815251,0.0381783917271532
372,291000,9609000,0.238061318541318,-0.519659099292755,0.0504653179585934
373,292000,9609000,0.238786730009317,-0.523155018419027,0.0606149951630272
374,293000,9609000,0.239714690125734,-0.489662957905233,0.0576227354964707
375,294000,9609000,0.269033290410042,-0.511389276996255,0.0902159047763795
376,295000,9609000,0.276493991088867,-0.531054110243916,0.0743558231808245
377,296000,9609000,0.268024397554994,-0.522616393822432,0.0711142162588425
378,297000,9609000,0.260129829024523,-0.498002573385835,0.0692692356912419
379,298000,9609000,0.209578272741288,-0.472790527692437,0.0636352658269927
380,299000,9609000,0.217881972425431,-0.488774945017695,0.0757977162785828
381,3e+05,9609000,0.20685735303089,-0.461598120874166,0.0654237052064389
382,301000,9609000,0.220613517988473,-0.497742808318138,0.0708842502364889
383,302000,9609000,0.222106652766466,-0.494558644649386,0.0881385514911264
384,303000,9609000,0.235640172042698,-0.496341436234117,0.0779597018983215
385,304000,9609000,0.254674024121463,-0.508328871285915,0.0742655917335302
386,305000,9609000,0.265839272007346,-0.485181163465977,0.0726140464801341
387,306000,9609000,0.248742463956773,-0.487458034849167,0.073958527578041
388,307000,9609000,0.245516626600176,-0.474218009899557,0.0662954278723337
389,308000,9609000,0.226031077546626,-0.42438125166893,0.0448795720259892
390,309000,9609000,0.183046589431725,-0.398671450942755,0.0230018218147379
391,310000,9609000,0.281015552385151,-0.417562754178047,0.0426478512366069
392,311000,9609000,0.639810517311562,-0.423688327351215,0.0901306744380621
393,312000,9609000,0.411849295388907,-0.393251798848808,0.0583251711272052
394,313000,9609000,0.487086734281108,-0.394637120499462,0.0828304237780278
395,314000,9609000,0.477246753729277,-0.428266707605275,0.0373728834258975
396,315000,9609000,0.646086829049885,-0.437301012049615,0.0958609191004129
397,316000,9609000,0.712748992058635,-0.444262138666213,0.0670869825517904
398,317000,9609000,0.705370178814232,-0.446268426498771,0.0430726791930792
399,318000,9609000,0.710290164142847,-0.397967847414315,0.0181408366650401
400,319000,9609000,0.598274426794052,-0.385601296071708,0.0221263720929972
401,320000,9609000,0.543615026068687,-0.421075014799833,0.02496930081998
402,321000,9609000,0.430609484267235,-0.437598732638359,0.0408941217552987
403,322000,9609000,0.338660908061266,-0.434511835807562,0.0463599161966587
404,323000,9609000,0.426115289117396,-0.439201994466782,0.0450174898774247
405,324000,9609000,0.434217389340699,-0.422335205511749,0.0465216292121098
406,325000,9609000,0.517416568085551,-0.384689718046039,0.0879779042478651
407,326000,9609000,0.484578955885768,-0.403854771479964,0.0958966752951936
408,327000,9609000,0.415228461267054,-0.256385747305676,0.159384118997958
409,328000,9609000,0.527970933976769,-0.315329751534655,0.105056534302095
410,329000,9609000,0.653587324732542,-0.392468567608297,0.0519820800400805
411,330000,9609000,0.635922492210567,-0.393416973280907,0.0221816092843423
412,331000,9609000,0.655214475959539,-0.354779215980321,0.0225979286248505
413,332000,9609000,0.546682174611092,-0.346626278672367,0.0222057610368822
414,333000,9609000,0.371701532838121,-0.381904987594485,0.0222587203337171
415,334000,9609000,0.40925569012668,-0.390448781207949,0.0287010942001245
416,335000,9609000,0.501759154614806,-0.463326689507067,0.057040758148965
417,336000,9609000,0.512854460015148,-0.451333976310492,0.0497308669689577
418,337000,9609000,0.407010581510514,-0.402201986978948,0.0289878485570196
419,338000,9609000,0.446243299741298,-0.412382412096858,0.025219503772445
420,339000,9609000,0.446477832555585,-0.458285628676787,0.031497431206418
421,340000,9609000,0.278955749731883,-0.491706778033078,0.0325287738917163
422,341000,9609000,0.350439219919592,-0.519852848097682,0.0705938139275415
423,342000,9609000,0.314755654197931,-0.551813779911399,0.0733995415755548
424,343000,9609000,0.234653181365505,-0.526163762372732,0.0381766256575997
425,344000,9609000,0.420959076407552,-0.502940277734399,0.0489261617442011
426,345000,9609000,0.484849969120324,-0.491434039753675,0.0544021863085625
427,346000,9609000,0.359914643664658,-0.46259563087225,0.0576812900502235
428,347000,9609000,0.307696305376291,-0.522840308856964,0.0859435720809153
429,348000,9609000,0.287425607931614,-0.515175258864462,0.0730281062327907
430,349000,9609000,0.301972364207357,-0.586312768471241,0.0952129292735481
431,350000,9609000,0.317875554390252,-0.594951476743817,0.10614475642438
432,351000,9609000,0.323158907808363,-0.597812383311987,0.0780361817322671
433,352000,9609000,0.377365943399072,-0.586522155430913,0.0918696842885111
434,353000,9609000,0.418477414429188,-0.567410649302602,0.112611436655466
435,354000,9609000,0.377625697822124,-0.567903372555971,0.104504650954413
436,355000,9609000,0.471024277119339,-0.524005459609628,0.0484969762386288
437,356000,9609000,0.491268506839871,-0.480603885912895,0.0515364365025016
438,357000,9609000,0.635566983522475,-0.46258739862144,0.0484896971992915
439,358000,9609000,0.687611579123139,-0.473977037161589,0.0509174789050128
440,359000,9609000,0.664762909322977,-0.465435868343711,0.0627575265507679
441,360000,9609000,0.710717989647388,-0.453049712997675,0.0399122702237102
442,361000,9609000,0.720460096785426,-0.456393598520756,0.0504729040416889
443,362000,9609000,0.41892620780468,-0.539842340141535,0.0689937825239962
444,363000,9609000,0.200341624254733,-0.648330040514469,0.0417742890025023
445,364000,9609000,0.225991079028696,-0.624731878262758,0.0517705411524861
446,365000,9609000,0.196000476259738,-0.626392012047768,0.0496869173756568
447,366000,9609000,0.209406304544955,-0.639249681264162,0.0568056815700373
448,367000,9609000,0.199355086634308,-0.643895184189081,0.0477023915513535
449,368000,9609000,0.189524921072274,-0.644616847634315,0.0394928821507841
450,369000,9609000,0.209329268056154,-0.646521733814478,0.0372242869747803
451,370000,9609000,0.20386737831682,-0.648655406153202,0.0333648783845245
452,371000,9609000,0.198910051319003,-0.644253097605705,0.032039270554774
453,372000,9609000,0.188701415996253,-0.634094666415453,0.0359276152567123
454,373000,9609000,0.190278096432984,-0.635813104903698,0.0340785471586627
455,374000,9609000,0.180339605510235,-0.636965499573946,0.0392689943288453
456,375000,9609000,0.187141771113331,-0.634825491363352,0.0379171010902659
457,262000,9610000,0.380891511902213,-0.465978306397796,0.0589559971648268
458,263000,9610000,0.467763856033981,-0.458854469189048,0.0672958263512002
459,264000,9610000,0.466852301431447,-0.456360836732388,0.0640146327201393
460,265000,9610000,0.383897686205804,-0.472755580347776,0.043051445683738
461,266000,9610000,0.260813712961972,-0.442618957400322,0.0359811756717507
462,267000,9610000,0.271582112685591,-0.430779930949211,0.0292672571522533
463,268000,9610000,0.319761603826657,-0.438045706297457,0.0333134112189407
464,269000,9610000,0.263502918121964,-0.405696793869138,0.0401652097127866
465,270000,9610000,0.276541305562854,-0.400475063990057,0.0407178003667155
466,271000,9610000,0.237602948103473,-0.392696995739639,0.0310898410642403
467,272000,9610000,0.217881000379939,-0.402566727520525,0.024130141005927
468,273000,9610000,0.197587982773781,-0.374108266180754,0.0276238955290057
469,274000,9610000,0.163222336304188,-0.369781509557366,0.0252517536364263
470,275000,9610000,0.171110257481411,-0.421196363286674,0.0233943424756639
471,276000,9610000,0.169833392891288,-0.440777991947532,0.0217470413882285
472,277000,9610000,0.180205776438047,-0.439039739364386,0.0242442142286978
473,278000,9610000,0.257183660838753,-0.44987892331779,0.0491209414891549
474,279000,9610000,0.229829414207846,-0.425628183398023,0.0413748349452391
475,280000,9610000,0.178752092643362,-0.374879250261188,0.0281640682336874
476,281000,9610000,0.153199763492541,-0.377385091846995,0.0288403663731297
477,282000,9610000,0.192502172490209,-0.433102604454756,0.0436198879720643
478,283000,9610000,0.18205835538283,-0.426682060924172,0.0275939586642897
479,284000,9610000,0.168788798190281,-0.418056246592104,0.0301265129061765
480,285000,9610000,0.189968404660374,-0.444916816577315,0.0411601808549836
481,286000,9610000,0.202516830865294,-0.437548688787222,0.0383420546738431
482,287000,9610000,0.204149326780438,-0.455874285820127,0.0445766051659826
483,288000,9610000,0.191353995318059,-0.416789601114392,0.0485252340801642
484,289000,9610000,0.243799815539271,-0.479861073732376,0.0543291422267444
485,290000,9610000,0.245947218780965,-0.49657312323153,0.0592771365574561
486,291000,9610000,0.238967463136464,-0.504004718378186,0.0415651267380919
487,292000,9610000,0.238399491539598,-0.532409425213933,0.0628423655152321
488,293000,9610000,0.235355956250429,-0.485038634124398,0.053696791977156
489,294000,9610000,0.241113691397011,-0.496977170589566,0.0636210085883737
490,295000,9610000,0.269805327466503,-0.504449207995832,0.0822166347068734
491,296000,9610000,0.262041171078384,-0.517005939561129,0.080316771582514
492,297000,9610000,0.261763207314908,-0.496434908059239,0.0642276370992884
493,298000,9610000,0.228452037096024,-0.486228308901191,0.0545483854483813
494,299000,9610000,0.224172317995876,-0.492277174443007,0.0678178464344703
495,3e+05,9610000,0.232824241756648,-0.490010453316569,0.079438393653743
496,301000,9610000,0.22032261634469,-0.492486262649298,0.0643838341762312
497,302000,9610000,0.208924099285901,-0.495660187488794,0.0588428977768868
498,303000,9610000,0.226696169660985,-0.496171374028921,0.0616534502681345
499,304000,9610000,0.239039354103804,-0.511069327703118,0.0672040411633439
500,305000,9610000,0.25589203703925,-0.500924827045202,0.065243598205829
501,306000,9610000,0.2387574501127,-0.468581693142653,0.0559085274189711
502,307000,9610000,0.224239162225276,-0.426210955229402,0.0511453410663642
503,308000,9610000,0.221578061226755,-0.398822857293487,0.0397378470900236
504,309000,9610000,0.156550470751897,-0.34189069236815,0.0209436777250085
505,310000,9610000,0.251977343076468,-0.37535392858237,0.0434986947614001
506,311000,9610000,0.558422809012234,-0.416292884767562,0.101238025914039
507,312000,9610000,0.532116103391349,-0.400242833024263,0.0858905320768594
508,313000,9610000,0.557839559419453,-0.413538750101626,0.0774191899185302
509,314000,9610000,0.603947584519535,-0.413367313508689,0.116102952938888
510,315000,9610000,0.50647871536687,-0.39238826572448,0.12616335275704
511,316000,9610000,0.603111600276083,-0.407343656641245,0.111218574378942
512,317000,9610000,0.679872765620798,-0.40106596404314,0.0959099208538712
513,318000,9610000,0.434440934098337,-0.399472151343746,0.041223703944328
514,319000,9610000,0.613855629362795,-0.386016200565873,0.0320780306780071
515,320000,9610000,0.411442713472992,-0.404993981206417,0.045074017585977
516,321000,9610000,0.390557863822393,-0.434811325895786,0.0544912503606058
517,322000,9610000,0.390232035734504,-0.445144042685628,0.0413838397933519
518,323000,9610000,0.491651117472351,-0.434095852403343,0.0674779700670391
519,324000,9610000,0.522711667959392,-0.381442432113737,0.0784125141691184
520,325000,9610000,0.454119384758174,-0.27196006305177,0.180727739446936
521,326000,9610000,0.518393420682848,-0.309039285709918,0.21743366253986
522,327000,9610000,0.366660164155066,-0.217688935610768,0.235386686722934
523,328000,9610000,0.398764438775182,-0.231796927693291,0.185993154052412
524,329000,9610000,0.574194357335567,-0.349434479073435,0.0653012877245725
525,330000,9610000,0.661019442275167,-0.442666707971692,0.024755330591026
526,331000,9610000,0.692563968682289,-0.312085396822542,0.0211025219348434
527,332000,9610000,0.509769449467212,-0.374382824984193,0.0221375039776322
528,333000,9610000,0.405809514246136,-0.424975682972372,0.0318277545877732
529,334000,9610000,0.395572585688159,-0.392423359438777,0.0309513208981662
530,335000,9610000,0.45705925860703,-0.45016900614202,0.0389412850189197
531,336000,9610000,0.511388167767227,-0.462046444809437,0.0561212035594508
532,337000,9610000,0.474517362878472,-0.43669433131814,0.0413227601201041
533,338000,9610000,0.437325079516321,-0.420728104919195,0.0278601839856128
534,339000,9610000,0.405431492463499,-0.410673249056935,0.0230890229162993
535,340000,9610000,0.342283557865024,-0.404591137362272,0.0206349936584942
536,341000,9610000,0.321359015312046,-0.473349232061207,0.0368428845093353
537,342000,9610000,0.367105514352024,-0.515635594466329,0.0690493213294889
538,343000,9610000,0.564212148511782,-0.468343977938592,0.0304866767562868
539,344000,9610000,0.71149156434834,-0.451161457553506,0.0261500383717008
540,345000,9610000,0.645624767631292,-0.473328936874866,0.0523462612647272
541,346000,9610000,0.623196838819981,-0.466370617687702,0.0505612671328359
542,347000,9610000,0.682847296991944,-0.455035317546129,0.0459868056013249
543,348000,9610000,0.707254231525958,-0.460454655477405,0.0428672386216116
544,349000,9610000,0.592174780982733,-0.478678924736381,0.0470665259641246
545,350000,9610000,0.368650808519125,-0.532837931284308,0.0682620148996706
546,351000,9610000,0.290326269948483,-0.600110238334537,0.0678485561294714
547,352000,9610000,0.301340884035826,-0.603594557228684,0.0768419873856939
548,353000,9610000,0.311038798616081,-0.579489157107472,0.0701744947565487
549,354000,9610000,0.560060103882849,-0.46788486661911,0.0308925111502002
550,355000,9610000,0.664528980180621,-0.450610023391247,0.0563986075071618
551,356000,9610000,0.592439001534879,-0.443067859014869,0.0289804300302872
552,357000,9610000,0.731079863712192,-0.459578455132246,0.0335160513318493
553,358000,9610000,0.615050170683861,-0.466203045061231,0.0635152195724659
554,359000,9610000,0.651356426733732,-0.460273049896955,0.0740668167737313
555,360000,9610000,0.647115395095944,-0.474491554796696,0.0570569058461348
556,361000,9610000,0.650919763070345,-0.461955511897802,0.0671494909317698
557,362000,9610000,0.345540296451747,-0.562275190519542,0.0637719657427282
558,363000,9610000,0.200216850730032,-0.645436239299178,0.0428171153367264
559,364000,9610000,0.188902885662019,-0.633711242878437,0.0366353061656817
560,365000,9610000,0.189841227448732,-0.634752703994513,0.0417958263334702
561,366000,9610000,0.191578425884247,-0.648390035226941,0.043452624206795
562,367000,9610000,0.183727424734831,-0.647492870497704,0.0363985957002093
563,368000,9610000,0.174659096644074,-0.640685797339678,0.0299378601605596
564,369000,9610000,0.190407480568439,-0.619064736777544,0.0423723291894887
565,370000,9610000,0.212222724124789,-0.651945591557026,0.037430103657092
566,371000,9610000,0.21154580373317,-0.645692103880644,0.038015804260911
567,372000,9610000,0.191996948562562,-0.639859627920389,0.0341347978919279
568,373000,9610000,0.184776864090562,-0.639347574722767,0.0275701793709188
569,374000,9610000,0.19032795394212,-0.633011961114407,0.0482715413548751
570,375000,9610000,0.181069023135034,-0.629702762636271,0.0515822460182773
571,262000,9611000,0.426524989128113,-0.443540086612105,0.0761028309096582
572,263000,9611000,0.466232178349793,-0.418771359756589,0.0843171042127884
573,264000,9611000,0.428186782108247,-0.450752617484331,0.0560068244917202
574,265000,9611000,0.220350301039964,-0.415954459244013,0.042869283702923
575,266000,9611000,0.260428330133855,-0.400331460517645,0.0464664451488527
576,267000,9611000,0.334478202683479,-0.428908942273259,0.0422285162232118
577,268000,9611000,0.267191579316556,-0.409323529738188,0.0309136317550438
578,269000,9611000,0.233493027887493,-0.403624074181914,0.0322578435269243
579,270000,9611000,0.238389792980999,-0.401601684500277,0.0308790268162149
580,271000,9611000,0.282228215074912,-0.42262656493336,0.0320045863552252
581,272000,9611000,0.196156869725883,-0.424272977295518,0.0249735359798302
582,273000,9611000,0.22527331655547,-0.412778983539343,0.0292369378491887
583,274000,9611000,0.198542924655229,-0.40739473272264,0.0261765619941405
584,275000,9611000,0.189667310774326,-0.437011942064762,0.0271592500936589
585,276000,9611000,0.189336404676735,-0.433981844568253,0.0332004058268096
586,277000,9611000,0.192622730683535,-0.442003621208668,0.0281732040051254
587,278000,9611000,0.264631459889561,-0.431325956070423,0.0516634840816376
588,279000,9611000,0.347552958622575,-0.478939723387361,0.0720038516757078
589,280000,9611000,0.295202805225924,-0.455918931907415,0.0563995321912691
590,281000,9611000,0.254582078756019,-0.420002750775218,0.0486764365263749
591,282000,9611000,0.150719432626665,-0.394772928822041,0.0248602251627715
592,283000,9611000,0.169359954147041,-0.415423091498017,0.0182268542213889
593,284000,9611000,0.140216158600524,-0.387717337310314,0.021367374194751
594,285000,9611000,0.173173374978453,-0.422478922653198,0.0279146651674295
595,286000,9611000,0.173381650303304,-0.390737990684807,0.02360688907617
596,287000,9611000,0.165148034303635,-0.414908341690898,0.0263724330141442
597,288000,9611000,0.180238029194996,-0.423853455495834,0.0377914156291168
598,289000,9611000,0.220379688699543,-0.469533416673541,0.0491151449684985
599,290000,9611000,0.221522719438374,-0.49285252519846,0.0472581749428995
600,291000,9611000,0.217711524234712,-0.489723178234696,0.0425862524164841
601,292000,9611000,0.217658854474127,-0.508535731092095,0.0538967375609092
602,293000,9611000,0.232682974464446,-0.486701311081648,0.0581634310687892
603,294000,9611000,0.227482977417111,-0.470569138792157,0.0547168903547805
604,295000,9611000,0.260012595412135,-0.505880921420455,0.0771717971062288
605,296000,9611000,0.222972700430453,-0.48771333206594,0.0711228899620473
606,297000,9611000,0.212809318803996,-0.478716386446357,0.0661373934775591
607,298000,9611000,0.234939179740101,-0.491338177150488,0.0670204055484384
608,299000,9611000,0.235776975593716,-0.497529557922482,0.0674604980614968
609,3e+05,9611000,0.208660339982063,-0.480382788488269,0.0567766887752339
610,301000,9611000,0.2193016097188,-0.481337992221117,0.0583379427643493
611,302000,9611000,0.215217716738582,-0.474373235572875,0.0469875222402858
612,303000,9611000,0.212201004529744,-0.456871653333306,0.049772232621396
613,304000,9611000,0.230715187374502,-0.498082621702552,0.0618745298952796
614,305000,9611000,0.261269404748827,-0.495661305120587,0.0680796426969115
615,306000,9611000,0.231857583241165,-0.45448658092618,0.0491896452737739
616,307000,9611000,0.190667706204206,-0.423213894197345,0.0320328939065337
617,308000,9611000,0.172895062451065,-0.379552807569504,0.0224866214123555
618,309000,9611000,0.173840614465252,-0.374814054559171,0.021325603694169
619,310000,9611000,0.193007493914291,-0.344930405925214,0.0293447734823509
620,311000,9611000,0.43038939480409,-0.407662152174115,0.0787189653081819
621,312000,9611000,0.636406023423374,-0.404032439950109,0.0766775273027248
622,313000,9611000,0.630500669546425,-0.422790875680745,0.0944889519136166
623,314000,9611000,0.584063749436289,-0.441236118867435,0.0659725789062446
624,315000,9611000,0.554159213428479,-0.388039275278198,0.0719536946821841
625,316000,9611000,0.622884101313353,-0.39134955176115,0.090305959801581
626,317000,9611000,0.524308622830547,-0.395197850530787,0.0899974757360527
627,318000,9611000,0.386459086808749,-0.402595721989154,0.0267156348512508
628,319000,9611000,0.468647676245868,-0.411640548360907,0.0472554970416822
629,320000,9611000,0.716072509419918,-0.400174032112956,0.0809045939932112
630,321000,9611000,0.568952357354015,-0.393852676361799,0.0781469843142433
631,322000,9611000,0.504117409884185,-0.402445613613725,0.0921770877962466
632,323000,9611000,0.41932665181458,-0.437666101384163,0.0732975967738777
633,324000,9611000,0.534067495755851,-0.354764718116075,0.155896827683831
634,325000,9611000,0.579257200786471,-0.427354320502281,0.0656530137686292
635,326000,9611000,0.58513309546262,-0.411169106032513,0.1068167860416
636,327000,9611000,0.539190305265784,-0.324857864933834,0.207889733325969
637,328000,9611000,0.445631148183346,-0.279633854884241,0.166221081371419
638,329000,9611000,0.627269556136429,-0.403605736378208,0.0554911418631091
639,330000,9611000,0.583884976937622,-0.47026020988822,0.0347566765294992
640,331000,9611000,0.58170621265471,-0.425252528499067,0.0233518393581908
641,332000,9611000,0.322673882330209,-0.365889107552171,0.020746512497915
642,333000,9611000,0.410041390775144,-0.436079198374599,0.0247027711707284
643,334000,9611000,0.541566360824555,-0.467596444070339,0.0476184143323917
644,335000,9611000,0.397708748393506,-0.424866909828782,0.0254275000404508
645,336000,9611000,0.525605349078774,-0.467206927341223,0.0401309519872448
646,337000,9611000,0.49422837331444,-0.451286436912417,0.0486757910933578
647,338000,9611000,0.401413438744843,-0.421612981554866,0.0344016753541539
648,339000,9611000,0.36225452689603,-0.403922820569575,0.0327710339484562
649,340000,9611000,0.323011347499024,-0.375629124188423,0.0189955140728271
650,341000,9611000,0.30060497235544,-0.352324077902734,0.0167176810684905
651,342000,9611000,0.356847808090597,-0.361862225903571,0.0274711605580873
652,343000,9611000,0.48896456993483,-0.326225569254253,0.0269806392843777
653,344000,9611000,0.685177102009207,-0.383948354889452,0.018046351996767
654,345000,9611000,0.716346928632259,-0.366229077759385,0.0170465248027263
655,346000,9611000,0.671564726504683,-0.378181487861276,0.0342173829497187
656,347000,9611000,0.5851665587008,-0.439026797412336,0.0596147702471237
657,348000,9611000,0.588723628108949,-0.464107804246247,0.0342451456755924
658,349000,9611000,0.643190345130116,-0.454648086071014,0.0356046123539389
659,350000,9611000,0.65911075271517,-0.462428937453032,0.0449604189515347
660,351000,9611000,0.473272739645094,-0.50094201965034,0.0538185155209037
661,352000,9611000,0.375600740815699,-0.532758151638508,0.0407129954789416
662,353000,9611000,0.518718782357126,-0.486001217767596,0.0357245573476219
663,354000,9611000,0.67384110108763,-0.454748317578435,0.0592765795838321
664,355000,9611000,0.569667800556123,-0.446246246278286,0.0450727975600399
665,356000,9611000,0.554200577677786,-0.443793164488673,0.0365094505319139
666,357000,9611000,0.526087942805141,-0.450644321072102,0.0470620337817352
667,358000,9611000,0.63034164121747,-0.45968639524579,0.0563663591652526
668,359000,9611000,0.612650129628181,-0.467959796214104,0.0681866761612939
669,360000,9611000,0.637318038466573,-0.479537112575769,0.0617538109901128
670,361000,9611000,0.607244832181931,-0.475103444513679,0.051704429468466
671,362000,9611000,0.317893270988762,-0.587396310663223,0.0624835701880511
672,363000,9611000,0.208630195390433,-0.629609623560309,0.0507249129071017
673,364000,9611000,0.184027142496407,-0.653467712077498,0.0323481220932939
674,365000,9611000,0.183130569624901,-0.63736251796484,0.0347939891391201
675,366000,9611000,0.215072538906336,-0.60754702052176,0.0582919125590241
676,367000,9611000,0.188882028540969,-0.641949045807123,0.0453550312492647
677,368000,9611000,0.180072374757379,-0.624414572697878,0.0332728853844339
678,369000,9611000,0.191005948866159,-0.638720847028494,0.032530843333566
679,370000,9611000,0.1995478416875,-0.642821076750755,0.0345770990610239
680,371000,9611000,0.188687995909899,-0.640813828420639,0.0292717336765607
681,372000,9611000,0.19236094083488,-0.642652444070578,0.0326424234123784
682,373000,9611000,0.18755756033361,-0.646373009246588,0.0301962706740713
683,374000,9611000,0.181669282200187,-0.640690651375055,0.0248203862760391
684,375000,9611000,0.171213458776474,-0.636512347080491,0.0223328517156187
685,262000,9612000,0.315611191540957,-0.472237734511495,0.0513396209207131
686,263000,9612000,0.414977544899285,-0.456769366420805,0.0639115467878524
687,264000,9612000,0.344269043809176,-0.436883191423118,0.0717529935820028
688,265000,9612000,0.271726679071039,-0.423662969566882,0.0607266820813064
689,266000,9612000,0.205330063379556,-0.394450630736351,0.0414417136918637
690,267000,9612000,0.242411425825208,-0.40760219257921,0.046090753885801
691,268000,9612000,0.23332769574672,-0.406482628963888,0.0339791700463044
692,269000,9612000,0.216503915609792,-0.413606684820354,0.0297337363685016
693,270000,9612000,0.205968849151582,-0.419091468074918,0.0298834228339605
694,271000,9612000,0.222762634382397,-0.4226417443946,0.0312133131140727
695,272000,9612000,0.197665361248702,-0.3908674467206,0.0262196463087108
696,273000,9612000,0.192929814358801,-0.409098305414617,0.0237639945684219
697,274000,9612000,0.231575019503385,-0.445351388269663,0.0385235041899839
698,275000,9612000,0.204052173385769,-0.443373530863225,0.0377170344243175
699,276000,9612000,0.194438948200643,-0.447292708405852,0.0362016370305326
700,277000,9612000,0.169211008364707,-0.458906992378831,0.0295080163281411
701,278000,9612000,0.256956247903407,-0.440683857724071,0.0538148518660571
702,279000,9612000,0.342600250320137,-0.47103037789762,0.065213302643341
703,280000,9612000,0.322362194936723,-0.482415161296725,0.059565240607108
704,281000,9612000,0.343463429413736,-0.453209380942583,0.0752287779517472
705,282000,9612000,0.297871600896493,-0.464279362107813,0.0613634201141947
706,283000,9612000,0.232239185795188,-0.435138557166606,0.0365822024450579
707,284000,9612000,0.152924381838553,-0.393724121826887,0.0222184493858949
708,285000,9612000,0.161395550509542,-0.432343435207009,0.0215678545563947
709,286000,9612000,0.169188169148378,-0.403756914302707,0.0207417682459461
710,287000,9612000,0.138874122729152,-0.381028972831368,0.018286739991128
711,288000,9612000,0.156291385191679,-0.383998758491874,0.0241001317425005
712,289000,9612000,0.176547225993127,-0.423242783752084,0.0382628927829326
713,290000,9612000,0.212474365091324,-0.459710975551605,0.0462272556152893
714,291000,9612000,0.185988726772368,-0.438983404564857,0.032461127151351
715,292000,9612000,0.196819920826703,-0.464339584282041,0.0489003735259641
716,293000,9612000,0.208306849744916,-0.479125437003374,0.0572389901597984
717,294000,9612000,0.215210193557292,-0.460887806674838,0.0464202579143224
718,295000,9612000,0.224545938431472,-0.477105736738443,0.0620187100397423
719,296000,9612000,0.210032385153323,-0.478455665781721,0.0606126934977248
720,297000,9612000,0.176128705910593,-0.439270497024059,0.0534642380309757
721,298000,9612000,0.207840937419236,-0.464117903262377,0.0659423194927163
722,299000,9612000,0.195164734840393,-0.466902550390363,0.0505826782399905
723,3e+05,9612000,0.21994570350796,-0.482102769219875,0.0517271733404137
724,301000,9612000,0.221948584420234,-0.491639671197534,0.0536793702596799
725,302000,9612000,0.216419941642135,-0.486316845658422,0.0543002253558952
726,303000,9612000,0.220021251255274,-0.479600802576542,0.0517339374307543
727,304000,9612000,0.234432206594944,-0.481851625597477,0.0579956054833019
728,305000,9612000,0.250309605997056,-0.47309283567518,0.0670160119516309
729,306000,9612000,0.222623616234586,-0.424345751824975,0.049517232330289
730,307000,9612000,0.178413592891768,-0.378707978732884,0.0299462539673899
731,308000,9612000,0.150820888518915,-0.353160616438091,0.0163868132511066
732,309000,9612000,0.181716533926129,-0.380896674910188,0.0235253512153053
733,310000,9612000,0.249736888483912,-0.352267032195628,0.0564057501032948
734,311000,9612000,0.524773538154177,-0.42920064298436,0.0699495243456447
735,312000,9612000,0.547100463073701,-0.393677028405666,0.0310081750034529
736,313000,9612000,0.564831268451177,-0.393181611314416,0.107762557737157
737,314000,9612000,0.53995822294727,-0.390936942477524,0.0831034298037412
738,315000,9612000,0.61666549057439,-0.396118495291471,0.0697442441212479
739,316000,9612000,0.607047369687259,-0.380618289604783,0.0920734298450407
740,317000,9612000,0.516758145305514,-0.401289563880861,0.0629470823003678
741,318000,9612000,0.340446831936389,-0.435009977951646,0.0298148256909393
742,319000,9612000,0.541790466544032,-0.431312076380849,0.0539547076354502
743,320000,9612000,0.743256307405233,-0.400823782750964,0.0958091626896989
744,321000,9612000,0.675017561972141,-0.397214371469617,0.0549986772559118
745,322000,9612000,0.595156167027354,-0.39231792717278,0.0946202418188099
746,323000,9612000,0.593761360640824,-0.391701052337885,0.0803585077819647
747,324000,9612000,0.455083816254139,-0.410206985872984,0.0796211987347342
748,325000,9612000,0.445427751261741,-0.404210257256031,0.0928802520706551
749,326000,9612000,0.5587537365444,-0.394629898647964,0.0981222254685708
750,327000,9612000,0.542428938673437,-0.379391033480596,0.142381205107644
751,328000,9612000,0.476597111368924,-0.332129895983823,0.149862358216359
752,329000,9612000,0.620011357726157,-0.421451380755007,0.0645424308778776
753,330000,9612000,0.606916263812035,-0.471330425360799,0.0408649082555552
754,331000,9612000,0.498264085099101,-0.423867203433812,0.0303653864965774
755,332000,9612000,0.285779455461353,-0.361625469242036,0.0161519631389689
756,333000,9612000,0.478348876963556,-0.386596336831152,0.0377109426487412
757,334000,9612000,0.440021200761199,-0.396657622954249,0.0316526007139706
758,335000,9612000,0.521139956702292,-0.441202699032426,0.041424427738128
759,336000,9612000,0.474941912785172,-0.437687999010086,0.035515743360616
760,337000,9612000,0.528843803909421,-0.446293745794892,0.0601993764869054
761,338000,9612000,0.433030263756216,-0.446663556784391,0.0440013795681996
762,339000,9612000,0.415254303314537,-0.423587541697919,0.047562381589564
763,340000,9612000,0.361214506927133,-0.386477263243496,0.0223423255706672
764,341000,9612000,0.311247442309372,-0.361430473662168,0.019706484217738
765,342000,9612000,0.307482688127458,-0.334300196038187,0.0200787705137453
766,343000,9612000,0.261100200035051,-0.270358828336,0.0223579478199623
767,344000,9612000,0.385645882103033,-0.283962151540443,0.0267816751811886
768,345000,9612000,0.698905958849192,-0.364751764260232,0.0200303370274487
769,346000,9612000,0.701415886986256,-0.359152019576728,0.0208518429171178
770,347000,9612000,0.413680237215757,-0.476888642942905,0.0447599026003387
771,348000,9612000,0.337677284754068,-0.539881377154589,0.0772620609979611
772,349000,9612000,0.264251607471332,-0.519460534676909,0.0590199551955797
773,350000,9612000,0.692801257891208,-0.459585133853555,0.0328960029903858
774,351000,9612000,0.714633053794503,-0.44468916606307,0.036709786408511
775,352000,9612000,0.62681193767786,-0.462719752752781,0.0408773543240153
776,353000,9612000,0.412991411734745,-0.491467793819308,0.0567609727926669
777,354000,9612000,0.578011924359255,-0.392091031704564,0.0320668764672824
778,355000,9612000,0.430427516444586,-0.399645028999448,0.0358242375577102
779,356000,9612000,0.40587597829178,-0.446600062070787,0.0516244758238783
780,357000,9612000,0.333280336880311,-0.387587539488077,0.0413237807085563
781,358000,9612000,0.628328506243229,-0.468535865485668,0.05271658833283
782,359000,9612000,0.636834756174684,-0.479685912823677,0.0586595765713369
783,360000,9612000,0.449871514374018,-0.443963114160299,0.0776261025456945
784,361000,9612000,0.476637310242653,-0.468349952949584,0.045430246949743
785,362000,9612000,0.320041956186295,-0.612128027057648,0.0697677114883438
786,363000,9612000,0.22596836611256,-0.645117417436838,0.0432958382230951
787,364000,9612000,0.191252039989084,-0.646646303910017,0.0323006133822491
788,365000,9612000,0.232381506049633,-0.619454113262892,0.063861155836063
789,366000,9612000,0.231238746576756,-0.610786280545592,0.0566266484690248
790,367000,9612000,0.20157109137103,-0.630396487665176,0.0640800444236258
791,368000,9612000,0.165839873120934,-0.61717527937293,0.0347091372343013
792,369000,9612000,0.190911466145515,-0.639933030122519,0.0412534005371599
793,370000,9612000,0.190353251901269,-0.646033193546534,0.044749278826057
794,371000,9612000,0.18407749369815,-0.648810627007484,0.0282873968876607
795,372000,9612000,0.18418128041625,-0.63694227745533,0.0256043778229767
796,373000,9612000,0.184529919834435,-0.630802019417286,0.0357371385092265
797,374000,9612000,0.189105073137581,-0.623486467629671,0.0401861415751511
798,375000,9612000,0.203366203226826,-0.626422129219229,0.0409651768118651
799,262000,9613000,0.245702741362154,-0.437849840849638,0.0299826496370952
800,263000,9613000,0.397322403080016,-0.461264313673973,0.0477438203089347
801,264000,9613000,0.343830019627511,-0.434660093419254,0.0595856506022392
802,265000,9613000,0.281404088961333,-0.431156722146273,0.0562931419925299
803,266000,9613000,0.227451588372886,-0.423837202349305,0.0521947598274332
804,267000,9613000,0.179864392529428,-0.419302858486772,0.0347588940787129
805,268000,9613000,0.28655581227988,-0.442088684439659,0.0443311010765494
806,269000,9613000,0.21248541097641,-0.440183920711279,0.030526273926266
807,270000,9613000,0.186808390746266,-0.454472860327363,0.0225163214705535
808,271000,9613000,0.171793857207149,-0.42873392213881,0.0278239523099968
809,272000,9613000,0.175183585219085,-0.433280521431565,0.0322023068941882
810,273000,9613000,0.219564496784657,-0.467709938549995,0.034343448157399
811,274000,9613000,0.22145629542768,-0.464695889753103,0.0424641947556753
812,275000,9613000,0.19088902746439,-0.456275272420049,0.0351893525330117
813,276000,9613000,0.208303128392994,-0.468925456026196,0.0360748476363253
814,277000,9613000,0.188777348047495,-0.467052386671305,0.0294629599705921
815,278000,9613000,0.249809878863394,-0.458382739195228,0.0528749895174056
816,279000,9613000,0.289516971842945,-0.466196046468616,0.0526120244681137
817,280000,9613000,0.335577028927207,-0.470510371313989,0.0527499816684285
818,281000,9613000,0.334525307001173,-0.489299378961325,0.0482801600536797
819,282000,9613000,0.286400748863816,-0.480948452082276,0.047977214486571
820,283000,9613000,0.28216062246114,-0.487275523522496,0.051763765742071
821,284000,9613000,0.303434474459291,-0.464753534725308,0.0552554590653861
822,285000,9613000,0.278623103331029,-0.462989796021581,0.0503880220978113
823,286000,9613000,0.212164470261335,-0.425538586832583,0.0420700875783339
824,287000,9613000,0.192873071024567,-0.407720440404117,0.0381393359257956
825,288000,9613000,0.191803014644608,-0.422246500785649,0.0387961673890706
826,289000,9613000,0.144395496097952,-0.408153791496158,0.0264601902785944
827,290000,9613000,0.157585090849176,-0.41717848842442,0.0321646766696154
828,291000,9613000,0.13275497260578,-0.400300898879766,0.0221076426306972
829,292000,9613000,0.131889767707139,-0.398506358650327,0.0204106602528598
830,293000,9613000,0.168801149733365,-0.437874069948494,0.0400386699435301
831,294000,9613000,0.152112248079292,-0.383701672179997,0.0314251741257904
832,295000,9613000,0.194035068698972,-0.437092938390374,0.0526097106766654
833,296000,9613000,0.22271565118283,-0.470651755565405,0.0646483255227096
834,297000,9613000,0.158445867301524,-0.411337582999468,0.0397581457172404
835,298000,9613000,0.138180369069427,-0.381189485949278,0.0256654332405771
836,299000,9613000,0.183901310432702,-0.46506793141365,0.037203424383956
837,3e+05,9613000,0.197916665901989,-0.4770072894454,0.0469141888700891
838,301000,9613000,0.235265717925131,-0.481299562898278,0.0582253312726505
839,302000,9613000,0.231561729151011,-0.477268604710698,0.0684773291273974
840,303000,9613000,0.239430587601662,-0.48583246742487,0.0668868147815578
841,304000,9613000,0.251183347131312,-0.480619853254408,0.0760255074010696
842,305000,9613000,0.246971273512207,-0.432659577663988,0.0602060938127106
843,306000,9613000,0.203092660756223,-0.412170575683285,0.0374329412514577
844,307000,9613000,0.18907176369587,-0.389222924788669,0.0334015409749525
845,308000,9613000,0.19165332839489,-0.367449638967589,0.02529888846268
846,309000,9613000,0.219534859136585,-0.379295356605225,0.0318991693554854
847,310000,9613000,0.404870768849552,-0.412712703822099,0.0751483794807224
848,311000,9613000,0.650003621191531,-0.405500674828142,0.124775387131819
849,312000,9613000,0.584820423381031,-0.386204200197756,0.0717158267289633
850,313000,9613000,0.543960859460384,-0.39069534971416,0.128904299308872
851,314000,9613000,0.633781603445113,-0.403071272489429,0.0541743819056079
852,315000,9613000,0.599567852924764,-0.414475838366151,0.0802900242391275
853,316000,9613000,0.506780041491985,-0.394365862709284,0.101264842936303
854,317000,9613000,0.508362128919363,-0.419511758813262,0.0813764630528633
855,318000,9613000,0.338324947075546,-0.42542784563601,0.0602648264360498
856,319000,9613000,0.389532349105179,-0.438915644754469,0.0679855091067497
857,320000,9613000,0.452477221895754,-0.428224834892154,0.0717237750867149
858,321000,9613000,0.585622204233706,-0.410641321453452,0.062174522339087
859,322000,9613000,0.68964938556999,-0.393325323408842,0.143810375970462
860,323000,9613000,0.69716940279901,-0.38672987318337,0.108560845804075
861,324000,9613000,0.704695187322795,-0.359841432368755,0.0849456752463477
862,325000,9613000,0.654929085487127,-0.376346330350637,0.0891458884677151
863,326000,9613000,0.414426317198575,-0.411159669658542,0.0373590250217647
864,327000,9613000,0.434440254102493,-0.431527541107684,0.0349827974158223
865,328000,9613000,0.533743525093794,-0.460218001823127,0.0411844418175518
866,329000,9613000,0.639072424712777,-0.458044028842449,0.0648514579477371
867,330000,9613000,0.632301147595048,-0.458601461067796,0.0564654076496721
868,331000,9613000,0.419736172208935,-0.428749062556028,0.0301154892196297
869,332000,9613000,0.358665222623013,-0.430560271571577,0.0215501344121236
870,333000,9613000,0.516603016154468,-0.381452231378853,0.0353647036659124
871,334000,9613000,0.428672444339097,-0.393019407102466,0.0345541130087571
872,335000,9613000,0.461761154125631,-0.386095943886042,0.0348572184307501
873,336000,9613000,0.462716580698639,-0.420619150851667,0.0501464851884404
874,337000,9613000,0.565952632039785,-0.449757532733679,0.0600095000830421
875,338000,9613000,0.465274924753606,-0.441431182806194,0.0644558931937441
876,339000,9613000,0.4138265377298,-0.433125434570014,0.0559709494367009
877,340000,9613000,0.35277916701287,-0.390761991462111,0.0276826098878868
878,341000,9613000,0.27486256660372,-0.343241669914126,0.0223057142352336
879,342000,9613000,0.230286300599575,-0.322836749991775,0.0246553080113605
880,343000,9613000,0.268796317793801,-0.331296573971212,0.0259745958568412
881,344000,9613000,0.276082565011084,-0.273918332707166,0.018754861243366
882,345000,9613000,0.565757740302756,-0.322853295970149,0.0282943257753388
883,346000,9613000,0.71199366080761,-0.404222876994312,0.0262915291520389
884,347000,9613000,0.308584874098375,-0.52518936277926,0.0453475459476467
885,348000,9613000,0.377597060237825,-0.521321988645196,0.0785839784198441
886,349000,9613000,0.217136635517329,-0.538733623188734,0.0503681837801123
887,350000,9613000,0.58843844986558,-0.447484815061092,0.0487677009807317
888,351000,9613000,0.614168555199355,-0.415362457361817,0.0357299277034181
889,352000,9613000,0.33301894405596,-0.431329206393659,0.0485246375986724
890,353000,9613000,0.28834578237012,-0.497328852808475,0.0708854651315603
891,354000,9613000,0.498607433247566,-0.44340502846241,0.0464206039856013
892,355000,9613000,0.618165870310366,-0.440609594294429,0.0314823344551027
893,356000,9613000,0.460574717974663,-0.439198791229725,0.0448995092531084
894,357000,9613000,0.256939605385065,-0.362787536227703,0.0434982659207832
895,358000,9613000,0.642546888548136,-0.474022979184985,0.0548560135286301
896,359000,9613000,0.601670198189467,-0.470584967896342,0.0568859267756343
897,360000,9613000,0.344489334865659,-0.461450354710221,0.0540939718127309
898,361000,9613000,0.394549864336848,-0.526076588094235,0.0488053076081676
899,362000,9613000,0.298602519534528,-0.616887573051453,0.078999578126939
900,363000,9613000,0.216664542923868,-0.642380803012848,0.0520700199268176
901,364000,9613000,0.199764643058181,-0.641339554286003,0.0450990024221595
902,365000,9613000,0.193701087959111,-0.626887520897388,0.0508638389235362
903,366000,9613000,0.225250253757834,-0.639325841093063,0.0595156036835862
904,367000,9613000,0.173497551622987,-0.64110070002079,0.0455344835943892
905,368000,9613000,0.162293469253927,-0.628134867501259,0.0356830939414969
906,369000,9613000,0.187781271238625,-0.628361325955391,0.039756304432475
907,370000,9613000,0.172065596003085,-0.64329270132184,0.0320548715322337
908,371000,9613000,0.185139705856889,-0.641856217724085,0.0369289814889838
909,372000,9613000,0.188950414732099,-0.627429471117258,0.0236454005459091
910,373000,9613000,0.198720041255653,-0.610877579629421,0.0412521376701887
911,374000,9613000,0.204316354453564,-0.611702065336704,0.0674671455305535
912,375000,9613000,0.200459962974895,-0.622478517781604,0.0671630353192714
913,262000,9614000,0.311526949137449,-0.434543091543019,0.0385203252018546
914,263000,9614000,0.41517494304888,-0.467053702540696,0.0492171205455437
915,264000,9614000,0.367547822922468,-0.45474377424866,0.0435846533050761
916,265000,9614000,0.323472339807451,-0.449603636997938,0.0545585122261196
917,266000,9614000,0.232990371719003,-0.449018063288927,0.0499667451858986
918,267000,9614000,0.208115827406943,-0.463958947262168,0.0402775004835799
919,268000,9614000,0.24661889962554,-0.48784023887217,0.0475097157602198
920,269000,9614000,0.207641938073933,-0.4762207121104,0.0355190865473705
921,270000,9614000,0.193431882916391,-0.468323770877719,0.0294708812172292
922,271000,9614000,0.190597714423388,-0.441151528027654,0.0292477459061076
923,272000,9614000,0.206678889290243,-0.468532700243592,0.0396349148406414
924,273000,9614000,0.216539842577279,-0.457265302589536,0.0445322762715165
925,274000,9614000,0.232369986530393,-0.478978063774109,0.0492578478474636
926,275000,9614000,0.214611060625315,-0.474510941171646,0.0386801105648396
927,276000,9614000,0.196394614078104,-0.465928175210953,0.0276577216038713
928,277000,9614000,0.184827481721342,-0.464893159133196,0.0309122916655149
929,278000,9614000,0.184917105630413,-0.466098373413086,0.0335434341565473
930,279000,9614000,0.179989382814243,-0.452964045216143,0.0285788049420109
931,280000,9614000,0.232041320444271,-0.454414133094251,0.0316283965777489
932,281000,9614000,0.335678904672712,-0.462701937484741,0.0546909806712996
933,282000,9614000,0.292055788805336,-0.464521236926317,0.0453632224450354
934,283000,9614000,0.306898002621531,-0.469158946213126,0.0421338859313168
935,284000,9614000,0.303743299097568,-0.473805681097507,0.0484552087803837
936,285000,9614000,0.360163072341681,-0.492423774373531,0.0582853759480873
937,286000,9614000,0.316219130045176,-0.499616712385416,0.0461662327402737
938,287000,9614000,0.303954956042021,-0.513288206368685,0.0472881886594929
939,288000,9614000,0.313060469682515,-0.513257650601864,0.0517746240550419
940,289000,9614000,0.239486726233363,-0.453973069316149,0.0529906076786108
941,290000,9614000,0.239248416611552,-0.473239438599348,0.0510448116219602
942,291000,9614000,0.201590005299449,-0.455253116621077,0.0419254043726018
943,292000,9614000,0.183275973739475,-0.427904119580984,0.0268819659001194
944,293000,9614000,0.229078187150136,-0.451143414847553,0.0379303190393141
945,294000,9614000,0.146223859682865,-0.381459877043963,0.0374427199005149
946,295000,9614000,0.192751339954883,-0.414257384158671,0.0483327450268436
947,296000,9614000,0.194139828689396,-0.423772521317005,0.0495674260074738
948,297000,9614000,0.171170333467796,-0.418360234171152,0.03750128386789
949,298000,9614000,0.146613156363368,-0.413833534809947,0.0226341768196551
950,299000,9614000,0.167164076386392,-0.440261586114764,0.0287677193552838
951,3e+05,9614000,0.183812144292146,-0.468351192942262,0.0389104595879558
952,301000,9614000,0.223103431463242,-0.476425219357014,0.0493250666829757
953,302000,9614000,0.289583369700611,-0.474387851853669,0.073091324046487
954,303000,9614000,0.291560397583712,-0.437182683081832,0.0682211015721783
955,304000,9614000,0.21394277446419,-0.436177719397843,0.0516847025224008
956,305000,9614000,0.167672836910188,-0.417924321360886,0.0321396348495153
957,306000,9614000,0.142180493765324,-0.44900136872828,0.0186278675973532
958,307000,9614000,0.159910469118506,-0.405011157940328,0.0187549480762915
959,308000,9614000,0.176561445955187,-0.440914134183526,0.019811441977293
960,309000,9614000,0.227253555261064,-0.392296762555721,0.0260579814179015
961,310000,9614000,0.589044600971043,-0.407464672720968,0.113096198747924
962,311000,9614000,0.553463185742497,-0.385661813120544,0.0905744543808978
963,312000,9614000,0.577695938494801,-0.397143383561075,0.101751613789028
964,313000,9614000,0.640004759541154,-0.397777746343613,0.0726056812387658
965,314000,9614000,0.629211867436767,-0.376095093539357,0.111997599950852
966,315000,9614000,0.501468049035966,-0.394258286952972,0.092710813958387
967,316000,9614000,0.59973598978112,-0.376578959819535,0.134279026061855
968,317000,9614000,0.494880544383079,-0.427300413821638,0.0681642143709119
969,318000,9614000,0.406976872728765,-0.430396976297349,0.0675826071851538
970,319000,9614000,0.374678504381329,-0.436020801460743,0.0711114618615713
971,320000,9614000,0.395823739741743,-0.436463661403954,0.0638456415219465
972,321000,9614000,0.383626492981613,-0.444279974299669,0.0515360675812233
973,322000,9614000,0.379553795431554,-0.445491070511937,0.0620537741020555
974,323000,9614000,0.402147726266086,-0.448270180922747,0.0515789041992044
975,324000,9614000,0.620497113846242,-0.450482889655232,0.047965196676139
976,325000,9614000,0.47019327824302,-0.433141536785662,0.048110046474202
977,326000,9614000,0.467326911365986,-0.439934281320125,0.055599128063675
978,327000,9614000,0.580586146329343,-0.456049870675057,0.0445520745410817
979,328000,9614000,0.595228503125906,-0.470934227409959,0.049351080543967
980,329000,9614000,0.612874222664535,-0.463545645949245,0.0550904467495973
981,330000,9614000,0.54676539170593,-0.449213284552097,0.0313337821703957
982,331000,9614000,0.434252808842808,-0.415862250344455,0.0322297449246107
983,332000,9614000,0.524379852618277,-0.388019793276489,0.046051266792661
984,333000,9614000,0.544571923279762,-0.374856229867041,0.0475406809377833
985,334000,9614000,0.399912297648191,-0.433561650565267,0.0576535689563607
986,335000,9614000,0.373037644439936,-0.428964309495687,0.051378460315743
987,336000,9614000,0.369304046309739,-0.424288520146906,0.0350369382493838
988,337000,9614000,0.422561214009672,-0.424138979063928,0.0433183341551223
989,338000,9614000,0.502262082713842,-0.453198228380084,0.0616713401386514
990,339000,9614000,0.422512475329638,-0.443105236952007,0.0523612679299345
991,340000,9614000,0.399639211839437,-0.418675509224832,0.0344791485752619
992,341000,9614000,0.303364666027203,-0.337188530063629,0.0205732205820037
993,342000,9614000,0.271196199589968,-0.333677834909409,0.0251693800012232
994,343000,9614000,0.375262139810622,-0.368115510436893,0.0322209848033555
995,344000,9614000,0.310061838932708,-0.315853424748778,0.027878645130957
996,345000,9614000,0.270706793085113,-0.288476875854284,0.0238929250128218
997,346000,9614000,0.70905884804083,-0.391428552464396,0.0251993340727233
998,347000,9614000,0.502205848165602,-0.428977516916394,0.0256055148544023
999,348000,9614000,0.222186609503627,-0.54426702119112,0.0447102849345421
1000,349000,9614000,0.263740080926195,-0.478841529043019,0.0347570336194825
1001,350000,9614000,0.593294563357532,-0.41832355594188,0.0372900001578208
1002,351000,9614000,0.586882118116319,-0.44459385920614,0.0249570673787035
1003,352000,9614000,0.234758939870819,-0.361427834236622,0.0330851352912141
1004,353000,9614000,0.3375706256181,-0.503429566895962,0.0604688609885285
1005,354000,9614000,0.570983503627032,-0.488399467214942,0.0463028998898575
1006,355000,9614000,0.577160795846581,-0.459923694172502,0.0404455386603018
1007,356000,9614000,0.423581626813114,-0.412472735704482,0.0383549582016538
1008,357000,9614000,0.501841312162951,-0.427983722615242,0.0383682079721242
1009,358000,9614000,0.687912003549933,-0.481435249304771,0.0479466790483159
1010,359000,9614000,0.465278596943617,-0.450666111861169,0.0524669668976741
1011,360000,9614000,0.431857356938103,-0.48224368904233,0.0806900122687221
1012,361000,9614000,0.329812177404016,-0.600458691480756,0.0624290605929447
1013,362000,9614000,0.249783465991914,-0.61837334934473,0.0682369788175914
1014,363000,9614000,0.235127961020917,-0.633403827542067,0.0507001182881882
1015,364000,9614000,0.208147757999599,-0.637886767411232,0.0430182780470932
1016,365000,9614000,0.197378170375526,-0.630006427413225,0.0603725595160271
1017,366000,9614000,0.22736016908586,-0.632084186267853,0.0783632281487109
1018,367000,9614000,0.195091566396505,-0.643599452495575,0.0565300624511787
1019,368000,9614000,0.180579749800265,-0.643959191441536,0.0401386464961804
1020,369000,9614000,0.191775583836436,-0.632824859690666,0.042340314847487
1021,370000,9614000,0.195730390430242,-0.635679173117876,0.0572124214414507
1022,371000,9614000,0.195520684564114,-0.639016530627012,0.0423088669206016
1023,372000,9614000,0.202855663944036,-0.624915093404055,0.0357659038239741
1024,373000,9614000,0.213293038961291,-0.614161749595404,0.0498029117212922
1025,374000,9614000,0.208062067969143,-0.618741566896439,0.0348356957870885
1026,375000,9614000,0.207700994651426,-0.613075826276432,0.0417684784192931
1027,262000,9615000,0.429467771336436,-0.486714116685092,0.045931678854744
1028,263000,9615000,0.457226809455454,-0.485030593858659,0.0505972608304583
1029,264000,9615000,0.418743861754239,-0.484325767466426,0.0505368253334425
1030,265000,9615000,0.282509225133061,-0.471563864377141,0.0362045419974951
1031,266000,9615000,0.237084538386762,-0.481698525735736,0.0399876687812386
1032,267000,9615000,0.233461812981218,-0.478444682016969,0.0382123123716563
1033,268000,9615000,0.224913748055696,-0.476652685189247,0.0384947452849243
1034,269000,9615000,0.228585312570631,-0.46663699464798,0.0387710784163792
1035,270000,9615000,0.189906436380744,-0.456915610849857,0.0256545289634378
1036,271000,9615000,0.209326899281144,-0.463505204603076,0.0327306151720346
1037,272000,9615000,0.216251707617939,-0.464001822167635,0.0407017010066309
1038,273000,9615000,0.235453945464641,-0.479430506679416,0.0468226703107124
1039,274000,9615000,0.255787079159915,-0.48645405112803,0.0509200121128466
1040,275000,9615000,0.230910723152757,-0.477452868613601,0.0422010564018274
1041,276000,9615000,0.205450760438293,-0.47284202246666,0.0367750256486237
1042,277000,9615000,0.185160167597234,-0.466380935165286,0.0348739541902207
1043,278000,9615000,0.177980274488777,-0.467963512161374,0.0291656930388883
1044,279000,9615000,0.172618527372181,-0.450086821247637,0.0294843262829119
1045,280000,9615000,0.205124211069942,-0.447939007828035,0.0368731297401013
1046,281000,9615000,0.321121721512079,-0.469154305261374,0.0630786811547587
1047,282000,9615000,0.269520664749295,-0.454465047028661,0.0396905547921662
1048,283000,9615000,0.25001538368687,-0.44160823738575,0.0375355650081532
1049,284000,9615000,0.321158647225797,-0.479696479901671,0.0524462345699547
1050,285000,9615000,0.204000045230798,-0.426881866104901,0.0343069865225232
1051,286000,9615000,0.18683491585115,-0.384979545387253,0.0293196650777129
1052,287000,9615000,0.152193577956175,-0.368582706950605,0.0247089389608591
1053,288000,9615000,0.163509162868746,-0.39604252794832,0.0319868204269325
1054,289000,9615000,0.226485957229882,-0.442922512841225,0.0280636389237014
1055,290000,9615000,0.198816733011417,-0.445233119796216,0.0222294527768128
1056,291000,9615000,0.211172852480412,-0.395789664319158,0.0233336383627902
1057,292000,9615000,0.174222094319761,-0.42305458496511,0.0267401463868562
1058,293000,9615000,0.118009860060993,-0.347601270473003,0.0235783111985118
1059,294000,9615000,0.152484905108158,-0.366339906726778,0.0313831521739718
1060,295000,9615000,0.21689869639799,-0.4763921017766,0.058729445581208
1061,296000,9615000,0.203453149519861,-0.461135283470154,0.0556419647498056
1062,297000,9615000,0.172107954169065,-0.411909183049202,0.0363393089708756
1063,298000,9615000,0.144414578988403,-0.42995241220668,0.0267530184524076
1064,299000,9615000,0.166840872539207,-0.4096295889467,0.0365471216662147
1065,3e+05,9615000,0.203225514027104,-0.446780513176322,0.0436759183481336
1066,301000,9615000,0.269301041717827,-0.461174769023061,0.054466504890658
1067,302000,9615000,0.26687305342555,-0.45635052075088,0.0605364087043097
1068,303000,9615000,0.184056564576179,-0.450322147846222,0.0354675848896615
1069,304000,9615000,0.154284716468304,-0.437940671855211,0.0243093946706387
1070,305000,9615000,0.170284043365717,-0.439579109814763,0.0212169411036186
1071,306000,9615000,0.153264238533378,-0.452573575717211,0.0205153094514972
1072,307000,9615000,0.174937470616959,-0.431688168944418,0.0233288357987884
1073,308000,9615000,0.1590458077766,-0.472176614060998,0.016719898370083
1074,309000,9615000,0.280297077716887,-0.449681109376252,0.0248856265628885
1075,310000,9615000,0.61588172897473,-0.401277935025096,0.0675928680943209
1076,311000,9615000,0.578080348600447,-0.398201887086034,0.102559852641914
1077,312000,9615000,0.641030080018938,-0.38989540450871,0.0825613034824492
1078,313000,9615000,0.639777660794556,-0.392054680344462,0.0760126519559417
1079,314000,9615000,0.635957962317765,-0.378119734409451,0.0770674478773377
1080,315000,9615000,0.59533618998751,-0.36706911264956,0.092412171365344
1081,316000,9615000,0.605213201943459,-0.37645140938689,0.0856753228722606
1082,317000,9615000,0.421794297394902,-0.432726293054968,0.0490714356637094
1083,318000,9615000,0.447361077371985,-0.4416250198856,0.0493859824450919
1084,319000,9615000,0.38684742934294,-0.438129893688858,0.0566351003142656
1085,320000,9615000,0.478497895494103,-0.430432247368991,0.0916920523168519
1086,321000,9615000,0.454598739314079,-0.436374283236265,0.0808180553229991
1087,322000,9615000,0.482717381964624,-0.44504176183939,0.0740274604444043
1088,323000,9615000,0.533324213680625,-0.465018951678276,0.0594319572857814
1089,324000,9615000,0.488932870897651,-0.457307702149451,0.0589336319703143
1090,325000,9615000,0.423810592372715,-0.444999248339236,0.0654122058175621
1091,326000,9615000,0.553413644599076,-0.46069392926991,0.063517749744514
1092,327000,9615000,0.758491337925196,-0.460366870158911,0.0311779534174828
1093,328000,9615000,0.646025968784094,-0.470855631291866,0.0560772006035433
1094,329000,9615000,0.612416031643003,-0.439028820752911,0.0401564501276007
1095,330000,9615000,0.532927849803865,-0.442507397893071,0.0267043479589338
1096,331000,9615000,0.409301450740546,-0.417016007216275,0.0295126532477909
1097,332000,9615000,0.463491742626578,-0.31057806866914,0.108594488851936
1098,333000,9615000,0.463936949880421,-0.363170416545926,0.100151847808436
1099,334000,9615000,0.453900112105906,-0.446308533041179,0.0475718955043238
1100,335000,9615000,0.351878795412183,-0.42968675160706,0.0445878220634651
1101,336000,9615000,0.301492082072794,-0.417295186366141,0.0490214347768109
1102,337000,9615000,0.338720723836124,-0.427465790225565,0.0397969563502586
1103,338000,9615000,0.500825046802312,-0.438873772332072,0.0553605522394879
1104,339000,9615000,0.48525567252785,-0.462206492975354,0.0663111927567516
1105,340000,9615000,0.417576989282668,-0.423062255130708,0.058685619290371
1106,341000,9615000,0.352705689700693,-0.357946921519935,0.0255155536675826
1107,342000,9615000,0.27194375894051,-0.318462364370748,0.0259541735650302
1108,343000,9615000,0.447164225476608,-0.34785972558714,0.0732894007269293
1109,344000,9615000,0.382891467767954,-0.326456672557665,0.0644260589010548
1110,345000,9615000,0.466117488916963,-0.325358478316793,0.069013422015775
1111,346000,9615000,0.715920894521661,-0.413208732280624,0.0332341344791697
1112,347000,9615000,0.559637693719566,-0.443062622183934,0.0301947402441117
1113,348000,9615000,0.28407392410934,-0.519889764797688,0.0458763635240146
1114,349000,9615000,0.438256903533637,-0.452272823867202,0.0449784266590024
1115,350000,9615000,0.603419722536206,-0.450845620730519,0.0422831803165143
1116,351000,9615000,0.56977638503015,-0.46607792250514,0.0402456131013576
1117,352000,9615000,0.39905325563848,-0.481109061640501,0.0554050249055785
1118,353000,9615000,0.332477559029311,-0.498927772779763,0.053214176822087
1119,354000,9615000,0.493964165718853,-0.469198290269077,0.0469213429204421
1120,355000,9615000,0.46737657583952,-0.419588002733886,0.0406391952815815
1121,356000,9615000,0.404489130299538,-0.388771461604536,0.0347071868502302
1122,357000,9615000,0.688716252064705,-0.47204477173984,0.0433111539765145
1123,358000,9615000,0.551951517831907,-0.457746499362588,0.0566437754450133
1124,359000,9615000,0.356460470487922,-0.480103466458619,0.0793023290288693
1125,360000,9615000,0.369830669746548,-0.560253496479988,0.102693161558255
1126,361000,9615000,0.330722968909144,-0.589552194862068,0.0705338206534507
1127,362000,9615000,0.272819983911514,-0.590536652827263,0.0455796305851778
1128,363000,9615000,0.238927938642353,-0.618272472310066,0.0490676408334868
1129,364000,9615000,0.216707155013829,-0.634704004234076,0.0444725930764878
1130,365000,9615000,0.194219051098824,-0.630412787485123,0.0477692453867057
1131,366000,9615000,0.193030429343879,-0.622104445561767,0.0371937409002043
1132,367000,9615000,0.210515461330116,-0.639800353395939,0.064086836371012
1133,368000,9615000,0.188347734488547,-0.634223058634996,0.0405902722617378
1134,369000,9615000,0.185816062095761,-0.62732577021718,0.0290673680825043
1135,370000,9615000,0.210086488106102,-0.621923991137743,0.0518248329740774
1136,371000,9615000,0.208710496520996,-0.625479191994667,0.0539429537577089
1137,372000,9615000,0.197356262403727,-0.634221586918831,0.0454032457574736
1138,373000,9615000,0.204564260417223,-0.637889204895496,0.0468409539756598
1139,374000,9615000,0.196720669490099,-0.636364265573025,0.0376159611629788
1140,375000,9615000,0.206175486228683,-0.620936362364075,0.0376730616600253
1141,262000,9616000,0.479611184619367,-0.500259008705616,0.0556482414160855
1142,263000,9616000,0.454187704376876,-0.497416193787754,0.0555339878206258
1143,264000,9616000,0.428525712504983,-0.485031280434132,0.0430198969597695
1144,265000,9616000,0.386975401286036,-0.471451771339774,0.0558322226807941
1145,266000,9616000,0.308439797796309,-0.490147179141641,0.0545516166422982
1146,267000,9616000,0.247042440403253,-0.495779703983664,0.0460562854450196
1147,268000,9616000,0.225021669741627,-0.477322669315338,0.0379720552355517
1148,269000,9616000,0.225454362986237,-0.478264353780448,0.0352169703771593
1149,270000,9616000,0.219361807312071,-0.472414979204535,0.030344765160617
1150,271000,9616000,0.211544646141678,-0.473217381671071,0.0318082818335388
1151,272000,9616000,0.211744816146791,-0.471814251959324,0.0326143059544498
1152,273000,9616000,0.223394592457265,-0.488832682579756,0.0393934126954468
1153,274000,9616000,0.215209699997306,-0.468982407042384,0.0333452766410541
1154,275000,9616000,0.215703846180439,-0.466409844976664,0.0380161858641077
1155,276000,9616000,0.225209841619432,-0.463398346364498,0.0400301835575607
1156,277000,9616000,0.196619862364978,-0.464811793732643,0.0380950075070607
1157,278000,9616000,0.18524483942762,-0.464115529507399,0.0391004261733498
1158,279000,9616000,0.182257263162732,-0.447879649499059,0.035733787359437
1159,280000,9616000,0.197109753032401,-0.441464579796838,0.0339249847679981
1160,281000,9616000,0.188179131110571,-0.423808747783303,0.0375997104282724
1161,282000,9616000,0.138471912855934,-0.351135697875917,0.0246152650246877
1162,283000,9616000,0.109030428109039,-0.302802654086798,0.0184273485791171
1163,284000,9616000,0.151075599453226,-0.343641329860687,0.0258525939051062
1164,285000,9616000,0.114587690054625,-0.332955325354636,0.0263290546721546
1165,286000,9616000,0.094615437881276,-0.292691251911968,0.0208374093143502
1166,287000,9616000,0.103197287601419,-0.322186908322573,0.0218719220390078
1167,288000,9616000,0.0849179240619764,-0.307891832251847,0.0174064038152806
1168,289000,9616000,0.0943306434349623,-0.303322200799361,0.0158891062470968
1169,290000,9616000,0.0841450960742775,-0.297639630550891,0.0132215565168299
1170,291000,9616000,0.126951073660247,-0.331913445772976,0.017604409153061
1171,292000,9616000,0.138345915558841,-0.376262797640264,0.0200797320287908
1172,293000,9616000,0.0804769098526755,-0.276878146478906,0.0159585573047341
1173,294000,9616000,0.111789208014903,-0.288283718631417,0.0213514375411207
1174,295000,9616000,0.241280387235433,-0.438092404080927,0.0484608615284902
1175,296000,9616000,0.186912544832379,-0.436553846696019,0.0426967955234053
1176,297000,9616000,0.195292927166354,-0.441733614942431,0.0549295182955917
1177,298000,9616000,0.193133226536587,-0.432279314100742,0.0381891787129396
1178,299000,9616000,0.225667367146909,-0.426632762442529,0.0506915362733416
1179,3e+05,9616000,0.22787935741283,-0.448926057606935,0.0499934028028976
1180,301000,9616000,0.234257346643507,-0.437879229705036,0.0396940300526097
1181,302000,9616000,0.210945020372793,-0.417624439466,0.0344895674993051
1182,303000,9616000,0.179774751794338,-0.458191320562363,0.0245644964269362
1183,304000,9616000,0.151888693547994,-0.484314552396536,0.016440502964909
1184,305000,9616000,0.234892693307251,-0.473186168676615,0.0311854015100631
1185,306000,9616000,0.183569092105702,-0.439450259301066,0.0223774449840654
1186,307000,9616000,0.169774520850927,-0.477336284321547,0.0202434249095968
1187,308000,9616000,0.177976207120717,-0.485872025153041,0.0184457145697495
1188,309000,9616000,0.278975709991902,-0.460206910738349,0.0242472984607564
1189,310000,9616000,0.681966567538772,-0.421804348015785,0.0626826595596271
1190,311000,9616000,0.656170112560689,-0.41101071562767,0.0544179661666625
1191,312000,9616000,0.647121652450785,-0.379411343333125,0.0712091805430595
1192,313000,9616000,0.577541600895865,-0.373495636113564,0.0831180206616875
1193,314000,9616000,0.606845020575821,-0.372907649721205,0.0783654848223087
1194,315000,9616000,0.625933406603336,-0.358377938568592,0.122304677160317
1195,316000,9616000,0.584943955032877,-0.379180272163916,0.0943874131605728
1196,317000,9616000,0.373484603312053,-0.420182561510056,0.0526660882658325
1197,318000,9616000,0.330594254652085,-0.417896451568603,0.041714709393261
1198,319000,9616000,0.396443378714472,-0.437126171671599,0.0429061973595992
1199,320000,9616000,0.485316164461523,-0.415393278574944,0.0978960610793205
1200,321000,9616000,0.579524556840956,-0.424160184115171,0.166356648995087
1201,322000,9616000,0.480002004392445,-0.438664059838653,0.0833665698620724
1202,323000,9616000,0.621386562621594,-0.419255701589584,0.12327557057417
1203,324000,9616000,0.538565177249908,-0.442310669393837,0.0795415510298102
1204,325000,9616000,0.512826174485683,-0.459466586045921,0.066271894282219
1205,326000,9616000,0.577783788408339,-0.441556118348241,0.0701903354282957
1206,327000,9616000,0.689088496612012,-0.455527225393057,0.056771018309833
1207,328000,9616000,0.615483249133825,-0.456118445590138,0.0308114488402265
1208,329000,9616000,0.523289855292439,-0.370958981006965,0.0881662418732536
1209,330000,9616000,0.537913697304577,-0.422493682730943,0.0512881968898699
1210,331000,9616000,0.306948753739893,-0.4420164388448,0.0227819977989304
1211,332000,9616000,0.312306363525987,-0.463818852582574,0.0274504780595191
1212,333000,9616000,0.438682430432737,-0.435438545159996,0.0413374005850113
1213,334000,9616000,0.442917713221908,-0.433256104743481,0.0501795216377417
1214,335000,9616000,0.31198910793364,-0.426587953194976,0.0461975287229929
1215,336000,9616000,0.329292518588156,-0.431277324408293,0.0548545678614289
1216,337000,9616000,0.376834753715247,-0.436856605423987,0.0551653218526044
1217,338000,9616000,0.465721466787951,-0.434841617751867,0.0655360466505867
1218,339000,9616000,0.592945328748226,-0.458581920385361,0.0589763196904561
1219,340000,9616000,0.391835325490125,-0.403857868266106,0.0441222808272927
1220,341000,9616000,0.621296703211917,-0.432941851936281,0.0239714758108719
1221,342000,9616000,0.560449052026123,-0.359942213643342,0.0765303760467214
1222,343000,9616000,0.504350254328549,-0.326203801128641,0.114041523185186
1223,344000,9616000,0.509132493272424,-0.306310648163035,0.108160454689548
1224,345000,9616000,0.590977605479956,-0.384904454284161,0.0703492789082928
1225,346000,9616000,0.710069021393731,-0.423116178312525,0.0387504873463535
1226,347000,9616000,0.478622533099353,-0.444291452118754,0.034965506921534
1227,348000,9616000,0.440481173498929,-0.471800932520628,0.0472323820390971
1228,349000,9616000,0.524936217655241,-0.445625172314048,0.0414586276542628
1229,350000,9616000,0.618958719363809,-0.42646050722003,0.0501794588944525
1230,351000,9616000,0.514163726907969,-0.475281789344549,0.043664945874532
1231,352000,9616000,0.544453654751182,-0.469751564192772,0.0435255857686279
1232,353000,9616000,0.568748888081312,-0.472056391909718,0.0447075314350659
1233,354000,9616000,0.589613298721612,-0.449208658520877,0.0332191515793209
1234,355000,9616000,0.385451369440183,-0.400932948753238,0.0578100845957291
1235,356000,9616000,0.251650660710037,-0.308821661131084,0.0253499997987761
1236,357000,9616000,0.623741471095383,-0.462596280261874,0.0362257200045045
1237,358000,9616000,0.575201484206319,-0.457781274627452,0.0577699416257325
1238,359000,9616000,0.450915277089924,-0.513892436689138,0.065365251726826
1239,360000,9616000,0.303701247067749,-0.58291956410408,0.105506092833239
1240,361000,9616000,0.31419295941703,-0.593961249181628,0.0706199903383153
1241,362000,9616000,0.307676324033737,-0.600677566599846,0.0629938742685132
1242,363000,9616000,0.293319948934019,-0.612085903292894,0.0592346282050479
1243,364000,9616000,0.206223427002132,-0.628148726904392,0.0486463910545106
1244,365000,9616000,0.203235468516499,-0.624688175487518,0.0515961373636499
1245,366000,9616000,0.198532721306384,-0.627788892656565,0.0327684506121499
1246,367000,9616000,0.197162272227556,-0.628696542906761,0.0360645409974328
1247,368000,9616000,0.162181193076819,-0.630502024328709,0.0296279733516276
1248,369000,9616000,0.179607380524278,-0.626813635081053,0.0294602774987055
1249,370000,9616000,0.17687162752226,-0.621364910775423,0.0314000747647835
1250,371000,9616000,0.184776551343501,-0.630670463079214,0.0422833128677681
1251,372000,9616000,0.190974699702859,-0.63892894230485,0.0512181248881505
1252,373000,9616000,0.198209444820881,-0.638971751374006,0.0450112595816317
1253,374000,9616000,0.198950866232812,-0.639533758085966,0.0429278178155189
1254,375000,9616000,0.207290594970638,-0.629131117137996,0.0412292580894957
1255,262000,9617000,0.337382573626935,-0.479817380681634,0.0496598960375413
1256,263000,9617000,0.439703335265815,-0.489183589242399,0.064550397994346
1257,264000,9617000,0.449620206941664,-0.481217065891623,0.0616723150338163
1258,265000,9617000,0.38916351198405,-0.484886114150286,0.0463309300992871
1259,266000,9617000,0.359778837633133,-0.491544608032703,0.0576798253010027
1260,267000,9617000,0.263442771373689,-0.496075476071239,0.0448084177078679
1261,268000,9617000,0.241651981171966,-0.494097136127949,0.04167869212511
1262,269000,9617000,0.256211411398649,-0.49633588117063,0.0410130167978699
1263,270000,9617000,0.240374675513059,-0.485297077941895,0.0399842311729328
1264,271000,9617000,0.223688357023895,-0.487386669194698,0.0335289445641451
1265,272000,9617000,0.252005989687145,-0.492065068301558,0.0448087855633348
1266,273000,9617000,0.246801614977419,-0.483760649511218,0.043285328270914
1267,274000,9617000,0.251480347718298,-0.494315847283602,0.050217749525141
1268,275000,9617000,0.224325080512464,-0.473322065386176,0.041175395578146
1269,276000,9617000,0.212161850111932,-0.47423218266964,0.043556796412915
1270,277000,9617000,0.193073652437329,-0.459333314076066,0.0432500541415182
1271,278000,9617000,0.169149527021497,-0.444260383051634,0.0345974548780825
1272,279000,9617000,0.176706531247497,-0.439349865663052,0.0357852010378148
1273,280000,9617000,0.20183923669681,-0.449529531672597,0.0493204653223045
1274,281000,9617000,0.161363586247712,-0.429966972674429,0.0382639354857383
1275,282000,9617000,0.118659127088077,-0.360717730110884,0.0303121931716567
1276,283000,9617000,0.0957004528644495,-0.321428938128054,0.0259025756690535
1277,284000,9617000,0.103552618051227,-0.300783691383898,0.0259084930834826
1278,285000,9617000,0.140369621095806,-0.358151810927689,0.0325924901079386
1279,286000,9617000,0.0788570839483291,-0.269822137922049,0.0252631264518015
1280,287000,9617000,0.0853849543392658,-0.291584084762633,0.0215794207224739
1281,288000,9617000,0.0897750867903233,-0.312713080443442,0.0189397782381042
1282,289000,9617000,0.0958112919788808,-0.328416100867093,0.0165974288790487
1283,290000,9617000,0.082529833190795,-0.302004846079648,0.0150467540048179
1284,291000,9617000,0.100695171116432,-0.316010208061337,0.0157628834253876
1285,292000,9617000,0.139363749582227,-0.337044398829341,0.0189902965730289
1286,293000,9617000,0.047346851124306,-0.212703347111866,0.00923100621920894
1287,294000,9617000,0.0427738763911679,-0.225029043677077,0.010120552726934
1288,295000,9617000,0.164539109523967,-0.368974754233658,0.021023969484237
1289,296000,9617000,0.208878589690104,-0.437076387813687,0.0299512978411105
1290,297000,9617000,0.273607845936343,-0.464985186779499,0.0455381430498674
1291,298000,9617000,0.264348020254821,-0.437144131146371,0.0443755962646334
1292,299000,9617000,0.229212713202089,-0.441957067410648,0.0557849885279313
1293,3e+05,9617000,0.231658037673682,-0.428026416300237,0.0318507222253655
1294,301000,9617000,0.251208073303848,-0.437964094616473,0.0368631376729929
1295,302000,9617000,0.202905729691312,-0.433940012399852,0.0304497929118457
1296,303000,9617000,0.159604658878595,-0.446424074760079,0.0187450200272142
1297,304000,9617000,0.159715287166834,-0.466937155151367,0.0166407827925752
1298,305000,9617000,0.28439524737969,-0.487357070586085,0.0353837528838078
1299,306000,9617000,0.231711904640496,-0.452181063768268,0.0267896742298093
1300,307000,9617000,0.252454842240363,-0.483449455492198,0.037177731566818
1301,308000,9617000,0.220835800266266,-0.453177308115363,0.0260367469458026
1302,309000,9617000,0.330432726833969,-0.449757269454002,0.0284527831298474
1303,310000,9617000,0.65874953251332,-0.416171110466123,0.0462373600805062
1304,311000,9617000,0.601337873841822,-0.402384513232112,0.0745255547493231
1305,312000,9617000,0.67622106025964,-0.410198365859687,0.105422685483261
1306,313000,9617000,0.647397508960869,-0.400230415026937,0.0878893672761275
1307,314000,9617000,0.502693872462492,-0.372608951557102,0.0755673843899043
1308,315000,9617000,0.454975800903887,-0.375112605319638,0.0677141258324205
1309,316000,9617000,0.361207065967028,-0.378565940962359,0.0740994129234809
1310,317000,9617000,0.276093852353469,-0.401646804659069,0.0432025942841428
1311,318000,9617000,0.289265961696953,-0.417183873860538,0.0417505033626687
1312,319000,9617000,0.293782037118077,-0.413527986770868,0.0422915538732428
1313,320000,9617000,0.367209437226504,-0.420031009569764,0.0558342842600425
1314,321000,9617000,0.390034329480026,-0.447428248179704,0.0329546837137517
1315,322000,9617000,0.43563028174378,-0.442005161501467,0.0439331519596744
1316,323000,9617000,0.543794525355101,-0.40299621605128,0.127882694988931
1317,324000,9617000,0.516230845886469,-0.450369138330221,0.0880682870267658
1318,325000,9617000,0.498046590702236,-0.466043666699529,0.0664020073794061
1319,326000,9617000,0.445781257788837,-0.426933164811134,0.0485604537594365
1320,327000,9617000,0.415272576284222,-0.435824755682051,0.0381143988982018
1321,328000,9617000,0.377055326876789,-0.424211586397886,0.0323465583912504
1322,329000,9617000,0.448896206213534,-0.308556808840815,0.117863732994441
1323,330000,9617000,0.356684565464407,-0.472834197583795,0.0320221838522935
1324,331000,9617000,0.319446343560517,-0.4908087844491,0.0497135116150836
1325,332000,9617000,0.321245000762492,-0.492959109380841,0.0474487100595085
1326,333000,9617000,0.34583266409263,-0.473179489569366,0.0375724637665146
1327,334000,9617000,0.456825449113548,-0.412091511395574,0.0316383573289146
1328,335000,9617000,0.528192568813264,-0.434094629286975,0.0345506436944852
1329,336000,9617000,0.423185096308589,-0.443858377735317,0.0651944159455132
1330,337000,9617000,0.375411878990941,-0.427841514662653,0.0483002965548541
1331,338000,9617000,0.446376340329647,-0.438818268962204,0.0575131272478844
1332,339000,9617000,0.451981434339285,-0.451883429934084,0.0495289093558618
1333,340000,9617000,0.291256410700828,-0.427197940607369,0.0416557282282854
1334,341000,9617000,0.472977123475075,-0.461943029298633,0.0288519341696054
1335,342000,9617000,0.615098966044933,-0.438595527555048,0.0357839489073609
1336,343000,9617000,0.557619018037617,-0.338775507036597,0.0950855672593461
1337,344000,9617000,0.562288151929528,-0.358346623606235,0.0762497639402689
1338,345000,9617000,0.663816085852683,-0.41604296099199,0.0415274166333256
1339,346000,9617000,0.764519414746761,-0.431043071866035,0.03287889439828
1340,347000,9617000,0.542628138966858,-0.434866952446103,0.0341853568302584
1341,348000,9617000,0.578830752535164,-0.462025381362438,0.0342193860495114
1342,349000,9617000,0.602838757099211,-0.454140027600527,0.0448318456507986
1343,350000,9617000,0.573706242254376,-0.462208728677034,0.0621379502480035
1344,351000,9617000,0.569484735152125,-0.434841791856289,0.0488231501038885
1345,352000,9617000,0.592306777122617,-0.439029318597913,0.0403686351056909
1346,353000,9617000,0.636678086011112,-0.447923973953724,0.0332215448693838
1347,354000,9617000,0.520702296198159,-0.432888237202168,0.0369377285939991
1348,355000,9617000,0.396271629918367,-0.379942944687605,0.0535486835407792
1349,356000,9617000,0.519368536036462,-0.404476947374642,0.0297915801048279
1350,357000,9617000,0.589071224814653,-0.464171866703033,0.0382484158609353
1351,358000,9617000,0.533555116245151,-0.458809751869738,0.0518721161630005
1352,359000,9617000,0.411217123944312,-0.484496943768859,0.0497126090880483
1353,360000,9617000,0.376666971584409,-0.571655155941844,0.0914831595619209
1354,361000,9617000,0.396569311110675,-0.577553986883164,0.094130872121919
1355,362000,9617000,0.37302162822634,-0.58887533685863,0.0900034329167101
1356,363000,9617000,0.237837674035877,-0.61536665828228,0.0593142871125485
1357,364000,9617000,0.194057468973845,-0.630408412972093,0.0341434743992402
1358,365000,9617000,0.207750096061826,-0.624562493482232,0.0442656896296889
1359,366000,9617000,0.20330819671303,-0.628646706238389,0.0311988900282478
1360,367000,9617000,0.17987634247914,-0.622109688007832,0.0291486913787201
1361,368000,9617000,0.163109720385075,-0.620149097329378,0.0203831313426548
1362,369000,9617000,0.158973359017074,-0.62201802944541,0.0168858903805492
1363,370000,9617000,0.161794979052991,-0.613939080750942,0.0282352740493952
1364,371000,9617000,0.176683586192876,-0.626737935000658,0.046855588121945
1365,372000,9617000,0.197417665526271,-0.629398675793409,0.0476692518989905
1366,373000,9617000,0.197364912450314,-0.647001266002655,0.0382111418776738
1367,374000,9617000,0.201569493831694,-0.641974809640646,0.0398092869493994
1368,375000,9617000,0.201608535430648,-0.647216607548974,0.0283165817314082
1369,262000,9618000,0.498140197262168,-0.486073708191514,0.0830273492429405
1370,263000,9618000,0.454454262962937,-0.485252562398463,0.0708581985821715
1371,264000,9618000,0.445905903846025,-0.500670722018927,0.0579786880926811
1372,265000,9618000,0.42257890336439,-0.492364569273591,0.045744813907647
1373,266000,9618000,0.351930846771598,-0.501526507115364,0.0580727729931008
1374,267000,9618000,0.25207251984328,-0.503424333885312,0.041706720430241
1375,268000,9618000,0.267870550322533,-0.512308800804615,0.0475503645180492
1376,269000,9618000,0.249900951994956,-0.495250851157308,0.0478783983786474
1377,270000,9618000,0.239724759154022,-0.491124254363775,0.0456867362809833
1378,271000,9618000,0.231552053299546,-0.484376041561365,0.0391810061341617
1379,272000,9618000,0.23683544087559,-0.488686754903197,0.0415039311558008
1380,273000,9618000,0.244908569382876,-0.482115124568343,0.0469426810191479
1381,274000,9618000,0.233503951644897,-0.472747408005595,0.0444730964014307
1382,275000,9618000,0.235960668624938,-0.472144116476178,0.0507796346646734
1383,276000,9618000,0.222277596600354,-0.470483660274744,0.0490647241922561
1384,277000,9618000,0.20328197992444,-0.458368676540256,0.0398780137107708
1385,278000,9618000,0.169484605954587,-0.444083838459849,0.0368266062822193
1386,279000,9618000,0.198041226545721,-0.46162066321075,0.04492729421861
1387,280000,9618000,0.210653610019386,-0.455623452910781,0.0505579151688609
1388,281000,9618000,0.20792521112673,-0.467037026309967,0.0457743221116718
1389,282000,9618000,0.117014723855071,-0.350622567488253,0.0349740703315707
1390,283000,9618000,0.118697839764506,-0.338382518292964,0.0319085483335424
1391,284000,9618000,0.0981877502674237,-0.312741976083815,0.0275339790033642
1392,285000,9618000,0.108627217521891,-0.324673741579056,0.0305632272064686
1393,286000,9618000,0.0734558585176244,-0.267190416391194,0.0292070071929134
1394,287000,9618000,0.0803198216021992,-0.292531665810198,0.0235622187484638
1395,288000,9618000,0.0793220901542343,-0.296711617638171,0.0167439873836935
1396,289000,9618000,0.0795022182761692,-0.302084884618223,0.015952784254041
1397,290000,9618000,0.0886204625014216,-0.315898539760709,0.0195436942199129
1398,291000,9618000,0.0712534830276622,-0.284778215169907,0.0133192274350498
1399,292000,9618000,0.104283221946005,-0.300738247461617,0.0153022126038093
1400,293000,9618000,0.0804370468292851,-0.288798718969524,0.0122393270367524
1401,294000,9618000,0.0931433675487526,-0.318708936024457,0.0139478532027075
1402,295000,9618000,0.163003861217719,-0.414635496970266,0.0221882372214168
1403,296000,9618000,0.232514982393757,-0.461471076010168,0.0367680814276333
1404,297000,9618000,0.215632236065716,-0.475166157501936,0.0347443968888721
1405,298000,9618000,0.161038800257631,-0.400778290162981,0.0296374634770327
1406,299000,9618000,0.248099107347662,-0.370810223452002,0.0259838449507777
1407,3e+05,9618000,0.31976486569196,-0.432037245719694,0.0420092370240309
1408,301000,9618000,0.3549555902794,-0.437926497209072,0.0627257885497878
1409,302000,9618000,0.337199140830338,-0.444797559583187,0.058571167972323
1410,303000,9618000,0.196569863778353,-0.448443530496955,0.0224990105640143
1411,304000,9618000,0.241010938993096,-0.458669214040041,0.0236907892724092
1412,305000,9618000,0.379369189655781,-0.476209641188383,0.0410276415240369
1413,306000,9618000,0.3308177064538,-0.476062938414514,0.0415328732904978
1414,307000,9618000,0.296849533748999,-0.456385093893111,0.0408140772181214
1415,308000,9618000,0.236897134996951,-0.435926114372909,0.0252610638143262
1416,309000,9618000,0.345220996183902,-0.438159974507987,0.0372217681683251
1417,310000,9618000,0.583487896510214,-0.44743490819484,0.0622285841010686
1418,311000,9618000,0.636417312017083,-0.414588353893161,0.0707688496778719
1419,312000,9618000,0.597608985760435,-0.406935701799393,0.0993711762225721
1420,313000,9618000,0.6026030016765,-0.402682867282629,0.0865384079215117
1421,314000,9618000,0.300226380529185,-0.390398315195739,0.0321318343522493
1422,315000,9618000,0.264603325187322,-0.394067243860662,0.0363697249015677
1423,316000,9618000,0.305358009232115,-0.403716093333066,0.040270645113592
1424,317000,9618000,0.271460611236841,-0.407908882379532,0.0418315154427546
1425,318000,9618000,0.269931779104471,-0.413705217188597,0.0323470954409218
1426,319000,9618000,0.25836381739378,-0.412798631438613,0.0347408261698904
1427,320000,9618000,0.271797291385755,-0.414133987398446,0.0425801193256048
1428,321000,9618000,0.37263246464096,-0.433730256538838,0.0500480338512221
1429,322000,9618000,0.485719735191762,-0.450133805891871,0.0638802440111991
1430,323000,9618000,0.494808556483686,-0.468603726233542,0.0586099049865035
1431,324000,9618000,0.465396856886148,-0.464408180654049,0.0637779816755094
1432,325000,9618000,0.475766803199053,-0.467022464230657,0.0744952359532239
1433,326000,9618000,0.408531531499326,-0.453073983305693,0.0457822575530503
1434,327000,9618000,0.356836872410029,-0.439460032236576,0.0348376176997321
1435,328000,9618000,0.369589447425306,-0.414926184908813,0.0485869731213665
1436,329000,9618000,0.453270370565355,-0.363438010377379,0.107135121032281
1437,330000,9618000,0.281885536914319,-0.479299585172534,0.0367355320238741
1438,331000,9618000,0.333048235981166,-0.490788638132811,0.0546796829423984
1439,332000,9618000,0.327352637445927,-0.484488906908035,0.0568621829831391
1440,333000,9618000,0.361320972509682,-0.490622426572442,0.0648845289752819
1441,334000,9618000,0.415718580694497,-0.473600051756203,0.0478330519880401
1442,335000,9618000,0.306303170632757,-0.481277257012576,0.0275594476622704
1443,336000,9618000,0.327340097003058,-0.475119448108971,0.0354351207531989
1444,337000,9618000,0.436476689135283,-0.452836389427632,0.0510108901359315
1445,338000,9618000,0.391324703378975,-0.456011428229511,0.0450570194037166
1446,339000,9618000,0.314389699716866,-0.439186151412129,0.0531667289036384
1447,340000,9618000,0.266536938554049,-0.460369796068966,0.0351349465338048
1448,341000,9618000,0.373831946326792,-0.477326877900958,0.0491149958281312
1449,342000,9618000,0.468239451945573,-0.453525454626977,0.0488603617450513
1450,343000,9618000,0.464035770867392,-0.452278135983646,0.054085250564001
1451,344000,9618000,0.524055104119331,-0.435033986450732,0.0396472685430897
1452,345000,9618000,0.662891094586253,-0.4117565343678,0.0443912446706789
1453,346000,9618000,0.683447509729862,-0.405345729438216,0.047646420321078
1454,347000,9618000,0.665534176254272,-0.439225468868017,0.0270096965834149
1455,348000,9618000,0.642459849610925,-0.425441558504105,0.0372886657360475
1456,349000,9618000,0.625037453225255,-0.44310678152442,0.0420941677534953
1457,350000,9618000,0.607283380877972,-0.453737066969275,0.042377649052639
1458,351000,9618000,0.619533490046859,-0.454632053461671,0.0396204440325615
1459,352000,9618000,0.651414836424589,-0.439813340312243,0.0328068281748594
1460,353000,9618000,0.627813735347986,-0.450555247691274,0.0373631195593392
1461,354000,9618000,0.589662595276535,-0.437468028388917,0.0525205356082413
1462,355000,9618000,0.614999371175468,-0.457189736630023,0.0479184798985021
1463,356000,9618000,0.436029770488292,-0.38679047909379,0.0305085503020091
1464,357000,9618000,0.537837919508666,-0.437624832910299,0.0385707480482641
1465,358000,9618000,0.600348040500283,-0.478878911784291,0.0541650053243386
1466,359000,9618000,0.413542841599882,-0.497883950906992,0.0386320977895986
1467,360000,9618000,0.331562025371194,-0.570372755995393,0.0851280806928873
1468,361000,9618000,0.245386430149153,-0.600953868120909,0.0674104754193919
1469,362000,9618000,0.267720032173395,-0.598669441625476,0.070130548959272
1470,363000,9618000,0.337677078906447,-0.595322752046585,0.0524928099108278
1471,364000,9618000,0.176554582062364,-0.630548292994499,0.0322469236603996
1472,365000,9618000,0.175227685900778,-0.622000529593229,0.0309093932443473
1473,366000,9618000,0.193105652472377,-0.617803259244561,0.0304621883754589
1474,367000,9618000,0.162268609382957,-0.605911794903874,0.0183883152687951
1475,368000,9618000,0.163985383018851,-0.620449980759621,0.0202049109148997
1476,369000,9618000,0.196946603165567,-0.626695018422604,0.0354656907523051
1477,370000,9618000,0.164584972836822,-0.629792226982117,0.029039164338517
1478,371000,9618000,0.173508715958148,-0.626119866919517,0.0355225960122189
1479,372000,9618000,0.202604782395065,-0.621791413640976,0.0445972860459005
1480,373000,9618000,0.202676340390742,-0.632006352055073,0.039310309421242
1481,374000,9618000,0.204830442771316,-0.63441854647398,0.0420688688285416
1482,375000,9618000,0.197625558403405,-0.630953967679631,0.0291941045932683
1483,262000,9619000,0.450078029382974,-0.511947704508901,0.0716020511076786
1484,263000,9619000,0.510150018514693,-0.507417719247937,0.0574856920302846
1485,264000,9619000,0.373983939633518,-0.520750578570366,0.0508874063809169
1486,265000,9619000,0.282211244688928,-0.50780387570262,0.0329254270481644
1487,266000,9619000,0.261812683875859,-0.512276500144601,0.0404950617263094
1488,267000,9619000,0.302270378916711,-0.516988235352933,0.0571425995778758
1489,268000,9619000,0.304533012151346,-0.509089164450765,0.0480833848719951
1490,269000,9619000,0.26264117288664,-0.502960915634036,0.0459871762498748
1491,270000,9619000,0.236759196041524,-0.492667885166407,0.0370554671846796
1492,271000,9619000,0.233829310296476,-0.48956374770999,0.042392447517626
1493,272000,9619000,0.236888032400608,-0.495793811488152,0.0436268034793204
1494,273000,9619000,0.22999148247987,-0.475104703196883,0.0429745516029187
1495,274000,9619000,0.240574200968444,-0.467178905397654,0.0446457657226245
1496,275000,9619000,0.252654589664936,-0.479019200310111,0.0530021801473573
1497,276000,9619000,0.233222000162303,-0.473672233203053,0.0509460034881718
1498,277000,9619000,0.199704094137251,-0.458083876758814,0.043834296013834
1499,278000,9619000,0.199302771410346,-0.46691468103826,0.0421302938347682
1500,279000,9619000,0.203235422340035,-0.458848338514566,0.0517698417026084
1501,280000,9619000,0.203518096692115,-0.451258065825701,0.0419840538378339
1502,281000,9619000,0.198239174930006,-0.468623174911737,0.0468789726484101
1503,282000,9619000,0.11269484314518,-0.327182936215401,0.0388297280600062
1504,283000,9619000,0.11608032281287,-0.332827856761217,0.0298909702824429
1505,284000,9619000,0.115938621991873,-0.324942329967022,0.0253007818342652
1506,285000,9619000,0.0913596515238285,-0.278738380299509,0.0283251754655503
1507,286000,9619000,0.0909574995363131,-0.276675194956362,0.0240056177420658
1508,287000,9619000,0.0862409875571262,-0.267792588794231,0.0224092158457846
1509,288000,9619000,0.084085314854607,-0.296088815537095,0.017141451824375
1510,289000,9619000,0.0919426614934579,-0.30508692958653,0.015821094953781
1511,290000,9619000,0.103899503213726,-0.329600770513713,0.019017850145488
1512,291000,9619000,0.118054473133944,-0.352728686031699,0.0212386476083077
1513,292000,9619000,0.119852889291011,-0.347546831189096,0.0186800890253973
1514,293000,9619000,0.122819961682241,-0.349469542872906,0.0201297767158409
1515,294000,9619000,0.176171048997156,-0.389016981934011,0.0261387107487826
1516,295000,9619000,0.293200755551457,-0.464761653932929,0.0551784674373222
1517,296000,9619000,0.233982705941051,-0.491081432837248,0.0401400221195538
1518,297000,9619000,0.161821255319566,-0.409491150800884,0.0242860700036865
1519,298000,9619000,0.17977058673515,-0.419047779095918,0.0295178317886312
1520,299000,9619000,0.309130873499066,-0.393423555706441,0.0276319491318543
1521,3e+05,9619000,0.417824456803873,-0.411333251689374,0.0645514843116747
1522,301000,9619000,0.411780470976233,-0.4097426140517,0.072547822726611
1523,302000,9619000,0.388422505918145,-0.407685517826676,0.0766166835070122
1524,303000,9619000,0.295470105757937,-0.428783447593544,0.0450287838464719
1525,304000,9619000,0.40710620277077,-0.438383843289316,0.0549491259266157
1526,305000,9619000,0.400505208159238,-0.458718423637748,0.0436686735320487
1527,306000,9619000,0.312515165056288,-0.458395026195049,0.0376724915023078
1528,307000,9619000,0.299773718509823,-0.47485002797544,0.0380927998705709
1529,308000,9619000,0.237351354770362,-0.449075670054555,0.0263895964301249
1530,309000,9619000,0.387260685560107,-0.441598976929486,0.047687897572259
1531,310000,9619000,0.564551863218844,-0.418932788732648,0.086134575926885
1532,311000,9619000,0.543055244789179,-0.419865861752396,0.0598603769853129
1533,312000,9619000,0.665062775073946,-0.405774482560158,0.0953558880998986
1534,313000,9619000,0.697730493332446,-0.405378699308634,0.0582362725044019
1535,314000,9619000,0.312105686027557,-0.399771345855296,0.0431571081295377
1536,315000,9619000,0.273408374669403,-0.410519154567271,0.038734983594704
1537,316000,9619000,0.298919769182801,-0.414712685763836,0.0417799062170088
1538,317000,9619000,0.262530089116842,-0.403918668633699,0.0370278230198892
1539,318000,9619000,0.230638244351745,-0.394547694334388,0.0326816593761207
1540,319000,9619000,0.281582518550009,-0.415118924438953,0.0462310519444989
1541,320000,9619000,0.344060185322911,-0.431500232745707,0.05605568499082
1542,321000,9619000,0.543333351705968,-0.411789543557167,0.115952955097961
1543,322000,9619000,0.635279612365365,-0.412462145401537,0.123794118461781
1544,323000,9619000,0.522554577682912,-0.459434354141355,0.0649390316331876
1545,324000,9619000,0.473874101258814,-0.46486789957881,0.0634014624445466
1546,325000,9619000,0.483995599231124,-0.465488636234403,0.0619722353452351
1547,326000,9619000,0.454697434510291,-0.46633860834837,0.0469099845918361
1548,327000,9619000,0.411191553355753,-0.453813548108935,0.0358879627017654
1549,328000,9619000,0.405633309270442,-0.459544955495,0.0384482756558573
1550,329000,9619000,0.438234344732761,-0.447945043557882,0.0722113357093418
1551,330000,9619000,0.345676237788051,-0.458649072703719,0.0643644171549589
1552,331000,9619000,0.335378560525179,-0.477591944679618,0.064909975903912
1553,332000,9619000,0.353092648532987,-0.47951278321147,0.0653014750920702
1554,333000,9619000,0.352949224956334,-0.47421817394793,0.0634109396256623
1555,334000,9619000,0.278387247947603,-0.463644303257018,0.037623991613125
1556,335000,9619000,0.240184952224791,-0.491770763002336,0.0299249899293645
1557,336000,9619000,0.371105744104087,-0.505125584596395,0.0416990764313494
1558,337000,9619000,0.385099661453813,-0.426682320539653,0.0532254459088843
1559,338000,9619000,0.378029616241157,-0.440437612654269,0.0541817314031068
1560,339000,9619000,0.32197459096089,-0.428327395310998,0.0492326865378069
1561,340000,9619000,0.246817034948617,-0.419164828804135,0.0285248635720345
1562,341000,9619000,0.322068208378553,-0.471465362812579,0.0441301853487734
1563,342000,9619000,0.241424289976805,-0.432623863115907,0.0431002024659654
1564,343000,9619000,0.362722444234788,-0.440639599847794,0.0515890478189336
1565,344000,9619000,0.438768176621944,-0.455517366553843,0.0536243742793333
1566,345000,9619000,0.551209070660174,-0.454321855571866,0.0370520291937923
1567,346000,9619000,0.626075543090701,-0.461505190755427,0.04189826724421
1568,347000,9619000,0.668731530994177,-0.456342456027865,0.0331970137044729
1569,348000,9619000,0.471514880422503,-0.466655231048167,0.0527607529134606
1570,349000,9619000,0.36396696510613,-0.501477134487033,0.0593632081274176
1571,350000,9619000,0.359441498808563,-0.505243822833896,0.072716283254989
1572,351000,9619000,0.393267410154641,-0.494796787175536,0.0668544580565766
1573,352000,9619000,0.548813855211437,-0.469502935743332,0.0503451322264038
1574,353000,9619000,0.603370208647847,-0.452883219978213,0.0395184033393627
1575,354000,9619000,0.61139506836012,-0.431291657935083,0.0600709146706853
1576,355000,9619000,0.60134891314283,-0.445342120453715,0.0364072422537545
1577,356000,9619000,0.553646422812715,-0.418614869742095,0.0303729675150244
1578,357000,9619000,0.647474788573384,-0.471850184330344,0.0371245914830826
1579,358000,9619000,0.596327763840556,-0.472677048626542,0.0448574931508629
1580,359000,9619000,0.404294741606712,-0.542808132785559,0.072708640813292
1581,360000,9619000,0.300700559671223,-0.580603509184718,0.0945710767246783
1582,361000,9619000,0.235463147990406,-0.60685835672617,0.089366850968264
1583,362000,9619000,0.201581494698673,-0.620988791149855,0.0557217288241722
1584,363000,9619000,0.295974900279939,-0.602602106842399,0.0587146874182159
1585,364000,9619000,0.257884789676964,-0.620331201580167,0.0627480407128343
1586,365000,9619000,0.214368383535743,-0.615734161442518,0.0661175420579151
1587,366000,9619000,0.209014542195201,-0.614261315143108,0.0407674069629749
1588,367000,9619000,0.16782166153565,-0.581349453157187,0.0252453035330866
1589,368000,9619000,0.17556286631003,-0.608274399420619,0.0267595262155286
1590,369000,9619000,0.193951394895464,-0.628004077196121,0.0259468768694671
1591,370000,9619000,0.196986681891233,-0.6245700478971,0.0394302260077093
1592,371000,9619000,0.200989698252082,-0.625480066478252,0.0386237480320211
1593,372000,9619000,0.195366859211773,-0.618593254005909,0.0393255179473548
1594,373000,9619000,0.205896296982467,-0.626538606667519,0.0420358228586614
1595,374000,9619000,0.212139572133124,-0.641752624702454,0.038416636360751
1596,375000,9619000,0.20537442903627,-0.647401195493611,0.0373246160041626
1597,262000,9620000,0.549776771053672,-0.521195908307563,0.0514568709296873
1598,263000,9620000,0.475231464612298,-0.517662861364335,0.0545834026115481
1599,264000,9620000,0.337868122562766,-0.530401037395,0.0514118549708277
1600,265000,9620000,0.263130746933818,-0.504969583502412,0.0287931875007576
1601,266000,9620000,0.286395369914174,-0.516745819407701,0.0394819113787496
1602,267000,9620000,0.308435294860601,-0.515519992241263,0.0501172970322892
1603,268000,9620000,0.299986314021051,-0.511201905553043,0.0426918269880349
1604,269000,9620000,0.263035197088122,-0.506769381836057,0.0364849219528958
1605,270000,9620000,0.262896285543591,-0.507430962219834,0.0370198209836148
1606,271000,9620000,0.25123288384676,-0.508012068769336,0.0407107531384565
1607,272000,9620000,0.259771879176796,-0.502539269706607,0.0410430049971095
1608,273000,9620000,0.261720371938497,-0.474193888860941,0.0370812192166224
1609,274000,9620000,0.273469010674208,-0.467579822972417,0.041589826954715
1610,275000,9620000,0.289528439089656,-0.491614852946997,0.045050818514172
1611,276000,9620000,0.267572305776924,-0.491272017079592,0.0428154383278219
1612,277000,9620000,0.227012372732908,-0.464425279936194,0.0424731257414445
1613,278000,9620000,0.19848415492177,-0.45539959897697,0.0348237293561688
1614,279000,9620000,0.195975704865158,-0.451668545237184,0.0396570853789337
1615,280000,9620000,0.260016832485795,-0.490125947472453,0.0503948924021795
1616,281000,9620000,0.209888815288618,-0.439948344816267,0.0555994169219397
1617,282000,9620000,0.104668787654303,-0.301122086167335,0.0309269019284984
1618,283000,9620000,0.178238150811568,-0.404194998580217,0.0416566632644273
1619,284000,9620000,0.202187981245268,-0.477615403389744,0.0459184339931002
1620,285000,9620000,0.177284356808208,-0.438922574651241,0.0361917057140556
1621,286000,9620000,0.154194161765743,-0.404837607795,0.0342226402867236
1622,287000,9620000,0.147220295622759,-0.394220252994448,0.0293782301686355
1623,288000,9620000,0.118066092246771,-0.345501269479096,0.0237581828556606
1624,289000,9620000,0.140239171854965,-0.367899700477719,0.0246646434683935
1625,290000,9620000,0.146273057552427,-0.37322551176846,0.0236057939153165
1626,291000,9620000,0.129434922809899,-0.348909167979658,0.0208893572869507
1627,292000,9620000,0.184484191299602,-0.417624551847577,0.0239959250099957
1628,293000,9620000,0.170985252477787,-0.385439599527419,0.0236662599716743
1629,294000,9620000,0.293238850118592,-0.451017845866084,0.0552029778725002
1630,295000,9620000,0.356291211106256,-0.447274557176232,0.0565135561752366
1631,296000,9620000,0.215888562911376,-0.448304694524407,0.0319407493491657
1632,297000,9620000,0.255182534937933,-0.447185648313165,0.0258567624028947
1633,298000,9620000,0.273835258366913,-0.42011357608363,0.0328571191444018
1634,299000,9620000,0.446362705650181,-0.466155199575424,0.0526219081685762
1635,3e+05,9620000,0.374091813300177,-0.288902205287712,0.108781674246932
1636,301000,9620000,0.435920688035339,-0.327485687215626,0.109833368541114
1637,302000,9620000,0.363453107909113,-0.371688438855112,0.0828794783947756
1638,303000,9620000,0.394151408580691,-0.330056650527567,0.1218995264331
1639,304000,9620000,0.42630712011829,-0.435027130784094,0.0640374407934374
1640,305000,9620000,0.364911769494414,-0.467339294974506,0.0485583460947382
1641,306000,9620000,0.35080858912766,-0.469206793789566,0.0408714340578124
1642,307000,9620000,0.267061539568007,-0.474727158671618,0.0329047163199983
1643,308000,9620000,0.264578750389814,-0.47352701998651,0.0288805405478342
1644,309000,9620000,0.305389755695313,-0.466100079759955,0.034369345586744
1645,310000,9620000,0.525171524402872,-0.412730916059762,0.0803906958955456
1646,311000,9620000,0.576390740050375,-0.452223944737017,0.0533729745612072
1647,312000,9620000,0.63930472843051,-0.417107770170271,0.100055464656232
1648,313000,9620000,0.646457045088708,-0.397517120343447,0.0703375426343177
1649,314000,9620000,0.603894977505505,-0.401693890282512,0.11704873313522
1650,315000,9620000,0.293651911722496,-0.408673922109604,0.0488973734879401
1651,316000,9620000,0.278429941179603,-0.399006705402583,0.0490638678962947
1652,317000,9620000,0.292054676956683,-0.408758545188606,0.0415102838711115
1653,318000,9620000,0.253257668025792,-0.403843718291819,0.0398488336988958
1654,319000,9620000,0.291710735157505,-0.411235897916555,0.0427794339161366
1655,320000,9620000,0.476891526666284,-0.41654717439115,0.0856420463753981
1656,321000,9620000,0.631907686948031,-0.405243436527252,0.117804015941243
1657,322000,9620000,0.689710333241522,-0.407032298246026,0.1063217289311
1658,323000,9620000,0.592713715547323,-0.435340027788281,0.0717673640433932
1659,324000,9620000,0.631396956855059,-0.422658015534282,0.0873594328935607
1660,325000,9620000,0.568525942964852,-0.42689934374541,0.0864954955661204
1661,326000,9620000,0.50564846733138,-0.443077820439637,0.0594324054905213
1662,327000,9620000,0.503722528355569,-0.469692081770301,0.0378565184273059
1663,328000,9620000,0.340201592691243,-0.459045785659552,0.0530495300729061
1664,329000,9620000,0.350432239440084,-0.453218049642444,0.0567938234962756
1665,330000,9620000,0.388671452477574,-0.47076061167419,0.0680694067148201
1666,331000,9620000,0.358276622320712,-0.478999006643891,0.0652665852463804
1667,332000,9620000,0.34642220312506,-0.473290574619174,0.0642377898550592
1668,333000,9620000,0.297702977016568,-0.457987512254715,0.0518655695671448
1669,334000,9620000,0.224231894294918,-0.447020520278811,0.024036727536135
1670,335000,9620000,0.229226113222912,-0.458439055460691,0.0256455732299946
1671,336000,9620000,0.28097054104656,-0.507196077921987,0.0245816350634792
1672,337000,9620000,0.240505562864244,-0.449342046928406,0.0264886075210001
1673,338000,9620000,0.39369933950305,-0.456624897131324,0.0442065393900964
1674,339000,9620000,0.44061668882668,-0.467996777574718,0.0447162837207201
1675,340000,9620000,0.327213945788145,-0.443750915190578,0.0425497619816684
1676,341000,9620000,0.281649561591446,-0.447577148209512,0.0363398208609258
1677,342000,9620000,0.281612631967664,-0.461782707288861,0.049178898155503
1678,343000,9620000,0.260789399100095,-0.443243793037534,0.0441353968446609
1679,344000,9620000,0.265330754387379,-0.44560306301266,0.0508347450089641
1680,345000,9620000,0.199941018483043,-0.427840034964681,0.0396574487066246
1681,346000,9620000,0.277404122059792,-0.45406990647167,0.0559767966792337
1682,347000,9620000,0.331164554064721,-0.513129417580366,0.0459534875386395
1683,348000,9620000,0.24063544915989,-0.523166002589464,0.0440189589618822
1684,349000,9620000,0.268431896141171,-0.534703622543812,0.0738274859055411
1685,350000,9620000,0.233839388885349,-0.544168695256114,0.0558310862419195
1686,351000,9620000,0.241488049799204,-0.473347857365012,0.0909705390512478
1687,352000,9620000,0.405019227435626,-0.468120551837236,0.0626915183426114
1688,353000,9620000,0.569530430558324,-0.455323916018009,0.0464176581564592
1689,354000,9620000,0.481920453779399,-0.452966648422182,0.0445219380285358
1690,355000,9620000,0.662522930592298,-0.475217606589198,0.0425238143208204
1691,356000,9620000,0.66761818318814,-0.474146061864495,0.0400034958709497
1692,357000,9620000,0.69142863689661,-0.479513608628511,0.0366175308153732
1693,358000,9620000,0.54155030335933,-0.499873247519135,0.0551556067956612
1694,359000,9620000,0.391697133822739,-0.570516840305924,0.0653736100452952
1695,360000,9620000,0.222976571504772,-0.594355600115657,0.0845293800952844
1696,361000,9620000,0.203279223841429,-0.595094783067703,0.0818177537847776
1697,362000,9620000,0.212623767971993,-0.609383718410134,0.0724641363596078
1698,363000,9620000,0.236636754802614,-0.610718779724836,0.0681174811900593
1699,364000,9620000,0.254774201183021,-0.607824603721499,0.0846749401969602
1700,365000,9620000,0.197761023200303,-0.613462870180607,0.0666482535822783
1701,366000,9620000,0.191957736085355,-0.615045893985033,0.0455481240713154
1702,367000,9620000,0.176503582620621,-0.626423597252369,0.0323555948686728
1703,368000,9620000,0.169844230081886,-0.627875962483883,0.0303251744631911
1704,369000,9620000,0.172358667937666,-0.619026619249582,0.0261322440857999
1705,370000,9620000,0.201666030654311,-0.626904846435785,0.0437073361491086
1706,371000,9620000,0.213592342998087,-0.626492840719223,0.0415115388957551
1707,372000,9620000,0.193577510962635,-0.630666290855408,0.0400300873784814
1708,373000,9620000,0.206802731536329,-0.609806937748194,0.0376419585912488
1709,374000,9620000,0.224497541844845,-0.631146209943295,0.0313187031078734
1710,375000,9620000,0.218675720854239,-0.641382680806247,0.0271926438776692
1711,262000,9621000,0.395658314421773,-0.540963845938444,0.0690551566011272
1712,263000,9621000,0.43187537515834,-0.539507318976649,0.0588477247492643
1713,264000,9621000,0.389611542637646,-0.537421053832769,0.061895297669759
1714,265000,9621000,0.279948654265702,-0.525111139571667,0.0306691627613967
1715,266000,9621000,0.287424453231692,-0.523569332975149,0.0358036211924977
1716,267000,9621000,0.325599352261424,-0.520361262865365,0.0410572586467024
1717,268000,9621000,0.272115151715279,-0.512777027052641,0.0394576296657091
1718,269000,9621000,0.286274373318255,-0.514284482854605,0.0448685881675687
1719,270000,9621000,0.271757086902857,-0.502257958190143,0.0378873828515178
1720,271000,9621000,0.294046646168828,-0.514864477819204,0.0454000580064021
1721,272000,9621000,0.292636294613779,-0.502245798246562,0.041741631354019
1722,273000,9621000,0.288410610330105,-0.487605602987111,0.0396040949160233
1723,274000,9621000,0.263586581045389,-0.485921931788325,0.0400021913386416
1724,275000,9621000,0.249494714290649,-0.465361271178722,0.0363259249128867
1725,276000,9621000,0.236140863472223,-0.47723780991435,0.0369964548540302
1726,277000,9621000,0.234103884075582,-0.471071031850576,0.0372048049008241
1727,278000,9621000,0.200565551456809,-0.45760553638339,0.0314460755334934
1728,279000,9621000,0.233620616179705,-0.48306869481802,0.0439936220612377
1729,280000,9621000,0.262133459868282,-0.481625381705165,0.0450314647157444
1730,281000,9621000,0.180090148199722,-0.391690719470382,0.0358305382638238
1731,282000,9621000,0.135827272126824,-0.33552231168896,0.0326974733236246
1732,283000,9621000,0.175005044884607,-0.349780970303714,0.0415676523554604
1733,284000,9621000,0.211461204675483,-0.39733524130478,0.0421876374309184
1734,285000,9621000,0.208325398733275,-0.426653380664461,0.0386164387209166
1735,286000,9621000,0.210788912981376,-0.473243476779759,0.0402295608751941
1736,287000,9621000,0.168796899152175,-0.43841129386276,0.0270617182788323
1737,288000,9621000,0.162916457292438,-0.41161209423393,0.0220070592824719
1738,289000,9621000,0.139740483637899,-0.379184771682322,0.0226764571369509
1739,290000,9621000,0.137631859377585,-0.376053860770166,0.0225340120706707
1740,291000,9621000,0.198855741363019,-0.432712852433324,0.0275097606543568
1741,292000,9621000,0.186155931849033,-0.419699855741858,0.0228842976340733
1742,293000,9621000,0.198751762117445,-0.418486393195391,0.026310846818774
1743,294000,9621000,0.217453298787773,-0.437600914424658,0.0377841513754334
1744,295000,9621000,0.240652048525214,-0.472815148159862,0.0266483757122536
1745,296000,9621000,0.200668165528774,-0.446382816714048,0.0205204690740909
1746,297000,9621000,0.182906271456182,-0.43875625103116,0.0159508588538622
1747,298000,9621000,0.275855948451906,-0.454677534639835,0.0282600399972871
1748,299000,9621000,0.442525872376561,-0.46459856717959,0.0441836817756237
1749,3e+05,9621000,0.413070205927826,-0.422086563082039,0.0440071829884662
1750,301000,9621000,0.371431438881252,-0.411066908212006,0.0437374604668003
1751,302000,9621000,0.380085277637839,-0.427174824137986,0.0425703538823174
1752,303000,9621000,0.390529029108584,-0.420372312818002,0.0395008866408258
1753,304000,9621000,0.332007256808877,-0.454129384616017,0.0395197391094989
1754,305000,9621000,0.315498676721752,-0.457238094381988,0.0393778060815297
1755,306000,9621000,0.250006843674555,-0.446464077572525,0.0263540552702034
1756,307000,9621000,0.218758230625838,-0.452605238077045,0.0252392863743822
1757,308000,9621000,0.237189135231078,-0.472847003519535,0.0299277096568723
1758,309000,9621000,0.240123035877943,-0.469870508575439,0.024232215572003
1759,310000,9621000,0.574895772840828,-0.434056456102431,0.0840497220112011
1760,311000,9621000,0.55363038283214,-0.431274849800766,0.0642069169075228
1761,312000,9621000,0.55971614401415,-0.430753469468653,0.065339556874393
1762,313000,9621000,0.582454409091175,-0.41497940684855,0.0746230068577686
1763,314000,9621000,0.660085242830217,-0.424511858353019,0.0773156391925178
1764,315000,9621000,0.457463234031945,-0.406599036042392,0.0553253660926828
1765,316000,9621000,0.274498040493485,-0.391741034737229,0.048000514433952
1766,317000,9621000,0.574923482663184,-0.376708102290332,0.0962595278841676
1767,318000,9621000,0.627787396645919,-0.397698248019815,0.140548011149373
1768,319000,9621000,0.497181737396447,-0.415685344030708,0.082297921673907
1769,320000,9621000,0.675818274462223,-0.401802162358165,0.118690910321195
1770,321000,9621000,0.678701022125781,-0.4249632251665,0.08103070983988
1771,322000,9621000,0.621764097293466,-0.419814446267486,0.0897487502341624
1772,323000,9621000,0.545984524926543,-0.431076126375794,0.099298157224711
1773,324000,9621000,0.455369899331033,-0.434865427649021,0.0668392993700691
1774,325000,9621000,0.442864209713042,-0.442728234955668,0.0691731131332926
1775,326000,9621000,0.437466575294733,-0.430617312932014,0.0766327700560912
1776,327000,9621000,0.32419167188704,-0.449017751988769,0.0470463933974737
1777,328000,9621000,0.315502608580887,-0.444744537653401,0.0524121565146022
1778,329000,9621000,0.292251011399925,-0.433714195580035,0.0477643364596297
1779,330000,9621000,0.318252343583107,-0.450799425318837,0.0566247054579435
1780,331000,9621000,0.295779523389041,-0.453719695731997,0.0579396969025023
1781,332000,9621000,0.311568025228381,-0.468966169497371,0.0589533330346458
1782,333000,9621000,0.356137761056423,-0.472411132112145,0.0632990081600379
1783,334000,9621000,0.239776304709911,-0.448628665286303,0.0315989023386675
1784,335000,9621000,0.210746772295516,-0.431109982451797,0.0194824092031864
1785,336000,9621000,0.255131615194678,-0.432134227532148,0.0372096674095723
1786,337000,9621000,0.242919391223229,-0.432909875583649,0.0323743212419678
1787,338000,9621000,0.317836417789944,-0.423841197822243,0.0405940255264984
1788,339000,9621000,0.452546252688766,-0.464766730424762,0.0531426362301223
1789,340000,9621000,0.416609840363264,-0.458567498834431,0.0449648948088521
1790,341000,9621000,0.30407449889034,-0.440657897129655,0.0379529719887418
1791,342000,9621000,0.279666968883574,-0.447209901896119,0.0416209688807256
1792,343000,9621000,0.242885797881335,-0.458167077323794,0.0369713207550696
1793,344000,9621000,0.236082009514421,-0.450853944256902,0.0344991455089184
1794,345000,9621000,0.22204567026943,-0.442742368254065,0.0476175246834056
1795,346000,9621000,0.215820657101274,-0.516245259845257,0.0405289169866359
1796,347000,9621000,0.230356870603561,-0.553117458230257,0.0428964946656488
1797,348000,9621000,0.219681802570447,-0.514998439967632,0.0522940858358983
1798,349000,9621000,0.230790092305839,-0.549553542295098,0.0686487548071425
1799,350000,9621000,0.248906467500329,-0.534563611260056,0.0683425761027727
1800,351000,9621000,0.234524278429896,-0.469923136794567,0.0933093572986312
1801,352000,9621000,0.330837862342596,-0.490243344983459,0.0839563001974486
1802,353000,9621000,0.477674897893518,-0.482168840271235,0.0636861667329911
1803,354000,9621000,0.625473765569925,-0.459386708542705,0.0427607873223023
1804,355000,9621000,0.664644653657079,-0.474886240848899,0.0420406665023183
1805,356000,9621000,0.683735822588205,-0.473161670023203,0.0349530590486713
1806,357000,9621000,0.68783240583837,-0.472512157914042,0.0374788133224705
1807,358000,9621000,0.555468561470509,-0.513044840115309,0.05282595927082
1808,359000,9621000,0.244039345273376,-0.58410343156755,0.0597783514533425
1809,360000,9621000,0.203081570396572,-0.604899617475271,0.0626939046926796
1810,361000,9621000,0.240253560639918,-0.613662274363637,0.073401189480722
1811,362000,9621000,0.195336080718786,-0.60752041824162,0.0811305178645067
1812,363000,9621000,0.193298975872248,-0.606375759160519,0.0694539383764379
1813,364000,9621000,0.19242801765278,-0.617536048266292,0.0602264780557802
1814,365000,9621000,0.190171041721106,-0.617977219581604,0.0678036021440057
1815,366000,9621000,0.190107903438061,-0.60683289887011,0.0470009280835162
1816,367000,9621000,0.172066241148859,-0.612002051404119,0.0338132681834803
1817,368000,9621000,0.167921883711219,-0.629924609190226,0.0339737253325991
1818,369000,9621000,0.181385920410603,-0.614689572679996,0.0402306704277289
1819,370000,9621000,0.18236257500872,-0.61608306055069,0.0383724338686967
1820,371000,9621000,0.232924882349372,-0.62781819268465,0.0544755942068645
1821,372000,9621000,0.18169972185716,-0.637169042003155,0.0401950688674115
1822,373000,9621000,0.201147180439532,-0.618169475746155,0.0366532507499098
1823,374000,9621000,0.233208460205793,-0.607060148376226,0.0323109732094221
1824,375000,9621000,0.23171358871189,-0.628343947313049,0.0284226513653994
1825,262000,9622000,0.559480181463063,-0.528619359977543,0.049680894991383
1826,263000,9622000,0.419559742260724,-0.547633294904232,0.0677517821399961
1827,264000,9622000,0.402400422200561,-0.553194688038528,0.0648167375399731
1828,265000,9622000,0.319347538869828,-0.515374419602752,0.0409950646345504
1829,266000,9622000,0.288186892953515,-0.520066382426769,0.0330725567880087
1830,267000,9622000,0.313998632352799,-0.525719589878619,0.037528985321871
1831,268000,9622000,0.289445315427333,-0.523894046217203,0.045173172037024
1832,269000,9622000,0.299314400563389,-0.523373482039571,0.0472500673138769
1833,270000,9622000,0.301913754232973,-0.518653169745207,0.0462479132561013
1834,271000,9622000,0.316824291948974,-0.512539584371448,0.0530084630123805
1835,272000,9622000,0.324767229869962,-0.518724873350561,0.0548491236512084
1836,273000,9622000,0.283677654269338,-0.494411620312929,0.0454768325282261
1837,274000,9622000,0.251288324218243,-0.479707550898194,0.0399099011022598
1838,275000,9622000,0.247041428201646,-0.469412897905707,0.037146318045212
1839,276000,9622000,0.242009400185943,-0.470007528701425,0.0358606766148005
1840,277000,9622000,0.22226508519724,-0.460368498200178,0.0346789915260859
1841,278000,9622000,0.224687798003852,-0.470320589864254,0.0321266352290288
1842,279000,9622000,0.263570444711298,-0.485522440499067,0.0478812748891301
1843,280000,9622000,0.230372476439923,-0.411696325802803,0.0448274565094616
1844,281000,9622000,0.128763293804228,-0.314395659118891,0.0344197704933584
1845,282000,9622000,0.147512157327682,-0.327733365362883,0.0374077845924534
1846,283000,9622000,0.123188430387527,-0.303494744296372,0.0328990396687295
1847,284000,9622000,0.247464427214116,-0.414867121516168,0.0379406847077888
1848,285000,9622000,0.155520701508224,-0.366071071639657,0.0293667950252071
1849,286000,9622000,0.157423709543422,-0.401894447891414,0.0276284413987305
1850,287000,9622000,0.166107580075786,-0.434431291127205,0.0290942801833618
1851,288000,9622000,0.157359650855139,-0.379993798108399,0.029654943592893
1852,289000,9622000,0.148359455915913,-0.38263670720309,0.0272233191724867
1853,290000,9622000,0.197586428127438,-0.42452175719291,0.0346113033860456
1854,291000,9622000,0.264069502498955,-0.429999587187171,0.0360864276985871
1855,292000,9622000,0.256213393940777,-0.416663015407324,0.0360374931883707
1856,293000,9622000,0.290945156089962,-0.43225191808641,0.0517751682667586
1857,294000,9622000,0.236755315155536,-0.420363853275776,0.0392959887162666
1858,295000,9622000,0.211482638747618,-0.435693692311645,0.0283872189989081
1859,296000,9622000,0.178534316034615,-0.435332635486126,0.0200694839738077
1860,297000,9622000,0.165951850094646,-0.436634155708551,0.0161588881350181
1861,298000,9622000,0.213080661705509,-0.446954874639213,0.0248950178017956
1862,299000,9622000,0.334869589479035,-0.43414496095404,0.0341013505780487
1863,3e+05,9622000,0.301803745231777,-0.421058446072042,0.0308370066020405
1864,301000,9622000,0.273447550144303,-0.373857507607341,0.0275790418791177
1865,302000,9622000,0.385853872512281,-0.409416196131706,0.0378155740521615
1866,303000,9622000,0.435931188604981,-0.298944473435864,0.0783704400683986
1867,304000,9622000,0.2745629849419,-0.446811028791219,0.0320636607635533
1868,305000,9622000,0.274865854863077,-0.465938877829909,0.0301006987792789
1869,306000,9622000,0.314608769688383,-0.469574451111257,0.0398182011269382
1870,307000,9622000,0.254133529815078,-0.473587272378802,0.0321482305368525
1871,308000,9622000,0.240991547548026,-0.468247834223509,0.0352465686039475
1872,309000,9622000,0.228207918413728,-0.472401842331886,0.0248088164258515
1873,310000,9622000,0.46909145655334,-0.442868543082476,0.0550006325639144
1874,311000,9622000,0.571587035059929,-0.413461399520189,0.0714896720585879
1875,312000,9622000,0.512281438142806,-0.41379475209564,0.0659987829045276
1876,313000,9622000,0.602177263340354,-0.414760949616134,0.0824472494452493
1877,314000,9622000,0.675048680971563,-0.411584947997332,0.0875227069154847
1878,315000,9622000,0.683392473189533,-0.397647714966536,0.0788767571967095
1879,316000,9622000,0.25082356899525,-0.376819118633866,0.0352660586689075
1880,317000,9622000,0.419825890507177,-0.396682655213773,0.0921611180081964
1881,318000,9622000,0.530171196202189,-0.410842369687557,0.112869763012812
1882,319000,9622000,0.599537954036146,-0.40883201687783,0.106194905894157
1883,320000,9622000,0.656717602197826,-0.428734095755219,0.114885222940979
1884,321000,9622000,0.643362018603087,-0.418625146517158,0.100419772549509
1885,322000,9622000,0.329960994765908,-0.448274737717211,0.0463009962297743
1886,323000,9622000,0.342721320649982,-0.457380540767312,0.0663941677695839
1887,324000,9622000,0.330243027928472,-0.457150980728865,0.0633733297615778
1888,325000,9622000,0.292607630857825,-0.448619795963168,0.0517184542584233
1889,326000,9622000,0.281503926095366,-0.442643975913525,0.044567775842431
1890,327000,9622000,0.269594540397823,-0.431127670134604,0.0387711614637868
1891,328000,9622000,0.284375921364129,-0.443074449875951,0.0449392355584074
1892,329000,9622000,0.278048811398447,-0.433544628423452,0.0469450596138136
1893,330000,9622000,0.303476973447204,-0.453629311236739,0.0483475668061525
1894,331000,9622000,0.277245850478113,-0.456468690478802,0.0500908099634806
1895,332000,9622000,0.300281391009688,-0.461119435957074,0.0574931232194416
1896,333000,9622000,0.366643303665519,-0.458153826101124,0.0708299942480866
1897,334000,9622000,0.319745203291997,-0.45304336784333,0.0387980876634829
1898,335000,9622000,0.21577880168485,-0.421511318085343,0.01976509858481
1899,336000,9622000,0.262708417644724,-0.442681249273568,0.0257265791312326
1900,337000,9622000,0.256739399147779,-0.431893033647537,0.035966746227465
1901,338000,9622000,0.351833685988933,-0.426365294037759,0.0439704689212376
1902,339000,9622000,0.507443942816928,-0.474813562904298,0.0457041964172968
1903,340000,9622000,0.442450745640695,-0.4529320116207,0.0605650502679404
1904,341000,9622000,0.370015603096038,-0.439374598330259,0.0531914034423185
1905,342000,9622000,0.289244497047365,-0.4301733404845,0.0416211304446391
1906,343000,9622000,0.244836224602163,-0.439409602820873,0.0357657502553717
1907,344000,9622000,0.217822617195547,-0.46994836718142,0.0359373134375375
1908,345000,9622000,0.222597008969635,-0.448586904399097,0.0363001366363082
1909,346000,9622000,0.259601612428576,-0.535599900609255,0.0412769156715367
1910,347000,9622000,0.261023535914719,-0.553981798794866,0.07140380415814
1911,348000,9622000,0.231142715664953,-0.546784026652575,0.067662321234215
1912,349000,9622000,0.227424279458821,-0.515233159777522,0.0726302783886436
1913,350000,9622000,0.245108542268723,-0.466146398879588,0.0945210219036788
1914,351000,9622000,0.235951653889567,-0.459632797837257,0.0989328403532505
1915,352000,9622000,0.313808152947575,-0.448656505152583,0.0879483389305882
1916,353000,9622000,0.425424661298096,-0.485028098800778,0.0730875133671798
1917,354000,9622000,0.583157033191249,-0.480926997570694,0.050249656909355
1918,355000,9622000,0.689503661598265,-0.487540370836854,0.0386558210626477
1919,356000,9622000,0.685718139393628,-0.480898751387,0.03510287340004
1920,357000,9622000,0.670289404079318,-0.495244620504975,0.0410612556104548
1921,358000,9622000,0.43952401054725,-0.549829479688406,0.0550142621130683
1922,359000,9622000,0.185151272553205,-0.583751042073965,0.0439192687840434
1923,360000,9622000,0.177891070014238,-0.600958902820945,0.0543069020395167
1924,361000,9622000,0.180831363616884,-0.613712503474951,0.0531213937520515
1925,362000,9622000,0.245443703460693,-0.599357081636786,0.0630226103122113
1926,363000,9622000,0.187556698127091,-0.617307852458954,0.0657070116782794
1927,364000,9622000,0.190850007912517,-0.627059126496315,0.071535430366639
1928,365000,9622000,0.174956078395247,-0.605073513957858,0.0452738541756291
1929,366000,9622000,0.189849119728804,-0.630701346039772,0.0519118088145973
1930,367000,9622000,0.187970109568536,-0.624376003429294,0.0352863305470208
1931,368000,9622000,0.180661124667525,-0.622336347654462,0.0427143590102321
1932,369000,9622000,0.168892870088667,-0.622607369214296,0.0420480056711705
1933,370000,9622000,0.18482907435894,-0.619838450324535,0.0439934540474555
1934,371000,9622000,0.209739852460474,-0.625182685571909,0.0414914010933368
1935,372000,9622000,0.191899089634418,-0.632683205425739,0.0406602933402173
1936,373000,9622000,0.214078320942819,-0.606431275695562,0.0401804882529192
1937,374000,9622000,0.236635725301504,-0.613419122326374,0.0235125340322149
1938,375000,9622000,0.247298315180974,-0.609683340354399,0.0274460638263686
1939,262000,9623000,0.534617332130671,-0.537334680527449,0.0582493009581231
1940,263000,9623000,0.469463099573553,-0.545777846869826,0.0705138932811096
1941,264000,9623000,0.441810233595967,-0.542647836396098,0.062487283185753
1942,265000,9623000,0.362267058382183,-0.512560701043904,0.0530816830869298
1943,266000,9623000,0.318590868898481,-0.513778178390861,0.0388770001767902
1944,267000,9623000,0.317123040616512,-0.530913429504633,0.0408941323352978
1945,268000,9623000,0.293322197357565,-0.526760728695989,0.0459087985025253
1946,269000,9623000,0.312300465617329,-0.526743588487804,0.0479721129018813
1947,270000,9623000,0.309776290504634,-0.531836097615957,0.0509380576951895
1948,271000,9623000,0.335255568997562,-0.519379796014726,0.0568112696262077
1949,272000,9623000,0.296028688747436,-0.507368835395575,0.0564883111869916
1950,273000,9623000,0.289317106661201,-0.507741595871746,0.0455386110951193
1951,274000,9623000,0.274984436895698,-0.500062283191085,0.0443191486277617
1952,275000,9623000,0.249854221349955,-0.478566602107882,0.0384833382212557
1953,276000,9623000,0.254645268240571,-0.484494803893566,0.0365925011259969
1954,277000,9623000,0.231228107343614,-0.518751690942049,0.0375078637405939
1955,278000,9623000,0.309903299039602,-0.507143593579531,0.058236178002879
1956,279000,9623000,0.275968867485225,-0.451192845413089,0.0531616856023669
1957,280000,9623000,0.15767702143304,-0.346816379670799,0.0283483337206766
1958,281000,9623000,0.144116001044959,-0.324107493753731,0.0347264368807431
1959,282000,9623000,0.11847934605293,-0.2831469475016,0.0322192573630251
1960,283000,9623000,0.16995733397603,-0.369236007072032,0.0418043141587637
1961,284000,9623000,0.215688006432354,-0.42012623770684,0.0414595749135595
1962,285000,9623000,0.183151887017861,-0.394845451337099,0.0321622016787063
1963,286000,9623000,0.143532297441736,-0.365490555122495,0.0219712250063661
1964,287000,9623000,0.148574362433329,-0.388379223804176,0.0279473939686082
1965,288000,9623000,0.174293599324115,-0.389509968902171,0.0298269049534574
1966,289000,9623000,0.180150464806333,-0.423889982683957,0.0352186109160073
1967,290000,9623000,0.235590109115839,-0.415724314516783,0.0427048203894868
1968,291000,9623000,0.286823480502516,-0.418650207382441,0.0438397610354936
1969,292000,9623000,0.331222603522986,-0.436549625372887,0.0550179925621022
1970,293000,9623000,0.204766847956181,-0.409234963589907,0.0331354925696272
1971,294000,9623000,0.161234666746855,-0.407320957005024,0.0208486147997202
1972,295000,9623000,0.177970547945425,-0.422230854977667,0.0223111867924337
1973,296000,9623000,0.211013935715705,-0.45014136120677,0.0264945359966136
1974,297000,9623000,0.175676897678524,-0.44755483725071,0.0198033161671367
1975,298000,9623000,0.189097028401494,-0.448412013675272,0.022474049585592
1976,299000,9623000,0.198602668542042,-0.417738438640535,0.0266402204597485
1977,3e+05,9623000,0.272886378680915,-0.437093400514126,0.0356634466385935
1978,301000,9623000,0.381170423398167,-0.417679340493679,0.0305275993858057
1979,302000,9623000,0.429142406021059,-0.353186408926919,0.0684336469139671
1980,303000,9623000,0.352121377491951,-0.334968992526623,0.0867815304052085
1981,304000,9623000,0.205854965665191,-0.447698696841963,0.025090351586524
1982,305000,9623000,0.205532752407342,-0.466865411019325,0.0238461876406684
1983,306000,9623000,0.235996328753233,-0.483785519871116,0.0305989213938592
1984,307000,9623000,0.217622643249482,-0.471222253796458,0.0261019312470569
1985,308000,9623000,0.318454499986768,-0.459596202513576,0.0264064491608762
1986,309000,9623000,0.256547487992048,-0.450415855427086,0.0281540535943524
1987,310000,9623000,0.498608005855698,-0.425949274282902,0.064249881365092
1988,311000,9623000,0.576943517076969,-0.422010520778596,0.0705526197196799
1989,312000,9623000,0.588357076213509,-0.439645343486709,0.0623994565689005
1990,313000,9623000,0.696921291643381,-0.427554219655693,0.0658641840579221
1991,314000,9623000,0.641751689559966,-0.413146821245551,0.075461123952386
1992,315000,9623000,0.62336925893724,-0.414022285506129,0.11881956167398
1993,316000,9623000,0.42742216730956,-0.391300323987007,0.0613493162891362
1994,317000,9623000,0.373480645570997,-0.393475544592738,0.0608014211400645
1995,318000,9623000,0.615385169668496,-0.405819268251956,0.130699871981284
1996,319000,9623000,0.511710815411061,-0.436503896544874,0.0753981171389925
1997,320000,9623000,0.704938799598813,-0.404998396965861,0.148451774384477
1998,321000,9623000,0.448999322503805,-0.424004624524713,0.100871805074392
1999,322000,9623000,0.299035011667013,-0.442663194054365,0.0560575812735828
2000,323000,9623000,0.348788407310843,-0.453760657739639,0.0648315212256042
2001,324000,9623000,0.338188223382086,-0.456925426965952,0.0599333009982132
2002,325000,9623000,0.303432502788305,-0.446942734491825,0.0569481645670487
2003,326000,9623000,0.282323870158195,-0.45333998541832,0.0465247598133981
2004,327000,9623000,0.27588291965872,-0.443299484491348,0.0446092791983276
2005,328000,9623000,0.299708406997099,-0.448873485939205,0.0460995290847612
2006,329000,9623000,0.30044414191097,-0.46139794948101,0.0507952464490663
2007,330000,9623000,0.272404907047003,-0.450059214802086,0.0364349387474591
2008,331000,9623000,0.252151533412933,-0.469887842059135,0.0372247060254682
2009,332000,9623000,0.241052462240541,-0.467034654159099,0.0421817206762731
2010,333000,9623000,0.345411511446536,-0.490576094835997,0.0377435192262521
2011,334000,9623000,0.327540568030626,-0.458002846172452,0.0325766290957108
2012,335000,9623000,0.225854278526944,-0.417866559255123,0.0247139580952353
2013,336000,9623000,0.276635954499012,-0.43196838436015,0.0286350095043075
2014,337000,9623000,0.292983263513818,-0.417417060531676,0.0374844422792434
2015,338000,9623000,0.37509012908116,-0.423525043330342,0.0415643103862589
2016,339000,9623000,0.471708308497816,-0.46343561848253,0.0424682772456901
2017,340000,9623000,0.508319672665,-0.459306375603378,0.0603009842398344
2018,341000,9623000,0.403002163314819,-0.44426091298908,0.0545366485762643
2019,342000,9623000,0.265550715981424,-0.445622664888203,0.032443122107978
2020,343000,9623000,0.207367792021483,-0.436465669673681,0.0265472882620001
2021,344000,9623000,0.249367936332896,-0.475219049569964,0.0412466767780075
2022,345000,9623000,0.252349523867667,-0.503115711328387,0.0397225362384459
2023,346000,9623000,0.313506992337108,-0.538989885777235,0.0645573723684065
2024,347000,9623000,0.243390265182406,-0.543338615500927,0.0571008866281249
2025,348000,9623000,0.219610661524534,-0.530491687715054,0.0701575111192651
2026,349000,9623000,0.204695286290348,-0.494461157149076,0.0883113753471291
2027,350000,9623000,0.18408781317845,-0.463124696081877,0.0963169077946804
2028,351000,9623000,0.205698991423845,-0.424921290650964,0.0903723418945912
2029,352000,9623000,0.254623468241841,-0.409792354007065,0.0854393109105993
2030,353000,9623000,0.291470292321593,-0.43201126833111,0.101848998687603
2031,354000,9623000,0.309435016139597,-0.438529880312085,0.0872605434954632
2032,355000,9623000,0.727209853364527,-0.490292771907151,0.03510401188049
2033,356000,9623000,0.64392059751749,-0.467788426089287,0.0416305731038097
2034,357000,9623000,0.613748232740164,-0.49243603220731,0.050421138350293
2035,358000,9623000,0.451185205829144,-0.550960636952519,0.0578315104481706
2036,359000,9623000,0.22596694124043,-0.592686938375235,0.0422790964615881
2037,360000,9623000,0.192528511976451,-0.609757828322053,0.0453287241272163
2038,361000,9623000,0.184199866259098,-0.60667661011219,0.0500554235347197
2039,362000,9623000,0.180077428798378,-0.610947805696726,0.0561050858892966
2040,363000,9623000,0.174327622330934,-0.603662277185917,0.0471197447839309
2041,364000,9623000,0.187773989010602,-0.610829300329089,0.0646769166722544
2042,365000,9623000,0.181193276287615,-0.592345787727833,0.0553376088789897
2043,366000,9623000,0.183612309968472,-0.622917948487401,0.0569826964968699
2044,367000,9623000,0.172068564194441,-0.633391147464514,0.0374630219848943
2045,368000,9623000,0.186439942231029,-0.604586952695251,0.0590380512079224
2046,369000,9623000,0.192548861056566,-0.608474435761571,0.0591212454476859
2047,370000,9623000,0.179577310890704,-0.625868410354853,0.0400402091792785
2048,371000,9623000,0.189764610314369,-0.608776607686281,0.0443643218152458
2049,372000,9623000,0.201735262130201,-0.624191263943911,0.0485588577555085
2050,373000,9623000,0.227246777185798,-0.638169399517775,0.029937763991917
2051,374000,9623000,0.246465581804514,-0.625335760509968,0.0247978562259232
2052,375000,9623000,0.275096264630556,-0.610216800191186,0.029589901487978
2053,262000,9624000,0.571940132677555,-0.540841706722975,0.0448849262678996
2054,263000,9624000,0.501241779673099,-0.543016788466275,0.0592067990342155
2055,264000,9624000,0.461549569571763,-0.552133519588411,0.0564066520029679
2056,265000,9624000,0.42208189708665,-0.527165886308253,0.0550802182868589
2057,266000,9624000,0.358191847118735,-0.499261534127593,0.0459066176949535
2058,267000,9624000,0.356007253980637,-0.531678291368485,0.045810118020745
2059,268000,9624000,0.340521391095221,-0.53168012034595,0.0498286790242419
2060,269000,9624000,0.324798286411539,-0.525319265493751,0.0538289106882177
2061,270000,9624000,0.322342355361581,-0.516946285572648,0.0570289634159533
2062,271000,9624000,0.293088695299788,-0.486579620035738,0.0519084118021186
2063,272000,9624000,0.291618228951422,-0.539663652471825,0.0580054331137333
2064,273000,9624000,0.278191995546967,-0.539333336883783,0.0484157328588888
2065,274000,9624000,0.28054163537249,-0.52226345526427,0.0481466259321663
2066,275000,9624000,0.276498112560809,-0.502715845882893,0.0412715137261897
2067,276000,9624000,0.275262606461346,-0.491951875847578,0.0374666423566174
2068,277000,9624000,0.239137529999018,-0.519995940321684,0.0411707983485423
2069,278000,9624000,0.257562466268986,-0.489791061680019,0.0492665656233905
2070,279000,9624000,0.278108719299734,-0.48656910905242,0.0460692379977321
2071,280000,9624000,0.196522206193209,-0.479307142680883,0.0284898457008414
2072,281000,9624000,0.174187158764899,-0.441777287018299,0.0285910630798899
2073,282000,9624000,0.192012535823137,-0.390785890638828,0.0373768775352743
2074,283000,9624000,0.183884248648584,-0.388721601362526,0.0310678580297623
2075,284000,9624000,0.173112820244953,-0.36318599062413,0.0327263303944841
2076,285000,9624000,0.125109046407789,-0.345190462319553,0.0241520636360627
2077,286000,9624000,0.12415750297159,-0.355348539450765,0.0200352838509716
2078,287000,9624000,0.151259810599312,-0.365764804799855,0.025836787148728
2079,288000,9624000,0.17484779076539,-0.412048915335536,0.0311131677820813
2080,289000,9624000,0.239816978436708,-0.430979972141981,0.047493255421659
2081,290000,9624000,0.319403974449635,-0.405135572007298,0.0702796042570844
2082,291000,9624000,0.317194180756807,-0.416451345384121,0.0559375745107653
2083,292000,9624000,0.318754938345402,-0.44652857760489,0.054206694303127
2084,293000,9624000,0.158143003606796,-0.382440346975625,0.0236320588966599
2085,294000,9624000,0.168686115185916,-0.388961901979148,0.0230108846600284
2086,295000,9624000,0.173219596265629,-0.400717820000648,0.0253778692134889
2087,296000,9624000,0.205120460893959,-0.429633828192949,0.0311896075829864
2088,297000,9624000,0.202369447408617,-0.436868681189418,0.0266479810247198
2089,298000,9624000,0.200786092285812,-0.420414708837867,0.022751434151025
2090,299000,9624000,0.210235205385089,-0.434824131056666,0.0168812096546142
2091,3e+05,9624000,0.181281709079444,-0.469503657245636,0.0141145958747162
2092,301000,9624000,0.283428031612188,-0.451967691491544,0.0257080972253636
2093,302000,9624000,0.373060049131513,-0.431726456803083,0.0498063935118029
2094,303000,9624000,0.255822858592309,-0.463187767736614,0.0309581390276551
2095,304000,9624000,0.214324041434377,-0.46963038572669,0.0292783399864973
2096,305000,9624000,0.229473246475309,-0.478732119202614,0.0330402073961683
2097,306000,9624000,0.248111454322934,-0.462402367532253,0.0388106365866959
2098,307000,9624000,0.295954933194071,-0.469931140676141,0.0285660214793548
2099,308000,9624000,0.221868493901938,-0.463623229131103,0.0282842993424158
2100,309000,9624000,0.243816618379951,-0.459731687642634,0.0377654373077676
2101,310000,9624000,0.332110309133679,-0.445582690691948,0.0383655911876704
2102,311000,9624000,0.5599389828749,-0.45170701687187,0.0672581193325925
2103,312000,9624000,0.446533723551035,-0.433520746728778,0.0548164006161154
2104,313000,9624000,0.375996789874567,-0.43538166888468,0.0341953679863014
2105,314000,9624000,0.631918196426332,-0.390659946927428,0.0956608642573468
2106,315000,9624000,0.636730788169801,-0.397072637057304,0.134062659530365
2107,316000,9624000,0.454114404018666,-0.394495038115233,0.0509892849391676
2108,317000,9624000,0.465179794859531,-0.392245626658946,0.0902370327289449
2109,318000,9624000,0.754663337732852,-0.425260600876808,0.15844257554214
2110,319000,9624000,0.607806227330863,-0.429421940663457,0.103531467441691
2111,320000,9624000,0.4488779332757,-0.43619185013473,0.115112582273502
2112,321000,9624000,0.335414032952487,-0.454834586900473,0.0759181003747042
2113,322000,9624000,0.301409678214788,-0.460080306902528,0.0547605350580066
2114,323000,9624000,0.328551011544466,-0.471943887501955,0.0534317231757217
2115,324000,9624000,0.3068206908077,-0.464034982728958,0.0529174678980606
2116,325000,9624000,0.298078494670987,-0.460893719485402,0.0514754494107794
2117,326000,9624000,0.314160237272084,-0.524643776667118,0.0430456547801616
2118,327000,9624000,0.273329255286604,-0.442306476803124,0.0451782506656018
2119,328000,9624000,0.320978198307008,-0.466227597051859,0.0426834341019159
2120,329000,9624000,0.325194646543264,-0.476750148276985,0.0348502732260735
2121,330000,9624000,0.285593388248928,-0.457694234078378,0.0327120542559889
2122,331000,9624000,0.270616640499234,-0.481993564298749,0.0352998941201251
2123,332000,9624000,0.257967332343757,-0.471955991239846,0.0470896555398009
2124,333000,9624000,0.327959634979628,-0.513454312092066,0.0533012830202002
2125,334000,9624000,0.367654367312789,-0.502395087562501,0.0434354340611724
2126,335000,9624000,0.250273142522387,-0.42678113733381,0.0357394777226145
2127,336000,9624000,0.311179378361814,-0.413236959481239,0.0325909908246016
2128,337000,9624000,0.324579673988727,-0.41603305157721,0.036227775503404
2129,338000,9624000,0.354092618673295,-0.436407420539856,0.0347239856794244
2130,339000,9624000,0.335010899181291,-0.428296183282137,0.0351955040024943
2131,340000,9624000,0.410848840081692,-0.44917787039876,0.0470210216330015
2132,341000,9624000,0.285799457929283,-0.429480262377858,0.0368639047628501
2133,342000,9624000,0.241728825535625,-0.440208418180048,0.0299513701335643
2134,343000,9624000,0.200910294511914,-0.427361690527201,0.0267664316335926
2135,344000,9624000,0.235769533783942,-0.458883036002517,0.0371050358113134
2136,345000,9624000,0.257783283960819,-0.494890769198537,0.0591702693597181
2137,346000,9624000,0.295998940399289,-0.543355007046461,0.072378709579166
2138,347000,9624000,0.222396914949268,-0.520447386962175,0.0561830883156043
2139,348000,9624000,0.217364438613504,-0.513071928736567,0.0740415689550107
2140,349000,9624000,0.210208898927271,-0.471062255743146,0.0989590171147138
2141,350000,9624000,0.196959071896039,-0.439594792501628,0.106567352008447
2142,351000,9624000,0.228334896603227,-0.434080675697327,0.0961093708398752
2143,352000,9624000,0.248823300929501,-0.417470277777314,0.0644977628105204
2144,353000,9624000,0.300213196953302,-0.426548683430254,0.059742367569753
2145,354000,9624000,0.3667900613809,-0.451566039349884,0.0690568524626549
2146,355000,9624000,0.558665077448636,-0.490316961653531,0.0619395670504309
2147,356000,9624000,0.565623325824738,-0.479579994288087,0.0558402169334702
2148,357000,9624000,0.529072123169899,-0.505584624180198,0.0628012523608049
2149,358000,9624000,0.361510411932692,-0.553765119607747,0.0670174539976288
2150,359000,9624000,0.199757366975769,-0.572254935827851,0.0484547520135064
2151,360000,9624000,0.215332530700974,-0.591485165128112,0.0545104587888112
2152,361000,9624000,0.274859774158522,-0.60197562674582,0.0634130260842852
2153,362000,9624000,0.181778400821984,-0.611512464052439,0.0542635005190037
2154,363000,9624000,0.176457673392445,-0.611993704289198,0.0435407854724675
2155,364000,9624000,0.164385030595213,-0.606181280523539,0.0431396330438205
2156,365000,9624000,0.184998338987678,-0.559517604124546,0.0690687032318674
2157,366000,9624000,0.159441607040167,-0.596802956858277,0.0406929764320375
2158,367000,9624000,0.185315215373412,-0.598189132860303,0.0834430459205294
2159,368000,9624000,0.187035923163593,-0.589356066608429,0.0813006149034016
2160,369000,9624000,0.196514161484689,-0.586987444257736,0.0801160096920095
2161,370000,9624000,0.189135879273713,-0.588782773828507,0.0736350642599631
2162,371000,9624000,0.182340308909118,-0.573376326337457,0.0778086881353054
2163,372000,9624000,0.213491970918328,-0.607628639483452,0.0607592498305952
2164,373000,9624000,0.234458888471872,-0.62547574698329,0.027599404798483
2165,374000,9624000,0.238676660130918,-0.605262176454067,0.0338806542219128
2166,375000,9624000,0.268081367286769,-0.589182854132219,0.0240325372875668
2167,262000,9625000,0.637007836267352,-0.568942178353667,0.0427014172097261
2168,263000,9625000,0.520111503820866,-0.5246850976035,0.059107942963345
2169,264000,9625000,0.484114270666987,-0.543330987136811,0.0510462297626305
2170,265000,9625000,0.452498489351571,-0.548618570530415,0.0626609039925039
2171,266000,9625000,0.37329901117906,-0.539181698316336,0.0430945281320252
2172,267000,9625000,0.393843052603304,-0.52561548217237,0.0540227136495989
2173,268000,9625000,0.387910034604371,-0.499591654913127,0.053499693047069
2174,269000,9625000,0.369290758607164,-0.521216469478607,0.0585599961652886
2175,270000,9625000,0.339108054362983,-0.53325454492867,0.0566332603983581
2176,271000,9625000,0.29170390838841,-0.474103513584286,0.0493310530833434
2177,272000,9625000,0.296348204325698,-0.546964301437139,0.0605733418451156
2178,273000,9625000,0.28920364413932,-0.542125207903981,0.0578115055104485
2179,274000,9625000,0.290287908151001,-0.516923449319601,0.0525801511557773
2180,275000,9625000,0.266428423528373,-0.50559135286808,0.0424289950238075
2181,276000,9625000,0.239683675735528,-0.478949659519643,0.0396489143290324
2182,277000,9625000,0.265721429938078,-0.491213261635602,0.0545595910123084
2183,278000,9625000,0.259536914184783,-0.483339045143127,0.054121335884009
2184,279000,9625000,0.239932058672048,-0.487847409110068,0.0373767959726974
2185,280000,9625000,0.209557960838079,-0.48751060911268,0.030862671566708
2186,281000,9625000,0.216045029045269,-0.47413661172688,0.0331020989641547
2187,282000,9625000,0.197936810360849,-0.450333659976721,0.0343948026490863
2188,283000,9625000,0.163648640364408,-0.3750636527583,0.0301083783146227
2189,284000,9625000,0.20356198200155,-0.412505443798751,0.0357113175630337
2190,285000,9625000,0.119364503259584,-0.353402726322412,0.0184213478753809
2191,286000,9625000,0.132299319791049,-0.3743731105268,0.0235910171772819
2192,287000,9625000,0.155888719861954,-0.387500825095177,0.0230136738947011
2193,288000,9625000,0.172196167038381,-0.399311153227091,0.0275622599186492
2194,289000,9625000,0.315742239366472,-0.437724699172378,0.0628566807459109
2195,290000,9625000,0.40381387585476,-0.435364884732664,0.0792949387876783
2196,291000,9625000,0.248760130892694,-0.411162266017497,0.0438524341620971
2197,292000,9625000,0.20222173686251,-0.412087029711902,0.0339352796976338
2198,293000,9625000,0.154815512111783,-0.372618225832283,0.0246844126886921
2199,294000,9625000,0.181768737353943,-0.411779077827185,0.0279430836236919
2200,295000,9625000,0.18378783993125,-0.414028408770263,0.0271746871582698
2201,296000,9625000,0.196409024652839,-0.439173036664724,0.0288562806922942
2202,297000,9625000,0.200144092989713,-0.434806799402833,0.0223631249203812
2203,298000,9625000,0.213667344172299,-0.435413872869313,0.0265318471946986
2204,299000,9625000,0.207871150880679,-0.448330922751129,0.0193192173727148
2205,3e+05,9625000,0.188074715965986,-0.483443102037907,0.0205734697156586
2206,301000,9625000,0.21239645851478,-0.474776712535322,0.0238187325032777
2207,302000,9625000,0.266303954420239,-0.459640529569983,0.0283384481390181
2208,303000,9625000,0.211984515985101,-0.464908243179321,0.0227341545903357
2209,304000,9625000,0.243319155171514,-0.469340248721838,0.0268625937029661
2210,305000,9625000,0.302098154249787,-0.474564851942658,0.0375243737815181
2211,306000,9625000,0.294969989918172,-0.472544218501449,0.0337776420073613
2212,307000,9625000,0.275692578181624,-0.455492456248403,0.0341057100543738
2213,308000,9625000,0.227310487662256,-0.447639390611649,0.0316027480774675
2214,309000,9625000,0.277967251103371,-0.459457437072694,0.0249893238504766
2215,310000,9625000,0.331296586878598,-0.463965073600411,0.0427765353057242
2216,311000,9625000,0.478443321558088,-0.467423856925964,0.0486431251438567
2217,312000,9625000,0.348264401859418,-0.446660150440782,0.037231011732202
2218,313000,9625000,0.303296757094935,-0.428446727585793,0.0299207883362251
2219,314000,9625000,0.645671174175432,-0.386078755874932,0.0756565173423034
2220,315000,9625000,0.553088400325092,-0.365273413094133,0.0802072744132252
2221,316000,9625000,0.485368619835767,-0.368608788948832,0.0755232645019656
2222,317000,9625000,0.679018433298916,-0.440318988536083,0.0949193182704737
2223,318000,9625000,0.775741083464026,-0.455024097496271,0.0805740551707277
2224,319000,9625000,0.574424217495322,-0.427375978270173,0.111546615009126
2225,320000,9625000,0.360554607318342,-0.452652922594547,0.0725510122756939
2226,321000,9625000,0.335280816711485,-0.461485654063523,0.0784872416725382
2227,322000,9625000,0.306836739295721,-0.470294299182296,0.0625261583882384
2228,323000,9625000,0.296437191849947,-0.464872066745162,0.0516889468298177
2229,324000,9625000,0.301022496343777,-0.468835551373661,0.0433809542263858
2230,325000,9625000,0.308557965993136,-0.446834801256657,0.0459182335696882
2231,326000,9625000,0.321519413398951,-0.466724091745541,0.0409146283474052
2232,327000,9625000,0.293160258151032,-0.458586905939132,0.0376106534720864
2233,328000,9625000,0.311867118478194,-0.469234040781111,0.0367906582785421
2234,329000,9625000,0.326633405529009,-0.487078935200721,0.0361367618871503
2235,330000,9625000,0.349779997387528,-0.502073886217177,0.0500877000950044
2236,331000,9625000,0.267132007671334,-0.474527502376959,0.0372634700708091
2237,332000,9625000,0.277505065476894,-0.484554051160812,0.0391733769912622
2238,333000,9625000,0.281146459066123,-0.51119732914865,0.0396581663425663
2239,334000,9625000,0.3519754481785,-0.500696511270106,0.0453167569456156
2240,335000,9625000,0.315440542878211,-0.447449764764309,0.0421344496400561
2241,336000,9625000,0.350225744817406,-0.427245055416226,0.0535330337687861
2242,337000,9625000,0.465432399443444,-0.448319222287834,0.0515051175136818
2243,338000,9625000,0.305478850876261,-0.404428175010532,0.0317259534697398
2244,339000,9625000,0.317395287280087,-0.422580796516687,0.0346918941485346
2245,340000,9625000,0.383638476406317,-0.463920814691484,0.0409851148800342
2246,341000,9625000,0.287941158544086,-0.442899662478268,0.0394082170167181
2247,342000,9625000,0.209363882614672,-0.418053873354197,0.0343858468413353
2248,343000,9625000,0.205535408618301,-0.409081030476093,0.0313706961234333
2249,344000,9625000,0.211724726164341,-0.42405162640512,0.0367262449707719
2250,345000,9625000,0.316818667019159,-0.521496192768216,0.0607598458598601
2251,346000,9625000,0.233124984829128,-0.504855427530408,0.0762057304443792
2252,347000,9625000,0.244891324561834,-0.494357705385983,0.0677343088943511
2253,348000,9625000,0.215924816283211,-0.477236149981618,0.0976938398485072
2254,349000,9625000,0.208460156480595,-0.446241826333106,0.108905814886023
2255,350000,9625000,0.218656799942441,-0.430358632525802,0.11050348493557
2256,351000,9625000,0.281272903608903,-0.431931451547146,0.108470985557046
2257,352000,9625000,0.225912768050574,-0.435363005946577,0.061999191282969
2258,353000,9625000,0.331285335294506,-0.433963565217704,0.0632443516771542
2259,354000,9625000,0.396522260653228,-0.461550884282589,0.073594095351547
2260,355000,9625000,0.421347439573333,-0.473707230602205,0.081907708571665
2261,356000,9625000,0.484075976122916,-0.487656618395448,0.0646668391529412
2262,357000,9625000,0.467877364449203,-0.495038736619055,0.0568359391478356
2263,358000,9625000,0.251211302500963,-0.515366173702478,0.0591568552165059
2264,359000,9625000,0.202894519361481,-0.550594971174002,0.0488625946000218
2265,360000,9625000,0.178682037134841,-0.581557784084976,0.0475319041225594
2266,361000,9625000,0.246909855813533,-0.58961721252501,0.0693472955465317
2267,362000,9625000,0.206162852845341,-0.60865883949995,0.0620237320380285
2268,363000,9625000,0.187718865202367,-0.612199957755208,0.0512534109237255
2269,364000,9625000,0.164945443711802,-0.592172670653462,0.0446929192904849
2270,365000,9625000,0.200016447051615,-0.543192175701261,0.0676169348264928
2271,366000,9625000,0.173337725006416,-0.589452556613088,0.0791411605119705
2272,367000,9625000,0.177162752810866,-0.606334756577015,0.0599720170523971
2273,368000,9625000,0.186859672127664,-0.600196839988232,0.0645195503039751
2274,369000,9625000,0.179894347358495,-0.608325695699453,0.055556582927797
2275,370000,9625000,0.202721781806648,-0.59547273504138,0.0748019042817876
2276,371000,9625000,0.190931955875456,-0.600959939056635,0.0586055445691571
2277,372000,9625000,0.222311935703456,-0.626741462510824,0.0297861933681765
2278,373000,9625000,0.241246357177198,-0.618135415363312,0.0415872993145837
2279,374000,9625000,0.244048797547817,-0.606822270441055,0.0474765087079024
2280,375000,9625000,0.255388170562007,-0.608184304833412,0.026949719062964
2281,262000,9626000,0.573309016697109,-0.51489249061048,0.0671655685117003
2282,263000,9626000,0.505509539226443,-0.482291456415132,0.0574168867208529
2283,264000,9626000,0.433464654215227,-0.495493617429584,0.0522514403350768
2284,265000,9626000,0.475830925653875,-0.514056428971142,0.0527758113126503
2285,266000,9626000,0.392286828596215,-0.525938684820756,0.0506298947725445
2286,267000,9626000,0.398220670939982,-0.510849616044108,0.0511694621654227
2287,268000,9626000,0.42600544529967,-0.541096886941791,0.0509178065408953
2288,269000,9626000,0.391554703695327,-0.551865268495679,0.0560634288934059
2289,270000,9626000,0.374500575324893,-0.568137530080974,0.0537554521686398
2290,271000,9626000,0.331577857816964,-0.560148094972968,0.0605348655487178
2291,272000,9626000,0.345000682392716,-0.540281866660714,0.0454402262059506
2292,273000,9626000,0.335039818603545,-0.510445870892704,0.0477788812787738
2293,274000,9626000,0.298559875787795,-0.508735836368799,0.0454382941542659
2294,275000,9626000,0.300165357166529,-0.505710334910452,0.0516361207766458
2295,276000,9626000,0.284185426455736,-0.495523438417912,0.0489285098131746
2296,277000,9626000,0.274426246380899,-0.499718745746464,0.0493154464854393
2297,278000,9626000,0.245042028086446,-0.489562632015347,0.043662112903595
2298,279000,9626000,0.264201272996212,-0.486886508624256,0.0451353257240728
2299,280000,9626000,0.242980915552191,-0.450972486145049,0.043137997572287
2300,281000,9626000,0.233679087408702,-0.454003042244539,0.0398185656156158
2301,282000,9626000,0.197775246609747,-0.440818247751892,0.0365017222198891
2302,283000,9626000,0.197808234910178,-0.420524064416438,0.0311070960590092
2303,284000,9626000,0.167930677481741,-0.403704072958231,0.0262002781464718
2304,285000,9626000,0.161213691609912,-0.401583059196174,0.023392490119359
2305,286000,9626000,0.158800236370601,-0.390806584659219,0.0256749199865153
2306,287000,9626000,0.162917250448465,-0.397416489005089,0.0226699063234963
2307,288000,9626000,0.186657962612063,-0.417682424607873,0.0270312331982423
2308,289000,9626000,0.23167187551856,-0.42697558716014,0.0397648484386504
2309,290000,9626000,0.344969844806194,-0.446115577144921,0.0598156930219033
2310,291000,9626000,0.184302246434987,-0.410414919717237,0.0340065890208352
2311,292000,9626000,0.18142004949227,-0.401804429064691,0.0315654765878106
2312,293000,9626000,0.186466323223338,-0.420529274243116,0.032147759318538
2313,294000,9626000,0.22734774061963,-0.443770465546846,0.0351402017084998
2314,295000,9626000,0.227756287343055,-0.453353004522622,0.0338222991465591
2315,296000,9626000,0.234331559187174,-0.459700564914942,0.0301272605343955
2316,297000,9626000,0.207061440879479,-0.426819527825713,0.0279491507031489
2317,298000,9626000,0.217775030260906,-0.439450587002933,0.027496846476011
2318,299000,9626000,0.208420895029604,-0.484810089668632,0.0228520287771127
2319,3e+05,9626000,0.206990903252363,-0.485161345562339,0.0224792810951709
2320,301000,9626000,0.220588126982003,-0.463340265092254,0.0217742663438956
2321,302000,9626000,0.241741794423759,-0.469570024371147,0.0325191157508059
2322,303000,9626000,0.203261817202717,-0.471332989028096,0.0199065157995094
2323,304000,9626000,0.307675989611447,-0.473997053320706,0.0280339474127861
2324,305000,9626000,0.250370752857626,-0.464735121843219,0.0334859244751977
2325,306000,9626000,0.235386031854153,-0.461879792842269,0.0307481942532642
2326,307000,9626000,0.219504084590077,-0.445455989322066,0.0352241781327641
2327,308000,9626000,0.216730038490891,-0.44737042889595,0.0313617573068128
2328,309000,9626000,0.30708183394596,-0.446850166574121,0.0272227639841731
2329,310000,9626000,0.415908689869195,-0.460249794768542,0.0430550325998338
2330,311000,9626000,0.416951621592045,-0.462778885647655,0.04148313787058
2331,312000,9626000,0.343595928709916,-0.446225256970525,0.0377936941532593
2332,313000,9626000,0.334175981108495,-0.410869904245576,0.041488454852585
2333,314000,9626000,0.271192974914674,-0.421023040587688,0.0298519802461669
2334,315000,9626000,0.264366089861817,-0.428237853429513,0.0227672775760817
2335,316000,9626000,0.628273162901215,-0.42660034404248,0.0970558948852355
2336,317000,9626000,0.807915871715546,-0.481672522296011,0.0675418178616674
2337,318000,9626000,0.667022204214334,-0.45586409214139,0.0736449096608558
2338,319000,9626000,0.418260819946229,-0.453752126054466,0.066668862782442
2339,320000,9626000,0.411374264912307,-0.471174279826879,0.0718575620314339
2340,321000,9626000,0.352576153403521,-0.469057106494904,0.0797180710795335
2341,322000,9626000,0.355950712423027,-0.471087806817889,0.0898090919415932
2342,323000,9626000,0.303244777230918,-0.462741266593337,0.0482254618397914
2343,324000,9626000,0.314761374253035,-0.471497393206507,0.0391627959785983
2344,325000,9626000,0.370607360186428,-0.457015588224679,0.0436749842904159
2345,326000,9626000,0.329843840732425,-0.450202665517479,0.042046210908072
2346,327000,9626000,0.35839512594752,-0.456597033236921,0.0389227524234215
2347,328000,9626000,0.367606948643178,-0.514637455159426,0.0354554233503528
2348,329000,9626000,0.390060038999468,-0.510824263544381,0.0395853696760372
2349,330000,9626000,0.387031702212989,-0.475015450447798,0.0372012437162921
2350,331000,9626000,0.294688765899837,-0.476491760700941,0.0478160346706747
2351,332000,9626000,0.393646784411371,-0.539284263661504,0.0488357845289051
2352,333000,9626000,0.326974438594282,-0.511917145517468,0.0469573904559948
2353,334000,9626000,0.353533003115654,-0.480908574318886,0.0399408341798931
2354,335000,9626000,0.408612547782063,-0.465750291550159,0.0505491763206199
2355,336000,9626000,0.367843954957277,-0.434557917345315,0.0510571923187934
2356,337000,9626000,0.469611451213807,-0.456077193748206,0.0494109200312523
2357,338000,9626000,0.393061495399661,-0.42238487796816,0.0337140828586882
2358,339000,9626000,0.421789574016631,-0.451452916094661,0.0447456649244297
2359,340000,9626000,0.305211377239227,-0.439741592006385,0.0405844015994342
2360,341000,9626000,0.243473469281197,-0.421122743086517,0.0344059171756147
2361,342000,9626000,0.253757647332619,-0.426839075855911,0.0430024172482314
2362,343000,9626000,0.248072094237059,-0.459045658837259,0.0372064969280444
2363,344000,9626000,0.257524649713933,-0.443069477361441,0.0467117609073874
2364,345000,9626000,0.256592025037203,-0.447890512237698,0.0688316687737592
2365,346000,9626000,0.24199076985009,-0.444643131051958,0.0620061518205795
2366,347000,9626000,0.266679277392104,-0.47440573893711,0.0489021350892028
2367,348000,9626000,0.220461848622817,-0.41765612789616,0.0593645839992911
2368,349000,9626000,0.236634663142462,-0.430548285266012,0.091200693505141
2369,350000,9626000,0.242888900523633,-0.434195646128058,0.0953211402582005
2370,351000,9626000,0.22902685900405,-0.401602910678089,0.0858302051071078
2371,352000,9626000,0.224965737919323,-0.40997289615646,0.0828825091186911
2372,353000,9626000,0.258285938271508,-0.430778990769386,0.0738534493110608
2373,354000,9626000,0.27198003500551,-0.438641519631445,0.07889085289957
2374,355000,9626000,0.354303082167357,-0.459550283648074,0.0804791712013539
2375,356000,9626000,0.355403725117072,-0.45876714695096,0.0751850124426186
2376,357000,9626000,0.422043462287635,-0.483209925624728,0.0642862118530553
2377,358000,9626000,0.220445965027064,-0.517664763200283,0.0590075853012502
2378,359000,9626000,0.199669300393015,-0.558819318979979,0.0500728403307963
2379,360000,9626000,0.217716349551082,-0.586677789261937,0.059151853937027
2380,361000,9626000,0.227330870182067,-0.573796115872264,0.0726727956609568
2381,362000,9626000,0.216656686721742,-0.597133549532294,0.0729685751057928
2382,363000,9626000,0.197218582981825,-0.586255472373962,0.0737778464631527
2383,364000,9626000,0.19956927723214,-0.574354024165869,0.0748345478004194
2384,365000,9626000,0.209512874224782,-0.57300750643611,0.0924722158611752
2385,366000,9626000,0.200346064504981,-0.579002398008108,0.0994105878658593
2386,367000,9626000,0.182824044384062,-0.600108261722326,0.075309184550494
2387,368000,9626000,0.203795777234435,-0.598094456380606,0.0895650711617433
2388,369000,9626000,0.189420199202001,-0.606637388730049,0.0694562232595403
2389,370000,9626000,0.183335448455811,-0.604929528921843,0.0554476805924904
2390,371000,9626000,0.220833935593069,-0.60114820805788,0.0752425555093214
2391,372000,9626000,0.211558889599144,-0.61473914527297,0.0582888006215624
2392,373000,9626000,0.232221643002331,-0.604255443871021,0.0604503690165933
2393,374000,9626000,0.236229647731781,-0.61414329033494,0.0563101873687701
2394,375000,9626000,0.237448906315999,-0.618520996841517,0.0345292299405926
2395,262000,9627000,0.539477015819401,-0.48496739522554,0.0422401097662514
2396,263000,9627000,0.521311127922568,-0.490119243642909,0.0493541572378483
2397,264000,9627000,0.400563611937221,-0.465949248354882,0.0513331868367037
2398,265000,9627000,0.365553633958846,-0.452122039546072,0.0489227546236129
2399,266000,9627000,0.469439950159937,-0.506052944205701,0.0519702904105419
2400,267000,9627000,0.451172443680093,-0.495207494428754,0.0515711521595251
2401,268000,9627000,0.439592639507353,-0.545480289109051,0.0546315632157028
2402,269000,9627000,0.513412298569083,-0.550129364818335,0.0619384681744967
2403,270000,9627000,0.438953107941151,-0.560010261303186,0.0586628282256424
2404,271000,9627000,0.363179647228494,-0.546091674536467,0.0499116698786151
2405,272000,9627000,0.347919340239465,-0.516378052470088,0.0489740121178329
2406,273000,9627000,0.371452061465383,-0.500632433575392,0.0599841737966519
2407,274000,9627000,0.386156989400089,-0.497991585761309,0.0587185451307334
2408,275000,9627000,0.313566048772633,-0.512274994838238,0.0511616930095945
2409,276000,9627000,0.28672566049695,-0.496668217307329,0.0494528834073804
2410,277000,9627000,0.263520944190025,-0.501201235353947,0.0461072018577717
2411,278000,9627000,0.244972928040475,-0.482569097959995,0.0478042393593583
2412,279000,9627000,0.267549737473577,-0.497050843146443,0.0679523525869474
2413,280000,9627000,0.249480208714306,-0.477707277172804,0.0518824758202303
2414,281000,9627000,0.218720924605045,-0.435472896181792,0.0386967268405133
2415,282000,9627000,0.193302329442516,-0.411365010748582,0.0380294358556741
2416,283000,9627000,0.157041340959995,-0.383260992084676,0.0312096295239637
2417,284000,9627000,0.208694167457486,-0.406221160933375,0.0335706943623489
2418,285000,9627000,0.195093985889293,-0.431960204838216,0.0269913687878521
2419,286000,9627000,0.186782060489617,-0.427539549718797,0.0246378847213928
2420,287000,9627000,0.167670757391304,-0.408694604811072,0.0219377463880926
2421,288000,9627000,0.177700755625218,-0.404178424477577,0.0256378555080853
2422,289000,9627000,0.194200487882644,-0.368940755055845,0.0337241708526854
2423,290000,9627000,0.239014683886617,-0.429602910465002,0.0368142413172405
2424,291000,9627000,0.180172251641029,-0.393182336785644,0.0317720434396761
2425,292000,9627000,0.185655190787651,-0.397458608360589,0.031856799934106
2426,293000,9627000,0.203242873327434,-0.416272439993918,0.0297462363067083
2427,294000,9627000,0.206161155629903,-0.432789230553806,0.0304787055328023
2428,295000,9627000,0.234583924176916,-0.444330605052412,0.0322794504222926
2429,296000,9627000,0.223454999910295,-0.423239156612754,0.0278293521648622
2430,297000,9627000,0.228865415338427,-0.435108945789933,0.0279543259066413
2431,298000,9627000,0.24786098433435,-0.466969792073965,0.0372495391577948
2432,299000,9627000,0.191967511484027,-0.503902564266324,0.0208569067203789
2433,3e+05,9627000,0.228618985889852,-0.49207606203258,0.0221291233624797
2434,301000,9627000,0.204222588218749,-0.504234842544794,0.0208553058474092
2435,302000,9627000,0.197506554204226,-0.483651917654276,0.0231420636374271
2436,303000,9627000,0.210038178257644,-0.46994450814724,0.0318853515005554
2437,304000,9627000,0.274372012418509,-0.468560914638638,0.0297541627789964
2438,305000,9627000,0.280452454215288,-0.485296623948216,0.0414761844927561
2439,306000,9627000,0.23180137706697,-0.474562132483721,0.037611183523119
2440,307000,9627000,0.231005644059181,-0.463120178675652,0.0289424586103531
2441,308000,9627000,0.232077555893362,-0.450541304495931,0.0315775343150482
2442,309000,9627000,0.281989550944418,-0.449701616637409,0.024704819186742
2443,310000,9627000,0.446007723012567,-0.464243046956509,0.0507096916205017
2444,311000,9627000,0.446702378309518,-0.458135103636235,0.0410253486664267
2445,312000,9627000,0.42737703747082,-0.437953760406747,0.0376007768366602
2446,313000,9627000,0.357804435651004,-0.452283657361567,0.0343032703395933
2447,314000,9627000,0.287048557775706,-0.447063559675589,0.0303130509551265
2448,315000,9627000,0.233000647314545,-0.42911317051053,0.0227146999927529
2449,316000,9627000,0.51600705405185,-0.464845740675181,0.0281615194178012
2450,317000,9627000,0.824686598926783,-0.52867747118175,0.0183901043032412
2451,318000,9627000,0.829142783612013,-0.538001384299994,0.0161028098591487
2452,319000,9627000,0.550429092894122,-0.498446300114691,0.0449421099957079
2453,320000,9627000,0.422493751642108,-0.482543781076372,0.0821884507165523
2454,321000,9627000,0.354879475209117,-0.459825906315446,0.0782138086990453
2455,322000,9627000,0.354927140682936,-0.445115859948099,0.0747297818843275
2456,323000,9627000,0.331100846534967,-0.466748960534483,0.0572686338086147
2457,324000,9627000,0.381094840450585,-0.478458497220278,0.0513755645187106
2458,325000,9627000,0.394504133670777,-0.465398541725427,0.069419385564595
2459,326000,9627000,0.376446123666316,-0.451164831064642,0.0573296471572248
2460,327000,9627000,0.447655516331643,-0.463233272223175,0.048216038094589
2461,328000,9627000,0.458612141101062,-0.508242245295644,0.0414896324880538
2462,329000,9627000,0.517590302084386,-0.511595108065009,0.0412960134163732
2463,330000,9627000,0.540217773038149,-0.486143530958891,0.0390544618211687
2464,331000,9627000,0.317469035293907,-0.466895488992333,0.0511492602605373
2465,332000,9627000,0.430952835732698,-0.503119544301927,0.042689042569208
2466,333000,9627000,0.365020285473764,-0.476513506934047,0.0438839799933136
2467,334000,9627000,0.414185176753998,-0.493119730593264,0.0401264506791136
2468,335000,9627000,0.384608415617049,-0.452732212339342,0.0580689112602966
2469,336000,9627000,0.320646278560162,-0.436991533130407,0.0583614530804567
2470,337000,9627000,0.552356037443131,-0.479301438162476,0.0430564158087946
2471,338000,9627000,0.439735666353256,-0.443757002432644,0.0456335799038643
2472,339000,9627000,0.429564069607854,-0.458109088514745,0.0536140506568714
2473,340000,9627000,0.367025257446244,-0.447174206414819,0.0464295451799408
2474,341000,9627000,0.286118918724358,-0.429377560482919,0.0465263846832328
2475,342000,9627000,0.302739942651987,-0.461857278585434,0.0460029190439498
2476,343000,9627000,0.365867487902939,-0.49608059130013,0.051506160614558
2477,344000,9627000,0.270391238775104,-0.442681008403003,0.0545283624957781
2478,345000,9627000,0.285647028925642,-0.451738298745453,0.0729954509731615
2479,346000,9627000,0.253543212871999,-0.443909077854454,0.0609760023827432
2480,347000,9627000,0.311199002794176,-0.472688449722528,0.0617917359002866
2481,348000,9627000,0.221358814374637,-0.425547992771864,0.0598047874348122
2482,349000,9627000,0.216614407764759,-0.418202364260191,0.064219732049387
2483,350000,9627000,0.223752642524242,-0.418646901674569,0.0792291911710985
2484,351000,9627000,0.189115108720213,-0.390401246020198,0.061155913730897
2485,352000,9627000,0.169336260797386,-0.395060196691751,0.0585709965848131
2486,353000,9627000,0.182299600237608,-0.41523181566149,0.0626837008606642
2487,354000,9627000,0.206927517481521,-0.40982873275429,0.0644994535534643
2488,355000,9627000,0.256655706495047,-0.445115193545818,0.0725313577798195
2489,356000,9627000,0.232191426381469,-0.437932731412351,0.0671513055431191
2490,357000,9627000,0.281913128581643,-0.462938469392061,0.0716471422642237
2491,358000,9627000,0.25402719607465,-0.495602851819992,0.0773382929602638
2492,359000,9627000,0.198434272172395,-0.489183971817791,0.0679591103576124
2493,360000,9627000,0.260868166697025,-0.564980902680755,0.0986131508611143
2494,361000,9627000,0.222408996081352,-0.559851547396183,0.105556212034822
2495,362000,9627000,0.251084037794173,-0.580441434529424,0.110192903877795
2496,363000,9627000,0.247139069660008,-0.579557265716791,0.112336743885651
2497,364000,9627000,0.217809422081709,-0.57284674295187,0.109028917466477
2498,365000,9627000,0.211286643692851,-0.578052350711822,0.0885452731141821
2499,366000,9627000,0.183013581956923,-0.588759696084261,0.0811108606880531
2500,367000,9627000,0.192597808788717,-0.591082162553072,0.0799038985007443
2501,368000,9627000,0.188320378026366,-0.595076291912794,0.0813730236371048
2502,369000,9627000,0.19225364254117,-0.599206467503309,0.068884273928497
2503,370000,9627000,0.202728070279956,-0.614035747778416,0.0584772819452046
2504,371000,9627000,0.205905432058871,-0.604726277542114,0.063074005011702
2505,372000,9627000,0.219235842862725,-0.605717649304867,0.0660799931958085
2506,373000,9627000,0.225435529755056,-0.600562016439438,0.07340758792907
2507,374000,9627000,0.229531498236954,-0.605227545893192,0.0680331847117282
2508,375000,9627000,0.224661619351669,-0.612683173255487,0.06292837864677
2509,262000,9628000,0.554370637878776,-0.532559228643775,0.0486265188239049
2510,263000,9628000,0.599575209776312,-0.538341452302039,0.0516598509386415
2511,264000,9628000,0.419548670661822,-0.518766085489094,0.0640808776762104
2512,265000,9628000,0.465391066065035,-0.509056386988051,0.0538380278650671
2513,266000,9628000,0.501194530353323,-0.515522224368155,0.0547567155253142
2514,267000,9628000,0.494614453966962,-0.489906509324536,0.0500281091677258
2515,268000,9628000,0.518081154417992,-0.52486652726233,0.0576894528108183
2516,269000,9628000,0.497914575564116,-0.547520523476601,0.0548466693217866
2517,270000,9628000,0.455458527585864,-0.544225620992482,0.0529669021479785
2518,271000,9628000,0.416158848853409,-0.522041558670998,0.0548693995454814
2519,272000,9628000,0.495326842325926,-0.519517347542942,0.0566774610667489
2520,273000,9628000,0.524349811372161,-0.513921236543357,0.0574555179296527
2521,274000,9628000,0.455387153252959,-0.518649187868834,0.0648672248625662
2522,275000,9628000,0.407518647102267,-0.523039480267465,0.0584834701335523
2523,276000,9628000,0.316647385821491,-0.505354495736957,0.0537639343405375
2524,277000,9628000,0.293309359337389,-0.500452658087015,0.0480489381329273
2525,278000,9628000,0.289171022927016,-0.499356952345371,0.0525559643593617
2526,279000,9628000,0.301664009220153,-0.500902749562263,0.0630025382137857
2527,280000,9628000,0.27220927901119,-0.483399160057306,0.0474075881485362
2528,281000,9628000,0.250098551126011,-0.468085560144484,0.0439638291622512
2529,282000,9628000,0.226287140545429,-0.457765938791889,0.0388652433321695
2530,283000,9628000,0.222947194843926,-0.460107019861043,0.0350233495911816
2531,284000,9628000,0.244298078743927,-0.477568430137634,0.0339328475706745
2532,285000,9628000,0.238905337157846,-0.476366328527033,0.0303883399824612
2533,286000,9628000,0.211004566010088,-0.452316110502183,0.0253217744901543
2534,287000,9628000,0.199063822486065,-0.44281247734651,0.0281689806371462
2535,288000,9628000,0.248856914480776,-0.458610049957037,0.0407155388442334
2536,289000,9628000,0.190972416268662,-0.397389086194336,0.031035244197445
2537,290000,9628000,0.209850926942565,-0.402821368915588,0.0352344258580357
2538,291000,9628000,0.203695986532226,-0.409380526150763,0.0308509072980261
2539,292000,9628000,0.218910847329116,-0.409200108377635,0.0327750169041567
2540,293000,9628000,0.221179211944807,-0.409237697033584,0.0301461389869684
2541,294000,9628000,0.220940129672363,-0.411035603581881,0.0301715916586341
2542,295000,9628000,0.253049685884453,-0.429604484642553,0.0379760599715402
2543,296000,9628000,0.2941431273113,-0.489868054454774,0.0380521686270018
2544,297000,9628000,0.23894019908309,-0.488405104774237,0.0311482991893892
2545,298000,9628000,0.201465502022207,-0.484607540217042,0.0251282635486976
2546,299000,9628000,0.183960838645697,-0.489059076660872,0.0208622609149432
2547,3e+05,9628000,0.220325771283358,-0.470755065694451,0.0250055083548068
2548,301000,9628000,0.23133250323981,-0.495636746159196,0.0278957792222383
2549,302000,9628000,0.234626355969906,-0.487217621220648,0.0315052117947198
2550,303000,9628000,0.290016799682379,-0.473564278830588,0.0363307150197215
2551,304000,9628000,0.287391247221828,-0.484567283535004,0.0420704653819557
2552,305000,9628000,0.314309182980657,-0.49483747985661,0.047143699775124
2553,306000,9628000,0.300665609146655,-0.482674601373076,0.0503080999358208
2554,307000,9628000,0.235134431905113,-0.464170175042748,0.035246955126815
2555,308000,9628000,0.258387607902288,-0.466306021139026,0.0406734944605036
2556,309000,9628000,0.294267435888946,-0.45792643918097,0.0394323537548247
2557,310000,9628000,0.511471032515168,-0.458770571497083,0.0416547168404795
2558,311000,9628000,0.418018134944141,-0.460568406831473,0.0344930156981572
2559,312000,9628000,0.437277517538145,-0.442895219315775,0.0364089910573675
2560,313000,9628000,0.336546266991226,-0.443679292748123,0.0289360468277941
2561,314000,9628000,0.301017707282212,-0.456345311911404,0.0366422738627647
2562,315000,9628000,0.21129866841881,-0.382299954270315,0.0237117869805894
2563,316000,9628000,0.41782343848059,-0.434319788361341,0.0261518032907275
2564,317000,9628000,0.603956467700005,-0.483039078354836,0.0236468281517708
2565,318000,9628000,0.558543149025738,-0.477881885156035,0.0300197317505896
2566,319000,9628000,0.430238905259594,-0.450685952560604,0.0420068468782556
2567,320000,9628000,0.482150492350012,-0.481836704129726,0.072417389856989
2568,321000,9628000,0.423472938322276,-0.463477348291129,0.0613520485596964
2569,322000,9628000,0.398813982743211,-0.458126475750655,0.0615760881203343
2570,323000,9628000,0.396649126608111,-0.453887835017964,0.0581613205240224
2571,324000,9628000,0.438158224790543,-0.475487200005352,0.0697803060409147
2572,325000,9628000,0.429804590189457,-0.482063782760501,0.0788258752470836
2573,326000,9628000,0.510412939694524,-0.470946099989116,0.0592219852396753
2574,327000,9628000,0.517071329408884,-0.476702934424859,0.0590464966729749
2575,328000,9628000,0.499661525169015,-0.493490688942373,0.0466048285885015
2576,329000,9628000,0.53175550955236,-0.490306343121827,0.0370918041643687
2577,330000,9628000,0.514253608471155,-0.503855368007719,0.0329035402950016
2578,331000,9628000,0.440933846080303,-0.484717824096978,0.05603418538837
2579,332000,9628000,0.461046700269729,-0.477248110389709,0.0313034517656779
2580,333000,9628000,0.486298195968568,-0.495166161423922,0.0389256980450707
2581,334000,9628000,0.548309173035622,-0.505307618685067,0.0404610100332298
2582,335000,9628000,0.38532901250571,-0.446040804877877,0.0679639877540059
2583,336000,9628000,0.314315689109266,-0.440396810060739,0.0542717525808373
2584,337000,9628000,0.412524576500803,-0.482211301039159,0.0456903552901582
2585,338000,9628000,0.514064210989326,-0.471053894038498,0.0505736651579442
2586,339000,9628000,0.462112850259989,-0.466437590800226,0.0647351730354363
2587,340000,9628000,0.422365695558488,-0.457430202893913,0.0456298096586834
2588,341000,9628000,0.283067389275134,-0.42384263336882,0.0440181194715202
2589,342000,9628000,0.271548899464309,-0.422003943418711,0.0510102265566122
2590,343000,9628000,0.245224180747569,-0.433037905758619,0.0596416294169729
2591,344000,9628000,0.249995248880982,-0.425587640395761,0.0647943335854914
2592,345000,9628000,0.284899525523931,-0.443289672222734,0.0610857630429789
2593,346000,9628000,0.295817846044153,-0.450516345994175,0.0615266280074371
2594,347000,9628000,0.292329539398104,-0.440658859443665,0.0475746007418493
2595,348000,9628000,0.243090932893753,-0.425607127647102,0.0559496756523382
2596,349000,9628000,0.192968838832382,-0.362288805930261,0.0515869030577131
2597,350000,9628000,0.199341977338586,-0.399353227869421,0.0546304961118614
2598,351000,9628000,0.234153402220458,-0.451323183552921,0.061457501554396
2599,352000,9628000,0.195805825388432,-0.441874174524844,0.0522101650770754
2600,353000,9628000,0.173514486926049,-0.393179312409461,0.0493926727332175
2601,354000,9628000,0.177955563596357,-0.37095270768553,0.0484479959585704
2602,355000,9628000,0.231924932701886,-0.451438674481213,0.0624179125892464
2603,356000,9628000,0.188223611267842,-0.420053156019747,0.0640803389767651
2604,357000,9628000,0.206498484238237,-0.444821225953102,0.0633107199248392
2605,358000,9628000,0.238375449237972,-0.519373728944361,0.0822538929518079
2606,359000,9628000,0.223201779606938,-0.550126868656278,0.0992794127427042
2607,360000,9628000,0.268578853699565,-0.563172177404165,0.109358977095876
2608,361000,9628000,0.221436582966149,-0.565140076220036,0.101457609191909
2609,362000,9628000,0.217300833360851,-0.577516026842594,0.087094314901717
2610,363000,9628000,0.216916459746659,-0.571131290531158,0.0894211185071617
2611,364000,9628000,0.253939843343198,-0.585337581723928,0.107618364260159
2612,365000,9628000,0.251756566597521,-0.591263475739956,0.105650676565245
2613,366000,9628000,0.197927820079029,-0.589599542760849,0.0868486982035451
2614,367000,9628000,0.200484895859659,-0.59952595282197,0.0807241271741688
2615,368000,9628000,0.186401966279745,-0.597379044705629,0.0699220020422712
2616,369000,9628000,0.189796318811178,-0.602784436225891,0.0587259174291976
2617,370000,9628000,0.204528433294594,-0.603858582085371,0.0592894547565374
2618,371000,9628000,0.201626198146492,-0.593698771429062,0.0853410704317968
2619,372000,9628000,0.224952175907791,-0.594846524304152,0.091608378383005
2620,373000,9628000,0.223583859589696,-0.603469944354892,0.0858647670810111
2621,374000,9628000,0.235640083689988,-0.596911043232679,0.0722930901634507
2622,375000,9628000,0.248959318263964,-0.611093769452789,0.0472379366894761
2623,262000,9629000,0.670234564516693,-0.528558226123452,0.0370809695303906
2624,263000,9629000,0.536166268292069,-0.534320497584343,0.0549779310775688
2625,264000,9629000,0.446599297716841,-0.542730442421138,0.0633744931698311
2626,265000,9629000,0.470328425360657,-0.535808563224971,0.0622033411182463
2627,266000,9629000,0.605712555512786,-0.521163502206653,0.0517007925534621
2628,267000,9629000,0.572239146952331,-0.525454841135442,0.0536290851374622
2629,268000,9629000,0.543828404197097,-0.522720562416286,0.0619080610776553
2630,269000,9629000,0.51784469871819,-0.531106414991617,0.068573136383621
2631,270000,9629000,0.52183549323827,-0.521058026273549,0.0625122632697225
2632,271000,9629000,0.604532819549739,-0.509318727728724,0.0580013522796333
2633,272000,9629000,0.605933678247035,-0.530853741818667,0.0617467933224048
2634,273000,9629000,0.457614928686619,-0.516830606752634,0.0660294104951434
2635,274000,9629000,0.518544748050719,-0.525992903330922,0.0639773777504452
2636,275000,9629000,0.391036512131989,-0.51904035859704,0.0711046051965561
2637,276000,9629000,0.319648960223794,-0.500991652545333,0.0593816997763468
2638,277000,9629000,0.322976349592209,-0.500735565385222,0.0577068052196875
2639,278000,9629000,0.314506052541733,-0.511455838254094,0.0667448280953802
2640,279000,9629000,0.298454574969411,-0.501451530113816,0.0634343498365953
2641,280000,9629000,0.299306928258389,-0.493355948495865,0.0570591208802536
2642,281000,9629000,0.292803095028759,-0.491731799818762,0.0524236532641575
2643,282000,9629000,0.272291354136914,-0.482291417485476,0.0466514846244827
2644,283000,9629000,0.261465599324554,-0.488780426037312,0.0451578089701943
2645,284000,9629000,0.258315731525421,-0.493446571177244,0.0396209075789899
2646,285000,9629000,0.236459876845777,-0.488289339250326,0.0361330912383273
2647,286000,9629000,0.226116419503838,-0.475234734743834,0.0328273129743524
2648,287000,9629000,0.218161860294268,-0.467288667955995,0.032547564103012
2649,288000,9629000,0.21509139129594,-0.4456000388816,0.0330824636509642
2650,289000,9629000,0.192031350186747,-0.414043037499487,0.0289501561340643
2651,290000,9629000,0.225171120378934,-0.404602750122547,0.0356656531107961
2652,291000,9629000,0.235455996279376,-0.423519363953918,0.0367351666232338
2653,292000,9629000,0.23077114286907,-0.395977437543124,0.0343446752043325
2654,293000,9629000,0.233241857617674,-0.389261842601746,0.0294194742653053
2655,294000,9629000,0.25657214738857,-0.396635466266423,0.0308231742687407
2656,295000,9629000,0.297739906162955,-0.423824043308012,0.0413475411242922
2657,296000,9629000,0.3950700866431,-0.474418502232432,0.0618658531631576
2658,297000,9629000,0.225116939187795,-0.493740939769149,0.0302310957924579
2659,298000,9629000,0.207051873397827,-0.469520687121153,0.0301598236339982
2660,299000,9629000,0.210006359613687,-0.462282839915156,0.0323858676839154
2661,3e+05,9629000,0.224623677460849,-0.481602701058984,0.02747625130167
2662,301000,9629000,0.252036935769767,-0.481748001240194,0.0346135866607423
2663,302000,9629000,0.277538775451481,-0.48018091122061,0.0339209976074344
2664,303000,9629000,0.306959956656396,-0.481770884718001,0.0350630333518609
2665,304000,9629000,0.338336994411051,-0.499334151256084,0.0448240285514155
2666,305000,9629000,0.392800210985541,-0.502535629537702,0.0614050499064033
2667,306000,9629000,0.326347215814143,-0.498223731522262,0.0493090772702126
2668,307000,9629000,0.351786598661542,-0.477269017529488,0.0527712008995702
2669,308000,9629000,0.398786849267781,-0.465973859368265,0.0521781948470278
2670,309000,9629000,0.441854838145524,-0.454713253475726,0.0390113459893968
2671,310000,9629000,0.49663326995559,-0.469671809993684,0.0457199854608276
2672,311000,9629000,0.355842269433662,-0.450867725258321,0.0402689550194889
2673,312000,9629000,0.443783525023237,-0.459592211905122,0.0347239514707355
2674,313000,9629000,0.328335437638324,-0.44184118797034,0.0247164970972415
2675,314000,9629000,0.361769976083934,-0.463118879710883,0.0326735800724942
2676,315000,9629000,0.284309699773177,-0.39468863228932,0.0295955460928206
2677,316000,9629000,0.288156196599436,-0.421267317189276,0.0271058840146579
2678,317000,9629000,0.276626960204169,-0.418273850612342,0.0238845649959752
2679,318000,9629000,0.396953090088069,-0.435628998211026,0.0415408319744514
2680,319000,9629000,0.543426624500006,-0.476474170251191,0.04624695767964
2681,320000,9629000,0.437679552309215,-0.464049326737225,0.0461912797530415
2682,321000,9629000,0.430708637721464,-0.470733747167885,0.0546780770766898
2683,322000,9629000,0.432030305310711,-0.47874207085669,0.0528515994532616
2684,323000,9629000,0.4711855002895,-0.451888209356368,0.0550119641032303
2685,324000,9629000,0.482284427176416,-0.467316782404482,0.0600951363759348
2686,325000,9629000,0.527964495736361,-0.492650765296817,0.0571190844798461
2687,326000,9629000,0.535714888741076,-0.47679032677412,0.058549931010115
2688,327000,9629000,0.567519955776632,-0.482893513265252,0.0397738193018595
2689,328000,9629000,0.594985665763915,-0.501373074404895,0.0414001623201882
2690,329000,9629000,0.61146586369127,-0.507053969497979,0.0368984114217572
2691,330000,9629000,0.66559102113694,-0.516271573802829,0.030882179339719
2692,331000,9629000,0.589084124675393,-0.501996023512632,0.0311813456461183
2693,332000,9629000,0.525615118139982,-0.484451724667847,0.027292524777673
2694,333000,9629000,0.604338006317615,-0.497082959797978,0.0321353122857283
2695,334000,9629000,0.619287798666209,-0.512213183182478,0.035462253867503
2696,335000,9629000,0.407721842597425,-0.448873410667479,0.0549049479056266
2697,336000,9629000,0.521745776538551,-0.469702820187062,0.0599658194883959
2698,337000,9629000,0.569759041962028,-0.479719476730376,0.0462002571329707
2699,338000,9629000,0.464086441455781,-0.453677850402147,0.0702546582311857
2700,339000,9629000,0.432526918156445,-0.460692115698755,0.0641500835721614
2701,340000,9629000,0.388908322970569,-0.453661284078658,0.0529576467957464
2702,341000,9629000,0.370647471710108,-0.441519287624955,0.0422006811350118
2703,342000,9629000,0.353480568514019,-0.44112232067138,0.0514335593452677
2704,343000,9629000,0.289348933014274,-0.441919316849113,0.0620587274901336
2705,344000,9629000,0.283856636916101,-0.449375458468497,0.0610673294779845
2706,345000,9629000,0.288899010125548,-0.444470971462131,0.0521510009184305
2707,346000,9629000,0.279729125569016,-0.450457866762578,0.0564507617055904
2708,347000,9629000,0.282781517587602,-0.454983572441339,0.0558250757995062
2709,348000,9629000,0.274013467064034,-0.444237873738259,0.0590477086182917
2710,349000,9629000,0.236608445677906,-0.434609781487286,0.058708280439052
2711,350000,9629000,0.262952418284118,-0.442164457795024,0.0544972882299218
2712,351000,9629000,0.283683647930622,-0.509541987627745,0.0599180846395902
2713,352000,9629000,0.212893129592389,-0.419773984065652,0.0568759919581003
2714,353000,9629000,0.17149619895434,-0.405127992668003,0.0502155635649804
2715,354000,9629000,0.165493888545968,-0.406668561952561,0.045363817867171
2716,355000,9629000,0.181625342097692,-0.416108309304714,0.0482458194274455
2717,356000,9629000,0.160296440143697,-0.40897284194231,0.0496743485206272
2718,357000,9629000,0.235387165497988,-0.460218148761988,0.0634372877886752
2719,358000,9629000,0.20290515447855,-0.52465255523324,0.0723144354088348
2720,359000,9629000,0.18377785477154,-0.537561286780238,0.0725702109609265
2721,360000,9629000,0.254778631149977,-0.568757506731153,0.100936879120814
2722,361000,9629000,0.230080953429639,-0.568906208050251,0.0951934894491918
2723,362000,9629000,0.214413243862242,-0.571036128312349,0.0889883870624006
2724,363000,9629000,0.185357667455077,-0.576165823185444,0.0752264217913151
2725,364000,9629000,0.190363064727932,-0.569595439374447,0.0750223119839095
2726,365000,9629000,0.230376197862625,-0.585171604698896,0.0881172430915758
2727,366000,9629000,0.190435801562667,-0.601161045390368,0.0751889507875778
2728,367000,9629000,0.189769008508325,-0.602290329414606,0.0676919519052841
2729,368000,9629000,0.197939732167125,-0.595462590613961,0.0928375033827033
2730,369000,9629000,0.203381325128675,-0.59840577250123,0.0961926723929122
2731,370000,9629000,0.204287060266733,-0.593688184809685,0.0846773571889848
2732,371000,9629000,0.205389872992784,-0.589834514296055,0.0921659407959087
2733,372000,9629000,0.238739454580843,-0.58705619751215,0.104635452791397
2734,373000,9629000,0.236174768917263,-0.596993655627966,0.0698847961492837
2735,374000,9629000,0.23361815238595,-0.607548741024733,0.0476766924891155
2736,375000,9629000,0.236525750918822,-0.623187015598471,0.0470982148735361
2737,262000,9630000,0.612243025809526,-0.540037252917886,0.042841525931959
2738,263000,9630000,0.538279065553658,-0.542310938264336,0.0543077976105269
2739,264000,9630000,0.500617324107885,-0.538009802411497,0.0570028050144669
2740,265000,9630000,0.503457692424953,-0.539663101471961,0.0578377563433722
2741,266000,9630000,0.578086795035005,-0.534167835308611,0.063055937578599
2742,267000,9630000,0.584757911598682,-0.512405422762036,0.0569057599908207
2743,268000,9630000,0.509553066882491,-0.538180102224648,0.0666682655867189
2744,269000,9630000,0.615915010435879,-0.522864262495935,0.0673077808724716
2745,270000,9630000,0.537801157622039,-0.527322589200735,0.0763573606005404
2746,271000,9630000,0.562706290716678,-0.533193951635063,0.0741454938243143
2747,272000,9630000,0.536782463671267,-0.541629247516394,0.0742213764755055
2748,273000,9630000,0.539261665264517,-0.528347955834866,0.0650894793004729
2749,274000,9630000,0.563695281658322,-0.529520811231434,0.0603449099359103
2750,275000,9630000,0.449433223341405,-0.517510588291287,0.0669572164606303
2751,276000,9630000,0.356098969067633,-0.502044699728489,0.0635358361304272
2752,277000,9630000,0.374508600531518,-0.510871343308687,0.0691414735868573
2753,278000,9630000,0.35141397819072,-0.526465688732266,0.0575595630069263
2754,279000,9630000,0.375336252299696,-0.492536496913433,0.0648731448489241
2755,280000,9630000,0.340985373064503,-0.512425440068543,0.0594197410247754
2756,281000,9630000,0.301706053262949,-0.508524246174097,0.0555288315254264
2757,282000,9630000,0.290583279856294,-0.50869263266027,0.0566233858064748
2758,283000,9630000,0.281177548740804,-0.501991464363039,0.0548718693824485
2759,284000,9630000,0.263280709065497,-0.503745589344203,0.0487598045025952
2760,285000,9630000,0.223507333127409,-0.491750455787778,0.0327871905980166
2761,286000,9630000,0.205134185492247,-0.47241373206526,0.0341102522313129
2762,287000,9630000,0.227616119913012,-0.471194883882999,0.0350261820754502
2763,288000,9630000,0.216075171254575,-0.453112732173502,0.0323294614972081
2764,289000,9630000,0.205495634937659,-0.426397250206023,0.0272078177663032
2765,290000,9630000,0.219398169922829,-0.394111657919735,0.0356275266162818
2766,291000,9630000,0.237160772229685,-0.411128678098321,0.0378534797482309
2767,292000,9630000,0.223482538312906,-0.379092364987731,0.0345526781852473
2768,293000,9630000,0.235701666170603,-0.385298798539117,0.0306102275932673
2769,294000,9630000,0.221449599328692,-0.360508484414406,0.0267520348039223
2770,295000,9630000,0.305243461587858,-0.435586047044396,0.0353644715161179
2771,296000,9630000,0.356819347020984,-0.479293134555221,0.0573354408866377
2772,297000,9630000,0.227140782799572,-0.487487779217958,0.0291643746080692
2773,298000,9630000,0.193185875468701,-0.474724759694934,0.0236633184392587
2774,299000,9630000,0.203397458040714,-0.459067979037762,0.027828645590134
2775,3e+05,9630000,0.227422129236907,-0.472628850957751,0.0290867872890085
2776,301000,9630000,0.242881139937043,-0.472811657887697,0.0360631235203356
2777,302000,9630000,0.333639438965917,-0.486957706128061,0.039005654159002
2778,303000,9630000,0.263102950070798,-0.500291641461849,0.0374217240944155
2779,304000,9630000,0.308588898310624,-0.503086879715323,0.0452732956802007
2780,305000,9630000,0.417183157387376,-0.501662002402544,0.0642173404195113
2781,306000,9630000,0.393113936080784,-0.484909655457735,0.0574842768118018
2782,307000,9630000,0.42143186307475,-0.462027327434719,0.054086544552783
2783,308000,9630000,0.458806377930194,-0.457157094854116,0.0437483566679293
2784,309000,9630000,0.516182932705712,-0.466084976568818,0.0369681368093705
2785,310000,9630000,0.427445657720789,-0.456706264272332,0.0500865065556718
2786,311000,9630000,0.402699327343702,-0.465646600187197,0.0453660158670391
2787,312000,9630000,0.416815653134754,-0.441804680777842,0.043820653095853
2788,313000,9630000,0.491301245427132,-0.491698601404577,0.0361490122301388
2789,314000,9630000,0.49538970660232,-0.491435945948772,0.0375331734928535
2790,315000,9630000,0.475561168409698,-0.478976950604469,0.0421540346472699
2791,316000,9630000,0.413095154935867,-0.449480470089614,0.0312627806972247
2792,317000,9630000,0.396961962760426,-0.442952282409742,0.0363726597605972
2793,318000,9630000,0.479639112131484,-0.466775425414741,0.0428049029498594
2794,319000,9630000,0.429284518413153,-0.461069635853707,0.0404375941259204
2795,320000,9630000,0.447384786612913,-0.465483513320237,0.045700868054037
2796,321000,9630000,0.488684286914021,-0.476996726176143,0.0649488648878178
2797,322000,9630000,0.526978132820129,-0.476059222298861,0.061650726452237
2798,323000,9630000,0.518505747003853,-0.464868305401504,0.0511213182071922
2799,324000,9630000,0.580477287010849,-0.493187329441309,0.0479070101609221
2800,325000,9630000,0.553521662071347,-0.482758139409125,0.0450959741049912
2801,326000,9630000,0.52734789943397,-0.47766149289757,0.0420152461840538
2802,327000,9630000,0.581448714382947,-0.499530690924823,0.0371373715629801
2803,328000,9630000,0.654494613032043,-0.503280400142074,0.0324895209277398
2804,329000,9630000,0.683422361773625,-0.517480047534406,0.0334711648620432
2805,330000,9630000,0.701465053918958,-0.517859141507745,0.0297934785948717
2806,331000,9630000,0.632852682871372,-0.517554918433726,0.0261972208983381
2807,332000,9630000,0.650520880386233,-0.512820473006368,0.0289378081842864
2808,333000,9630000,0.577044435825944,-0.525948341929913,0.0271827696514316
2809,334000,9630000,0.538269335329533,-0.498112221996486,0.0339227965535363
2810,335000,9630000,0.381627543806285,-0.431824537865072,0.0582765237133019
2811,336000,9630000,0.592574019123614,-0.466251924806833,0.0542983981424011
2812,337000,9630000,0.515621376010776,-0.448138153816015,0.045752073226677
2813,338000,9630000,0.485102219345421,-0.458173292629421,0.0474386602059589
2814,339000,9630000,0.455566273058206,-0.475047060707211,0.0491497674954939
2815,340000,9630000,0.440213909487426,-0.47044116358459,0.0485827411931474
2816,341000,9630000,0.412453276019543,-0.457695621085912,0.0442736668127705
2817,342000,9630000,0.383070910247415,-0.450006724764407,0.0556083371135639
2818,343000,9630000,0.329867368061095,-0.445481710371375,0.0529785699047847
2819,344000,9630000,0.313566659923643,-0.464639312809706,0.0566797897164477
2820,345000,9630000,0.291417620047182,-0.455356656327844,0.0746633102804189
2821,346000,9630000,0.288398864167929,-0.463492222176492,0.0633381380925886
2822,347000,9630000,0.328843307082355,-0.49003875169754,0.0652534776526503
2823,348000,9630000,0.272846730794013,-0.459495153047144,0.056900007313583
2824,349000,9630000,0.236819403750822,-0.438277761863172,0.0708574719984084
2825,350000,9630000,0.29021887452174,-0.461625579869747,0.0594572038654471
2826,351000,9630000,0.270214580514282,-0.48863651522845,0.0740392725310754
2827,352000,9630000,0.243338138145953,-0.468617563574761,0.0664079089365434
2828,353000,9630000,0.216340612647869,-0.447334603639692,0.0582012844196986
2829,354000,9630000,0.185141081999615,-0.401379266550019,0.0559208312510338
2830,355000,9630000,0.19762499262616,-0.455374057248235,0.0470344183113892
2831,356000,9630000,0.181707581644505,-0.420619223820418,0.0449005434716586
2832,357000,9630000,0.334118996526301,-0.473014107720554,0.0650446002774639
2833,358000,9630000,0.260802556809783,-0.530353276371956,0.0684145340604009
2834,359000,9630000,0.206168962438405,-0.550086381882429,0.0766816752699204
2835,360000,9630000,0.219889557024091,-0.555654779204726,0.0844898275014944
2836,361000,9630000,0.224021884580702,-0.565049972718954,0.0922422481818125
2837,362000,9630000,0.187690397214144,-0.564308146801591,0.079382109281607
2838,363000,9630000,0.195756083618104,-0.569227470174432,0.0860651916637085
2839,364000,9630000,0.194629603035003,-0.559959154438972,0.0777196015704423
2840,365000,9630000,0.197118937730789,-0.584897662124038,0.0756629023925401
2841,366000,9630000,0.187718523705006,-0.588537110179663,0.0682287018718198
2842,367000,9630000,0.195689587467909,-0.59882666592598,0.0653789437952451
2843,368000,9630000,0.204704481759667,-0.595310315465927,0.0926198081128299
2844,369000,9630000,0.205191032741964,-0.595464321148396,0.117733065333404
2845,370000,9630000,0.210494663470984,-0.599367451137304,0.0981632159293164
2846,371000,9630000,0.222373264355958,-0.591383540898561,0.0772192586201243
2847,372000,9630000,0.233822339168191,-0.588634016799927,0.10282457020171
2848,373000,9630000,0.225174470026791,-0.595858959364891,0.060621537013771
2849,374000,9630000,0.226706226377189,-0.614357687991858,0.0454884119361639
2850,375000,9630000,0.221885698613795,-0.623833246989684,0.0492341089504771
2851,262000,9631000,0.654303460925817,-0.53215039819479,0.0401287556464085
2852,263000,9631000,0.543629188705236,-0.511258821450174,0.0490892586742993
2853,264000,9631000,0.464227747063246,-0.519166697508842,0.0562332979107508
2854,265000,9631000,0.524445433600247,-0.528923718318343,0.0609254835308995
2855,266000,9631000,0.626313180586696,-0.509922346626222,0.0554825194688048
2856,267000,9631000,0.610793053679168,-0.504535943341255,0.0559878586601932
2857,268000,9631000,0.580249245573208,-0.528902899070084,0.0584501514158677
2858,269000,9631000,0.575830861022323,-0.510156908462942,0.0798354244493414
2859,270000,9631000,0.587384065788984,-0.520604613535106,0.0819442494542338
2860,271000,9631000,0.700847567495704,-0.528898237365484,0.0595043893929571
2861,272000,9631000,0.719606024041772,-0.554794402053952,0.0601399478246924
2862,273000,9631000,0.712490973314643,-0.547778224003315,0.0567524253168376
2863,274000,9631000,0.559325655573606,-0.526910947445035,0.065709474551864
2864,275000,9631000,0.452209876398742,-0.516323296460509,0.0797117460975423
2865,276000,9631000,0.378519184008241,-0.503695290908217,0.0715252260890789
2866,277000,9631000,0.408716615411639,-0.520325016707182,0.0710813335622661
2867,278000,9631000,0.389684530679882,-0.529047143211961,0.0612678288825322
2868,279000,9631000,0.416873251280189,-0.528955218198895,0.0666538193463348
2869,280000,9631000,0.352787491817772,-0.537150273281336,0.0604349096432328
2870,281000,9631000,0.338997087914497,-0.531079706776142,0.0645228571316227
2871,282000,9631000,0.313410979851335,-0.519966483980417,0.0591156810144894
2872,283000,9631000,0.2831289530918,-0.515723819187283,0.0489307734679431
2873,284000,9631000,0.269269190955162,-0.509263225950301,0.0435305546752177
2874,285000,9631000,0.257462223420292,-0.488990339758992,0.0405424377921037
2875,286000,9631000,0.2371009415254,-0.49057533826828,0.0396619705360383
2876,287000,9631000,0.266714446368814,-0.489170279073715,0.0404057336307131
2877,288000,9631000,0.250674948994536,-0.466315668451786,0.037309076847136
2878,289000,9631000,0.210831418630481,-0.437069131865352,0.0269866434032796
2879,290000,9631000,0.211344638771936,-0.421445123738796,0.0285449505656958
2880,291000,9631000,0.257562816864066,-0.445599536333978,0.0390672178984853
2881,292000,9631000,0.248520508822042,-0.406952921521664,0.0375270592078567
2882,293000,9631000,0.261470356930804,-0.420686996469647,0.0352623819887755
2883,294000,9631000,0.249704174624186,-0.402118535372755,0.0292922555341502
2884,295000,9631000,0.315830706858449,-0.464221338115633,0.0338725022711558
2885,296000,9631000,0.224131004624814,-0.460038882732391,0.0241273352984688
2886,297000,9631000,0.19202852114141,-0.470154794338346,0.0219531216009287
2887,298000,9631000,0.190315886798501,-0.455984642654657,0.0233639019684168
2888,299000,9631000,0.191404397962987,-0.474766070482135,0.0214507185247843
2889,3e+05,9631000,0.221849317703396,-0.46914964158833,0.028658469625446
2890,301000,9631000,0.23773971971646,-0.449853983563185,0.0307696964407223
2891,302000,9631000,0.381829515050352,-0.47995090905726,0.0465172913175076
2892,303000,9631000,0.31461622319594,-0.492255647665262,0.0551293957054615
2893,304000,9631000,0.312895049723238,-0.499015340840817,0.0436862923418405
2894,305000,9631000,0.461447741068155,-0.490954394066334,0.0651365059851669
2895,306000,9631000,0.462042358215153,-0.464732727492601,0.0619960488769691
2896,307000,9631000,0.483468432399631,-0.474025832213461,0.0440649378612638
2897,308000,9631000,0.573706911114603,-0.465709054078907,0.0345816075757786
2898,309000,9631000,0.474021633637324,-0.457282311947644,0.0431843541119713
2899,310000,9631000,0.408303078577877,-0.452538697339443,0.0525418965767371
2900,311000,9631000,0.422252171836793,-0.471320708876848,0.0427672600644641
2901,312000,9631000,0.450724365220219,-0.479421043616533,0.0505955826449674
2902,313000,9631000,0.520783510509133,-0.485352603494003,0.0359045862732222
2903,314000,9631000,0.460065141306852,-0.484847948515043,0.0337331687980448
2904,315000,9631000,0.419038516118377,-0.479613979011029,0.0407091897096136
2905,316000,9631000,0.456567833464593,-0.466104771085829,0.0351963420731394
2906,317000,9631000,0.534989575804205,-0.478631394066662,0.0495854183228686
2907,318000,9631000,0.413984731961414,-0.461846406488866,0.040615455488069
2908,319000,9631000,0.447848884047102,-0.461680325226486,0.0460490192584228
2909,320000,9631000,0.524357140120864,-0.482377425314113,0.0551965637551388
2910,321000,9631000,0.579636238887161,-0.490483847311139,0.0541695426380262
2911,322000,9631000,0.5634612907812,-0.484845481312275,0.0520893952852348
2912,323000,9631000,0.583950720658898,-0.477385423187911,0.0398001042529242
2913,324000,9631000,0.645461282578856,-0.490738885338604,0.0356587269233656
2914,325000,9631000,0.613667611530423,-0.500394237735868,0.042525395156676
2915,326000,9631000,0.614694513395429,-0.504122432115674,0.041941389184515
2916,327000,9631000,0.669540195541084,-0.503443112675846,0.0399555495844223
2917,328000,9631000,0.720220702044666,-0.507602183072269,0.030785999949713
2918,329000,9631000,0.728305005827546,-0.498727205473185,0.0297860136557836
2919,330000,9631000,0.721473516829312,-0.494556175018847,0.0285288716815994
2920,331000,9631000,0.711600536033511,-0.501925039805472,0.0245295651534339
2921,332000,9631000,0.726950792708993,-0.511921525190026,0.0237512309344893
2922,333000,9631000,0.60947999484539,-0.523527316631377,0.0271615024216939
2923,334000,9631000,0.604297870781273,-0.494368803171813,0.0363230598047725
2924,335000,9631000,0.555014211923629,-0.465909185732901,0.0487348003395367
2925,336000,9631000,0.630321858137846,-0.473011712223291,0.0298725181176909
2926,337000,9631000,0.469251162177324,-0.450062507576495,0.0551956695638597
2927,338000,9631000,0.613780085162818,-0.490027973824739,0.0386436302863702
2928,339000,9631000,0.510431769534946,-0.477884200775623,0.0457513334847288
2929,340000,9631000,0.521112580825388,-0.483113597628474,0.0455263570759911
2930,341000,9631000,0.476476291945577,-0.475806816190481,0.0493834969063872
2931,342000,9631000,0.442096731583774,-0.467125971525908,0.0487282092822832
2932,343000,9631000,0.401899907115102,-0.457792046435177,0.0525889427648392
2933,344000,9631000,0.375685213820636,-0.457266608759761,0.0679939013707335
2934,345000,9631000,0.324340625533462,-0.459822870157659,0.0705321251069079
2935,346000,9631000,0.355787309768796,-0.466872438591719,0.069278046928579
2936,347000,9631000,0.357754363236576,-0.500192756488919,0.0702249032141408
2937,348000,9631000,0.345706316521764,-0.485324565516412,0.0657792361255037
2938,349000,9631000,0.342683765016496,-0.499009949047863,0.0744635847176425
2939,350000,9631000,0.292118286106735,-0.457821807324886,0.0641706220474094
2940,351000,9631000,0.278344743963331,-0.45664283413887,0.0713418940749485
2941,352000,9631000,0.217807458519936,-0.483532540419698,0.0451001382748131
2942,353000,9631000,0.192570143367723,-0.493307923209667,0.0439169950949727
2943,354000,9631000,0.232545874512196,-0.471433926267177,0.0682942493170965
2944,355000,9631000,0.243505471920222,-0.467798222674429,0.0634093312575482
2945,356000,9631000,0.199840183777735,-0.425828420811892,0.0522022496247664
2946,357000,9631000,0.337537544548511,-0.46100582062602,0.0565208988983184
2947,358000,9631000,0.202993811522424,-0.490728392150998,0.052267149187834
2948,359000,9631000,0.273642763952911,-0.543772286343575,0.0685653555092402
2949,360000,9631000,0.199275498397648,-0.543124965211749,0.0772327883686405
2950,361000,9631000,0.192902498858422,-0.534661226224899,0.0751848872805946
2951,362000,9631000,0.18223635680899,-0.558704868257046,0.0603522934617475
2952,363000,9631000,0.204005793808401,-0.552703843805194,0.0793263775062747
2953,364000,9631000,0.193430272259563,-0.560956589701772,0.0854962510582991
2954,365000,9631000,0.191428062149882,-0.567649900245667,0.0855309101104271
2955,366000,9631000,0.189889604447037,-0.58580458996892,0.0805881398239173
2956,367000,9631000,0.207630303886533,-0.592221123278141,0.0840341495642438
2957,368000,9631000,0.205052506922185,-0.59259606642127,0.0884436600404792
2958,369000,9631000,0.206780704082549,-0.592968701791763,0.0985258215485141
2959,370000,9631000,0.215184413692355,-0.604316457134485,0.0537587294941186
2960,371000,9631000,0.233570539952815,-0.598894631570578,0.0545701951505383
2961,372000,9631000,0.239873733313382,-0.593629413664341,0.0748939705575816
2962,373000,9631000,0.233302922190726,-0.603328836596012,0.0380250381904654
2963,374000,9631000,0.22385982895419,-0.597824170970917,0.0536463859082898
2964,375000,9631000,0.242673037824306,-0.59681140915914,0.0741336411102252
2965,262000,9632000,0.76741340187192,-0.515780377358198,0.0373524042181671
2966,263000,9632000,0.61450697254017,-0.53009677721411,0.0453984613488312
2967,264000,9632000,0.44325320933871,-0.519349480338395,0.0542995313319378
2968,265000,9632000,0.547523725140095,-0.53129873624742,0.0631405412889086
2969,266000,9632000,0.653645323610306,-0.509985843200237,0.049366068705963
2970,267000,9632000,0.632547458139062,-0.511121405111253,0.0579487437180243
2971,268000,9632000,0.626363299152255,-0.525509998214245,0.0583826087340713
2972,269000,9632000,0.614462118270993,-0.533073509511352,0.0768601187766995
2973,270000,9632000,0.664450820142031,-0.536158793452382,0.0702338824712206
2974,271000,9632000,0.811795510476828,-0.539281879013777,0.0216565211118548
2975,272000,9632000,0.80702313414216,-0.553814772778749,0.0255064951665234
2976,273000,9632000,0.797885334140062,-0.539077179971337,0.0210956813597353
2977,274000,9632000,0.593743933011591,-0.526603458923101,0.060725732030347
2978,275000,9632000,0.452445307821035,-0.512169650003314,0.0708169006045908
2979,276000,9632000,0.408412981504202,-0.513699409753084,0.0705626344953198
2980,277000,9632000,0.427883391222358,-0.528632962879539,0.0750347296201158
2981,278000,9632000,0.396295964764059,-0.543085873928666,0.0666447683778591
2982,279000,9632000,0.384115486396849,-0.54034833920598,0.0527308027694933
2983,280000,9632000,0.370035429405421,-0.54642645753026,0.0544833758182824
2984,281000,9632000,0.358092248900235,-0.534253377297521,0.055983162263874
2985,282000,9632000,0.330107925687917,-0.518439720790088,0.0590915920813568
2986,283000,9632000,0.283836229269207,-0.528272659492493,0.0434797097413801
2987,284000,9632000,0.278076862059534,-0.511016387140751,0.0450202185240108
2988,285000,9632000,0.280453941333294,-0.507566880732775,0.0403183941230644
2989,286000,9632000,0.270451376531273,-0.493894629091024,0.0430241253514774
2990,287000,9632000,0.258487496154569,-0.462163302411139,0.0441045043187914
2991,288000,9632000,0.266444969689846,-0.463092756913602,0.0377518006546888
2992,289000,9632000,0.237823793804273,-0.457160315255821,0.0299004887894262
2993,290000,9632000,0.243522411165759,-0.464763102984428,0.0325157142284326
2994,291000,9632000,0.232478939191322,-0.473841016122699,0.0329170186716132
2995,292000,9632000,0.299738426024653,-0.465291982021928,0.0389988997083856
2996,293000,9632000,0.31861937350966,-0.470315209196508,0.0363361139201093
2997,294000,9632000,0.289497917125863,-0.476486369925877,0.03287412843036
2998,295000,9632000,0.39180645150207,-0.494733529545367,0.0422494414575689
2999,296000,9632000,0.378554191116616,-0.478340003840625,0.0515102600709069
3000,297000,9632000,0.213519285674393,-0.461429836288095,0.0245560149421333
3001,298000,9632000,0.198633446189761,-0.461015480342507,0.0214486277306685
3002,299000,9632000,0.214661083600298,-0.456926125694811,0.0263030852761352
3003,3e+05,9632000,0.217459692589939,-0.458521173673868,0.0265240435407264
3004,301000,9632000,0.285940929978341,-0.447362145063281,0.0317255427633063
3005,302000,9632000,0.370314035636187,-0.450261430981755,0.0680103522798046
3006,303000,9632000,0.367613406121358,-0.47247604903914,0.0598955396519741
3007,304000,9632000,0.306789580182731,-0.497538565903902,0.0509595250619575
3008,305000,9632000,0.381247929271776,-0.464150859083608,0.065225045628415
3009,306000,9632000,0.519087974932916,-0.47094969676336,0.0413140981893172
3010,307000,9632000,0.407301142550632,-0.485276336149871,0.0644574836227519
3011,308000,9632000,0.450529660988972,-0.469632860822976,0.0496404276988236
3012,309000,9632000,0.483388597070798,-0.469373626083136,0.0499005640981894
3013,310000,9632000,0.463590315212309,-0.471768843464553,0.0554474099582992
3014,311000,9632000,0.494977738354355,-0.480740381786227,0.0531091552759288
3015,312000,9632000,0.56786512427479,-0.496766093951464,0.0454185632416396
3016,313000,9632000,0.542500488388538,-0.49138833440661,0.0393021687335393
3017,314000,9632000,0.398367325492855,-0.44909712397866,0.0369363236504607
3018,315000,9632000,0.452888702974841,-0.458432259025425,0.037666519574495
3019,316000,9632000,0.458574774827471,-0.447150410738587,0.0400483935746364
3020,317000,9632000,0.584704126380384,-0.478565800857917,0.0414319841009332
3021,318000,9632000,0.483098794698343,-0.467734965699911,0.0490352176503045
3022,319000,9632000,0.51758870735243,-0.470303364261985,0.0504271423103171
3023,320000,9632000,0.596559537473321,-0.490641898156703,0.0446073949979153
3024,321000,9632000,0.611901832698286,-0.489728769153357,0.0449825537618017
3025,322000,9632000,0.616249056752026,-0.474686454167962,0.0434690822549164
3026,323000,9632000,0.673792405115068,-0.483672925339639,0.0311226713799406
3027,324000,9632000,0.728742218054831,-0.490968729426712,0.0262251087253448
3028,325000,9632000,0.671786646187305,-0.506319570890069,0.0354785755595134
3029,326000,9632000,0.687956135740876,-0.495851303994656,0.0397015886316309
3030,327000,9632000,0.691056878197193,-0.511235307209194,0.0377156738893827
3031,328000,9632000,0.743701514770091,-0.513244157996774,0.0262389770765381
3032,329000,9632000,0.721490227028728,-0.495734216113389,0.026846415402001
3033,330000,9632000,0.715394892260432,-0.508957122306526,0.029461204316307
3034,331000,9632000,0.705385684272647,-0.513238843152672,0.0273680237293709
3035,332000,9632000,0.707770962800831,-0.514613805678487,0.0251171354554826
3036,333000,9632000,0.716299809238315,-0.523379008573294,0.0219514185425185
3037,334000,9632000,0.62338512950798,-0.489794914500462,0.0383646701263322
3038,335000,9632000,0.672635354867578,-0.487564804464579,0.0293238047418068
3039,336000,9632000,0.623021317733824,-0.48783322095722,0.0298141033611959
3040,337000,9632000,0.630775861705467,-0.487251886980981,0.0349241187949665
3041,338000,9632000,0.671029653857648,-0.494436926089972,0.0267328000069014
3042,339000,9632000,0.577294175002724,-0.489450190427154,0.0414598565919325
3043,340000,9632000,0.60845810149163,-0.481396102570742,0.0331577681049355
3044,341000,9632000,0.558074292496592,-0.479620061035454,0.0388975366306317
3045,342000,9632000,0.507674322012067,-0.473231269879639,0.0458836957387277
3046,343000,9632000,0.451562275034189,-0.468835520593822,0.0510667377980193
3047,344000,9632000,0.400161339788139,-0.455560096217692,0.0585126998470398
3048,345000,9632000,0.371136736854911,-0.465909172382951,0.0650706780267181
3049,346000,9632000,0.414211425575614,-0.48296541749835,0.0544485083392821
3050,347000,9632000,0.394360725399107,-0.477546303489804,0.0622379789431579
3051,348000,9632000,0.359437526592612,-0.526314472731948,0.0728615279616904
3052,349000,9632000,0.376748646140099,-0.500199873813987,0.0983786034886725
3053,350000,9632000,0.335642766874284,-0.464366585949063,0.0649746904994361
3054,351000,9632000,0.300101817694306,-0.466465597066283,0.0653120155454613
3055,352000,9632000,0.235259907767922,-0.500026735512912,0.0601804040876916
3056,353000,9632000,0.285407105784118,-0.540527463799715,0.0660517904655542
3057,354000,9632000,0.223945125857231,-0.198439448291992,0.0755466759065166
3058,355000,9632000,0.0658622459048172,0.0267487252197025,0.0774929095770931
3059,356000,9632000,0.229680355864711,-0.375795995948021,0.0658698203655891
3060,357000,9632000,0.278389012549445,-0.44870703047514,0.0558752980856923
3061,358000,9632000,0.180751692949235,-0.478133805419505,0.0421987242277362
3062,359000,9632000,0.253442156025767,-0.53226060038507,0.0687404330197489
3063,360000,9632000,0.191552135381848,-0.545789384657145,0.0718493826096179
3064,361000,9632000,0.167228681469709,-0.54052624476552,0.0575264585905708
3065,362000,9632000,0.17507573408559,-0.523543692499399,0.0801675603703945
3066,363000,9632000,0.187887258204818,-0.539769913047552,0.0792553189273458
3067,364000,9632000,0.173805511846393,-0.555834984833002,0.0681884650945663
3068,365000,9632000,0.190518335352838,-0.559029312998056,0.088462102188915
3069,366000,9632000,0.193544043447077,-0.573516074961424,0.0963617201749701
3070,367000,9632000,0.199156651000679,-0.586201663577557,0.104455434933305
3071,368000,9632000,0.200523239803314,-0.594808582097292,0.0871529738415033
3072,369000,9632000,0.203478636103868,-0.596746945625544,0.0753704715944827
3073,370000,9632000,0.215412680061162,-0.593367691111565,0.0486445425982471
3074,371000,9632000,0.222213430891931,-0.593740634155273,0.05679033596667
3075,372000,9632000,0.238013799120486,-0.590187604957819,0.0753985871740617
3076,373000,9632000,0.238635734321177,-0.600126213902235,0.0452409328503069
3077,374000,9632000,0.242590389549732,-0.602789874559641,0.043218259414949
3078,375000,9632000,0.236526996154677,-0.6153061658144,0.0428406625469639
3079,262000,9633000,0.715180100224912,-0.521888463154435,0.0470644038445316
3080,263000,9633000,0.630949268500507,-0.52974316252768,0.0602638248655014
3081,264000,9633000,0.553161226890236,-0.52405306326896,0.0708469916630653
3082,265000,9633000,0.649001415742934,-0.5294457889691,0.0733892487397417
3083,266000,9633000,0.666338604724407,-0.522222702097893,0.0750777110993862
3084,267000,9633000,0.632840726476908,-0.528822417268157,0.0699525905265473
3085,268000,9633000,0.705769697409868,-0.534474577948451,0.0492833166441414
3086,269000,9633000,0.783424892568588,-0.528986030644178,0.0285501946883276
3087,270000,9633000,0.819169136214256,-0.543528963166475,0.0165231301919208
3088,271000,9633000,0.818900869131088,-0.54865967169106,0.0144594168450101
3089,272000,9633000,0.812710478925705,-0.559963116809726,0.0223049699161842
3090,273000,9633000,0.801570363169908,-0.537880392286181,0.0206511669974774
3091,274000,9633000,0.562377939239144,-0.529051565803587,0.0679621077065822
3092,275000,9633000,0.422949096386135,-0.516836876469851,0.077072062986251
3093,276000,9633000,0.397422858643532,-0.526226095184684,0.0697239261365961
3094,277000,9633000,0.422870695158094,-0.535727721245587,0.0613788014937891
3095,278000,9633000,0.413612315489352,-0.544003750625253,0.0601878625568468
3096,279000,9633000,0.376394094976038,-0.546045107626915,0.0516868992693489
3097,280000,9633000,0.353698164089024,-0.546267605766654,0.0501710479617352
3098,281000,9633000,0.349144049695134,-0.529953036491573,0.0527130488052499
3099,282000,9633000,0.336119762134552,-0.528975303477049,0.0534170155169908
3100,283000,9633000,0.298462625202537,-0.51875379191637,0.044395642530825
3101,284000,9633000,0.291701301847398,-0.506803275880218,0.0430663639079314
3102,285000,9633000,0.271091623600572,-0.49206454500854,0.0377572157676332
3103,286000,9633000,0.283844508227706,-0.509134358203411,0.0377507356924703
3104,287000,9633000,0.240468903234578,-0.430303052803874,0.034180706347595
3105,288000,9633000,0.27007415291979,-0.446196628380567,0.0327983742029988
3106,289000,9633000,0.240598878926784,-0.476954458984733,0.0278863693861058
3107,290000,9633000,0.236319839085639,-0.478614613628387,0.026879430028284
3108,291000,9633000,0.245527336218208,-0.48412653542459,0.0315920026385924
3109,292000,9633000,0.354647391549125,-0.491748777438514,0.0455688945024274
3110,293000,9633000,0.293449419165775,-0.496114767764509,0.0367436771306209
3111,294000,9633000,0.276946022650599,-0.508462201736867,0.0408278300605016
3112,295000,9633000,0.414422849015146,-0.484942196592689,0.0573459377366118
3113,296000,9633000,0.419517566863447,-0.484621166986227,0.0671981547331903
3114,297000,9633000,0.308776486385614,-0.484882500524819,0.0471732152035926
3115,298000,9633000,0.244361166031659,-0.453508229196072,0.0314348939178744
3116,299000,9633000,0.265449302838929,-0.447369177031517,0.0327993685986614
3117,3e+05,9633000,0.305942523387074,-0.451776148207486,0.041457930854155
3118,301000,9633000,0.322371402505785,-0.482498915496469,0.0491769257869571
3119,302000,9633000,0.415993690571934,-0.427796427869424,0.0703696044047712
3120,303000,9633000,0.484199632900953,-0.439786240690574,0.0598583492565202
3121,304000,9633000,0.374647016591951,-0.488738663116097,0.0632091730681714
3122,305000,9633000,0.476008589228988,-0.473402031467855,0.0715228843026096
3123,306000,9633000,0.639610259474313,-0.516362209057773,0.0388494695402565
3124,307000,9633000,0.459385568843782,-0.499871860860288,0.0529604198389512
3125,308000,9633000,0.450851399280876,-0.47621813307777,0.0524087108826963
3126,309000,9633000,0.403647260311246,-0.467310668513924,0.0607916760960827
3127,310000,9633000,0.443934910342097,-0.464061151638767,0.0518689367338782
3128,311000,9633000,0.579397986982018,-0.473448202943802,0.0481266047993675
3129,312000,9633000,0.582770070330054,-0.488141341127455,0.0448604579518898
3130,313000,9633000,0.523338393295929,-0.497933957412839,0.0494179065510165
3131,314000,9633000,0.476628021784499,-0.462375658753887,0.0504213265760685
3132,315000,9633000,0.52906801908724,-0.470507787045091,0.0461537003491831
3133,316000,9633000,0.569041110427678,-0.465912862998992,0.0437188743176404
3134,317000,9633000,0.567642125626653,-0.467582455441356,0.043492041469086
3135,318000,9633000,0.60061923763603,-0.484877464026213,0.0427742409937433
3136,319000,9633000,0.595215232920647,-0.477218559729308,0.0415358040285762
3137,320000,9633000,0.642071387189627,-0.495174066947401,0.0355057653870783
3138,321000,9633000,0.67543686651215,-0.480372441015393,0.0315298388557974
3139,322000,9633000,0.702129291284084,-0.491002962660417,0.0325626208242727
3140,323000,9633000,0.693015222609043,-0.483686524872482,0.0314316303850384
3141,324000,9633000,0.734531231859326,-0.489797692076862,0.026883810974739
3142,325000,9633000,0.727095510829985,-0.493015203890949,0.0338733339531813
3143,326000,9633000,0.706562957011908,-0.495746279662848,0.0392538249276229
3144,327000,9633000,0.694074638685584,-0.516084562365711,0.030077073394804
3145,328000,9633000,0.698155740850774,-0.482684714959888,0.0284613231020514
3146,329000,9633000,0.716020091424137,-0.491795607815683,0.0265775467452942
3147,330000,9633000,0.704250765830278,-0.507059102348983,0.0273385434283351
3148,331000,9633000,0.685645452341437,-0.527232775963843,0.0274181347313046
3149,332000,9633000,0.690768946716189,-0.516622974836826,0.0256673807976244
3150,333000,9633000,0.727833555045724,-0.509762164960057,0.0209386070860783
3151,334000,9633000,0.716718778260052,-0.495920831871033,0.0228091804515454
3152,335000,9633000,0.665491800794005,-0.481572640882432,0.0298005145060364
3153,336000,9633000,0.596996677070111,-0.462150237677619,0.0294868289434584
3154,337000,9633000,0.673037470883131,-0.482265826099366,0.0269841094271047
3155,338000,9633000,0.696660216347873,-0.487276456103474,0.023114026680903
3156,339000,9633000,0.679255866539478,-0.512863090066612,0.0304309074100456
3157,340000,9633000,0.656908268940449,-0.481538241124153,0.0300968502382864
3158,341000,9633000,0.628539119008929,-0.475827149090171,0.0314728323137388
3159,342000,9633000,0.571781966584921,-0.483931637109816,0.0401541936254827
3160,343000,9633000,0.534251100901514,-0.487808652180433,0.0474185658295406
3161,344000,9633000,0.453004971741885,-0.465895626355708,0.0590282895307755
3162,345000,9633000,0.475863617288321,-0.476772237570584,0.0529119704228477
3163,346000,9633000,0.423647774896026,-0.489092086073756,0.0528993846697733
3164,347000,9633000,0.451232864421606,-0.48585325410217,0.0751095474381
3165,348000,9633000,0.353778089570254,-0.478411338468641,0.0741818597598467
3166,349000,9633000,0.278653454196453,-0.465453807920218,0.0699011457174784
3167,350000,9633000,0.268704557350697,-0.459959165350348,0.0719590997492894
3168,351000,9633000,0.289177176961303,-0.469265146902204,0.0826630552192219
3169,352000,9633000,0.302468986687064,-0.495187766212225,0.0876118581064045
3170,353000,9633000,0.298110621483624,-0.518737870565057,0.0674892178989947
3171,354000,9633000,0.10661972719644,0.00278091438626871,0.0735091086642351
3172,355000,9633000,-0.0440715144264774,0.158095365810441,0.0633165387282614
3173,356000,9633000,0.0373261989791994,0.0452609300048556,0.0777611794499215
3174,357000,9633000,0.250883259862661,-0.445295494760826,0.0627745454011951
3175,358000,9633000,0.227194441702962,-0.493820079581439,0.0468887995872879
3176,359000,9633000,0.282096311102808,-0.523723462313786,0.0620275567817967
3177,360000,9633000,0.193454621721804,-0.540976136216521,0.054712255868467
3178,361000,9633000,0.159840645452589,-0.547496709287167,0.0521561706759327
3179,362000,9633000,0.185149540619552,-0.515669581982493,0.0989264270536602
3180,363000,9633000,0.201178848995268,-0.556718038484454,0.0834222786682658
3181,364000,9633000,0.186788280347735,-0.551727437674999,0.0675259013018804
3182,365000,9633000,0.192086955536902,-0.555060182762146,0.069225362871401
3183,366000,9633000,0.187550823565573,-0.574086740809679,0.0761536665640306
3184,367000,9633000,0.198912263871729,-0.578699569284916,0.0876218454038724
3185,368000,9633000,0.201729232117534,-0.581526429289579,0.0997127375883982
3186,369000,9633000,0.199546227189898,-0.596633051419258,0.0735681909459643
3187,370000,9633000,0.214816770279407,-0.595264213436842,0.0646641090787947
3188,371000,9633000,0.226533858568966,-0.599851744765043,0.0617726662185276
3189,372000,9633000,0.224510408961773,-0.59528251209259,0.0609553772648796
3190,373000,9633000,0.234720954948664,-0.599669979584217,0.0598586807992775
3191,374000,9633000,0.245980981647968,-0.606394546282291,0.0443867804446956
3192,375000,9633000,0.241419448215853,-0.615551331693476,0.039213761982762
3193,262000,9634000,0.808881454139948,-0.528168980970979,0.0331554205140565
3194,263000,9634000,0.744581538870931,-0.519674604779482,0.0369612694382668
3195,264000,9634000,0.665437567225099,-0.509970061087608,0.0680928766906262
3196,265000,9634000,0.713252483785152,-0.519051783692837,0.0585497711402364
3197,266000,9634000,0.666823294425011,-0.520482805004716,0.0828921875011176
3198,267000,9634000,0.736367356526852,-0.525415837717056,0.051927245200146
3199,268000,9634000,0.810816164511442,-0.525020757266879,0.0171767687601619
3200,269000,9634000,0.81094952455163,-0.532055422982573,0.0195338948735967
3201,270000,9634000,0.811099354809523,-0.534001554408669,0.0175448098088847
3202,271000,9634000,0.82737733322382,-0.546107536393404,0.0135181602413941
3203,272000,9634000,0.811968061351776,-0.556743281787634,0.0223912134353654
3204,273000,9634000,0.805525306904316,-0.542127589851618,0.0176684956051409
3205,274000,9634000,0.560070280635357,-0.534395981889963,0.0657733092174632
3206,275000,9634000,0.449569710382819,-0.528821991592646,0.0713403393086977
3207,276000,9634000,0.442240524691343,-0.532097914037108,0.0671826865313575
3208,277000,9634000,0.437692174529284,-0.537962020179629,0.0569243774542119
3209,278000,9634000,0.42674965903461,-0.536604658985138,0.0592110955052078
3210,279000,9634000,0.396718776486069,-0.553920488414168,0.0518184824945405
3211,280000,9634000,0.37932248968929,-0.54913143337667,0.0538900523620658
3212,281000,9634000,0.390206290739775,-0.546885116443038,0.0551842399371322
3213,282000,9634000,0.333289013488591,-0.496469609540701,0.0524851036492735
3214,283000,9634000,0.328558513351902,-0.50290111528784,0.0504133129516616
3215,284000,9634000,0.3120790541403,-0.494825187414885,0.0461537403099705
3216,285000,9634000,0.320529135900736,-0.515332827576995,0.0497062750001438
3217,286000,9634000,0.297228421550989,-0.511782904174924,0.039555346544052
3218,287000,9634000,0.285268785238266,-0.500938229370117,0.0357752300258493
3219,288000,9634000,0.298317560105026,-0.504105735769868,0.0409029856123729
3220,289000,9634000,0.264904165759962,-0.498033267847449,0.0335002636169665
3221,290000,9634000,0.254900380749255,-0.504846511894465,0.0319352884465596
3222,291000,9634000,0.342436030589044,-0.493257538685203,0.0483522154208273
3223,292000,9634000,0.389806815566216,-0.512808996710926,0.0559719531160546
3224,293000,9634000,0.375613938660175,-0.52113010546267,0.0614424866224639
3225,294000,9634000,0.28368122771401,-0.500146356925368,0.0418344393027946
3226,295000,9634000,0.459914968103915,-0.490532746681571,0.055034259707504
3227,296000,9634000,0.503498104146123,-0.470820762524009,0.0670838561256416
3228,297000,9634000,0.298151394085586,-0.473731379681826,0.0542009224373847
3229,298000,9634000,0.273711252140254,-0.453986771900952,0.0391376255600946
3230,299000,9634000,0.280567497755587,-0.452925276555121,0.036677264602622
3231,3e+05,9634000,0.315694603073969,-0.449813179795444,0.0434774967914913
3232,301000,9634000,0.35817144152266,-0.477518712143786,0.0685851863706252
3233,302000,9634000,0.591323645641282,-0.481235939667746,0.0578019390542991
3234,303000,9634000,0.469383518350334,-0.421917302756105,0.0731225127476035
3235,304000,9634000,0.382988740038127,-0.489267566798627,0.0703748146758531
3236,305000,9634000,0.559293959720433,-0.478169780124724,0.0743785047171172
3237,306000,9634000,0.654245457354188,-0.51019495331198,0.0434445373391034
3238,307000,9634000,0.435685843327641,-0.496465397228301,0.0488314353310736
3239,308000,9634000,0.46719363090843,-0.473689260755479,0.0556264814961352
3240,309000,9634000,0.39705800434947,-0.453601906463504,0.0603483460661722
3241,310000,9634000,0.50012288133353,-0.468858633570373,0.0532815576756955
3242,311000,9634000,0.616391673274338,-0.478522079913318,0.0396179763683351
3243,312000,9634000,0.592484797748178,-0.476293037822843,0.0446936646474991
3244,313000,9634000,0.478325355158374,-0.474827880438045,0.0522671907060314
3245,314000,9634000,0.484526265059412,-0.464244389886409,0.045652831279271
3246,315000,9634000,0.570759457793832,-0.469253596869856,0.0483224490946159
3247,316000,9634000,0.621582305170596,-0.468597328868508,0.0438789032717003
3248,317000,9634000,0.621923623598367,-0.479052502083778,0.0436572275761748
3249,318000,9634000,0.661633685651422,-0.47510104983747,0.0368833545010071
3250,319000,9634000,0.668412305366993,-0.490641984957457,0.0354589042764448
3251,320000,9634000,0.696345826247334,-0.486825552521646,0.0284763485656003
3252,321000,9634000,0.718721670271456,-0.484487828662992,0.0272358519478934
3253,322000,9634000,0.71229135877192,-0.484252200603485,0.0288856252145953
3254,323000,9634000,0.738471378269792,-0.483589340758324,0.0277086834569403
3255,324000,9634000,0.728854794451594,-0.478251416309178,0.0313335562111693
3256,325000,9634000,0.728779834759235,-0.473454422874749,0.0304193437035661
3257,326000,9634000,0.730752661183476,-0.495345624682307,0.0357138968028419
3258,327000,9634000,0.731149884434044,-0.490041912658513,0.0286144875743426
3259,328000,9634000,0.683020673771203,-0.480738961800933,0.0302567051441642
3260,329000,9634000,0.699848125779629,-0.488597237089276,0.0352072752812062
3261,330000,9634000,0.668321626296639,-0.504021770834923,0.0317427045640477
3262,331000,9634000,0.713493771882355,-0.522085233311355,0.0252941579509177
3263,332000,9634000,0.72688180033192,-0.501262566013634,0.0223207104209228
3264,333000,9634000,0.715233373917639,-0.520200913412124,0.0226717851540307
3265,334000,9634000,0.734782670065761,-0.502754092349112,0.0206090712511708
3266,335000,9634000,0.734098511515558,-0.491572969646752,0.0227276802509208
3267,336000,9634000,0.706219034999609,-0.479058181776106,0.023781118328264
3268,337000,9634000,0.721311830721796,-0.48532363358289,0.0231740837120888
3269,338000,9634000,0.714085772028565,-0.494703687231243,0.0225617139314505
3270,339000,9634000,0.709059894759953,-0.496163493283093,0.0259156205554376
3271,340000,9634000,0.718188938912749,-0.495269973117858,0.0246075951029372
3272,341000,9634000,0.686170402482152,-0.482056453244388,0.0270759217434039
3273,342000,9634000,0.637588934475183,-0.480655538740754,0.0394370192825154
3274,343000,9634000,0.550765593318641,-0.477229612104595,0.0537118669607793
3275,344000,9634000,0.550688887433708,-0.470035062409192,0.0515509001016035
3276,345000,9634000,0.524376898217201,-0.493522282755375,0.0445894659594283
3277,346000,9634000,0.462673940709233,-0.51054885462001,0.0628133163758554
3278,347000,9634000,0.464388375413418,-0.481770172597468,0.07295387675534
3279,348000,9634000,0.288689881363511,-0.447169053690135,0.0804714001178741
3280,349000,9634000,0.239666890782397,-0.445604089266807,0.0792153816639446
3281,350000,9634000,0.257104972919822,-0.460281657233834,0.0767183493884746
3282,351000,9634000,0.246679588533193,-0.464221320384741,0.0754447619501501
3283,352000,9634000,0.275767822722346,-0.496767494815588,0.0835499237491284
3284,353000,9634000,0.298587872064859,-0.521411856949329,0.0705564839075319
3285,354000,9634000,0.251900796606182,-0.387700151165179,0.0663042121032719
3286,355000,9634000,0.267895447340686,-0.421670395368349,0.0643839846550953
3287,356000,9634000,0.264996989465365,-0.468725273541614,0.0631244680745062
3288,357000,9634000,0.240495496150851,-0.469607792274654,0.0581709934257204
3289,358000,9634000,0.208998409713432,-0.459120860353112,0.0452604907949688
3290,359000,9634000,0.238549746078998,-0.476576792936027,0.0501142869534553
3291,360000,9634000,0.281158989714086,-0.549958703432977,0.067738185751671
3292,361000,9634000,0.215527393871546,-0.526615073269606,0.0799516588062048
3293,362000,9634000,0.179837613725662,-0.542704423636198,0.0735574611394433
3294,363000,9634000,0.195760402454436,-0.552013282170892,0.0854465645653079
3295,364000,9634000,0.188923685654998,-0.555328910070658,0.0807602442596341
3296,365000,9634000,0.187138174766302,-0.547497680997848,0.0747043911443092
3297,366000,9634000,0.189355529685318,-0.57187399597764,0.0647040708839428
3298,367000,9634000,0.195533823114634,-0.583792343038321,0.078258666938357
3299,368000,9634000,0.203154888671637,-0.59726381676197,0.0820228796856478
3300,369000,9634000,0.196679573073983,-0.607524162960053,0.0892297946071252
3301,370000,9634000,0.198441815708578,-0.6163123054564,0.0779339650738984
3302,371000,9634000,0.219781111133099,-0.60985239482522,0.0657854507537326
3303,372000,9634000,0.223367739327252,-0.603372739398479,0.0710367277602665
3304,373000,9634000,0.223564302708209,-0.602930742776394,0.0564800334367435
3305,374000,9634000,0.237285186058283,-0.601419844657183,0.0513623158010887
3306,375000,9634000,0.222994513430379,-0.60022843496366,0.0503762700311332
3307,262000,9635000,0.744998792737722,-0.516787809982896,0.0274381310658064
3308,263000,9635000,0.760516822338104,-0.520484576785564,0.0333360102114966
3309,264000,9635000,0.767385175082087,-0.522167219135165,0.040178109037783
3310,265000,9635000,0.747569087615609,-0.515938701370358,0.0558457211167552
3311,266000,9635000,0.769203894379735,-0.53056673964262,0.0548648624802474
3312,267000,9635000,0.798482004311681,-0.505725475230813,0.0172790374654927
3313,268000,9635000,0.801377594858408,-0.504245119661093,0.0198577737612184
3314,269000,9635000,0.705811663708091,-0.515966760993004,0.0387234535097377
3315,270000,9635000,0.552270471152663,-0.562041638806462,0.022186824455834
3316,271000,9635000,0.703383365222812,-0.535597073686123,0.0200746540178428
3317,272000,9635000,0.820676970231533,-0.550083587136865,0.0187124402672518
3318,273000,9635000,0.825309268450737,-0.55123265426755,0.0161441726352903
3319,274000,9635000,0.563620095482469,-0.537976393273473,0.0619632218189188
3320,275000,9635000,0.466674402822554,-0.536954303187132,0.0693377237773384
3321,276000,9635000,0.495412672066689,-0.532930754372477,0.0585734082150739
3322,277000,9635000,0.461235934835672,-0.532352026101947,0.052073751392751
3323,278000,9635000,0.440732447806001,-0.53667423157692,0.056896761059761
3324,279000,9635000,0.395677826751769,-0.536938260370493,0.052534797241143
3325,280000,9635000,0.408608425562084,-0.538032258683443,0.0623168865662534
3326,281000,9635000,0.380591372141242,-0.547227793133259,0.0544931865918916
3327,282000,9635000,0.368549961489439,-0.508141971775889,0.0534486642541597
3328,283000,9635000,0.352496458601952,-0.533279230776429,0.0476939604157582
3329,284000,9635000,0.357735773834586,-0.523684191530943,0.0541267146337312
3330,285000,9635000,0.321352219384909,-0.52098464435339,0.0484579877072945
3331,286000,9635000,0.274276241791993,-0.488782692547143,0.0378232478048187
3332,287000,9635000,0.293938655885309,-0.524853061585128,0.0370978401476983
3333,288000,9635000,0.267142472726107,-0.518560005557537,0.0359691493403981
3334,289000,9635000,0.289394751497358,-0.518453170579672,0.0361875323748682
3335,290000,9635000,0.268281921826303,-0.510310590100288,0.0309734946224838
3336,291000,9635000,0.372898437387496,-0.506819085294008,0.0471759796454338
3337,292000,9635000,0.35464014602825,-0.510519521500915,0.0510470598712564
3338,293000,9635000,0.328773151800781,-0.524753312676772,0.0524218755203765
3339,294000,9635000,0.399567106845975,-0.521596488699317,0.0665694189678878
3340,295000,9635000,0.53669842082262,-0.481980532799661,0.0613595982766245
3341,296000,9635000,0.48242159525454,-0.475060194304585,0.0629542321813526
3342,297000,9635000,0.341185133229196,-0.47574810719192,0.0585682609360199
3343,298000,9635000,0.308366214504093,-0.477766637285054,0.0540625207376201
3344,299000,9635000,0.388513518984616,-0.473785147456825,0.0629484276166651
3345,3e+05,9635000,0.312454895946383,-0.466562632320821,0.0468553137731273
3346,301000,9635000,0.428230848491192,-0.489847430677712,0.0635548437260441
3347,302000,9635000,0.615338419155776,-0.520250541317463,0.059287853284087
3348,303000,9635000,0.491927678412688,-0.471482183222007,0.0625803139687982
3349,304000,9635000,0.479895127394795,-0.493939713972807,0.0644920675124507
3350,305000,9635000,0.555980035807192,-0.478973466458917,0.0568927773840725
3351,306000,9635000,0.542574996262789,-0.492084231445193,0.0533192164185806
3352,307000,9635000,0.48994126791209,-0.492237254109979,0.0514455414634664
3353,308000,9635000,0.483396318465471,-0.485734806211293,0.0573505339059047
3354,309000,9635000,0.422981665240228,-0.475651979467273,0.0636052475310629
3355,310000,9635000,0.631107499405742,-0.482085017451644,0.0394481781568844
3356,311000,9635000,0.678438520334661,-0.477575454352796,0.0316948464991176
3357,312000,9635000,0.628757665836811,-0.500530080153048,0.0405026397131616
3358,313000,9635000,0.572569267980382,-0.509561077222228,0.0675841828382225
3359,314000,9635000,0.550708725120872,-0.481468753890879,0.0545532171063591
3360,315000,9635000,0.63314162363708,-0.471307434053719,0.0437681580736069
3361,316000,9635000,0.668272663902491,-0.473584029211849,0.0370195649633417
3362,317000,9635000,0.683100438393652,-0.47664495652467,0.0346593314877711
3363,318000,9635000,0.671058557347953,-0.474548603782058,0.0347854336716817
3364,319000,9635000,0.712631292700768,-0.487810439829528,0.032986420859152
3365,320000,9635000,0.711054487739503,-0.483376981467754,0.0300181511895498
3366,321000,9635000,0.705776191851497,-0.484982317908108,0.0304673523859761
3367,322000,9635000,0.736614937828481,-0.481527674057707,0.0288011584294029
3368,323000,9635000,0.747966781030595,-0.479538919393718,0.0283615688142716
3369,324000,9635000,0.714723545274139,-0.475254071603715,0.0316976099034946
3370,325000,9635000,0.708971725657582,-0.47233329052031,0.0320742132644867
3371,326000,9635000,0.685184378908575,-0.474375210921466,0.0371911417018389
3372,327000,9635000,0.69812663125617,-0.483492097765999,0.0336044806485996
3373,328000,9635000,0.640753716643783,-0.437015824048524,0.03555037305851
3374,329000,9635000,0.739230705207586,-0.508022824706137,0.0243641604425386
3375,330000,9635000,0.702186788718402,-0.501412247537076,0.0300042200654629
3376,331000,9635000,0.747061319370568,-0.488420045626163,0.0227542834259046
3377,332000,9635000,0.732540803018957,-0.478734313674271,0.0236560631451313
3378,333000,9635000,0.758474359863996,-0.501315261206031,0.0212171590967802
3379,334000,9635000,0.75729151994139,-0.500318631578237,0.0229506832217099
3380,335000,9635000,0.738643498577923,-0.488561557379365,0.0210002536059241
3381,336000,9635000,0.726555582778156,-0.487482735600579,0.0201796893653343
3382,337000,9635000,0.729202978755534,-0.475877105160058,0.0203825457782659
3383,338000,9635000,0.743357376465201,-0.482041391645372,0.0191100893333787
3384,339000,9635000,0.744951967848837,-0.492122579374909,0.0213344503271335
3385,340000,9635000,0.742443234087527,-0.49065780242756,0.0193100159239024
3386,341000,9635000,0.740008606733382,-0.482893963184953,0.020548099347594
3387,342000,9635000,0.716953096692264,-0.484566244005412,0.0257591805478791
3388,343000,9635000,0.702573799315095,-0.492265506311227,0.0322397822526284
3389,344000,9635000,0.691105957819521,-0.475235434092581,0.0313588737326529
3390,345000,9635000,0.605304087857902,-0.497097667226195,0.0421013130909414
3391,346000,9635000,0.517836423392594,-0.507660140660405,0.0586726694866782
3392,347000,9635000,0.455156719803065,-0.488198141390085,0.07097601889621
3393,348000,9635000,0.350027303601056,-0.461148694634438,0.0823962498016655
3394,349000,9635000,0.310442842944711,-0.474184290923178,0.0864158129206393
3395,350000,9635000,0.247838763993979,-0.457246089613438,0.0804037236677483
3396,351000,9635000,0.242551805796474,-0.479987059693038,0.0815653352941386
3397,352000,9635000,0.300784487242997,-0.520294905459881,0.0935795424844138
3398,353000,9635000,0.291282378417254,-0.506455193564296,0.0737225664244033
3399,354000,9635000,0.283082728546858,-0.521436660706997,0.0806590987205971
3400,355000,9635000,0.276006864531338,-0.515087448608875,0.0718473005366512
3401,356000,9635000,0.228117687993497,-0.48501991904974,0.0603673728745664
3402,357000,9635000,0.227282763978839,-0.476165469291806,0.0505623456568923
3403,358000,9635000,0.179361267387494,-0.458257340666652,0.0396977001181338
3404,359000,9635000,0.199898603849031,-0.439183163293451,0.038567577905237
3405,360000,9635000,0.294195159291476,-0.501314582806826,0.057659837737307
3406,361000,9635000,0.296210981400311,-0.490138900330663,0.0773642481901683
3407,362000,9635000,0.284536206053197,-0.518465322321653,0.106213506863918
3408,363000,9635000,0.239777774766833,-0.536684039032459,0.0930930956092663
3409,364000,9635000,0.198621603278071,-0.543657063925266,0.082206638279045
3410,365000,9635000,0.197867641142011,-0.548021886047721,0.0828386554869823
3411,366000,9635000,0.187497578976303,-0.583004607176781,0.0797455295806751
3412,367000,9635000,0.205108666594326,-0.583618340289593,0.0874665705746971
3413,368000,9635000,0.211985528497398,-0.594945925968885,0.092973144678399
3414,369000,9635000,0.198421541799605,-0.608674377191067,0.0891685814780649
3415,370000,9635000,0.19516156572476,-0.609997773611546,0.087245737394935
3416,371000,9635000,0.200368257612735,-0.6083269749403,0.0800118792593014
3417,372000,9635000,0.211476676954329,-0.601427985918522,0.0590349861144554
3418,373000,9635000,0.216616342139244,-0.611092184394598,0.0635469124708325
3419,374000,9635000,0.225826771678031,-0.594429099428654,0.063296770885447
3420,375000,9635000,0.214068143042651,-0.598330100991509,0.0561278482365676
3421,262000,9636000,0.773005141556263,-0.545003147080541,0.0335815040431917
3422,263000,9636000,0.776397783833742,-0.528086797827482,0.0321016131876735
3423,264000,9636000,0.776747745651007,-0.527764386048913,0.032112611711456
3424,265000,9636000,0.771798347491026,-0.530708810096979,0.0353705168955959
3425,266000,9636000,0.776662840491533,-0.535040814560652,0.0332611763772322
3426,267000,9636000,0.794976244342327,-0.502161828535795,0.0171059314728715
3427,268000,9636000,0.807875422179699,-0.51316284916997,0.020535470978904
3428,269000,9636000,0.747949609214068,-0.508877021843195,0.0363210543749155
3429,270000,9636000,0.610961476162076,-0.531646673929691,0.0237211387707037
3430,271000,9636000,0.78554594514668,-0.530829747056961,0.0188853598937509
3431,272000,9636000,0.825666672939062,-0.554170510321855,0.0168956377475639
3432,273000,9636000,0.819133175140619,-0.541669654366374,0.0161593543820316
3433,274000,9636000,0.584961828824878,-0.531183424815536,0.0625771152731031
3434,275000,9636000,0.486953070837259,-0.5340737435624,0.0635287471048068
3435,276000,9636000,0.504468318773806,-0.536185007762909,0.0600680585572962
3436,277000,9636000,0.467001862674952,-0.527582644122839,0.0559142220147245
3437,278000,9636000,0.46191391736418,-0.532794598332047,0.0525290034112986
3438,279000,9636000,0.433942017450929,-0.535164648318291,0.0536893302466488
3439,280000,9636000,0.429305294118077,-0.533004943150282,0.0581926633609924
3440,281000,9636000,0.395577454160154,-0.54419032997787,0.0548593155018985
3441,282000,9636000,0.394707493785024,-0.510184767183661,0.0634490814764518
3442,283000,9636000,0.371840661677346,-0.518958336152136,0.0585809048313182
3443,284000,9636000,0.367134151020646,-0.516451410517097,0.0624048047806136
3444,285000,9636000,0.346458306306973,-0.504811569567025,0.0547021925470443
3445,286000,9636000,0.293695929346792,-0.498472307154536,0.0395681778794096
3446,287000,9636000,0.283987927286327,-0.538198003700376,0.0326281850008992
3447,288000,9636000,0.303724942348897,-0.541699130159616,0.0332974612233462
3448,289000,9636000,0.287411206053942,-0.5338945497334,0.0296059866264579
3449,290000,9636000,0.300917869412899,-0.524340558668971,0.0334093504585791
3450,291000,9636000,0.350666510675848,-0.531481085787714,0.0451536318204599
3451,292000,9636000,0.27759069775641,-0.550162718725205,0.0322548768774141
3452,293000,9636000,0.27294727140516,-0.527235854199529,0.0336250006189715
3453,294000,9636000,0.448567233783007,-0.519189634224772,0.0614256744086277
3454,295000,9636000,0.502913159348071,-0.4830065151833,0.0473996849402087
3455,296000,9636000,0.398424006748199,-0.460508668607473,0.0471413278480177
3456,297000,9636000,0.406568944112211,-0.48901797735095,0.0486667514287401
3457,298000,9636000,0.431765487350523,-0.500690637087822,0.0600026623747777
3458,299000,9636000,0.483604929222167,-0.496306361490488,0.0654959678907646
3459,3e+05,9636000,0.506017554951459,-0.506696941125393,0.0497195954211405
3460,301000,9636000,0.643409993694723,-0.52396297032237,0.0546965036817943
3461,302000,9636000,0.571936518804822,-0.505295143157616,0.0588339712821413
3462,303000,9636000,0.499625727249682,-0.490585062196851,0.0655497318685753
3463,304000,9636000,0.587556350388378,-0.498810315188766,0.0563771637117607
3464,305000,9636000,0.513047638988495,-0.46767270629108,0.0526420448549325
3465,306000,9636000,0.576036853724718,-0.483311555659771,0.0426118733694195
3466,307000,9636000,0.67485275990963,-0.481275271630287,0.034488268077618
3467,308000,9636000,0.570355319951475,-0.477195517922938,0.0391023823181866
3468,309000,9636000,0.445579711020459,-0.402734226557772,0.0534695074521937
3469,310000,9636000,0.467162836495507,-0.451499924479643,0.076580895719002
3470,311000,9636000,0.704685942522436,-0.470864232684672,0.0265011846904876
3471,312000,9636000,0.635630536833778,-0.503345962882042,0.0504834773943759
3472,313000,9636000,0.652740620553493,-0.556274677404761,0.0427295625456143
3473,314000,9636000,0.616950111410022,-0.514444559258223,0.0513176144560217
3474,315000,9636000,0.675743934319913,-0.47102951823175,0.0414825422919239
3475,316000,9636000,0.697115116602182,-0.469878144913912,0.0316268072399194
3476,317000,9636000,0.694179672349989,-0.46513386644423,0.0337035900795716
3477,318000,9636000,0.707725099423528,-0.482934387148917,0.0297708911435911
3478,319000,9636000,0.717670812749863,-0.47602743396461,0.0289262696528342
3479,320000,9636000,0.734532015354931,-0.482050915899873,0.025372878324776
3480,321000,9636000,0.727958938504755,-0.477030117760599,0.0278982615843299
3481,322000,9636000,0.718352416678518,-0.470427682477236,0.0304266621617018
3482,323000,9636000,0.724031324803829,-0.470538393040001,0.0298286378259887
3483,324000,9636000,0.711961100330949,-0.463613112150133,0.0355615600657882
3484,325000,9636000,0.697102963933349,-0.479712748154998,0.0403782644917257
3485,326000,9636000,0.787348225489259,-0.495246363812685,0.0256128092365339
3486,327000,9636000,0.733873474571854,-0.499598227480054,0.0297205462819664
3487,328000,9636000,0.719894069419056,-0.498956224104762,0.0315370861249743
3488,329000,9636000,0.739000037749112,-0.503290381833911,0.0254198591649998
3489,330000,9636000,0.736349979059398,-0.477676135514677,0.0299850549047696
3490,331000,9636000,0.734770467826724,-0.480645947922766,0.0252363792345161
3491,332000,9636000,0.747644323767722,-0.48109953546403,0.0231010120622232
3492,333000,9636000,0.741978333822638,-0.485917605190724,0.0235467733047321
3493,334000,9636000,0.731975245095789,-0.488576757548749,0.0236935701101029
3494,335000,9636000,0.708770304543152,-0.490900640423875,0.0234748338367732
3495,336000,9636000,0.708814181753248,-0.480795042129979,0.0228444749426388
3496,337000,9636000,0.712832471296191,-0.474014848636091,0.023312928964477
3497,338000,9636000,0.712969856253732,-0.47188511096742,0.0208893325987563
3498,339000,9636000,0.728939718286693,-0.480729417659342,0.0222517965879902
3499,340000,9636000,0.742007479080558,-0.486569628340006,0.021586644487665
3500,341000,9636000,0.734567485387623,-0.486160314676166,0.0243352045006817
3501,342000,9636000,0.743470985884965,-0.47963318323642,0.021343539354729
3502,343000,9636000,0.719702384087443,-0.508804440842569,0.0256109775686869
3503,344000,9636000,0.729219518759847,-0.47977140667066,0.0240552791252965
3504,345000,9636000,0.695374132077396,-0.50316771947816,0.0300181667414727
3505,346000,9636000,0.549331885130703,-0.509982919622958,0.0504245286305319
3506,347000,9636000,0.406353500889242,-0.513066333676875,0.0710581627816893
3507,348000,9636000,0.331578537131101,-0.481603224645555,0.0823317255606409
3508,349000,9636000,0.28110127473399,-0.480320950673521,0.091902447962109
3509,350000,9636000,0.282355449534953,-0.481185796102881,0.0890591712192632
3510,351000,9636000,0.293430726416409,-0.496413114282489,0.0953772609338164
3511,352000,9636000,0.302289165344834,-0.522912852624059,0.0942888967392966
3512,353000,9636000,0.264611266611516,-0.51320264223814,0.108877496288717
3513,354000,9636000,0.279378734312952,-0.525358633539081,0.0995869630333036
3514,355000,9636000,0.252355810695887,-0.49999209317565,0.0790411251252517
3515,356000,9636000,0.198362647136301,-0.464539317765832,0.050087534049456
3516,357000,9636000,0.210409121744335,-0.456959727525711,0.0460393070051214
3517,358000,9636000,0.166106155715324,-0.428474064159393,0.0429257545890752
3518,359000,9636000,0.301995764556527,-0.450813498575985,0.0572848445671611
3519,360000,9636000,0.450736526084691,-0.498910048364103,0.0556530920884921
3520,361000,9636000,0.309905264993012,-0.491863560155034,0.0609219724187162
3521,362000,9636000,0.2898208956182,-0.533087148240209,0.0932500960094854
3522,363000,9636000,0.387999769285321,-0.544901467260718,0.103576844765246
3523,364000,9636000,0.361665243756771,-0.560048631513119,0.161737413703091
3524,365000,9636000,0.281786468598247,-0.577072768235207,0.188097496951465
3525,366000,9636000,0.182824741505086,-0.583453908157349,0.0736995678652078
3526,367000,9636000,0.200431807391346,-0.58805907433033,0.0943200307365507
3527,368000,9636000,0.198220809698105,-0.589077787417173,0.0996542976071127
3528,369000,9636000,0.206206737272441,-0.593353697007895,0.0985215868756175
3529,370000,9636000,0.195227565914392,-0.608622726374865,0.0801919465469196
3530,371000,9636000,0.209552606990188,-0.607660548555851,0.0677017339698039
3531,372000,9636000,0.198440174406767,-0.607734449970722,0.0492459894607076
3532,373000,9636000,0.210214932648838,-0.612044411361217,0.064133627686376
3533,374000,9636000,0.213308197762072,-0.611906024456024,0.042461629856145
3534,375000,9636000,0.195731784389778,-0.612498693303628,0.0403942901173353
3535,262000,9637000,0.804284903585911,-0.512034652650356,0.0214867394912289
3536,263000,9637000,0.800916036382318,-0.507159057766199,0.0202400100246537
3537,264000,9637000,0.809855393314362,-0.533400827947259,0.0267835762656294
3538,265000,9637000,0.794258413636684,-0.535358638709784,0.025951507783588
3539,266000,9637000,0.782126661336422,-0.52554941367805,0.0280675630632555
3540,267000,9637000,0.79016309915185,-0.50115448333621,0.0214497375177452
3541,268000,9637000,0.816281137835979,-0.507859082961083,0.0211314734013868
3542,269000,9637000,0.795475577360392,-0.518253006607294,0.0282529045076459
3543,270000,9637000,0.81319820099473,-0.512822665372491,0.0190398641793989
3544,271000,9637000,0.807227036052942,-0.525351467195153,0.0180281400923559
3545,272000,9637000,0.830655841195583,-0.555405206313729,0.0172818320977618
3546,273000,9637000,0.819000241082907,-0.54060080601871,0.0150759754555067
3547,274000,9637000,0.583968458451331,-0.537246952136606,0.0542532884187996
3548,275000,9637000,0.548544751819968,-0.554178620606661,0.0629155024879961
3549,276000,9637000,0.533788894537091,-0.540016850306094,0.0653473882472608
3550,277000,9637000,0.479322112551332,-0.531049919591844,0.0608682102858787
3551,278000,9637000,0.484361036500335,-0.529042080134153,0.0561482167755486
3552,279000,9637000,0.490036933772266,-0.534623736199737,0.0586501028137514
3553,280000,9637000,0.442116688895226,-0.529838122373819,0.0601050604229793
3554,281000,9637000,0.412525645363331,-0.52471269505024,0.0629712776426692
3555,282000,9637000,0.323459478380645,-0.466104706405103,0.0512970668931026
3556,283000,9637000,0.386287455648929,-0.521992476265132,0.0546853584820172
3557,284000,9637000,0.357074419294298,-0.509795346860588,0.0538424467693549
3558,285000,9637000,0.337863185225427,-0.547671695294976,0.0434276002458995
3559,286000,9637000,0.295040675526112,-0.547066367225349,0.0322071757590049
3560,287000,9637000,0.311679378439486,-0.550389704047143,0.0334601180892554
3561,288000,9637000,0.317986278764904,-0.558480995994806,0.0345399543891079
3562,289000,9637000,0.296803361435235,-0.558567902311683,0.0318413551979756
3563,290000,9637000,0.313658098495007,-0.53820053177774,0.0342483490599319
3564,291000,9637000,0.326328209994733,-0.54619461094141,0.0405314502333291
3565,292000,9637000,0.29059543672204,-0.573160445016623,0.0291991742351791
3566,293000,9637000,0.303789798296988,-0.551650662484765,0.0350074243870098
3567,294000,9637000,0.526008872248977,-0.492946411955357,0.053228709539352
3568,295000,9637000,0.403852948325127,-0.465092846189439,0.0427162355279783
3569,296000,9637000,0.352227677382529,-0.461049142795801,0.0478766008559614
3570,297000,9637000,0.480438810588419,-0.48645938077867,0.0540261673532892
3571,298000,9637000,0.58319385766983,-0.54750629607439,0.0643137117809616
3572,299000,9637000,0.602951903405786,-0.50878405508697,0.0538943045075284
3573,3e+05,9637000,0.658345157067478,-0.49080412838608,0.0340238857496064
3574,301000,9637000,0.660247291625664,-0.489989466151968,0.036738458636275
3575,302000,9637000,0.671737686496973,-0.467669718894362,0.0297254991000053
3576,303000,9637000,0.529655186079443,-0.454269927725196,0.0505099512574496
3577,304000,9637000,0.612404940183461,-0.455214757032692,0.0406251543585211
3578,305000,9637000,0.689975104030967,-0.473392641037703,0.0335537751375698
3579,306000,9637000,0.670865685996413,-0.476005405545235,0.0380623502909701
3580,307000,9637000,0.709334433929622,-0.476464511576295,0.0272694802610786
3581,308000,9637000,0.646890956459939,-0.474280568170547,0.0412595563014504
3582,309000,9637000,0.642000553405285,-0.448090817294217,0.0314676603521453
3583,310000,9637000,0.513159233729541,-0.476985694915429,0.0635197114737472
3584,311000,9637000,0.727283537723124,-0.47794721621871,0.0219118200367782
3585,312000,9637000,0.630852224045992,-0.507031259468198,0.0467534799211193
3586,313000,9637000,0.667589377995569,-0.533237072214606,0.038918615549989
3587,314000,9637000,0.64034622092396,-0.541507679238915,0.0383647092736093
3588,315000,9637000,0.688258741731942,-0.457940139836073,0.0355421743526822
3589,316000,9637000,0.698825168450177,-0.459714400945511,0.0302871691607288
3590,317000,9637000,0.721992174252868,-0.48171898406297,0.0351268898948096
3591,318000,9637000,0.723965005527437,-0.482522538253665,0.0288619463070645
3592,319000,9637000,0.721301137205958,-0.471781218852848,0.0285783550842258
3593,320000,9637000,0.73330468878001,-0.480473382292688,0.0303915737423813
3594,321000,9637000,0.732874181585014,-0.466919488535821,0.0322448686694959
3595,322000,9637000,0.72190091881752,-0.482123186524212,0.0352040834438289
3596,323000,9637000,0.7062654548347,-0.474239609479904,0.0363529817634961
3597,324000,9637000,0.700413162830472,-0.47582382569164,0.0367269501657807
3598,325000,9637000,0.811041250368953,-0.506691479200125,0.0218932686914457
3599,326000,9637000,0.822497052454948,-0.487066117608547,0.0184160439638654
3600,327000,9637000,0.803294004416466,-0.493754018428922,0.0248017163881101
3601,328000,9637000,0.815872853118181,-0.512014508444071,0.0183782301115978
3602,329000,9637000,0.708222672972083,-0.491704010692984,0.0303582373623096
3603,330000,9637000,0.71027005475834,-0.469041120584309,0.0327854967810446
3604,331000,9637000,0.764397051805258,-0.484470634993911,0.0226827973410371
3605,332000,9637000,0.746152461740375,-0.480172180955112,0.0236279800540069
3606,333000,9637000,0.745738760847598,-0.482137630282342,0.0243598513808567
3607,334000,9637000,0.748584675529599,-0.487244444091618,0.0226722510055348
3608,335000,9637000,0.724705688846111,-0.492987342923344,0.0210858657119388
3609,336000,9637000,0.701097604316473,-0.477877485393733,0.0239094990244485
3610,337000,9637000,0.732661733028293,-0.483339268167317,0.0226162379628455
3611,338000,9637000,0.736739175792038,-0.478225165010989,0.0221222925133712
3612,339000,9637000,0.729723499002308,-0.479781717681885,0.022433257840795
3613,340000,9637000,0.744839152026176,-0.483503958770633,0.0208202348500257
3614,341000,9637000,0.699403916837275,-0.483162654435821,0.0245158658812405
3615,342000,9637000,0.69890751260519,-0.471082227835059,0.0226755655364948
3616,343000,9637000,0.738579731506109,-0.493623013688624,0.0221176231273508
3617,344000,9637000,0.68543682770282,-0.513291302347183,0.0310031527230865
3618,345000,9637000,0.664153941877186,-0.512011944387853,0.0322637229227752
3619,346000,9637000,0.558206393258274,-0.50905706667006,0.0469758374070749
3620,347000,9637000,0.40544416083321,-0.524836981263757,0.0653429802424274
3621,348000,9637000,0.378918496537209,-0.517066605782509,0.0786655249655247
3622,349000,9637000,0.332290053149313,-0.498087524564564,0.083882343673287
3623,350000,9637000,0.293099765981734,-0.496968433004618,0.0899175447986461
3624,351000,9637000,0.302796177918464,-0.490614019745588,0.0997350572610274
3625,352000,9637000,0.307059401658177,-0.503354359167814,0.0998514882968739
3626,353000,9637000,0.267851160438359,-0.497541829150915,0.0878696868559346
3627,354000,9637000,0.228030489452183,-0.487539088147879,0.0758058061392978
3628,355000,9637000,0.253422009974718,-0.502647353222966,0.0636913349209353
3629,356000,9637000,0.244397552032769,-0.513472450384498,0.089287746248953
3630,357000,9637000,0.238897570510954,-0.470701375508308,0.0742739365276415
3631,358000,9637000,0.265532005462795,-0.45799805983603,0.0675189697301481
3632,359000,9637000,0.373912069776654,-0.447910896891355,0.0740118944923859
3633,360000,9637000,0.423005387972854,-0.453176177619398,0.0595799641978461
3634,361000,9637000,0.365913943819702,-0.494597472268343,0.0670878766277572
3635,362000,9637000,0.365993049731851,-0.540346418356895,0.125726223919797
3636,363000,9637000,0.330184790942073,-0.56800342284143,0.152631127813738
3637,364000,9637000,0.396534708966315,-0.557340679627657,0.102416946752928
3638,365000,9637000,0.181432466381788,-0.565600453016162,0.101977834982797
3639,366000,9637000,0.182765268412977,-0.571202904850244,0.094259781433316
3640,367000,9637000,0.195761250901222,-0.572680908346176,0.102964302525483
3641,368000,9637000,0.202992380100489,-0.588976831436157,0.0882327838988975
3642,369000,9637000,0.192158075839281,-0.597291883355379,0.0674522344938246
3643,370000,9637000,0.19372471075058,-0.602973334264755,0.0732722009653342
3644,371000,9637000,0.196432310500741,-0.620742633122206,0.0757173016902991
3645,372000,9637000,0.198256325942278,-0.604824662446976,0.0714413366661407
3646,373000,9637000,0.199670012651384,-0.608174134069681,0.043458863393683
3647,374000,9637000,0.202252494466305,-0.612475298458338,0.0404058568167151
3648,375000,9637000,0.208268386166204,-0.622543103098869,0.0380653759701685
3649,262000,9638000,0.813576440364122,-0.494465269088745,0.0139791601191973
3650,263000,9638000,0.789716396600008,-0.49048603579402,0.015893523113674
3651,264000,9638000,0.774338799664378,-0.499763869443536,0.0226371082957834
3652,265000,9638000,0.785497745031118,-0.515674230721593,0.0248821721436456
3653,266000,9638000,0.737528738999367,-0.505306603848934,0.0296948171909666
3654,267000,9638000,0.745227425634861,-0.504843818676472,0.0294673544788733
3655,268000,9638000,0.804819646078348,-0.52168414439559,0.021524581028067
3656,269000,9638000,0.765183314290643,-0.527627183651924,0.0285912121105212
3657,270000,9638000,0.78539127099216,-0.525173847079277,0.0245152248719591
3658,271000,9638000,0.819331346678734,-0.52822931239903,0.0146447754082721
3659,272000,9638000,0.828518403500319,-0.545431696769595,0.0143643390867626
3660,273000,9638000,0.752602601547539,-0.546919082200527,0.0241193686251994
3661,274000,9638000,0.55720172739774,-0.541803106859326,0.0463091280845925
3662,275000,9638000,0.526208459812403,-0.54296302049458,0.057811285076011
3663,276000,9638000,0.524143178030849,-0.533315071195364,0.0550798772429815
3664,277000,9638000,0.505291312535107,-0.534818246281147,0.0575353460339829
3665,278000,9638000,0.460053521392122,-0.536590794625878,0.060766383074224
3666,279000,9638000,0.44184307577908,-0.527889007151127,0.0538695216235472
3667,280000,9638000,0.403367269915529,-0.508245853615331,0.0490206547579495
3668,281000,9638000,0.38371961068958,-0.504930438148975,0.0502147858394077
3669,282000,9638000,0.355568052402139,-0.495034586676955,0.0485219417993911
3670,283000,9638000,0.36099614995718,-0.538686077287793,0.0473352187899407
3671,284000,9638000,0.364244668245316,-0.547005395552516,0.0491161155225942
3672,285000,9638000,0.364573860572278,-0.550044055688381,0.0507123786065727
3673,286000,9638000,0.315432010626048,-0.557377420133352,0.0405729083532002
3674,287000,9638000,0.32865047865957,-0.562331605094671,0.0404998282750137
3675,288000,9638000,0.338523621036112,-0.545754356172681,0.0425587569758762
3676,289000,9638000,0.313532849308848,-0.538356879210472,0.0404247524795122
3677,290000,9638000,0.330539877824485,-0.546747278940678,0.0388779822288547
3678,291000,9638000,0.279355661916733,-0.567020678398013,0.0295169106806745
3679,292000,9638000,0.327231880126894,-0.589154955604672,0.0376089985226979
3680,293000,9638000,0.349344879044592,-0.547262073950469,0.0386609672487131
3681,294000,9638000,0.454956709717214,-0.478473415604234,0.0478430347271496
3682,295000,9638000,0.493113591060042,-0.482113618452847,0.0477560202395311
3683,296000,9638000,0.38520780364424,-0.500864587160945,0.0514878630247666
3684,297000,9638000,0.630377750049531,-0.485048159243911,0.0289821289132291
3685,298000,9638000,0.637780852530058,-0.509443463307759,0.0404498553029494
3686,299000,9638000,0.632341508702934,-0.503145752289146,0.0348889069421683
3687,3e+05,9638000,0.691389599431306,-0.482368720676005,0.030796537002112
3688,301000,9638000,0.693697161792964,-0.473969118365645,0.0314643721959903
3689,302000,9638000,0.715307386772335,-0.462857613439858,0.02431367839413
3690,303000,9638000,0.672761738289893,-0.452199633278698,0.0310027435059426
3691,304000,9638000,0.701041623651981,-0.467745507408679,0.0293981218562927
3692,305000,9638000,0.676940757745132,-0.47445850414671,0.0303818431148306
3693,306000,9638000,0.696652361083031,-0.477469203621149,0.0338530615246738
3694,307000,9638000,0.711981526778638,-0.48046976994276,0.0293177342924173
3695,308000,9638000,0.676187494641542,-0.495754533261061,0.0444132063864032
3696,309000,9638000,0.709059057697654,-0.465398672519624,0.0288330340814544
3697,310000,9638000,0.53370862685293,-0.464989677117765,0.0674154401561129
3698,311000,9638000,0.672644183009863,-0.476909714226425,0.0321812159887515
3699,312000,9638000,0.681444427059591,-0.48544384341538,0.0371524451768724
3700,313000,9638000,0.671284755930677,-0.520471659502201,0.0347970355889236
3701,314000,9638000,0.672686925014108,-0.522115607048571,0.0349158528662985
3702,315000,9638000,0.702186756011844,-0.457196564595401,0.0323664440789726
3703,316000,9638000,0.71588282969594,-0.45420050599426,0.0288320458225673
3704,317000,9638000,0.735276506663859,-0.46876867153123,0.0297416355798137
3705,318000,9638000,0.694509119606018,-0.475065360373259,0.0365138628619723
3706,319000,9638000,0.725712689672411,-0.466638427731395,0.0340439831929747
3707,320000,9638000,0.727381198559701,-0.468361608796194,0.0339380912580527
3708,321000,9638000,0.734046862651594,-0.475207952005975,0.0330116215737537
3709,322000,9638000,0.757303308665752,-0.492074705931544,0.0307689027904999
3710,323000,9638000,0.672750358804315,-0.471118828842044,0.0514990832501557
3711,324000,9638000,0.747385758429766,-0.48445997120142,0.0340121358505683
3712,325000,9638000,0.834697088027,-0.482410876974463,0.0189800417922146
3713,326000,9638000,0.836358060634136,-0.491311133959889,0.0191488705808646
3714,327000,9638000,0.849410848891735,-0.49764596939683,0.0176967541631486
3715,328000,9638000,0.847183777785301,-0.527113626638055,0.0105727381894998
3716,329000,9638000,0.72793573663719,-0.467769488348067,0.0291992454606807
3717,330000,9638000,0.737902671760321,-0.468711912533641,0.0321032329230569
3718,331000,9638000,0.748653633929789,-0.479815590499341,0.0265051098765514
3719,332000,9638000,0.749237770576775,-0.473788683336228,0.0278869799029781
3720,333000,9638000,0.760675623264909,-0.480231489095092,0.0269594333011715
3721,334000,9638000,0.742992407749593,-0.484539356668293,0.0297741561495466
3722,335000,9638000,0.737485282145441,-0.475186972972751,0.0251912176515558
3723,336000,9638000,0.735387724144757,-0.479449931171536,0.0264969591694651
3724,337000,9638000,0.727171311563253,-0.475720106159151,0.0289610249659279
3725,338000,9638000,0.727298655685037,-0.4757736170955,0.0241873055300093
3726,339000,9638000,0.752117802798748,-0.493342738440633,0.0208339738959679
3727,340000,9638000,0.737159670519829,-0.482449418835342,0.0231882869169116
3728,341000,9638000,0.721160637047142,-0.475391808631271,0.0281918039018114
3729,342000,9638000,0.726403265242279,-0.492531281499565,0.0265087075098883
3730,343000,9638000,0.720141025648266,-0.500856687697768,0.0248719379039016
3731,344000,9638000,0.714014494380355,-0.507250725728273,0.0233006212945329
3732,345000,9638000,0.696375239507854,-0.490350200599432,0.0256959502450307
3733,346000,9638000,0.62666220439896,-0.480206796973199,0.0304444206812303
3734,347000,9638000,0.509256996604055,-0.538008157160878,0.0505279111269861
3735,348000,9638000,0.427246815091372,-0.512842099264264,0.0616713895936962
3736,349000,9638000,0.334570011612028,-0.494455444285274,0.0795263041306287
3737,350000,9638000,0.299405772440881,-0.475433335128427,0.0865042987865862
3738,351000,9638000,0.270140010426939,-0.478878274443746,0.0990764378244057
3739,352000,9638000,0.272104012770951,-0.499782388934493,0.104699487164896
3740,353000,9638000,0.261586485010386,-0.497136416867375,0.0954416854491457
3741,354000,9638000,0.239342414335907,-0.498287036368251,0.0713894358405843
3742,355000,9638000,0.232928493869305,-0.501551896589994,0.0630253630630672
3743,356000,9638000,0.226900152307004,-0.479228627559543,0.0801713537366013
3744,357000,9638000,0.221236777006835,-0.466116398826242,0.0878734509292059
3745,358000,9638000,0.238351408752054,-0.447858771669865,0.0902683719340945
3746,359000,9638000,0.374820016026497,-0.453923523804545,0.0853869964353275
3747,360000,9638000,0.360597078873217,-0.430898620279133,0.0757970511217136
3748,361000,9638000,0.416305661796778,-0.497982550948858,0.0791684384328313
3749,362000,9638000,0.351296268383041,-0.539072195351124,0.0943984053930035
3750,363000,9638000,0.320787107260525,-0.548966708517075,0.119505875162221
3751,364000,9638000,0.390230478791893,-0.533540094080567,0.0896002462836448
3752,365000,9638000,0.288501357209682,-0.552974363797903,0.112389137650095
3753,366000,9638000,0.178780432825536,-0.58135584744215,0.0924230805235915
3754,367000,9638000,0.204286268056929,-0.577351325184107,0.10424277648814
3755,368000,9638000,0.189948565417528,-0.584642443162203,0.0869130340266507
3756,369000,9638000,0.199915284388512,-0.577809227526188,0.0792827954345383
3757,370000,9638000,0.193635491007566,-0.584162822824717,0.066958214422036
3758,371000,9638000,0.193103358884156,-0.615276687395573,0.0756633441128302
3759,372000,9638000,0.200568015509844,-0.614614632362127,0.0475016076134983
3760,373000,9638000,0.199278605878353,-0.620950301033258,0.0381127672345261
3761,374000,9638000,0.196582575933635,-0.625885362040997,0.0372469976475055
3762,375000,9638000,0.209846761958166,-0.619938747774471,0.0496795731541616
3763,262000,9639000,0.804584390521049,-0.502949985265732,0.0132652504963335
3764,263000,9639000,0.797980603033304,-0.498801714965701,0.0130000332704076
3765,264000,9639000,0.760333775809407,-0.496704255211353,0.0193825958960224
3766,265000,9639000,0.76022015683353,-0.511351367920637,0.0316677813626244
3767,266000,9639000,0.70071756901741,-0.51992881834954,0.037209464029735
3768,267000,9639000,0.6239453704983,-0.531997199815512,0.0534910271280445
3769,268000,9639000,0.63251615537405,-0.542914301267266,0.0531893185552442
3770,269000,9639000,0.603856289753318,-0.539402001515031,0.0546891240981873
3771,270000,9639000,0.526886081150174,-0.528028213188052,0.0559862236889079
3772,271000,9639000,0.674653885312378,-0.530402444627881,0.0399118779261364
3773,272000,9639000,0.613574419258535,-0.536302428929508,0.0417404472331051
3774,273000,9639000,0.523005352927744,-0.53553200327009,0.0490681170886615
3775,274000,9639000,0.540886768354475,-0.549590464085341,0.0500336363940965
3776,275000,9639000,0.516006880404055,-0.539342694362998,0.0486689202105161
3777,276000,9639000,0.512643581064045,-0.533406106726453,0.0536633357084589
3778,277000,9639000,0.488913642459363,-0.528404113570601,0.0538590012343018
3779,278000,9639000,0.455848008202761,-0.521372657861561,0.0544954596650088
3780,279000,9639000,0.419401125469059,-0.51484357278971,0.0506844050993444
3781,280000,9639000,0.410468399608135,-0.523432128754258,0.0482827287522843
3782,281000,9639000,0.418476875469834,-0.518594694960117,0.0507001010399312
3783,282000,9639000,0.398739580745995,-0.528355795875192,0.0469365998025285
3784,283000,9639000,0.365500490944087,-0.549011990080774,0.048331751351594
3785,284000,9639000,0.358329619052261,-0.541467348438688,0.0467071605858393
3786,285000,9639000,0.38266365468204,-0.562442044845223,0.0506725186771946
3787,286000,9639000,0.354753438724577,-0.556718111306429,0.0421057090942049
3788,287000,9639000,0.365367296148092,-0.544665413871408,0.0410428488270612
3789,288000,9639000,0.400131294444203,-0.561072229275107,0.0389993529131636
3790,289000,9639000,0.320720682838559,-0.571261667177081,0.0371294584511546
3791,290000,9639000,0.271196998694539,-0.581273830369115,0.0315144360243343
3792,291000,9639000,0.352728487786651,-0.569518751555681,0.0396435066101607
3793,292000,9639000,0.396319649516046,-0.558138116528094,0.0551502030577045
3794,293000,9639000,0.339590968465805,-0.498909986445308,0.0576676254492253
3795,294000,9639000,0.540780801448226,-0.512575873467326,0.0594119277693564
3796,295000,9639000,0.639086337976158,-0.528615381619334,0.0452006408659741
3797,296000,9639000,0.62866115167737,-0.494082095204294,0.0369323315833462
3798,297000,9639000,0.680854357549548,-0.489386439272761,0.0325859433845151
3799,298000,9639000,0.68426423201412,-0.486690152992308,0.0284147910528671
3800,299000,9639000,0.667066828742623,-0.476483224222064,0.0307913192679873
3801,3e+05,9639000,0.72360704062283,-0.491449620677531,0.0317418581901351
3802,301000,9639000,0.693521283732355,-0.451441086035967,0.0292742546821944
3803,302000,9639000,0.7123366789639,-0.473523006910086,0.0277385464379098
3804,303000,9639000,0.701452047644556,-0.454082181714475,0.0271985695104406
3805,304000,9639000,0.71959677734524,-0.475268276326358,0.0298629705624538
3806,305000,9639000,0.69389780856818,-0.500160728645325,0.0447606421545614
3807,306000,9639000,0.72058103466928,-0.506265477789938,0.0416664090341306
3808,307000,9639000,0.719577136749029,-0.473351625186205,0.030285596129694
3809,308000,9639000,0.666825232608616,-0.477586213234067,0.042973794318852
3810,309000,9639000,0.703132493580179,-0.461853219150921,0.032635358626314
3811,310000,9639000,0.532523114924607,-0.41617408628214,0.0467757962728501
3812,311000,9639000,0.648788312235475,-0.470387782640755,0.0403725295086333
3813,312000,9639000,0.720514857789874,-0.474683352322876,0.0254427658603876
3814,313000,9639000,0.686344432834687,-0.504991071893019,0.041806897219643
3815,314000,9639000,0.704491529302299,-0.472729829384387,0.0308696056170913
3816,315000,9639000,0.692821009872854,-0.477588300468773,0.0374425862040021
3817,316000,9639000,0.712021749357879,-0.480123678293824,0.035946580223355
3818,317000,9639000,0.718157514794171,-0.461436038786173,0.0319050762635889
3819,318000,9639000,0.737008532035351,-0.476933148021996,0.0337111193655408
3820,319000,9639000,0.723775175333023,-0.471102697499096,0.0340780540191801
3821,320000,9639000,0.733150004303455,-0.476539957176149,0.0379440575274173
3822,321000,9639000,0.727005655457079,-0.463899213433266,0.0382742288372712
3823,322000,9639000,0.728151596882939,-0.487311219356954,0.0395046545698424
3824,323000,9639000,0.808046984803677,-0.480551369842887,0.0308988120288705
3825,324000,9639000,0.797795032843947,-0.46314240206331,0.0408536284352886
3826,325000,9639000,0.818002321833372,-0.469562172785401,0.0309577143013594
3827,326000,9639000,0.820582965362072,-0.487563564074039,0.0220503442766843
3828,327000,9639000,0.84452046841383,-0.500999854677916,0.0161057515838707
3829,328000,9639000,0.846000790554285,-0.513111017173529,0.0122373691584391
3830,329000,9639000,0.716243687525392,-0.455803997302055,0.0343699729434098
3831,330000,9639000,0.71004772131294,-0.48027387483716,0.0303047853117983
3832,331000,9639000,0.718446932525933,-0.485888867674768,0.0290844113819418
3833,332000,9639000,0.712919183640927,-0.490163767969608,0.0310494022974221
3834,333000,9639000,0.726712306338549,-0.502002980408072,0.0324937561845349
3835,334000,9639000,0.72960866176784,-0.485904703329504,0.0312509725816897
3836,335000,9639000,0.724210373617709,-0.480944745916128,0.0342291532028699
3837,336000,9639000,0.716603229911625,-0.488431765067577,0.0362086790942005
3838,337000,9639000,0.723049103398621,-0.488089464046061,0.0348542258901347
3839,338000,9639000,0.730596059820801,-0.488840417500585,0.0281926897001162
3840,339000,9639000,0.726324321743846,-0.472091894885898,0.0265492885455256
3841,340000,9639000,0.721056248597801,-0.479777691107988,0.0310790369566414
3842,341000,9639000,0.714365707192384,-0.475229903624952,0.0300960170043225
3843,342000,9639000,0.689985805940628,-0.504530471006036,0.0388194827819592
3844,343000,9639000,0.704648951083422,-0.51682531388849,0.0335390142811433
3845,344000,9639000,0.698263230355084,-0.489165787007287,0.0245717097290326
3846,345000,9639000,0.690822229796648,-0.477064041633904,0.0290636437402456
3847,346000,9639000,0.660183736205101,-0.500848002900183,0.0359786291305209
3848,347000,9639000,0.493251934811473,-0.513555062222481,0.057730461227661
3849,348000,9639000,0.400582315166667,-0.504955533100665,0.075479203643091
3850,349000,9639000,0.365664929024875,-0.488670228596032,0.0837617676351452
3851,350000,9639000,0.322621363466978,-0.482319757521152,0.0864613940634765
3852,351000,9639000,0.27334806188941,-0.488446670730412,0.094797179202456
3853,352000,9639000,0.272656922160834,-0.498833817693591,0.0953295356069691
3854,353000,9639000,0.287025763434172,-0.510639514347911,0.0997783896194771
3855,354000,9639000,0.242528721158206,-0.502825850972533,0.0895599903941155
3856,355000,9639000,0.232770030513406,-0.486801487600803,0.112157890738454
3857,356000,9639000,0.217195126716793,-0.471227345085144,0.118786877778824
3858,357000,9639000,0.220106766913831,-0.474935265800357,0.103277277910057
3859,358000,9639000,0.2262812476933,-0.468408165726066,0.0959279080204666
3860,359000,9639000,0.359963190191239,-0.467319006615877,0.080920915074693
3861,360000,9639000,0.374234744092077,-0.447436369550228,0.0780776476979721
3862,361000,9639000,0.381187623471767,-0.51789735879004,0.0923996840422973
3863,362000,9639000,0.331054631889611,-0.505268974578381,0.0962590393626597
3864,363000,9639000,0.364378932882939,-0.511223939189932,0.0805767067444511
3865,364000,9639000,0.265189317951351,-0.525051164832711,0.0966246092138812
3866,365000,9639000,0.226482228823751,-0.556164688110352,0.0787445978300646
3867,366000,9639000,0.182688663787395,-0.575763633972406,0.0832629177819938
3868,367000,9639000,0.205951179817319,-0.58459504160285,0.0898842156356201
3869,368000,9639000,0.202411875995994,-0.565946771636605,0.0777669994953089
3870,369000,9639000,0.201535606128722,-0.579645352903008,0.0757079573752358
3871,370000,9639000,0.19586489726156,-0.594893532243371,0.0656985432297923
3872,371000,9639000,0.195700167815387,-0.613199854040146,0.0600909751856234
3873,372000,9639000,0.19696594786495,-0.612938688641787,0.0512101202445803
3874,373000,9639000,0.204049152698368,-0.616007200652361,0.0398938613603765
3875,374000,9639000,0.204336805176735,-0.621512883800268,0.0376894405940897
3876,375000,9639000,0.209478634216569,-0.617310902747241,0.0429757063298232
3877,262000,9640000,0.779319972872734,-0.516897238224745,0.0128202308031323
3878,263000,9640000,0.766184453466535,-0.526950259524584,0.0225087163837452
3879,264000,9640000,0.755971425241232,-0.513883533069491,0.0218913014295744
3880,265000,9640000,0.638944185549021,-0.518422284784913,0.059541119507025
3881,266000,9640000,0.592740272635221,-0.52981161031127,0.0632414429411292
3882,267000,9640000,0.605332964158058,-0.531704608339071,0.052624058571551
3883,268000,9640000,0.571025916860253,-0.522834933651984,0.052408711739257
3884,269000,9640000,0.558483638460934,-0.525706924702227,0.0578545888249762
3885,270000,9640000,0.517983889412344,-0.494627215446602,0.0501662879400188
3886,271000,9640000,0.558070754830539,-0.526320953369141,0.0486456595175434
3887,272000,9640000,0.555933153663576,-0.520878387799114,0.0528129429212771
3888,273000,9640000,0.542959172554314,-0.532555587643757,0.0505915723138722
3889,274000,9640000,0.53787090831548,-0.546683764249086,0.0515367877792567
3890,275000,9640000,0.536120557619631,-0.545188792550564,0.0483439663424622
3891,276000,9640000,0.546842672839761,-0.52352333766818,0.0502273245718796
3892,277000,9640000,0.482138358171284,-0.533695462015271,0.0510700307519175
3893,278000,9640000,0.450193356476724,-0.533750093084574,0.0544667117136531
3894,279000,9640000,0.450587334667146,-0.520515556591749,0.0538413042588392
3895,280000,9640000,0.427756521469355,-0.521773269936442,0.054227288761409
3896,281000,9640000,0.425958689492941,-0.531782853484154,0.0549403104487807
3897,282000,9640000,0.401858357810974,-0.545230171144009,0.0465639822111465
3898,283000,9640000,0.396991473825276,-0.557302476456761,0.0495532918832032
3899,284000,9640000,0.450684102521092,-0.54097390704928,0.0576018015679903
3900,285000,9640000,0.405957754249871,-0.526278796379268,0.055454021147592
3901,286000,9640000,0.368366182257235,-0.540415021330118,0.0431480526791187
3902,287000,9640000,0.313572696070373,-0.56129978055656,0.0353466294025769
3903,288000,9640000,0.319075245036185,-0.58158568366766,0.0321474847582402
3904,289000,9640000,0.328768052464724,-0.577132275995612,0.0335301269027812
3905,290000,9640000,0.357311269809306,-0.568575510364771,0.0466117856229888
3906,291000,9640000,0.593488885246217,-0.476454777652025,0.0494332413379103
3907,292000,9640000,0.405410774198174,-0.531870886948705,0.0527651678345865
3908,293000,9640000,0.488944567567855,-0.523687669148296,0.0656345381662715
3909,294000,9640000,0.617731800807919,-0.533123537315818,0.0537266021939344
3910,295000,9640000,0.660812093839049,-0.522100855079293,0.0388952964775381
3911,296000,9640000,0.672172954092175,-0.498622646446526,0.028013561776001
3912,297000,9640000,0.66311054790169,-0.487437016814947,0.0322142957706703
3913,298000,9640000,0.668534256574511,-0.485805523046851,0.0315858675430995
3914,299000,9640000,0.67503596521616,-0.482582942909002,0.0325006356584141
3915,3e+05,9640000,0.677351330678165,-0.476946711181104,0.0335480113624013
3916,301000,9640000,0.695755177982897,-0.450453404516308,0.0287327511681477
3917,302000,9640000,0.71720150783509,-0.464134774562716,0.0261903622567886
3918,303000,9640000,0.711410534579679,-0.465136778376997,0.0296874449818861
3919,304000,9640000,0.68422559671551,-0.482062213610113,0.0393158989482094
3920,305000,9640000,0.676690438832343,-0.52789778856039,0.0643127469101921
3921,306000,9640000,0.729358676812053,-0.526828082685173,0.0459342803933192
3922,307000,9640000,0.708642922396958,-0.466951669600606,0.0329971643916331
3923,308000,9640000,0.704494231297076,-0.468091039127856,0.0290725121371448
3924,309000,9640000,0.719693788015842,-0.458686001124978,0.0265641219790908
3925,310000,9640000,0.719591591188312,-0.46080335701555,0.0256014450023649
3926,311000,9640000,0.728631357631087,-0.46584579603523,0.0249588152595563
3927,312000,9640000,0.734541260261834,-0.468438276606053,0.0232307615100406
3928,313000,9640000,0.697208220088482,-0.520492059718072,0.0429867654335918
3929,314000,9640000,0.725165879395604,-0.504263941526413,0.0325620662566856
3930,315000,9640000,0.718302731926739,-0.479226120522618,0.0301939283519518
3931,316000,9640000,0.715319070412219,-0.487400748457015,0.0381938766244333
3932,317000,9640000,0.700167454630137,-0.452840245334804,0.0346364449099172
3933,318000,9640000,0.754602451440692,-0.47681077452749,0.0278052970748162
3934,319000,9640000,0.762200013354421,-0.481196464036405,0.0319337396840914
3935,320000,9640000,0.702957087954879,-0.458220720849931,0.0431120903192787
3936,321000,9640000,0.690409123876691,-0.460323611804843,0.0411379513983848
3937,322000,9640000,0.712908113643527,-0.464797566664219,0.0427480242628837
3938,323000,9640000,0.816574540418387,-0.478176291975379,0.0240145299825352
3939,324000,9640000,0.815031448918581,-0.480524988254905,0.0204369029170251
3940,325000,9640000,0.800881336003542,-0.477257427960634,0.0264355430389172
3941,326000,9640000,0.788855617105961,-0.48988300614059,0.035761687887623
3942,327000,9640000,0.831698902666569,-0.512845710849762,0.0156606357222481
3943,328000,9640000,0.826029210278392,-0.51188423166573,0.0139967085938057
3944,329000,9640000,0.772416832995415,-0.495816360729933,0.0262539824595326
3945,330000,9640000,0.732958572626114,-0.494706806333363,0.0279666702594608
3946,331000,9640000,0.713255617855489,-0.497548711650074,0.0304527646262664
3947,332000,9640000,0.684718110942841,-0.519438021688163,0.033513763777999
3948,333000,9640000,0.707521462649107,-0.514924774256721,0.0380995665884577
3949,334000,9640000,0.718674047669768,-0.489759850391746,0.0395910644346033
3950,335000,9640000,0.723663115955889,-0.48814144936949,0.0350875316933379
3951,336000,9640000,0.68555856577158,-0.528844285579026,0.0293314278823556
3952,337000,9640000,0.701522710095346,-0.508279912827909,0.0347275314590894
3953,338000,9640000,0.741232761880755,-0.503722109040618,0.0319861692810315
3954,339000,9640000,0.720395822864771,-0.486543084360659,0.0345405018029036
3955,340000,9640000,0.698005195173621,-0.518014681331068,0.0303090457095182
3956,341000,9640000,0.7164659427315,-0.52731209820509,0.0260157666141982
3957,342000,9640000,0.691423999886215,-0.520188106353581,0.0403768460098363
3958,343000,9640000,0.71188042858392,-0.523052103836834,0.0306873471468338
3959,344000,9640000,0.697086934733391,-0.513496432575211,0.0314713645739481
3960,345000,9640000,0.66316150001362,-0.492540990677476,0.0345354949567816
3961,346000,9640000,0.641100922939926,-0.485734412226081,0.0449360859092907
3962,347000,9640000,0.499822017720342,-0.488685221534967,0.0697898310209159
3963,348000,9640000,0.435712119280547,-0.497271063302457,0.0816168528935872
3964,349000,9640000,0.361789664758742,-0.486482261347771,0.0856120708344504
3965,350000,9640000,0.324212684111297,-0.490037609612942,0.0863716638625599
3966,351000,9640000,0.305619824404642,-0.493039065607637,0.0962318303458393
3967,352000,9640000,0.298003003162146,-0.501438581904769,0.0975594319987111
3968,353000,9640000,0.281827787553519,-0.49032608397007,0.0969736748558469
3969,354000,9640000,0.257083899699152,-0.495738665699959,0.107684405810945
3970,355000,9640000,0.217283311524242,-0.472822681209445,0.127302904434782
3971,356000,9640000,0.210214756351709,-0.46021995626092,0.130897656696104
3972,357000,9640000,0.217441137527674,-0.459620913866162,0.109920227081701
3973,358000,9640000,0.230350296054035,-0.479409592571855,0.098647676085867
3974,359000,9640000,0.204112559049949,-0.471245956972241,0.0903584206297295
3975,360000,9640000,0.307548822296411,-0.445292401503026,0.0824427484609187
3976,361000,9640000,0.445736115317047,-0.487145757830143,0.120644209603406
3977,362000,9640000,0.482063929344714,-0.478518976488709,0.159060733604059
3978,363000,9640000,0.34693611946851,-0.498061032578349,0.12604889824111
3979,364000,9640000,0.23478753548786,-0.478625812193751,0.10843323111115
3980,365000,9640000,0.176909330353141,-0.562225540092588,0.0672808103453834
3981,366000,9640000,0.194183121510595,-0.573319322222471,0.0667506411701907
3982,367000,9640000,0.187777706170827,-0.591741605830193,0.0808589454580564
3983,368000,9640000,0.197053477877378,-0.57500155543685,0.0870415503258817
3984,369000,9640000,0.198782487922907,-0.590061609494686,0.0856455440891441
3985,370000,9640000,0.190568814648688,-0.604781157958508,0.0619227015197976
3986,371000,9640000,0.185197846720368,-0.600355273371935,0.0668202516141813
3987,372000,9640000,0.188249153697491,-0.614081053477526,0.0589694707972463
3988,373000,9640000,0.196476236748695,-0.615947786903381,0.0337350905693253
3989,374000,9640000,0.216885787496716,-0.606814598602057,0.0436787234554184
3990,375000,9640000,0.208828260248358,-0.613177060322328,0.0352857334615493
3991,262000,9641000,0.659131142929196,-0.538230051353574,0.0353230387796648
3992,263000,9641000,0.755577705070376,-0.514143907991052,0.0265946039752802
3993,264000,9641000,0.66467351950109,-0.512253155815601,0.0598507409714861
3994,265000,9641000,0.537643284639716,-0.513731763878465,0.0725177770335693
3995,266000,9641000,0.595010365884006,-0.525569337236881,0.066310894652456
3996,267000,9641000,0.613522369915573,-0.51611538860281,0.0474896224734839
3997,268000,9641000,0.506798903952865,-0.514942054821621,0.0499894107819069
3998,269000,9641000,0.489732736431062,-0.526568470926583,0.0547438844214077
3999,270000,9641000,0.514102870796039,-0.50029025311303,0.0503069024591008
4000,271000,9641000,0.558127941084281,-0.523148936203029,0.0522756969115697
4001,272000,9641000,0.562650043822825,-0.53853053317219,0.0500603246673476
4002,273000,9641000,0.565274180559814,-0.54034280653894,0.0536964376107324
4003,274000,9641000,0.589693211896718,-0.519325991071016,0.0505392108168453
4004,275000,9641000,0.571980560727417,-0.532637895996869,0.047194568001572
4005,276000,9641000,0.516639607413113,-0.530360982398689,0.0529943653100869
4006,277000,9641000,0.474008983741701,-0.533573882710934,0.0565307939675637
4007,278000,9641000,0.432174889288098,-0.535853317995369,0.0549700344954152
4008,279000,9641000,0.473077703795582,-0.522027687762678,0.0497794544259086
4009,280000,9641000,0.418796260556579,-0.527226561945677,0.0489084184581181
4010,281000,9641000,0.405559154934436,-0.527501337137818,0.0504926550990669
4011,282000,9641000,0.415454411034286,-0.547920700058341,0.0473963142226101
4012,283000,9641000,0.41435569691211,-0.543603760641813,0.051120528946002
4013,284000,9641000,0.406984794588387,-0.553727808949351,0.0451292089033639
4014,285000,9641000,0.365299716255069,-0.566279629263282,0.0444262366389856
4015,286000,9641000,0.33768191575259,-0.566088155454397,0.0381024853108218
4016,287000,9641000,0.329848649338633,-0.571140758824348,0.0365204779732507
4017,288000,9641000,0.354840070869029,-0.560961787155271,0.0396213379165623
4018,289000,9641000,0.42742701895535,-0.56776338673234,0.0536777378514176
4019,290000,9641000,0.344988716222346,-0.549887727418542,0.0623129437237047
4020,291000,9641000,0.425947263237089,-0.494648360997438,0.0554902637357358
4021,292000,9641000,0.589902532693936,-0.519089549545781,0.0589467525976012
4022,293000,9641000,0.619000151643157,-0.538498810601234,0.050445554423565
4023,294000,9641000,0.651753537943028,-0.503085798162967,0.0381640994825866
4024,295000,9641000,0.66482039925307,-0.498357306917012,0.0365459678317886
4025,296000,9641000,0.679503693394363,-0.502664113350213,0.0301960848353454
4026,297000,9641000,0.658819151355326,-0.484027185550332,0.0309438644568087
4027,298000,9641000,0.640144396597147,-0.48279420427829,0.0335120832149405
4028,299000,9641000,0.663783319236338,-0.474716867502034,0.0362267806059914
4029,3e+05,9641000,0.689420455539226,-0.480361915199459,0.033939618817484
4030,301000,9641000,0.666904490535706,-0.452782203684002,0.0319164541841717
4031,302000,9641000,0.723576364223659,-0.467127802416682,0.0275737637429032
4032,303000,9641000,0.716054104547948,-0.462033553649485,0.0289373237172491
4033,304000,9641000,0.673411517928541,-0.498139617932588,0.0461699754868168
4034,305000,9641000,0.675974629813433,-0.521135531615093,0.0555754031893099
4035,306000,9641000,0.622263586889207,-0.50013336558044,0.0724874567460734
4036,307000,9641000,0.717077533641458,-0.475941898310184,0.0327446209477028
4037,308000,9641000,0.713524423888326,-0.455995537117124,0.0285760667816969
4038,309000,9641000,0.72731563847512,-0.452467035676539,0.0270657190841157
4039,310000,9641000,0.710971978770942,-0.459664087700844,0.025735412835743
4040,311000,9641000,0.726336391304433,-0.460792472395115,0.0255190513013396
4041,312000,9641000,0.71574374281764,-0.457789913801849,0.0260697069428279
4042,313000,9641000,0.717453271614015,-0.482035010955483,0.0351652242996613
4043,314000,9641000,0.711972155889869,-0.475349937202781,0.0284303052355535
4044,315000,9641000,0.746245726570487,-0.482983213908225,0.0309382784124871
4045,316000,9641000,0.714322291269898,-0.468619299501181,0.0302315184197971
4046,317000,9641000,0.689949016860127,-0.466732461243868,0.0367365085621364
4047,318000,9641000,0.7024920985654,-0.477440634025633,0.0407879053376615
4048,319000,9641000,0.748408971294761,-0.475893741765618,0.0365499387187883
4049,320000,9641000,0.662950689598918,-0.452097010184824,0.0569361119875219
4050,321000,9641000,0.630479297098517,-0.456528574694693,0.0576748862756416
4051,322000,9641000,0.815405405247212,-0.485665604314208,0.0237368672480166
4052,323000,9641000,0.798954743438959,-0.473908826954663,0.0269028366343817
4053,324000,9641000,0.804949615639448,-0.483896691893041,0.0211944101305329
4054,325000,9641000,0.785453880947828,-0.500267273110151,0.0325306362887146
4055,326000,9641000,0.802401988482475,-0.503570158809423,0.0495707462495775
4056,327000,9641000,0.817272419914603,-0.511344044782221,0.0166713422854547
4057,328000,9641000,0.809068283343315,-0.508576073950529,0.0205496563853812
4058,329000,9641000,0.81069906142056,-0.517265391036868,0.0183744942543621
4059,330000,9641000,0.814313757655025,-0.501755038154125,0.0149889756256889
4060,331000,9641000,0.747082843998075,-0.519131206387281,0.0241662541079684
4061,332000,9641000,0.751357078745961,-0.528827884671092,0.0237251540299854
4062,333000,9641000,0.712781230720878,-0.518717231827974,0.0415649743368616
4063,334000,9641000,0.734647079747915,-0.50050433369875,0.0346280628866865
4064,335000,9641000,0.742888781883568,-0.504461792960763,0.0313157434916473
4065,336000,9641000,0.804230002358556,-0.530773834899068,0.0177087037823774
4066,337000,9641000,0.758037120509148,-0.532403425624967,0.0256540430217632
4067,338000,9641000,0.792491968947649,-0.526737544617057,0.0183496752967185
4068,339000,9641000,0.799052018502355,-0.508453590887785,0.0186328212272143
4069,340000,9641000,0.821746767574549,-0.513698967337608,0.0134473688808968
4070,341000,9641000,0.809432764270902,-0.536649283489585,0.012869936061214
4071,342000,9641000,0.719908216333389,-0.519589958050847,0.0293412993062637
4072,343000,9641000,0.692170538468659,-0.516966710101068,0.0335718294382037
4073,344000,9641000,0.68604865482226,-0.49135021411702,0.0354550590792671
4074,345000,9641000,0.65821152773872,-0.490099002273381,0.0410203998849029
4075,346000,9641000,0.581194431654364,-0.508323024387658,0.061823014645651
4076,347000,9641000,0.526591465047747,-0.498878011701256,0.0714654229933396
4077,348000,9641000,0.437212453152984,-0.482858646602929,0.0785799635498785
4078,349000,9641000,0.382890340528637,-0.501918761026859,0.0885794246873818
4079,350000,9641000,0.318368465577811,-0.487962552310526,0.0936303865572438
4080,351000,9641000,0.295760968621075,-0.491995150917768,0.103860992780514
4081,352000,9641000,0.282939530942589,-0.488568363137543,0.111344969477504
4082,353000,9641000,0.271523874148726,-0.490964578294754,0.105604714975134
4083,354000,9641000,0.231740887989849,-0.471854254120588,0.109665049908729
4084,355000,9641000,0.197692293380201,-0.464723006299138,0.110384252213594
4085,356000,9641000,0.215074347779527,-0.453861593697965,0.132114426017366
4086,357000,9641000,0.221298082317412,-0.467214353233576,0.129015276454994
4087,358000,9641000,0.209548962213099,-0.472793669773638,0.103526287009334
4088,359000,9641000,0.252416050446779,-0.471346596634388,0.0995362005603383
4089,360000,9641000,0.314424864529073,-0.448990995185077,0.0956228739059065
4090,361000,9641000,0.498256359277666,-0.488659179872274,0.109215889898501
4091,362000,9641000,0.412315219582617,-0.494068741589785,0.150735316869477
4092,363000,9641000,0.361170222187042,-0.469526226073503,0.155628657478653
4093,364000,9641000,0.278682150220126,-0.501804120856523,0.128252878603898
4094,365000,9641000,0.199808536206186,-0.522853031530976,0.0875654097443214
4095,366000,9641000,0.176730421542376,-0.590858709025383,0.0599693274985766
4096,367000,9641000,0.17469515369609,-0.593707105284929,0.0663517356345663
4097,368000,9641000,0.18830089827776,-0.591642020648718,0.0742344689928228
4098,369000,9641000,0.18642720991075,-0.606329247635603,0.0542247683531372
4099,370000,9641000,0.187741320298612,-0.590968026530743,0.0674034698203206
4100,371000,9641000,0.181545839974284,-0.613401556146145,0.0582843215231085
4101,372000,9641000,0.176755095024407,-0.620061355084181,0.0633351082019275
4102,373000,9641000,0.179244379393011,-0.630687957969308,0.0324237346742826
4103,374000,9641000,0.210348221330345,-0.60973900488615,0.0660199521226576
4104,375000,9641000,0.215823824527589,-0.606970207203518,0.0450097452538003
4105,262000,9642000,0.480047535277903,-0.538111167117953,0.0742521832194179
4106,263000,9642000,0.659281385201216,-0.524805088812113,0.051489436698542
4107,264000,9642000,0.550933765719831,-0.527710565331578,0.0778967530550668
4108,265000,9642000,0.505397054029256,-0.516142027741531,0.075000318502821
4109,266000,9642000,0.383784725614951,-0.306441824312779,0.0652751505377702
4110,267000,9642000,0.410799078270525,-0.332371620661914,0.0656519355125725
4111,268000,9642000,0.495791811566893,-0.507894590268517,0.0553783205370419
4112,269000,9642000,0.515996530932188,-0.534279506960511,0.0557623542058282
4113,270000,9642000,0.525016809002194,-0.523921556618891,0.0528865962051321
4114,271000,9642000,0.541717793344334,-0.534114697269164,0.0561679993955884
4115,272000,9642000,0.538514516912587,-0.496084756210132,0.0544948200068437
4116,273000,9642000,0.509157063911529,-0.466224361650273,0.0486441754786996
4117,274000,9642000,0.548752145519853,-0.503487721684168,0.055405147625925
4118,275000,9642000,0.510667142109573,-0.531436776887625,0.0643321604897734
4119,276000,9642000,0.48779305446595,-0.536342696651816,0.066922446574457
4120,277000,9642000,0.426353072302043,-0.538547322419286,0.0639670440109912
4121,278000,9642000,0.438059403599799,-0.54062126929611,0.0557367569372989
4122,279000,9642000,0.436510742488503,-0.534772543641925,0.0586898298503831
4123,280000,9642000,0.442958285239339,-0.532191420739889,0.0506249288236257
4124,281000,9642000,0.400893307191879,-0.537722462755442,0.0461418657566654
4125,282000,9642000,0.391636441840976,-0.54239810834527,0.0443827350419946
4126,283000,9642000,0.412894107893109,-0.550029315549135,0.0504071135343518
4127,284000,9642000,0.401243173879385,-0.556893148830533,0.0537178044458618
4128,285000,9642000,0.380291364333034,-0.560801059830189,0.0481012926110299
4129,286000,9642000,0.39020425298661,-0.565016998547316,0.0434297028149245
4130,287000,9642000,0.407276137392223,-0.555676206123084,0.0457330235946458
4131,288000,9642000,0.44945163345784,-0.549525332075357,0.0560014412554447
4132,289000,9642000,0.496091045194864,-0.535102901013195,0.0619439060343429
4133,290000,9642000,0.38879144134745,-0.476999258941412,0.0555246718501207
4134,291000,9642000,0.338245407445729,-0.459299083556235,0.0483290093246382
4135,292000,9642000,0.469640208001435,-0.463942175030708,0.0537896674212767
4136,293000,9642000,0.605424484696984,-0.491303613474965,0.0441200883696438
4137,294000,9642000,0.652391652132571,-0.512037066194415,0.0328770157068037
4138,295000,9642000,0.682490137528628,-0.502730604477227,0.0302013104402577
4139,296000,9642000,0.670791363814473,-0.514452750109136,0.032518539010617
4140,297000,9642000,0.670840596705675,-0.487950293068588,0.033264674245147
4141,298000,9642000,0.670155371887237,-0.477912242755294,0.0345110412924434
4142,299000,9642000,0.649431239669025,-0.474561836086214,0.0367067926519318
4143,3e+05,9642000,0.643151868723333,-0.465786338555068,0.0463103424308705
4144,301000,9642000,0.700704911662638,-0.467785965354741,0.0317710606214823
4145,302000,9642000,0.70593383526057,-0.463571337755024,0.0301577731837519
4146,303000,9642000,0.704967693884671,-0.455368693253398,0.0299789521419676
4147,304000,9642000,0.700540235923231,-0.474614382337034,0.0422172850150615
4148,305000,9642000,0.606130080173165,-0.501127985697426,0.0585833310558693
4149,306000,9642000,0.643400116556883,-0.472078891584277,0.0486966995685361
4150,307000,9642000,0.731564341290295,-0.507120233850181,0.0356368271555752
4151,308000,9642000,0.722413724827766,-0.468486866878346,0.0294630669088918
4152,309000,9642000,0.728605812369287,-0.456843856471032,0.0277043087220634
4153,310000,9642000,0.735711484505236,-0.454733908802271,0.0261323811100679
4154,311000,9642000,0.72463720420301,-0.463267373217642,0.0256536954661482
4155,312000,9642000,0.745478943273425,-0.468852537332475,0.0241241438048775
4156,313000,9642000,0.708595633615926,-0.474012121119653,0.0287503645996039
4157,314000,9642000,0.709541252146661,-0.472237194455415,0.0305133624239708
4158,315000,9642000,0.763918359330297,-0.499750352497771,0.0292069344261661
4159,316000,9642000,0.720455003145337,-0.481261472281814,0.0355580318546155
4160,317000,9642000,0.715375401595235,-0.491271318729222,0.040434101675055
4161,318000,9642000,0.773080370472372,-0.511127404752374,0.033550492640934
4162,319000,9642000,0.801519593721628,-0.483288902643323,0.034064161271241
4163,320000,9642000,0.791967153811455,-0.494081736446917,0.032163183908991
4164,321000,9642000,0.779755753129721,-0.479281234273314,0.0379178760782466
4165,322000,9642000,0.786050685107708,-0.478276042717695,0.0371609481423628
4166,323000,9642000,0.781164382582903,-0.480438019272685,0.0288521594366524
4167,324000,9642000,0.783023583859205,-0.477291597294807,0.0309677260921337
4168,325000,9642000,0.787151652032137,-0.489314724937081,0.0533366352036945
4169,326000,9642000,0.781515065568686,-0.49565455519557,0.0398897768080118
4170,327000,9642000,0.807245099145174,-0.50555917673409,0.0197037731282297
4171,328000,9642000,0.802012225246429,-0.503901403126121,0.0224925214866991
4172,329000,9642000,0.828877341455221,-0.51093410435617,0.0151866463556653
4173,330000,9642000,0.829834434258938,-0.509935804075003,0.0151713768066838
4174,331000,9642000,0.827238730192184,-0.506427188962698,0.0170698753254372
4175,332000,9642000,0.829064876174927,-0.503599160727859,0.0183495838894218
4176,333000,9642000,0.821134833559394,-0.521223918426037,0.0167314803810033
4177,334000,9642000,0.826724982610345,-0.509215500330925,0.0163450936483452
4178,335000,9642000,0.84315313128829,-0.514290190851688,0.0161108783660689
4179,336000,9642000,0.845122486400604,-0.513388036438823,0.0153400667544571
4180,337000,9642000,0.840024145185947,-0.512244886922836,0.0156655253226461
4181,338000,9642000,0.858186882567406,-0.505904791179299,0.0110856796140462
4182,339000,9642000,0.863165022158623,-0.515938217452169,0.0103606403042533
4183,340000,9642000,0.834684193515778,-0.517584205555916,0.013314517863153
4184,341000,9642000,0.838191350638866,-0.533223130327463,0.0118743475130643
4185,342000,9642000,0.695439729240537,-0.54495491329208,0.0290833848917275
4186,343000,9642000,0.667343812484294,-0.52473531871438,0.0379822254861938
4187,344000,9642000,0.687286464108527,-0.498669896511734,0.0325967458211584
4188,345000,9642000,0.638680598386936,-0.475500510113686,0.0422180314185098
4189,346000,9642000,0.613045546083152,-0.487686950718611,0.0544387373271864
4190,347000,9642000,0.547820217313618,-0.486519012352079,0.0678712547984906
4191,348000,9642000,0.508201842595509,-0.488948077739775,0.0692497202066239
4192,349000,9642000,0.393969190336019,-0.477353623898327,0.0898251085957512
4193,350000,9642000,0.318071419223398,-0.467546525520086,0.100923580852151
4194,351000,9642000,0.285825259274989,-0.487999898332357,0.109183333602361
4195,352000,9642000,0.267651121020317,-0.499800819218159,0.117474900609441
4196,353000,9642000,0.230515075989813,-0.475565041342378,0.10911160842292
4197,354000,9642000,0.246912217752635,-0.462693591976166,0.125873297329433
4198,355000,9642000,0.22656358448267,-0.47446601715982,0.12570149116572
4199,356000,9642000,0.222089747583121,-0.478017339166999,0.120434422341408
4200,357000,9642000,0.195259471753985,-0.456902604588866,0.101444696337776
4201,358000,9642000,0.2018021678105,-0.459487842410803,0.0964872733653057
4202,359000,9642000,0.247107958842814,-0.431086367702484,0.10192486500931
4203,360000,9642000,0.331029164313525,-0.465699255208671,0.104591696855333
4204,361000,9642000,0.257665599703789,-0.489887459337711,0.176176850090548
4205,362000,9642000,0.290602947012335,-0.487674994775653,0.141137090412434
4206,363000,9642000,0.463008536702395,-0.461110527780652,0.205888618047163
4207,364000,9642000,0.291480862692744,-0.49634192468971,0.115354847198183
4208,365000,9642000,0.168179986178875,-0.435404643377662,0.0722103187452652
4209,366000,9642000,0.169044808902591,-0.537170138931274,0.0696204392236657
4210,367000,9642000,0.179794044121355,-0.61420301720798,0.0533870874945889
4211,368000,9642000,0.172064892815799,-0.61461808270216,0.0467583193121944
4212,369000,9642000,0.178551685900986,-0.596016769951582,0.0696526243860601
4213,370000,9642000,0.176436003649235,-0.613362220972776,0.0601546680571628
4214,371000,9642000,0.172432537035644,-0.608400913351774,0.0343070941353624
4215,372000,9642000,0.184898739849031,-0.614317168152332,0.0653150097863399
4216,373000,9642000,0.179360407342017,-0.619402976113558,0.0546810233606957
4217,374000,9642000,0.187672627779096,-0.601131614050269,0.0517961798970588
4218,375000,9642000,0.204164613688534,-0.60840467390689,0.0368132559540258
4219,262000,9643000,0.426630985289812,-0.519992246717215,0.0714549870202318
4220,263000,9643000,0.498637161201239,-0.530018028464913,0.0669292032659752
4221,264000,9643000,0.48674628893435,-0.51105191488266,0.0745421209672233
4222,265000,9643000,0.422918878386228,-0.395598071004899,0.0760810831852723
4223,266000,9643000,0.358065117978817,-0.284449699892986,0.0678608437011018
4224,267000,9643000,0.185961871339596,0.0394160717668186,0.089030844602827
4225,268000,9643000,0.410240672484308,-0.39933017968983,0.0624297874810174
4226,269000,9643000,0.513585792832077,-0.535915770168602,0.0562239424958825
4227,270000,9643000,0.49207788233459,-0.531806429502368,0.0540276227913098
4228,271000,9643000,0.497737476186734,-0.49865826279514,0.0507290066810325
4229,272000,9643000,0.476677671457082,-0.458597824942146,0.0506590372371953
4230,273000,9643000,0.435541142086312,-0.459292095867323,0.0494398262107046
4231,274000,9643000,0.433878582981601,-0.447955220149178,0.0486304888317594
4232,275000,9643000,0.463719352022745,-0.504765334747964,0.0687630301914643
4233,276000,9643000,0.481683584719896,-0.54840786305964,0.0747473489303142
4234,277000,9643000,0.425512681424618,-0.557358717106283,0.0747087321732193
4235,278000,9643000,0.42064949093014,-0.531600827005506,0.0600079075686168
4236,279000,9643000,0.456556267267466,-0.538019283911586,0.054557344360603
4237,280000,9643000,0.432931127951294,-0.512768272753805,0.0432227442512522
4238,281000,9643000,0.43244586956352,-0.536849071615934,0.0461834345906042
4239,282000,9643000,0.442720121785998,-0.549688441359997,0.0470983399828896
4240,283000,9643000,0.363756152527034,-0.561225688365102,0.0450160479225218
4241,284000,9643000,0.357819565847516,-0.566407372757793,0.0556899166676914
4242,285000,9643000,0.395061816832423,-0.545558013343811,0.0651512041938025
4243,286000,9643000,0.379605828744173,-0.565642550294846,0.0520081231474411
4244,287000,9643000,0.442307625310868,-0.567033070807159,0.0433682857868727
4245,288000,9643000,0.450045826844312,-0.532935290066898,0.0471763523251051
4246,289000,9643000,0.48103680036515,-0.503229777951539,0.0501252642367501
4247,290000,9643000,0.52537668710053,-0.500987828488648,0.0540153756447136
4248,291000,9643000,0.507867992654443,-0.488420262563229,0.0455896888701711
4249,292000,9643000,0.539594001609087,-0.487884428356588,0.0400499494716991
4250,293000,9643000,0.642067121371627,-0.521280210404098,0.0426310019099619
4251,294000,9643000,0.689744355353713,-0.514589287059009,0.0339461510339635
4252,295000,9643000,0.648603584130108,-0.500652990755439,0.033220899027749
4253,296000,9643000,0.628800533121824,-0.511438927769661,0.041804797746602
4254,297000,9643000,0.659526359149814,-0.498387853313982,0.0364629075754667
4255,298000,9643000,0.6764522101596,-0.473908199483156,0.0373702216065023
4256,299000,9643000,0.702228969088197,-0.484824105998874,0.032592250618292
4257,3e+05,9643000,0.702208784353733,-0.480358581021428,0.0297425715224352
4258,301000,9643000,0.697120623418689,-0.475465536481142,0.0318403003607411
4259,302000,9643000,0.699841740183905,-0.459713819950819,0.0351923560385127
4260,303000,9643000,0.701113538768142,-0.46003003655076,0.033029996954021
4261,304000,9643000,0.708493672089279,-0.460134911549836,0.0322235097771045
4262,305000,9643000,0.678202599719167,-0.470816621302068,0.0365456218026578
4263,306000,9643000,0.703648352497816,-0.468194456076622,0.0305556315197144
4264,307000,9643000,0.691481402479112,-0.487024909420311,0.0446449937823345
4265,308000,9643000,0.673413679689169,-0.493430051140487,0.0443933783058077
4266,309000,9643000,0.721427936793864,-0.466119578336179,0.0306626047842554
4267,310000,9643000,0.717464527291805,-0.456969705308974,0.031988914864487
4268,311000,9643000,0.732913452556729,-0.470994015990198,0.0305482790293172
4269,312000,9643000,0.706330308838189,-0.462623236046731,0.0336637565943878
4270,313000,9643000,0.723346221785247,-0.460357642990351,0.0308023131159367
4271,314000,9643000,0.686663928468525,-0.467958763866127,0.040106296084146
4272,315000,9643000,0.70253862080276,-0.479989028909802,0.032603106006945
4273,316000,9643000,0.823732243126631,-0.517616032361984,0.0203018104160088
4274,317000,9643000,0.829577791756392,-0.510989289414883,0.019175077578146
4275,318000,9643000,0.82626131170392,-0.504223452320695,0.0232745631400961
4276,319000,9643000,0.81061048963666,-0.480330628378689,0.0304186321277521
4277,320000,9643000,0.810507084614038,-0.496152305427194,0.0268024874296039
4278,321000,9643000,0.768916492283344,-0.486549601635337,0.0419729590974515
4279,322000,9643000,0.769086124014854,-0.470652232463658,0.0356995546693914
4280,323000,9643000,0.776050707322359,-0.4979284907341,0.0294636828331626
4281,324000,9643000,0.768171962487698,-0.482409513261914,0.034186280638515
4282,325000,9643000,0.765408295708895,-0.481445939099789,0.0721558821784216
4283,326000,9643000,0.78871282055378,-0.490806107679009,0.036935443161102
4284,327000,9643000,0.796353975993395,-0.50560930608809,0.0405120106570655
4285,328000,9643000,0.800290273481607,-0.502780960014462,0.0205015910990071
4286,329000,9643000,0.822366672360897,-0.512844874161482,0.0155082272011787
4287,330000,9643000,0.82673501765728,-0.495549624755979,0.0151622590160288
4288,331000,9643000,0.821141013598442,-0.503458215788007,0.0164767669336288
4289,332000,9643000,0.810291945040226,-0.502383024087548,0.0191025582112023
4290,333000,9643000,0.816846579420567,-0.502301511645317,0.016563074305185
4291,334000,9643000,0.832300229156017,-0.499608922401071,0.0148800129400508
4292,335000,9643000,0.833924357998371,-0.510975972166657,0.0172726508338586
4293,336000,9643000,0.844123676908016,-0.520110351529717,0.0136385848367936
4294,337000,9643000,0.844163384884596,-0.51924739304781,0.0119523823314405
4295,338000,9643000,0.85273805320859,-0.516558585682511,0.0117751324968413
4296,339000,9643000,0.858144734072685,-0.51252824370265,0.0129587459979899
4297,340000,9643000,0.856025320678949,-0.508177174916863,0.0122979683062178
4298,341000,9643000,0.782392419414222,-0.557540665346384,0.0170584340638248
4299,342000,9643000,0.743447652952373,-0.535587738730013,0.0236961607019184
4300,343000,9643000,0.697646992431581,-0.514646922016144,0.0322678003664361
4301,344000,9643000,0.691043437181413,-0.504678013510257,0.0360617156571476
4302,345000,9643000,0.647089929023385,-0.499531667666137,0.0461142225821502
4303,346000,9643000,0.648457024858892,-0.502309776553512,0.0527039277417585
4304,347000,9643000,0.580170646454394,-0.507082632218301,0.0666181434168015
4305,348000,9643000,0.511122905247472,-0.506384434615076,0.0715914134754334
4306,349000,9643000,0.396118508591503,-0.516015299659967,0.0956060636785813
4307,350000,9643000,0.347881649255753,-0.50829797527194,0.102116500136722
4308,351000,9643000,0.282813732470572,-0.506551545849443,0.122203115372546
4309,352000,9643000,0.247682529596891,-0.475345943621546,0.118510051812604
4310,353000,9643000,0.253003259218484,-0.477951228439808,0.126815275147418
4311,354000,9643000,0.291458245619386,-0.49120698094368,0.115298396229406
4312,355000,9643000,0.231435116153955,-0.489647730994225,0.119554618547205
4313,356000,9643000,0.220464913412184,-0.487831292134523,0.123959673291259
4314,357000,9643000,0.218461237189546,-0.451755599416792,0.119064078410529
4315,358000,9643000,0.22044486291483,-0.462432847668231,0.101164408751205
4316,359000,9643000,0.25607005802542,-0.437376192073524,0.108762863522605
4317,360000,9643000,0.353648535299301,-0.452463000622392,0.109012260557385
4318,361000,9643000,0.235510934903473,-0.450758299300075,0.127313659137255
4319,362000,9643000,0.20120881806165,-0.461687094751,0.118725972916093
4320,363000,9643000,0.298850324909389,-0.493362627071142,0.15789537226297
4321,364000,9643000,0.254123673012853,-0.490241538383067,0.146926217010804
4322,365000,9643000,0.176232134879753,-0.434700925242901,0.101160195772623
4323,366000,9643000,0.174525684957951,-0.492150959903002,0.0793462769819598
4324,367000,9643000,0.178921882022917,-0.61576944412291,0.0741911755938083
4325,368000,9643000,0.184938700646907,-0.610980161201954,0.0843881503625657
4326,369000,9643000,0.188453498825431,-0.613457519644499,0.0899834673621692
4327,370000,9643000,0.167489024781436,-0.621041477221251,0.0441853426145914
4328,371000,9643000,0.187943489696831,-0.609876553535461,0.0448929463440727
4329,372000,9643000,0.196516060621291,-0.624924828273058,0.0677284002344299
4330,373000,9643000,0.174465782381594,-0.618488124459982,0.0528382819912164
4331,374000,9643000,0.183669977980107,-0.60157238561511,0.0518373746213969
4332,375000,9643000,0.202770279740745,-0.609577260179953,0.0881717364574698
4333,262000,9644000,0.519292918525636,-0.441801074415445,0.0593864507790422
4334,263000,9644000,0.530746972560883,-0.444517278197408,0.0447644042875618
4335,264000,9644000,0.408660858908296,-0.490487686890364,0.0564262853613473
4336,265000,9644000,0.508191269998066,-0.491822910583764,0.0812354888364207
4337,266000,9644000,0.463376706537494,-0.470100279264827,0.0851193955305964
4338,267000,9644000,0.314929223764047,-0.341241984555341,0.0773542724856175
4339,268000,9644000,0.404799937749666,-0.501976543907635,0.0623488197755069
4340,269000,9644000,0.464301926364005,-0.532391783592105,0.0586012673420832
4341,270000,9644000,0.462107867364585,-0.518602645869553,0.056872664047638
4342,271000,9644000,0.453044658747315,-0.534041450068355,0.0566762102896348
4343,272000,9644000,0.484749785104394,-0.528085858140886,0.0550041753252037
4344,273000,9644000,0.506375124048442,-0.507240913617611,0.0500011170864454
4345,274000,9644000,0.474902701790631,-0.521611725719273,0.0539045753654093
4346,275000,9644000,0.440605214063078,-0.528773536574096,0.0637116536378395
4347,276000,9644000,0.398183721765131,-0.53707884349525,0.068530964147253
4348,277000,9644000,0.367326357670873,-0.53139390963316,0.0614282795790583
4349,278000,9644000,0.386475875411928,-0.525325198143721,0.0539071048581507
4350,279000,9644000,0.441063357526809,-0.527945933154225,0.0481246891174
4351,280000,9644000,0.467212746847421,-0.523755318039656,0.0418200481154257
4352,281000,9644000,0.481486839939654,-0.52656453345269,0.0490346552579198
4353,282000,9644000,0.49573948732838,-0.538287991860509,0.0610448668225668
4354,283000,9644000,0.409293507120013,-0.569669103547931,0.0690854832313024
4355,284000,9644000,0.446816891614348,-0.562923426729441,0.0613595105557702
4356,285000,9644000,0.387603471407294,-0.561511877006292,0.0623190869164653
4357,286000,9644000,0.420753187459335,-0.564247059714794,0.066308146863617
4358,287000,9644000,0.429436387331784,-0.544802235637605,0.0492181341823656
4359,288000,9644000,0.42759782782644,-0.52071874229759,0.0511993308207253
4360,289000,9644000,0.478473376112431,-0.507306065756828,0.0462685226807371
4361,290000,9644000,0.576706212272495,-0.49932413957566,0.0403877581037814
4362,291000,9644000,0.637863949437439,-0.511561050179601,0.0392744918918237
4363,292000,9644000,0.673811346802115,-0.508411699695885,0.0357803866402246
4364,293000,9644000,0.706916327182949,-0.520121046595275,0.0348269191094907
4365,294000,9644000,0.718011111694574,-0.510255155208707,0.0322956192103215
4366,295000,9644000,0.665537003214657,-0.504645406399667,0.0372857433082536
4367,296000,9644000,0.657124803686142,-0.49684834895581,0.0398607795360149
4368,297000,9644000,0.673102290010452,-0.475635224242508,0.0376034140594769
4369,298000,9644000,0.674364042656124,-0.470665943536162,0.0405733378132572
4370,299000,9644000,0.694619311465323,-0.482287858985364,0.0349318544580834
4371,3e+05,9644000,0.690255473171175,-0.488557109894603,0.0306798056934727
4372,301000,9644000,0.728398781400919,-0.489001923786104,0.030651307425159
4373,302000,9644000,0.689049868851155,-0.477138250270486,0.0375666850093287
4374,303000,9644000,0.716256598335504,-0.472343689146638,0.0339112293802667
4375,304000,9644000,0.699723005151749,-0.454002853830159,0.0336314439885551
4376,305000,9644000,0.72234446631819,-0.46762444678396,0.0315588967509917
4377,306000,9644000,0.698269128447771,-0.46791673374474,0.0318455702412524
4378,307000,9644000,0.730544969815016,-0.487012644074857,0.0321325759023777
4379,308000,9644000,0.698941865068674,-0.485289390109479,0.03688235524958
4380,309000,9644000,0.688834399717301,-0.476026564721763,0.0410222622693633
4381,310000,9644000,0.699236169956625,-0.458277218160033,0.0358295963763376
4382,311000,9644000,0.70026795823276,-0.455328688631952,0.0377880483905901
4383,312000,9644000,0.692133043247461,-0.459267634510249,0.0388752798306174
4384,313000,9644000,0.720868722915649,-0.480648503898084,0.0348864396138117
4385,314000,9644000,0.768737745517492,-0.517913487546146,0.0241643833311507
4386,315000,9644000,0.79978740965426,-0.525848373124003,0.0213429860374599
4387,316000,9644000,0.833780250394344,-0.50652111980319,0.0177799648926302
4388,317000,9644000,0.807553330373764,-0.497830625018477,0.0209022733397433
4389,318000,9644000,0.784760101228952,-0.471183827407658,0.029578910731955
4390,319000,9644000,0.750520393574238,-0.491447852030396,0.0378396909436677
4391,320000,9644000,0.761253758898377,-0.472931519471109,0.0332477969403611
4392,321000,9644000,0.75053492642045,-0.492828004550934,0.0366696421287954
4393,322000,9644000,0.757799213773012,-0.479004696774483,0.0474939559971564
4394,323000,9644000,0.779152685689926,-0.495639424872398,0.0570822186014964
4395,324000,9644000,0.746842653614283,-0.472943960660696,0.0589049883223313
4396,325000,9644000,0.753070808023214,-0.469050333723426,0.116683361739735
4397,326000,9644000,0.758119258880615,-0.45892508264184,0.0477526890652312
4398,327000,9644000,0.773768703979254,-0.488536860829592,0.0319036472694483
4399,328000,9644000,0.790535615628958,-0.492809623771906,0.0210826405266242
4400,329000,9644000,0.805110816681385,-0.500846083244681,0.0190988303200866
4401,330000,9644000,0.796513661670685,-0.501242374059558,0.0215946115444181
4402,331000,9644000,0.817871161991358,-0.498524758604169,0.0166087089404347
4403,332000,9644000,0.814919501459599,-0.500612325748801,0.0181700176865095
4404,333000,9644000,0.818716895210743,-0.501484973317385,0.0186072801963048
4405,334000,9644000,0.837365933531523,-0.506855044329166,0.0142982245450024
4406,335000,9644000,0.822877951318026,-0.499900133132935,0.015219780958636
4407,336000,9644000,0.822048020112515,-0.513803450495005,0.014981985768638
4408,337000,9644000,0.782547769707441,-0.528135871496797,0.0184675854026165
4409,338000,9644000,0.797070694023371,-0.521960441407561,0.0147263320944854
4410,339000,9644000,0.844095337414742,-0.507120491668582,0.0134930484829063
4411,340000,9644000,0.841301195323467,-0.501841833683848,0.0169942080224282
4412,341000,9644000,0.803520971614122,-0.536637492254376,0.0166015921376995
4413,342000,9644000,0.727934149539471,-0.53562030056715,0.0265534300597967
4414,343000,9644000,0.715657092082501,-0.506621292158216,0.0312432215205161
4415,344000,9644000,0.702251059468463,-0.503183314910531,0.0382239362437977
4416,345000,9644000,0.651467347985506,-0.491672662997246,0.0501445729373023
4417,346000,9644000,0.644249349628389,-0.495791778871417,0.0533444537345786
4418,347000,9644000,0.568114497141168,-0.492540395304561,0.0683579725752119
4419,348000,9644000,0.507911120729521,-0.500848705106974,0.0800985505373217
4420,349000,9644000,0.482360764410347,-0.508264531065524,0.0833484859257005
4421,350000,9644000,0.396017317053676,-0.511739444430172,0.104717345233355
4422,351000,9644000,0.320992726653814,-0.50343196015656,0.121923435025383
4423,352000,9644000,0.267222849074006,-0.49189495293498,0.113659378565755
4424,353000,9644000,0.22871620439291,-0.484662153074145,0.112483825647412
4425,354000,9644000,0.19394961245507,-0.475324334490299,0.104531860788353
4426,355000,9644000,0.210706287527829,-0.46752386726439,0.123134134536656
4427,356000,9644000,0.220938995215297,-0.459567102590203,0.123372276432533
4428,357000,9644000,0.283016878183186,-0.448778082028031,0.103409023728454
4429,358000,9644000,0.352113123316318,-0.472841747689247,0.109132187470351
4430,359000,9644000,0.422013821219653,-0.462191079553962,0.107644865568727
4431,360000,9644000,0.263411875940859,-0.423087575861812,0.122183541720454
4432,361000,9644000,0.197983606807888,-0.450729220171273,0.120828553011175
4433,362000,9644000,0.216364508067071,-0.469838816073537,0.146585805382766
4434,363000,9644000,0.245648479969054,-0.500113633480668,0.160290409594215
4435,364000,9644000,0.187353351125866,-0.514821113082767,0.175471283211
4436,365000,9644000,0.159382028534636,-0.473959420141578,0.144265582880005
4437,366000,9644000,0.214985334388621,-0.47413058281281,0.111033174597466
4438,367000,9644000,0.199105408707261,-0.56793482093811,0.0957691544253845
4439,368000,9644000,0.216389994113147,-0.598785997024178,0.100204697770765
4440,369000,9644000,0.15991073731035,-0.603142978224158,0.0417390967731306
4441,370000,9644000,0.158765667327493,-0.601446959167719,0.0311479661053629
4442,371000,9644000,0.161156104887277,-0.60905189178586,0.0304177630195976
4443,372000,9644000,0.191589862944186,-0.620132995718718,0.0593872700573935
4444,373000,9644000,0.174288127811253,-0.616797307831049,0.0418636126180412
4445,374000,9644000,0.176036130830646,-0.606615761184692,0.0405816355442163
4446,375000,9644000,0.179573042257266,-0.606565497300842,0.0575301668217236
4447,262000,9645000,0.451070313230157,-0.453473650515079,0.0320588364033028
4448,263000,9645000,0.624018741984665,-0.405483828034997,0.0287309175466129
4449,264000,9645000,0.379622766196728,-0.486565466234088,0.0547933338781353
4450,265000,9645000,0.398513061995804,-0.512175511819124,0.0549800189341418
4451,266000,9645000,0.4387946765095,-0.511858042559028,0.0597488619868178
4452,267000,9645000,0.394375764189661,-0.52493538608849,0.0588703752458096
4453,268000,9645000,0.446981158234179,-0.523833930009604,0.0651519814749248
4454,269000,9645000,0.44928415646106,-0.536210050472617,0.0605300266564358
4455,270000,9645000,0.442116346662492,-0.533514331679046,0.059065491581941
4456,271000,9645000,0.474037910972536,-0.535778102013469,0.0571736593459733
4457,272000,9645000,0.488012930718064,-0.53571286316216,0.0553433907799423
4458,273000,9645000,0.462416802687198,-0.531409674353059,0.0563067204135936
4459,274000,9645000,0.454406834690273,-0.549216818732768,0.057037517768424
4460,275000,9645000,0.433407216540258,-0.52790845477879,0.0574990785265574
4461,276000,9645000,0.491811598853767,-0.530927962110937,0.0531956692525651
4462,277000,9645000,0.470248731912673,-0.533412041063607,0.0524710146357771
4463,278000,9645000,0.431870336534083,-0.551779411530495,0.0504688162067905
4464,279000,9645000,0.441312330791354,-0.567269198906422,0.0536519533978775
4465,280000,9645000,0.541987564454973,-0.545522375947237,0.0565439792648191
4466,281000,9645000,0.478955637965351,-0.538767198973894,0.0521334264385048
4467,282000,9645000,0.464616413900442,-0.536609374649078,0.0492942392145284
4468,283000,9645000,0.379658344419301,-0.550262948420644,0.0578893602089956
4469,284000,9645000,0.445401659370959,-0.563267453530431,0.0650638483231887
4470,285000,9645000,0.429577304336429,-0.553669454795122,0.0751274868894368
4471,286000,9645000,0.402238288068399,-0.546460306739807,0.05881810463164
4472,287000,9645000,0.398347515968233,-0.549140079653263,0.0700286640445935
4473,288000,9645000,0.496937610436976,-0.505132521089911,0.0483778000104008
4474,289000,9645000,0.587681282092631,-0.511801340721548,0.0448190445105429
4475,290000,9645000,0.622295686770976,-0.502812837827206,0.0362391087933094
4476,291000,9645000,0.676162540405989,-0.50470051548332,0.0342247734710807
4477,292000,9645000,0.645465820258856,-0.517752734488249,0.0446415224316996
4478,293000,9645000,0.680517590798438,-0.520704734478891,0.0396644609748502
4479,294000,9645000,0.701953077530861,-0.513161350116134,0.0338124618473696
4480,295000,9645000,0.689644234375656,-0.505923041206598,0.0373617227050243
4481,296000,9645000,0.67457017968148,-0.505148483705521,0.034515336549643
4482,297000,9645000,0.673028851820529,-0.481914293184876,0.0393946653508581
4483,298000,9645000,0.677998377471417,-0.489277179971337,0.0395021659178426
4484,299000,9645000,0.695542221546173,-0.499931380416453,0.0353119468335994
4485,3e+05,9645000,0.691778174066544,-0.491279595759511,0.032829854220117
4486,301000,9645000,0.710415768770874,-0.482417666502297,0.0312123329680879
4487,302000,9645000,0.706075272592157,-0.480529405127466,0.0290469011923764
4488,303000,9645000,0.693106869235635,-0.474556415858865,0.0333012576692039
4489,304000,9645000,0.725524137990177,-0.463272568678856,0.0308382842855761
4490,305000,9645000,0.705815453024209,-0.465742517340183,0.0315191043115221
4491,306000,9645000,0.710275765000284,-0.48357253087908,0.0319924173476291
4492,307000,9645000,0.694964861166477,-0.487623613265157,0.0335458721787669
4493,308000,9645000,0.666062198586762,-0.479868570461124,0.0433125647810753
4494,309000,9645000,0.694851102109253,-0.468448863089085,0.0400919635187136
4495,310000,9645000,0.677522394445539,-0.449911095330119,0.0399299992977991
4496,311000,9645000,0.682428734534979,-0.461501789093018,0.0384653332171729
4497,312000,9645000,0.675701244235039,-0.465979567943513,0.0366886467815842
4498,313000,9645000,0.757496013051271,-0.494332291087508,0.0286530127070262
4499,314000,9645000,0.778353358310461,-0.5094187751472,0.0239925330994185
4500,315000,9645000,0.790013013124466,-0.487957916286588,0.0223411582608824
4501,316000,9645000,0.772630700522661,-0.497710623085499,0.0282859290812514
4502,317000,9645000,0.737964283114672,-0.488538003388047,0.0388590595919406
4503,318000,9645000,0.715818940389156,-0.488802104943991,0.0462685891320929
4504,319000,9645000,0.730129414728284,-0.50756559869349,0.0400365033445647
4505,320000,9645000,0.759719486868382,-0.508766167464852,0.0338165516974055
4506,321000,9645000,0.752189456099272,-0.495064163774252,0.0333689003854524
4507,322000,9645000,0.748550091776252,-0.477694798764586,0.0416973416406312
4508,323000,9645000,0.764194037079811,-0.458161693170667,0.084089611115295
4509,324000,9645000,0.754560094308853,-0.457300108587742,0.0861593880349625
4510,325000,9645000,0.754554319775105,-0.454197961583734,0.0911736030030355
4511,326000,9645000,0.75789599121213,-0.453099520048499,0.0656940305480268
4512,327000,9645000,0.757702030271292,-0.459777445849776,0.0387514326466713
4513,328000,9645000,0.777595647847652,-0.476982112681866,0.0398343238397269
4514,329000,9645000,0.795748742383719,-0.487266278383136,0.0198724651453202
4515,330000,9645000,0.805028105580807,-0.492966996875405,0.0173337281878223
4516,331000,9645000,0.819471849346161,-0.487582176676393,0.0253789015922521
4517,332000,9645000,0.818419060444832,-0.489811543697119,0.0185116635031183
4518,333000,9645000,0.809127064555883,-0.477496941423416,0.0256486755308346
4519,334000,9645000,0.812297614920139,-0.489075598469377,0.0200090359521331
4520,335000,9645000,0.808180267894268,-0.487938558065891,0.0174850249730516
4521,336000,9645000,0.816595473968983,-0.505737720414996,0.0137336535921379
4522,337000,9645000,0.798787734401226,-0.511797639116645,0.0172391730767966
4523,338000,9645000,0.834490608769655,-0.514130766692758,0.019589283107291
4524,339000,9645000,0.824625388491154,-0.511205299365521,0.0238822659967991
4525,340000,9645000,0.833942143309116,-0.509840640607476,0.0190414059947245
4526,341000,9645000,0.800947806400061,-0.524316350698471,0.0156248278897838
4527,342000,9645000,0.735192277887464,-0.540386706286669,0.0279414677627385
4528,343000,9645000,0.689643100647628,-0.513680869549513,0.0400907200588379
4529,344000,9645000,0.656282904355228,-0.492565151852369,0.0392255543395178
4530,345000,9645000,0.645232157144696,-0.491067403806746,0.052793938690424
4531,346000,9645000,0.605000980678201,-0.497568537935615,0.0641475383727811
4532,347000,9645000,0.55592909482643,-0.503926160228252,0.077674676206056
4533,348000,9645000,0.496278679913282,-0.504228438532352,0.0894858452837914
4534,349000,9645000,0.439396660289168,-0.512739131593704,0.0975594205746427
4535,350000,9645000,0.352899067428336,-0.504651923808455,0.109534187303111
4536,351000,9645000,0.296251343039423,-0.500997184751928,0.124994559479319
4537,352000,9645000,0.24650745055154,-0.473473926706612,0.109269833003357
4538,353000,9645000,0.208398368736729,-0.45780236825496,0.103391755369492
4539,354000,9645000,0.184548977218568,-0.449187672123313,0.111847341257893
4540,355000,9645000,0.195496382822841,-0.450676101398468,0.131132002961729
4541,356000,9645000,0.202463851255842,-0.451278123936057,0.128139488206198
4542,357000,9645000,0.351012917236204,-0.456420001217723,0.112196594334347
4543,358000,9645000,0.43938078007549,-0.461993477056921,0.108176384537434
4544,359000,9645000,0.267671986873448,-0.463779539720714,0.136104559011525
4545,360000,9645000,0.207685980664194,-0.44701808835268,0.155238838472031
4546,361000,9645000,0.243337461575121,-0.464850152185559,0.155811340930499
4547,362000,9645000,0.20854013716653,-0.439455367299914,0.13727408806514
4548,363000,9645000,0.149102213072777,-0.440438694506884,0.12685265182415
4549,364000,9645000,0.1673661646761,-0.465298824620247,0.159666086029448
4550,365000,9645000,0.143739955587313,-0.459215896853805,0.111768581782468
4551,366000,9645000,0.118293174022436,-0.425361703458428,0.0725251973911189
4552,367000,9645000,0.18107162383683,-0.475914482179284,0.144022908022627
4553,368000,9645000,0.203929137208313,-0.500049846029282,0.102268585523684
4554,369000,9645000,0.180363220193237,-0.604056621140242,0.0647218810135033
4555,370000,9645000,0.151417555464059,-0.6058850908041,0.0424864535635978
4556,371000,9645000,0.150963279929012,-0.615352680677176,0.0258259001500905
4557,372000,9645000,0.185706537080556,-0.631984517771006,0.0484768562845886
4558,373000,9645000,0.16112247582227,-0.614251443630457,0.0321985626911162
4559,374000,9645000,0.169731855118275,-0.622360050630569,0.0293437574970652
4560,375000,9645000,0.171933420239524,-0.616337673393163,0.0361891935235524
4561,262000,9646000,0.534349682487547,-0.423111141011119,0.0274140077620978
4562,263000,9646000,0.499870046041161,-0.394343242805451,0.0432516983138514
4563,264000,9646000,0.355497482359409,-0.479085238575935,0.0538344703400508
4564,265000,9646000,0.367692091005296,-0.50940833645165,0.0537701771801338
4565,266000,9646000,0.380824560452998,-0.518262374383211,0.0575683031505905
4566,267000,9646000,0.372330551159382,-0.517685831058025,0.04933702078606
4567,268000,9646000,0.399686596757174,-0.531109447255731,0.0614049309786875
4568,269000,9646000,0.401838108484447,-0.529350371819735,0.0599219804814435
4569,270000,9646000,0.389917010872066,-0.526104556688666,0.0611138953965157
4570,271000,9646000,0.47280301052779,-0.535773197415471,0.058138646088494
4571,272000,9646000,0.453567294804752,-0.539070091319084,0.057196748006111
4572,273000,9646000,0.452104019276798,-0.538679393525422,0.0563937461682595
4573,274000,9646000,0.391656076668203,-0.541156491822004,0.0599438791807741
4574,275000,9646000,0.455291193346679,-0.535126493792236,0.0629385637863539
4575,276000,9646000,0.462069779412448,-0.530823036810756,0.0576219608589075
4576,277000,9646000,0.43715731228888,-0.536850671820343,0.0528139457026497
4577,278000,9646000,0.47748183716312,-0.55331206227541,0.0558800044768024
4578,279000,9646000,0.446262003317475,-0.574878979992867,0.0671651442349888
4579,280000,9646000,0.556991193819046,-0.543552265101671,0.0548098893721821
4580,281000,9646000,0.496557101471722,-0.545949047842622,0.043868251965777
4581,282000,9646000,0.449892156532407,-0.555677073585987,0.0472470786667429
4582,283000,9646000,0.411656456084549,-0.555307738997042,0.0525695611769101
4583,284000,9646000,0.383381513994187,-0.526271341219544,0.0498140364001389
4584,285000,9646000,0.351659161106497,-0.523834980984032,0.0596151258105878
4585,286000,9646000,0.333600982833654,-0.528808500032127,0.0539740841820836
4586,287000,9646000,0.489814816037565,-0.510210192832351,0.0530442357603693
4587,288000,9646000,0.657808828023076,-0.508719319181144,0.042051958818268
4588,289000,9646000,0.603293206327036,-0.503167929152027,0.0399710659872973
4589,290000,9646000,0.643999884924293,-0.509480953545868,0.0375742389302468
4590,291000,9646000,0.687919683369994,-0.505858141340315,0.0342930167036597
4591,292000,9646000,0.691982737895846,-0.51587886743173,0.0394182576562045
4592,293000,9646000,0.682047574776411,-0.513463621008396,0.0380285542780999
4593,294000,9646000,0.672897964863479,-0.511003348606825,0.036511442256975
4594,295000,9646000,0.676821966505051,-0.522990877324343,0.0369900376469886
4595,296000,9646000,0.66710703009069,-0.515697697728872,0.0358164794063196
4596,297000,9646000,0.697843169721961,-0.499097184138,0.0343002622466302
4597,298000,9646000,0.63898097102493,-0.494333647990227,0.0442276334191905
4598,299000,9646000,0.649646928083897,-0.486338775673509,0.0433869000024861
4599,3e+05,9646000,0.708796418246627,-0.502244427677989,0.0347932706756284
4600,301000,9646000,0.686756889165938,-0.479389075925946,0.0345500831287296
4601,302000,9646000,0.73550492310822,-0.481952519607544,0.0305401963453274
4602,303000,9646000,0.665094464939833,-0.464453237365931,0.0337358909115428
4603,304000,9646000,0.709308999817073,-0.466686855188012,0.0328768113002414
4604,305000,9646000,0.696487138958275,-0.475015496714413,0.0350657193433959
4605,306000,9646000,0.713976369416714,-0.488455919536948,0.0327021089827525
4606,307000,9646000,0.65598966652751,-0.483090513902903,0.0451285695915343
4607,308000,9646000,0.672102388164401,-0.466847500219941,0.0427399990462698
4608,309000,9646000,0.693713872000575,-0.485625579048693,0.0377130062209908
4609,310000,9646000,0.672356277659535,-0.49163068818152,0.0405202623659745
4610,311000,9646000,0.716654966673255,-0.496326117685437,0.0328179283505073
4611,312000,9646000,0.654590691745281,-0.486575090941787,0.0408080147354834
4612,313000,9646000,0.761031732222438,-0.50069033735767,0.0296915917603765
4613,314000,9646000,0.753091237735748,-0.494886419135332,0.0293926810369594
4614,315000,9646000,0.742707128289342,-0.485152171401679,0.0379734001161996
4615,316000,9646000,0.733538977283239,-0.508783739611506,0.0379466436093557
4616,317000,9646000,0.715208782544732,-0.511432900220156,0.0391516664181254
4617,318000,9646000,0.724285325792432,-0.500463132174313,0.0364468709700624
4618,319000,9646000,0.726968236625194,-0.506479957318306,0.0344694453669828
4619,320000,9646000,0.706072143474221,-0.493799410967529,0.0446055238118337
4620,321000,9646000,0.691467484414578,-0.463006180341542,0.0484388023993874
4621,322000,9646000,0.716817639786005,-0.431649038876593,0.0912778217481682
4622,323000,9646000,0.755725848722458,-0.453160457578301,0.112312356464745
4623,324000,9646000,0.701320286372304,-0.476904534125328,0.103525055809203
4624,325000,9646000,0.66676402400434,-0.493293013882637,0.0680027080522501
4625,326000,9646000,0.732303082633018,-0.466751195928454,0.0687599468811764
4626,327000,9646000,0.74331278038621,-0.439168315464258,0.0676196589921601
4627,328000,9646000,0.768623274058104,-0.454839570558071,0.0504565037391381
4628,329000,9646000,0.779424774974585,-0.453068996170163,0.0352317200067861
4629,330000,9646000,0.79078516061306,-0.470134027603269,0.0374845784760488
4630,331000,9646000,0.775024685227871,-0.474169378459454,0.0389398840771522
4631,332000,9646000,0.786368319034576,-0.448672723859549,0.0275781068434007
4632,333000,9646000,0.790198199129105,-0.453862191411853,0.0248229489660705
4633,334000,9646000,0.794519436740875,-0.451156477674842,0.0227241713743657
4634,335000,9646000,0.797039274615049,-0.476833011487126,0.0181671955769649
4635,336000,9646000,0.795576852357388,-0.499135841548443,0.016050710662076
4636,337000,9646000,0.797422344172001,-0.517585724550486,0.0186485689676425
4637,338000,9646000,0.839964948242903,-0.502907998856902,0.0173247432685865
4638,339000,9646000,0.831430666267872,-0.500686581400037,0.0125072043050022
4639,340000,9646000,0.835362944424152,-0.517349695080519,0.0133598039615783
4640,341000,9646000,0.77937064204216,-0.553764470750093,0.0187774265737389
4641,342000,9646000,0.732623405966163,-0.522430922081321,0.0296310556934273
4642,343000,9646000,0.681440150168538,-0.501665381005406,0.0420643083565868
4643,344000,9646000,0.656137875415385,-0.480131663905829,0.045995018985169
4644,345000,9646000,0.66704977154322,-0.500116544877738,0.0486788360414561
4645,346000,9646000,0.57482741574794,-0.496117154502869,0.0646557236149907
4646,347000,9646000,0.564277162390202,-0.494856866475195,0.0703493097319035
4647,348000,9646000,0.478463810278475,-0.511289896799624,0.0908702978603076
4648,349000,9646000,0.413621532981098,-0.528209865993261,0.115660575114936
4649,350000,9646000,0.384235257090628,-0.520374086599052,0.121074906561896
4650,351000,9646000,0.307390964842588,-0.485981471210718,0.124734287462197
4651,352000,9646000,0.25928401306197,-0.468105401946604,0.113615596316941
4652,353000,9646000,0.187354782075435,-0.445103999644518,0.0991833469510078
4653,354000,9646000,0.171470386631787,-0.449093118855357,0.118324522329308
4654,355000,9646000,0.20346970962286,-0.455109316906333,0.148378574525751
4655,356000,9646000,0.368746094608307,-0.461166713157296,0.106282573191263
4656,357000,9646000,0.423467489165068,-0.488964622306824,0.110436542586097
4657,358000,9646000,0.431813220898062,-0.496544351224601,0.107950724800164
4658,359000,9646000,0.281037538318336,-0.506227008014917,0.138782215569355
4659,360000,9646000,0.244737752103806,-0.474285437555611,0.156306592461187
4660,361000,9646000,0.200345180877857,-0.424121587596834,0.100351926689735
4661,362000,9646000,0.176090200094134,-0.411368274697661,0.0991497788609006
4662,363000,9646000,0.141494288039953,-0.384100234605372,0.0823530214575585
4663,364000,9646000,0.157607793027163,-0.412296294051409,0.0955371918614954
4664,365000,9646000,0.159356999577954,-0.4275601919204,0.0768534017089754
4665,366000,9646000,0.138015066245943,-0.433685232055187,0.0738552421892993
4666,367000,9646000,0.139063262240216,-0.432169443929195,0.0919686082863249
4667,368000,9646000,0.208944421397895,-0.478302783694863,0.0841426633164287
4668,369000,9646000,0.193851374154538,-0.513847660163045,0.0926178884481546
4669,370000,9646000,0.176438427891582,-0.593002781787515,0.0481537670353893
4670,371000,9646000,0.148478640114516,-0.606594330525398,0.0294406189626316
4671,372000,9646000,0.178870134744793,-0.628446042197943,0.0598327567761356
4672,373000,9646000,0.162099905531853,-0.59914627494812,0.0418706481391564
4673,374000,9646000,0.166571944102645,-0.617073867589235,0.0339073442083783
4674,375000,9646000,0.162614311047576,-0.622008370161056,0.02645599614088
4675,262000,9647000,0.454620000651106,-0.44893189175427,0.0508849097925704
4676,263000,9647000,0.338492743036896,-0.438943951933086,0.0701852683144156
4677,264000,9647000,0.299265867845714,-0.476254520660639,0.044047596107889
4678,265000,9647000,0.323267795401812,-0.504901143744588,0.0472746587829664
4679,266000,9647000,0.340707471875846,-0.519116034084559,0.0535893547344487
4680,267000,9647000,0.351230772143602,-0.513566663330793,0.051095602442231
4681,268000,9647000,0.358173671463132,-0.517526502412558,0.0506744050161913
4682,269000,9647000,0.353297999469936,-0.517445705741644,0.057119329837244
4683,270000,9647000,0.351969069838524,-0.526382153636217,0.0572578184324317
4684,271000,9647000,0.380141740760207,-0.522963865929842,0.0518871557735489
4685,272000,9647000,0.418796348837018,-0.52745428108722,0.0571527045983821
4686,273000,9647000,0.398364740850031,-0.531622112610936,0.0536828227306716
4687,274000,9647000,0.39115976510793,-0.53401796118319,0.062755836133752
4688,275000,9647000,0.398390126937535,-0.504934192886273,0.063757625216851
4689,276000,9647000,0.399334361661295,-0.491469366177171,0.0543009971637977
4690,277000,9647000,0.417873847971112,-0.542991201537848,0.0509931946869241
4691,278000,9647000,0.484254790057242,-0.521647729056329,0.0530718865435338
4692,279000,9647000,0.49196841622889,-0.540201237854362,0.0592400235593785
4693,280000,9647000,0.48832735466063,-0.549307420435548,0.063467704143282
4694,281000,9647000,0.39188330244869,-0.556509703880548,0.05980747297341
4695,282000,9647000,0.431574203315377,-0.555547943586111,0.0576273973485921
4696,283000,9647000,0.403273432828486,-0.535899146954715,0.0517303547118092
4697,284000,9647000,0.375390143456869,-0.497101525550336,0.0452678681578021
4698,285000,9647000,0.371066618833318,-0.48974983202517,0.0469933160636574
4699,286000,9647000,0.437761660763994,-0.503968029502034,0.0514125859335298
4700,287000,9647000,0.631135888510942,-0.48881219124645,0.0397033190627699
4701,288000,9647000,0.680825341022015,-0.499762968491018,0.0402747525670566
4702,289000,9647000,0.647180685523152,-0.505317663447559,0.0420093444488244
4703,290000,9647000,0.628713790947199,-0.499530934767425,0.041420498204953
4704,291000,9647000,0.651839997718483,-0.507253464311361,0.0436327089231112
4705,292000,9647000,0.669514650306106,-0.514172406794131,0.0389868091954617
4706,293000,9647000,0.667151912635565,-0.508502840015292,0.040479830616375
4707,294000,9647000,0.62543857203573,-0.517626462012529,0.0483226101897308
4708,295000,9647000,0.668369054067135,-0.517359502241015,0.0380876745807938
4709,296000,9647000,0.681739813475311,-0.521756628124416,0.0430798555775546
4710,297000,9647000,0.745688208642602,-0.511701608625054,0.0312457727354951
4711,298000,9647000,0.573424403077364,-0.499916796866059,0.0614189619658049
4712,299000,9647000,0.60357072236836,-0.491771725925803,0.0536873261444503
4713,3e+05,9647000,0.641974158747494,-0.487108275459707,0.0442016359757865
4714,301000,9647000,0.706676132628322,-0.48754896312803,0.0345322121815989
4715,302000,9647000,0.698818620172888,-0.482745741374791,0.0301993951137294
4716,303000,9647000,0.709015279176831,-0.465732353771478,0.0296417859516921
4717,304000,9647000,0.696714782549441,-0.48129552449286,0.0310402855889173
4718,305000,9647000,0.68186559689194,-0.474711803714931,0.0360484018411022
4719,306000,9647000,0.720805391155183,-0.485961913773417,0.0323093026888091
4720,307000,9647000,0.685027738773823,-0.504165099209547,0.0413081388243707
4721,308000,9647000,0.785625531584024,-0.509422835189104,0.0203835119142197
4722,309000,9647000,0.753851785904169,-0.49628836119175,0.0255124807917746
4723,310000,9647000,0.727997841161489,-0.497142627230287,0.030598958756018
4724,311000,9647000,0.78239209420681,-0.481709286537766,0.0242004946121771
4725,312000,9647000,0.748759410661459,-0.465156916326284,0.0332359670934267
4726,313000,9647000,0.72986503149569,-0.485827388139069,0.0337808011492016
4727,314000,9647000,0.735004716527462,-0.499816141188145,0.0337141989325522
4728,315000,9647000,0.737794795018434,-0.504207057395577,0.0333668270455033
4729,316000,9647000,0.706282116092741,-0.496708432460018,0.0404603439934086
4730,317000,9647000,0.697305474439263,-0.493252667509019,0.0435325635780871
4731,318000,9647000,0.678595831474662,-0.465665326283872,0.0419678706254577
4732,319000,9647000,0.673386343836784,-0.445119197043777,0.0514272952986212
4733,320000,9647000,0.656571133843064,-0.434034877742827,0.0573181157871149
4734,321000,9647000,0.700726111400127,-0.434438324104249,0.0609392788308673
4735,322000,9647000,0.737772173500061,-0.432595580238104,0.114791095218714
4736,323000,9647000,0.765263363432884,-0.462590048786998,0.0880324593130266
4737,324000,9647000,0.659455218270421,-0.497721455764771,0.0664537067666417
4738,325000,9647000,0.544510713863373,-0.537792496085167,0.0464422512799385
4739,326000,9647000,0.683084715846181,-0.508844055005908,0.0743605742221407
4740,327000,9647000,0.720483095231652,-0.485128260749578,0.0375798641819973
4741,328000,9647000,0.704183091625571,-0.506714672017098,0.0540119991452782
4742,329000,9647000,0.734768047988415,-0.498518935501575,0.0356622695183847
4743,330000,9647000,0.780117543184757,-0.470038769027591,0.0458472011574369
4744,331000,9647000,0.733608759105206,-0.526288085490465,0.0407230076955631
4745,332000,9647000,0.739577383315563,-0.487489630502462,0.0510504867722804
4746,333000,9647000,0.755104702216387,-0.462585974192619,0.0313263765281416
4747,334000,9647000,0.766907260614634,-0.452016098064184,0.0304993983343709
4748,335000,9647000,0.741985327208042,-0.521996372875571,0.0227276211385732
4749,336000,9647000,0.797498810720444,-0.469603127747774,0.0289221079312032
4750,337000,9647000,0.823921669262648,-0.484698708337545,0.0259659233684884
4751,338000,9647000,0.841841997659206,-0.492436418634653,0.0124897653235879
4752,339000,9647000,0.835639147126675,-0.505544773316383,0.0152496859048202
4753,340000,9647000,0.840202139055729,-0.512405304062367,0.0114043944511039
4754,341000,9647000,0.796603352493048,-0.553090830484033,0.0184827123531606
4755,342000,9647000,0.687455051696301,-0.526793013802171,0.0398084801252466
4756,343000,9647000,0.691564405994117,-0.503434186881781,0.0433031036253553
4757,344000,9647000,0.650066308200127,-0.49142011654824,0.0467549290551338
4758,345000,9647000,0.628484438694641,-0.494201035308093,0.0538540649017785
4759,346000,9647000,0.461079605621099,-0.479863258593902,0.0784881662560627
4760,347000,9647000,0.567859970399708,-0.500070620255917,0.0731042317104992
4761,348000,9647000,0.503492226301134,-0.524905933266506,0.0879717719008215
4762,349000,9647000,0.432966542975232,-0.531978284388781,0.10745262378077
4763,350000,9647000,0.388796419935673,-0.515655599318445,0.109035226140358
4764,351000,9647000,0.320189364156872,-0.485836890950799,0.110992610045616
4765,352000,9647000,0.225364259939641,-0.45258445161134,0.108010521956533
4766,353000,9647000,0.165410454389453,-0.434910378135741,0.098174845322594
4767,354000,9647000,0.193741351122409,-0.460646927684546,0.15843613746576
4768,355000,9647000,0.236582861700654,-0.456175604809821,0.154530650789011
4769,356000,9647000,0.274978705064952,-0.440959973342717,0.125283362965751
4770,357000,9647000,0.343951669123769,-0.467652893060446,0.118398941148119
4771,358000,9647000,0.346880637966283,-0.477266572035104,0.0986794287338387
4772,359000,9647000,0.393179830994457,-0.524879014584422,0.122679476200743
4773,360000,9647000,0.415950857764482,-0.479721966171265,0.119807163783116
4774,361000,9647000,0.282079016748071,-0.437602387802303,0.110933313412732
4775,362000,9647000,0.199359510945156,-0.408625133138895,0.0961261761655565
4776,363000,9647000,0.183982615417987,-0.421005025327206,0.0680907799809938
4777,364000,9647000,0.182641367422044,-0.419649452030659,0.0802224303737748
4778,365000,9647000,0.175229329566658,-0.426153171336651,0.0670170984243276
4779,366000,9647000,0.164103884587064,-0.452196876391768,0.065706813501101
4780,367000,9647000,0.106941938285157,-0.426978577256203,0.04695428584076
4781,368000,9647000,0.163428921113908,-0.475138152736425,0.0846112914746627
4782,369000,9647000,0.194170028437674,-0.496642882275581,0.089561015930376
4783,370000,9647000,0.218448992553353,-0.471372229659557,0.0783657353861257
4784,371000,9647000,0.204129298078269,-0.53648061491251,0.0617096026984276
4785,372000,9647000,0.182082737413049,-0.607046193319559,0.0634792408150155
4786,373000,9647000,0.168543648421019,-0.62263898833096,0.0642147724773269
4787,374000,9647000,0.174889674910158,-0.616490998470783,0.0561262588128448
4788,375000,9647000,0.167548149519346,-0.616142240004106,0.0341224737323567
4789,262000,9648000,0.39562490773201,-0.438956553906202,0.0696102076433599
4790,263000,9648000,0.296676206560433,-0.451385745993257,0.0615973033122253
4791,264000,9648000,0.292062326620519,-0.502865408611298,0.0456010570808314
4792,265000,9648000,0.307200311112404,-0.530251183110476,0.0504723858253099
4793,266000,9648000,0.299600012387335,-0.530834605151415,0.0516961130975746
4794,267000,9648000,0.306605820322037,-0.511802744725347,0.0547493965684436
4795,268000,9648000,0.310577496942878,-0.517483838379383,0.0545845306244213
4796,269000,9648000,0.303867979119718,-0.517078879103064,0.0426498773183208
4797,270000,9648000,0.296797303491831,-0.511583474172652,0.0387605176333571
4798,271000,9648000,0.301411509627104,-0.508613768869638,0.0426517594601959
4799,272000,9648000,0.343258003789186,-0.518147498387098,0.0490495525087928
4800,273000,9648000,0.35543483325839,-0.521911009272933,0.04727348583641
4801,274000,9648000,0.381712786588259,-0.521933634258807,0.0626734790070448
4802,275000,9648000,0.39507389299944,-0.507856253485521,0.0697984986438882
4803,276000,9648000,0.3966024699267,-0.522607299780846,0.0752188655955717
4804,277000,9648000,0.397745090745389,-0.547236826492846,0.0486837061015656
4805,278000,9648000,0.423697241848707,-0.546637458860874,0.0543114605679177
4806,279000,9648000,0.462490360312746,-0.533313280148804,0.0541877634047298
4807,280000,9648000,0.430411805117107,-0.531488768322021,0.0634882649960695
4808,281000,9648000,0.452936927087605,-0.550128874118626,0.07266099738013
4809,282000,9648000,0.411121380832791,-0.551579583406448,0.0556306752065197
4810,283000,9648000,0.385473619578779,-0.537875862036645,0.0513586150943418
4811,284000,9648000,0.348912741747126,-0.538787386937439,0.0549154716566671
4812,285000,9648000,0.496454754248261,-0.528425944113731,0.057532253991859
4813,286000,9648000,0.72969073304981,-0.5211422539711,0.039384576562373
4814,287000,9648000,0.617115293687582,-0.481297322922945,0.0457351967454189
4815,288000,9648000,0.656030182369053,-0.495955618412793,0.0406088042827789
4816,289000,9648000,0.678775888705254,-0.50595618981868,0.0412970889214892
4817,290000,9648000,0.654069187818468,-0.500103852552175,0.0407498057148885
4818,291000,9648000,0.693639350435138,-0.511422964538634,0.0398189967625774
4819,292000,9648000,0.687442504307628,-0.520037857496738,0.044432040470955
4820,293000,9648000,0.639243859536946,-0.506149042283744,0.047492287159292
4821,294000,9648000,0.606715635199845,-0.52193867790103,0.0580442092393758
4822,295000,9648000,0.71587499075532,-0.515731706161797,0.0381145386445627
4823,296000,9648000,0.837609871596098,-0.512482505440712,0.020092628720004
4824,297000,9648000,0.836326602858305,-0.533715667808056,0.0216681075727975
4825,298000,9648000,0.617586588276923,-0.501359070982039,0.0587046758652781
4826,299000,9648000,0.577792936602235,-0.497101612314582,0.0664324567992589
4827,3e+05,9648000,0.65627811499536,-0.501431936877966,0.0470403688970604
4828,301000,9648000,0.662213608178496,-0.50527169239819,0.0433565386989852
4829,302000,9648000,0.665757261943817,-0.498278594596684,0.0428681132010184
4830,303000,9648000,0.750119472178817,-0.48318298740238,0.0274940310206613
4831,304000,9648000,0.726276358968019,-0.494877314674854,0.0313140473035048
4832,305000,9648000,0.73626479216963,-0.487694905138016,0.029593898230046
4833,306000,9648000,0.784293473389745,-0.500723873466253,0.0229628646901692
4834,307000,9648000,0.802718420806527,-0.494534033299983,0.0193428901218635
4835,308000,9648000,0.806925918960571,-0.510073123276234,0.0175059504060831
4836,309000,9648000,0.796177556431294,-0.500038726624846,0.0196509462456917
4837,310000,9648000,0.7890316593647,-0.490741452604532,0.0209864277377375
4838,311000,9648000,0.742303525620699,-0.47427119242847,0.036534063723142
4839,312000,9648000,0.730226154357195,-0.497536357018352,0.0388001378072775
4840,313000,9648000,0.707567045670748,-0.513657305984199,0.0392662455929909
4841,314000,9648000,0.709196418851614,-0.517553639395535,0.0366452868922148
4842,315000,9648000,0.713084302568436,-0.505557421654463,0.0327822471567779
4843,316000,9648000,0.661836219871044,-0.445334722422063,0.0571347494175658
4844,317000,9648000,0.684416573879123,-0.460428806732595,0.0783961163018597
4845,318000,9648000,0.683299957108498,-0.427189686001837,0.0767643825683277
4846,319000,9648000,0.688647922980785,-0.418864463415742,0.0706571791764814
4847,320000,9648000,0.694492820614576,-0.42534229195118,0.084310777384229
4848,321000,9648000,0.71396783657074,-0.444619833943248,0.0800442445731023
4849,322000,9648000,0.686240663594007,-0.477344295367599,0.0834247830996523
4850,323000,9648000,0.638875642111898,-0.506772392788529,0.118424160929164
4851,324000,9648000,0.579643756935,-0.53923531422317,0.0604044977907441
4852,325000,9648000,0.53844024232626,-0.550183949789405,0.0507206031797221
4853,326000,9648000,0.582333888626099,-0.540123758262396,0.059089050146169
4854,327000,9648000,0.602489109030366,-0.540369588458538,0.0543624881087337
4855,328000,9648000,0.605564638659358,-0.550855267938972,0.0330122406443872
4856,329000,9648000,0.661168698826432,-0.548041258248687,0.0538313142101746
4857,330000,9648000,0.714656961947679,-0.522151182386279,0.047497150959773
4858,331000,9648000,0.674343601492047,-0.524459471547604,0.0471326207791455
4859,332000,9648000,0.651406288602948,-0.545558425122499,0.0532765951718029
4860,333000,9648000,0.561170029866695,-0.557557321232557,0.0270515916305827
4861,334000,9648000,0.655147088751197,-0.525805729475617,0.0325893463005545
4862,335000,9648000,0.729017416805029,-0.501854259240627,0.0257859395530075
4863,336000,9648000,0.787313510072231,-0.442361640182137,0.033658540942127
4864,337000,9648000,0.83007589905858,-0.476631737092137,0.0195903947121173
4865,338000,9648000,0.837224513626099,-0.492545351156592,0.0136563400324609
4866,339000,9648000,0.834826099711657,-0.505380759227276,0.0105860705125233
4867,340000,9648000,0.843410727745295,-0.522006605660915,0.0126167173491325
4868,341000,9648000,0.742622674357891,-0.56707550675571,0.0262448039091891
4869,342000,9648000,0.672437604646385,-0.513903520748019,0.0464375511752907
4870,343000,9648000,0.689112812045217,-0.481024739265442,0.0445946462878957
4871,344000,9648000,0.642186765731871,-0.49772163842693,0.0498553544146125
4872,345000,9648000,0.634330591419339,-0.492085358662345,0.057761082416866
4873,346000,9648000,0.555347095878329,-0.520138075256348,0.0767587160321884
4874,347000,9648000,0.534997917476296,-0.52289266807586,0.0798377365660388
4875,348000,9648000,0.499092857009172,-0.524705917863548,0.0959766666192561
4876,349000,9648000,0.530343252420425,-0.513794244915247,0.084197427410353
4877,350000,9648000,0.473854649585485,-0.510320400038362,0.0937547269423492
4878,351000,9648000,0.365577656418085,-0.502581165832281,0.11740239167125
4879,352000,9648000,0.273713449893147,-0.479853250394762,0.124354376114532
4880,353000,9648000,0.235948994813859,-0.471080947172642,0.132291800146922
4881,354000,9648000,0.135432676001638,-0.411963822954893,0.136746181533951
4882,355000,9648000,0.168253469631448,-0.426120803311467,0.118386632322241
4883,356000,9648000,0.182048796408996,-0.413135865843296,0.121824229611363
4884,357000,9648000,0.22455917814672,-0.42883453977555,0.112027626760304
4885,358000,9648000,0.326023426160216,-0.468789493213594,0.0946250113739632
4886,359000,9648000,0.383985605850769,-0.475612093867362,0.0791363294369657
4887,360000,9648000,0.419930925439298,-0.479335706490278,0.0981834466019878
4888,361000,9648000,0.3144194430843,-0.499694748675823,0.105011255249626
4889,362000,9648000,0.270920126076788,-0.460573444807529,0.101393601342291
4890,363000,9648000,0.192786813262478,-0.415261201694608,0.0765622077239677
4891,364000,9648000,0.213431093733013,-0.417476565030217,0.0767683466897579
4892,365000,9648000,0.2012223562181,-0.426730134439468,0.076933946918603
4893,366000,9648000,0.182666425813735,-0.430483291707933,0.0643384617233649
4894,367000,9648000,0.133395983950421,-0.430654130581021,0.0532613780885236
4895,368000,9648000,0.121826991911978,-0.416467151847482,0.0604745946186362
4896,369000,9648000,0.166492522714287,-0.426281113921106,0.0603647631293163
4897,370000,9648000,0.154279553116485,-0.467809754693508,0.0805807387977489
4898,371000,9648000,0.19346883372888,-0.442554850444198,0.0828973893859889
4899,372000,9648000,0.200475666966289,-0.460894053715467,0.064709803544078
4900,373000,9648000,0.163979942103475,-0.609526002258062,0.0415505565723754
4901,374000,9648000,0.179329692356288,-0.626365934115648,0.0463738394957152
4902,375000,9648000,0.150358843430877,-0.615216142426838,0.0296655291820538
4903,262000,9649000,0.390161419849843,-0.420729887522757,0.0572452981750248
4904,263000,9649000,0.272728222901002,-0.42415080164969,0.0523793320547789
4905,264000,9649000,0.253205596321821,-0.47463738874197,0.0440674185313983
4906,265000,9649000,0.253287080791593,-0.509829571914673,0.0524664235489443
4907,266000,9649000,0.256547821442783,-0.50982174641788,0.0467337654815987
4908,267000,9649000,0.274036035540327,-0.507424043002725,0.049201759274397
4909,268000,9649000,0.252310354427993,-0.497379682743549,0.0401667373209028
4910,269000,9649000,0.2487239783369,-0.503544893407822,0.0391839722616132
4911,270000,9649000,0.245007743519545,-0.494221332526207,0.0261649875680916
4912,271000,9649000,0.260114037504792,-0.501343763405085,0.0332791205238085
4913,272000,9649000,0.293350783655234,-0.498830473034084,0.043294890782563
4914,273000,9649000,0.316020655322075,-0.505575376555324,0.0474878012708388
4915,274000,9649000,0.35541070445925,-0.506806969340146,0.0630508315081708
4916,275000,9649000,0.352733405302465,-0.511139627933502,0.0645003714072518
4917,276000,9649000,0.363866660007089,-0.501059940920514,0.0632423587138765
4918,277000,9649000,0.38551608979404,-0.490089400679409,0.0544230351815932
4919,278000,9649000,0.426440859213471,-0.515629432432353,0.070257680996228
4920,279000,9649000,0.429698079888523,-0.508872488183592,0.0623456831169548
4921,280000,9649000,0.420907007412612,-0.528309979143739,0.0670714316275436
4922,281000,9649000,0.356074085591733,-0.546247287359834,0.0724455865554511
4923,282000,9649000,0.348170378772914,-0.565532124984264,0.0697781792421825
4924,283000,9649000,0.369330366572738,-0.563626101642847,0.0555268030135892
4925,284000,9649000,0.328650437547266,-0.550032264772058,0.0525173439108767
4926,285000,9649000,0.597192425111658,-0.534167326218245,0.0486407248577336
4927,286000,9649000,0.713219231829047,-0.537734097155929,0.038991737144487
4928,287000,9649000,0.603682195802033,-0.503806741073728,0.044787810734252
4929,288000,9649000,0.653005406153202,-0.503626192687778,0.0440954056739691
4930,289000,9649000,0.654130164264142,-0.508629216399789,0.0480009417524794
4931,290000,9649000,0.645274286070466,-0.520964002847672,0.0521173513116781
4932,291000,9649000,0.659647892539203,-0.520951697297394,0.0495346304302337
4933,292000,9649000,0.684205964103341,-0.507466123604774,0.0410150428171502
4934,293000,9649000,0.738767723526061,-0.516957064531744,0.0312292977676436
4935,294000,9649000,0.807872632604837,-0.511347833579779,0.0203962883741537
4936,295000,9649000,0.833640858709812,-0.499846156185865,0.0143457587814366
4937,296000,9649000,0.829477089244127,-0.506726468384266,0.0297224644031259
4938,297000,9649000,0.830126722490788,-0.518619010528922,0.0292329899742559
4939,298000,9649000,0.748500006696582,-0.49190322804153,0.0357639575621695
4940,299000,9649000,0.60106376850605,-0.513176878175139,0.0622369671673281
4941,3e+05,9649000,0.648311334350705,-0.520668990683556,0.0529920865504886
4942,301000,9649000,0.709848031935096,-0.511864737305045,0.0373952175723738
4943,302000,9649000,0.741364663484693,-0.508508983024955,0.0290528680950054
4944,303000,9649000,0.763259360799193,-0.477743656477332,0.0304256384775974
4945,304000,9649000,0.774428699195385,-0.479827037736773,0.0286662357565947
4946,305000,9649000,0.787765564966202,-0.485472976282239,0.0250306932298234
4947,306000,9649000,0.785343244373798,-0.493980930361152,0.0283742276810401
4948,307000,9649000,0.790266225872934,-0.486580879198015,0.0258258942373446
4949,308000,9649000,0.817288881695271,-0.51463443211168,0.0161262318254507
4950,309000,9649000,0.788175415092707,-0.508660448202491,0.0237103099917585
4951,310000,9649000,0.787876908802986,-0.501682991194725,0.0211462308890303
4952,311000,9649000,0.737221455174685,-0.517869574809074,0.0363416222748114
4953,312000,9649000,0.718227227300406,-0.523488151088357,0.0371114165565232
4954,313000,9649000,0.707278570571542,-0.522091953366995,0.0338637425601832
4955,314000,9649000,0.707061174377799,-0.506891545751691,0.0356365004158579
4956,315000,9649000,0.68217395541966,-0.462348071278632,0.0417023610184318
4957,316000,9649000,0.688935283815861,-0.446379944573343,0.0529716878764564
4958,317000,9649000,0.686308724802732,-0.433811784759164,0.0887561721046688
4959,318000,9649000,0.69238731636405,-0.410411077700555,0.115107913332654
4960,319000,9649000,0.702416440364718,-0.430790164804459,0.106651402269059
4961,320000,9649000,0.683382409307361,-0.460682894444466,0.0970624704160495
4962,321000,9649000,0.616743744549155,-0.5103777905792,0.122422057435499
4963,322000,9649000,0.525803185418248,-0.550474596443772,0.0668082645440009
4964,323000,9649000,0.501741740548611,-0.550794652691484,0.083641766632162
4965,324000,9649000,0.47918331001699,-0.563645250055194,0.0660633349840995
4966,325000,9649000,0.469323214665055,-0.573054284855723,0.0530026049139211
4967,326000,9649000,0.499462196463346,-0.565140038099885,0.0496651768782991
4968,327000,9649000,0.532918753752112,-0.565841131654382,0.0762104831828969
4969,328000,9649000,0.5656956145823,-0.5682729719311,0.0539202016845811
4970,329000,9649000,0.549545630061626,-0.552991150477529,0.0494082400364801
4971,330000,9649000,0.540404926154017,-0.554656743839383,0.0345903428548714
4972,331000,9649000,0.543562771472335,-0.552710000115633,0.0309135792155284
4973,332000,9649000,0.486298554298282,-0.549094971260428,0.0315946843337966
4974,333000,9649000,0.487984939804673,-0.554865840283036,0.0316411514699867
4975,334000,9649000,0.490520126709342,-0.564819361892343,0.0272001348481746
4976,335000,9649000,0.626524934729934,-0.527942768353224,0.0264320989747299
4977,336000,9649000,0.78993164255023,-0.466445989757776,0.0383106011389871
4978,337000,9649000,0.809627234226465,-0.470666605418921,0.0207568374044262
4979,338000,9649000,0.832629891353846,-0.49641007348299,0.0145650047431351
4980,339000,9649000,0.834491011863947,-0.509293019211292,0.0108110716808296
4981,340000,9649000,0.841642137593031,-0.518605468291044,0.0144062030327739
4982,341000,9649000,0.7298289767012,-0.545816206879914,0.0345026894296752
4983,342000,9649000,0.713152057893574,-0.514770413033292,0.0386806662213523
4984,343000,9649000,0.68439962759465,-0.492022567175329,0.0488157050339505
4985,344000,9649000,0.63635118477717,-0.474686558855325,0.054931160522555
4986,345000,9649000,0.612399056585878,-0.483186387612671,0.0657736928458326
4987,346000,9649000,0.585506629171222,-0.511104912286997,0.0720237502768636
4988,347000,9649000,0.435550857262313,-0.521875218454003,0.086272070939932
4989,348000,9649000,0.444998266996443,-0.526111247776449,0.100125860372372
4990,349000,9649000,0.440872395201772,-0.528327617874742,0.111696419470385
4991,350000,9649000,0.398366056721658,-0.517215761989355,0.119664051628043
4992,351000,9649000,0.332192453555018,-0.512670493523032,0.129356852125842
4993,352000,9649000,0.260521081707627,-0.479925788301229,0.134510234692786
4994,353000,9649000,0.211055300867558,-0.446464593787491,0.126946008342132
4995,354000,9649000,0.179111818771064,-0.431880269747973,0.11138458754234
4996,355000,9649000,0.206384376706183,-0.455833963620663,0.13264998969119
4997,356000,9649000,0.183088233414292,-0.442736058735847,0.116089015683904
4998,357000,9649000,0.203146265076846,-0.406133739604056,0.104129558173427
4999,358000,9649000,0.257569717614353,-0.433525341793895,0.0895924468087964
5000,359000,9649000,0.285025274768239,-0.447658802899718,0.107156024860777
5001,360000,9649000,0.259349845789373,-0.453661077338457,0.089276826334605
5002,361000,9649000,0.292098497804999,-0.510686809977889,0.0732483544597402
5003,362000,9649000,0.290966524231434,-0.481189102059603,0.105589641573373
5004,363000,9649000,0.254806048558652,-0.451129682311416,0.0645691361789126
5005,364000,9649000,0.252506748848595,-0.409426547831297,0.0845946187617141
5006,365000,9649000,0.216023040997982,-0.39707287607789,0.0651584896069602
5007,366000,9649000,0.203548031564429,-0.410034612587094,0.0611676059022138
5008,367000,9649000,0.20758301455304,-0.442214349639416,0.0776589455976849
5009,368000,9649000,0.162754634493217,-0.433247889713943,0.0708526526404661
5010,369000,9649000,0.18993883215636,-0.450903753647208,0.0835913492791355
5011,370000,9649000,0.222638613358885,-0.461317400169373,0.0762489639503474
5012,371000,9649000,0.145644007167965,-0.494287005904317,0.0522009131313418
5013,372000,9649000,0.154874548502266,-0.498209229022264,0.0480518540593737
5014,373000,9649000,0.188089694537222,-0.565788375410438,0.0431926351174421
5015,374000,9649000,0.175540646156669,-0.617443900349736,0.0478554249168141
5016,375000,9649000,0.157443439831788,-0.588737098845569,0.0406687258319421
5017,262000,9650000,0.27049025150761,-0.360959584400058,0.0849250345327891
5018,263000,9650000,0.287278507941961,-0.411061232985556,0.0703056029321859
5019,264000,9650000,0.261714572358876,-0.457145135524869,0.0495554810345173
5020,265000,9650000,0.239819949306548,-0.471597769275308,0.0478104630521499
5021,266000,9650000,0.210262626132369,-0.450748864391446,0.0453716188990511
5022,267000,9650000,0.230367954967916,-0.481434103219211,0.0435025235384935
5023,268000,9650000,0.220493376982957,-0.480860301148891,0.0398739123379346
5024,269000,9650000,0.232080860719085,-0.481152661135793,0.0508048200688325
5025,270000,9650000,0.242519231648743,-0.487144657304883,0.04925580050922
5026,271000,9650000,0.242187242697179,-0.494828060212731,0.034926984197204
5027,272000,9650000,0.265744874027744,-0.492544753603637,0.0435269004850881
5028,273000,9650000,0.272843326448649,-0.492476552806795,0.0441593574202154
5029,274000,9650000,0.293298034349084,-0.499210414284468,0.0556593194150366
5030,275000,9650000,0.301791998511553,-0.501582246544957,0.0590325189207681
5031,276000,9650000,0.329539440460503,-0.513840939044207,0.0562522229343187
5032,277000,9650000,0.368243829859234,-0.486022288075788,0.0687858852861915
5033,278000,9650000,0.378016982403025,-0.515538940674067,0.0692888250332791
5034,279000,9650000,0.375031424695253,-0.506228633902967,0.0681355377598666
5035,280000,9650000,0.37515468203947,-0.497299096001283,0.0703587105870247
5036,281000,9650000,0.37598894091472,-0.539331819537282,0.0821320198161528
5037,282000,9650000,0.514198762320541,-0.530662379352748,0.0659963697293773
5038,283000,9650000,0.377170484302938,-0.566872151041031,0.083074325112626
5039,284000,9650000,0.476961862102151,-0.550920506006479,0.0585939322991529
5040,285000,9650000,0.627810125414096,-0.535955301999394,0.0376312008257024
5041,286000,9650000,0.714776452766988,-0.531232600605069,0.0326256827766949
5042,287000,9650000,0.672239967189729,-0.513132352276146,0.0393644652718911
5043,288000,9650000,0.628980523473024,-0.50610673943162,0.0473178730508895
5044,289000,9650000,0.636154692164064,-0.502909124395251,0.0506706806595437
5045,290000,9650000,0.661225853341818,-0.517582855501771,0.0489776897781994
5046,291000,9650000,0.672787637594203,-0.51011897895672,0.0461962274433114
5047,292000,9650000,0.804480401077867,-0.513996279495955,0.0191079470611352
5048,293000,9650000,0.823783278876543,-0.516000291630626,0.0158843950247567
5049,294000,9650000,0.828540572297573,-0.505632368960977,0.0134214658143464
5050,295000,9650000,0.829720082318783,-0.497456676805019,0.0130547365763952
5051,296000,9650000,0.827886670690775,-0.504577217361331,0.0302096348901046
5052,297000,9650000,0.809675072753429,-0.504865034344792,0.0379027197131305
5053,298000,9650000,0.817083071133494,-0.49530370298326,0.0164266076419852
5054,299000,9650000,0.777612163737416,-0.505710359838605,0.0270041246078326
5055,3e+05,9650000,0.799050437387824,-0.507649506765604,0.0230718865917064
5056,301000,9650000,0.802416057270765,-0.496545879164338,0.0225717640374729
5057,302000,9650000,0.780332927715778,-0.492658278292418,0.0288663899084378
5058,303000,9650000,0.774543721652031,-0.495939444106817,0.0244227307360154
5059,304000,9650000,0.774697180444002,-0.493688065460324,0.0347417706958018
5060,305000,9650000,0.769326542055607,-0.500234865495563,0.0326346247167094
5061,306000,9650000,0.777253051388264,-0.512547996166348,0.0366152780070202
5062,307000,9650000,0.738939260622859,-0.489703752298653,0.0371413091897033
5063,308000,9650000,0.791199764117599,-0.499820993626118,0.0285242009551497
5064,309000,9650000,0.772278663355112,-0.542186534643173,0.0310473795392783
5065,310000,9650000,0.758796177738905,-0.501423185858131,0.0304397713991231
5066,311000,9650000,0.718436170107126,-0.519052852523327,0.0404100488161086
5067,312000,9650000,0.671150802823901,-0.474647597265244,0.0449120806375984
5068,313000,9650000,0.66521347669661,-0.457431379255652,0.0486611631632957
5069,314000,9650000,0.670473985812068,-0.46976414373517,0.0551721632370958
5070,315000,9650000,0.678045332586765,-0.449201837942004,0.0504421765881358
5071,316000,9650000,0.703594840991497,-0.440136078831553,0.0677294965390814
5072,317000,9650000,0.717947201660275,-0.437507095354795,0.0836810814378085
5073,318000,9650000,0.644823503634334,-0.481389347538352,0.126502390719508
5074,319000,9650000,0.528549341851473,-0.544486384564638,0.116617475215635
5075,320000,9650000,0.481704000931978,-0.547805054971576,0.09492059529791
5076,321000,9650000,0.449237747788429,-0.53549129640162,0.0953120600107824
5077,322000,9650000,0.43517770305723,-0.55633193770647,0.0746452393573709
5078,323000,9650000,0.427766033351421,-0.560854436579347,0.0853495309116784
5079,324000,9650000,0.431845041808486,-0.55894762416482,0.058851146051567
5080,325000,9650000,0.428872285751998,-0.562307078650594,0.0457794353260542
5081,326000,9650000,0.447394825555384,-0.566689337036014,0.0478552439731779
5082,327000,9650000,0.476388753333688,-0.562111280488968,0.0459749814515701
5083,328000,9650000,0.483761400976777,-0.566646725001931,0.0378763965522929
5084,329000,9650000,0.502378574106097,-0.559394614431262,0.0377743469488108
5085,330000,9650000,0.496436930418015,-0.565920061668754,0.0330259246059461
5086,331000,9650000,0.468205317524076,-0.561166646370292,0.0259283164170687
5087,332000,9650000,0.479630381783843,-0.555520726561546,0.0342484205455636
5088,333000,9650000,0.453018451347947,-0.561571999520063,0.0418535193161573
5089,334000,9650000,0.433745467814803,-0.578619157058001,0.0374422611343674
5090,335000,9650000,0.577104785430431,-0.554662345802784,0.0420289236541605
5091,336000,9650000,0.672710020360351,-0.518157331570983,0.0504730470748851
5092,337000,9650000,0.806605057650804,-0.476359971836209,0.0319255940710776
5093,338000,9650000,0.831338236260414,-0.506065557512641,0.0124865462502174
5094,339000,9650000,0.83384405862689,-0.516215756449103,0.0110842074146029
5095,340000,9650000,0.834373001435399,-0.534492581221461,0.0142636393047869
5096,341000,9650000,0.712853773206472,-0.55702326002717,0.0390621532970108
5097,342000,9650000,0.702633495666087,-0.532883431375027,0.0414451618017396
5098,343000,9650000,0.688518625794351,-0.509284774432331,0.0468462152613327
5099,344000,9650000,0.648539619732648,-0.492678929555416,0.0566752469404251
5100,345000,9650000,0.629014609217644,-0.498539221677184,0.0651864320815541
5101,346000,9650000,0.565077638378739,-0.506009717594087,0.0812178254961967
5102,347000,9650000,0.458592488764971,-0.50567871991545,0.0985974804907106
5103,348000,9650000,0.413220538114756,-0.513010231603682,0.107943946165033
5104,349000,9650000,0.420166636566073,-0.512350699882209,0.108872042194847
5105,350000,9650000,0.380669481810182,-0.517075462627411,0.125259010722954
5106,351000,9650000,0.312523242513463,-0.505367373807728,0.128648685275018
5107,352000,9650000,0.219714340914041,-0.451055278982967,0.117831820398755
5108,353000,9650000,0.188393313945085,-0.436110953766108,0.13231289313212
5109,354000,9650000,0.220077110870183,-0.464970891332626,0.148150618640333
5110,355000,9650000,0.211679642938077,-0.459800910827518,0.132843055436434
5111,356000,9650000,0.199699186804891,-0.43688848657012,0.110197919753008
5112,357000,9650000,0.249702671367675,-0.41287042491436,0.101511639550608
5113,358000,9650000,0.253115827596933,-0.425822030943632,0.105202238292992
5114,359000,9650000,0.289345946066827,-0.424681928667426,0.0819535427283961
5115,360000,9650000,0.298486268956214,-0.434589586576819,0.0768230117736501
5116,361000,9650000,0.264812837798148,-0.433386670356989,0.0951331159571419
5117,362000,9650000,0.291096445904672,-0.443652024067938,0.08475373312179
5118,363000,9650000,0.294515034496039,-0.428528160235286,0.0720686077608261
5119,364000,9650000,0.252156535261124,-0.417211909270287,0.0732284747495316
5120,365000,9650000,0.249753102606535,-0.421609606382251,0.0644646950230468
5121,366000,9650000,0.219135514543206,-0.418063689380884,0.0502932973639807
5122,367000,9650000,0.196857305128127,-0.419908169007301,0.050535897454177
5123,368000,9650000,0.164018142191693,-0.419246680802107,0.0602320451602573
5124,369000,9650000,0.206384016601741,-0.464942029207945,0.0961563397757709
5125,370000,9650000,0.214829500485957,-0.505358056348562,0.115440153120831
5126,371000,9650000,0.160306872712821,-0.513101178619266,0.0686595901778666
5127,372000,9650000,0.136905334723741,-0.439639754989743,0.0573395817982149
5128,373000,9650000,0.182610177979618,-0.473170660966635,0.0496269258208049
5129,374000,9650000,0.228417731650919,-0.540175395983458,0.0561375016738719
5130,375000,9650000,0.164856793677265,-0.590205517140302,0.0421204683047042
5131,262000,9651000,0.333459699712694,-0.387475374236703,0.072246541232802
5132,263000,9651000,0.280976610969752,-0.387017278020084,0.0756039068355225
5133,264000,9651000,0.291240682520717,-0.426301501889527,0.0597590000248747
5134,265000,9651000,0.306667737343907,-0.460636023703217,0.0540061934075318
5135,266000,9651000,0.238422103250772,-0.423721742686629,0.0500902292710496
5136,267000,9651000,0.191074692285061,-0.438051562619209,0.0416635119330138
5137,268000,9651000,0.194674867469072,-0.452901692381501,0.0400290663413703
5138,269000,9651000,0.205807003255188,-0.476025723561645,0.0442672560566803
5139,270000,9651000,0.220407494156761,-0.483397004152834,0.0439518029643572
5140,271000,9651000,0.226696090080589,-0.486263699939847,0.0423238170730881
5141,272000,9651000,0.231345678787678,-0.47762834712863,0.0443223949002568
5142,273000,9651000,0.232273138024658,-0.476026336184144,0.0466925658335444
5143,274000,9651000,0.254665338850766,-0.485652768930793,0.0491477522555855
5144,275000,9651000,0.260075712223351,-0.497331004029512,0.0526024688438047
5145,276000,9651000,0.268661692890525,-0.508106371811032,0.0626612542489544
5146,277000,9651000,0.303137661905587,-0.506737844637036,0.0594801290196367
5147,278000,9651000,0.238234524422698,-0.214806817695184,0.0581522657561582
5148,279000,9651000,0.314713168354705,-0.447729540768976,0.0751331128053833
5149,280000,9651000,0.332610137870163,-0.492862141243368,0.0758884383405559
5150,281000,9651000,0.407562914817035,-0.540776243528724,0.0918494349937886
5151,282000,9651000,0.426313013382629,-0.540845222397149,0.064822630883567
5152,283000,9651000,0.414310355708003,-0.555872933998704,0.0718288129308261
5153,284000,9651000,0.747182540369034,-0.51377415586412,0.0340940548982238
5154,285000,9651000,0.782960867190361,-0.513987570437789,0.0228576318401261
5155,286000,9651000,0.760325543201377,-0.519865417099441,0.0299480020808405
5156,287000,9651000,0.792856524577737,-0.519897425809503,0.0212314595540636
5157,288000,9651000,0.695290557529032,-0.519765683150291,0.0369169011783553
5158,289000,9651000,0.723119619078189,-0.528260524013639,0.0412034387690248
5159,290000,9651000,0.666571169784665,-0.507146649695933,0.0510804974297294
5160,291000,9651000,0.64811241659224,-0.48966681394577,0.0493182269702433
5161,292000,9651000,0.752023447483778,-0.50462068157047,0.0269357912626292
5162,293000,9651000,0.827013619059324,-0.500354206854105,0.0143074123644299
5163,294000,9651000,0.826592278158665,-0.490805350255966,0.0134906970342097
5164,295000,9651000,0.82790488268733,-0.495786456757784,0.0156448562180391
5165,296000,9651000,0.812479197892547,-0.510291765779257,0.0379406006280333
5166,297000,9651000,0.803166929221153,-0.505046306264401,0.0255113902398851
5167,298000,9651000,0.810329480683804,-0.506032168969512,0.0275291514283221
5168,299000,9651000,0.816563784220815,-0.502514211815596,0.0216635821402539
5169,3e+05,9651000,0.813880994960666,-0.513427931454778,0.0208942412204837
5170,301000,9651000,0.791540695533156,-0.500958132958412,0.0358795278720965
5171,302000,9651000,0.756852072292566,-0.485753735923767,0.0455758427230641
5172,303000,9651000,0.759686896246672,-0.516906683787704,0.0327154265111778
5173,304000,9651000,0.759846826386452,-0.515442613261938,0.044546890689875
5174,305000,9651000,0.714825599128008,-0.540363014170527,0.0474935139213689
5175,306000,9651000,0.73977896707654,-0.542883609443903,0.0552808930485277
5176,307000,9651000,0.727390211796761,-0.537044848014414,0.0418847263439093
5177,308000,9651000,0.774010658878088,-0.527996019257605,0.0311093571437697
5178,309000,9651000,0.768070241898298,-0.532536064612865,0.0354401051285909
5179,310000,9651000,0.749268639016151,-0.525750343391299,0.0336341550949961
5180,311000,9651000,0.660336428716779,-0.467914407600462,0.055039064660389
5181,312000,9651000,0.663043114864826,-0.456748172923923,0.0783028824892361
5182,313000,9651000,0.647835340768099,-0.444987760290504,0.10133579789456
5183,314000,9651000,0.667346366915107,-0.437385483005643,0.068405704920087
5184,315000,9651000,0.696931225135922,-0.427973729828,0.0674224720692262
5185,316000,9651000,0.699173404800892,-0.452537649521232,0.0785487358322833
5186,317000,9651000,0.640162187966704,-0.49281470053196,0.0672137049332552
5187,318000,9651000,0.531028566357493,-0.536476172554493,0.107756385426561
5188,319000,9651000,0.462886164417863,-0.548182891511917,0.11626327671489
5189,320000,9651000,0.359313701452315,-0.543408098769188,0.0930603376012761
5190,321000,9651000,0.311948735591769,-0.523573327815533,0.0704470004526898
5191,322000,9651000,0.322551296289265,-0.534403286033869,0.0478357515351381
5192,323000,9651000,0.31106518561244,-0.535506079095602,0.0835761221491732
5193,324000,9651000,0.343063918222487,-0.55302782727778,0.0693701051658019
5194,325000,9651000,0.376203574441373,-0.553478602299094,0.0501597756848205
5195,326000,9651000,0.393648095422983,-0.554987395074964,0.0455954407841899
5196,327000,9651000,0.434279305621982,-0.563410225227475,0.040593872657977
5197,328000,9651000,0.422525558438897,-0.578545229247212,0.0423870029355399
5198,329000,9651000,0.468409128463268,-0.563718763244152,0.0391177915332315
5199,330000,9651000,0.459617670536041,-0.568435747036338,0.026619591496262
5200,331000,9651000,0.423501059928536,-0.565992121562362,0.0302624336826848
5201,332000,9651000,0.420820991000533,-0.562800257152319,0.041026034991676
5202,333000,9651000,0.425253706917167,-0.572573709091544,0.0421832099758787
5203,334000,9651000,0.425352992725372,-0.574226665586233,0.0459920614911942
5204,335000,9651000,0.436004370009899,-0.586743157923222,0.0505783154908568
5205,336000,9651000,0.543283173587918,-0.568931961160898,0.0356360835263622
5206,337000,9651000,0.797123419898748,-0.467028651350737,0.0299864306615666
5207,338000,9651000,0.828976588821411,-0.508968044927716,0.0135505988455727
5208,339000,9651000,0.834405335485935,-0.523220554301143,0.0110488986933604
5209,340000,9651000,0.82558660223484,-0.534309920221567,0.0172553362577339
5210,341000,9651000,0.647553956568241,-0.584203791740537,0.0481516237365082
5211,342000,9651000,0.661224613131583,-0.531530823296309,0.0522237700195285
5212,343000,9651000,0.677561236897111,-0.488099506260455,0.0522508850075305
5213,344000,9651000,0.682242457640171,-0.488498495380208,0.0501970050004311
5214,345000,9651000,0.623636655582488,-0.482515587347001,0.0628130371750565
5215,346000,9651000,0.565991685898602,-0.503481266051531,0.079394482679572
5216,347000,9651000,0.460547349788249,-0.501164609006047,0.0863065502699464
5217,348000,9651000,0.443436964914948,-0.514317414849997,0.0986851476038806
5218,349000,9651000,0.403103126809746,-0.508511995819211,0.114626893899962
5219,350000,9651000,0.36437223848179,-0.517195773695409,0.119159128864482
5220,351000,9651000,0.304035862713307,-0.514361071375012,0.121955293534417
5221,352000,9651000,0.274379743728042,-0.508159386789799,0.123259433207568
5222,353000,9651000,0.228124564114213,-0.462661772286892,0.123070200299658
5223,354000,9651000,0.217049801620841,-0.450567340044677,0.110349437468406
5224,355000,9651000,0.214823686294258,-0.44777900262475,0.0998575774851721
5225,356000,9651000,0.21400959534198,-0.439599909645319,0.0958771163614467
5226,357000,9651000,0.196590521106124,-0.402017825981975,0.0733103618527763
5227,358000,9651000,0.253523957981169,-0.404409932461381,0.0611463502169587
5228,359000,9651000,0.297914204907417,-0.421723408573866,0.0736301178587833
5229,360000,9651000,0.263789232494682,-0.422089114817977,0.0669975761387031
5230,361000,9651000,0.264956668428332,-0.413300437456369,0.0661091396768112
5231,362000,9651000,0.286816272100806,-0.422797694808245,0.0680804949048208
5232,363000,9651000,0.321425335471332,-0.469665873754025,0.0814288763503544
5233,364000,9651000,0.272366328531504,-0.444979829776287,0.0611025358391693
5234,365000,9651000,0.256451716727763,-0.429538541860878,0.0706047984550241
5235,366000,9651000,0.20680081272386,-0.418889916777611,0.0567346760251327
5236,367000,9651000,0.193320594844595,-0.429611091442406,0.06505633780309
5237,368000,9651000,0.160020286211371,-0.430141517345607,0.0742592419262975
5238,369000,9651000,0.185103870479017,-0.479975042679906,0.0923089253350161
5239,370000,9651000,0.15840420294553,-0.476216777214408,0.0971805699362885
5240,371000,9651000,0.137716182257608,-0.452377860558033,0.0693892089878209
5241,372000,9651000,0.116016666212678,-0.428765990766883,0.0506749183830339
5242,373000,9651000,0.133812022843584,-0.458504141187668,0.0501604891357478
5243,374000,9651000,0.216899740080163,-0.468003448987007,0.0599068739749724
5244,375000,9651000,0.156915692233227,-0.541003762348132,0.0437600823709826
5245,262000,9652000,0.317009342558682,-0.393746945187449,0.0654934485119302
5246,263000,9652000,0.297512864568084,-0.389191168518364,0.0732966986560146
5247,264000,9652000,0.308132779986411,-0.40891708483696,0.0634763498153538
5248,265000,9652000,0.308141915962845,-0.444788806241751,0.0608536530905403
5249,266000,9652000,0.192616741240025,-0.385205438959599,0.0442942970712204
5250,267000,9652000,0.154975675974786,-0.385235837218165,0.0424957648688927
5251,268000,9652000,0.175883891392499,-0.415156825149059,0.0412504766739905
5252,269000,9652000,0.203458897736669,-0.457629574368894,0.049755558120925
5253,270000,9652000,0.212500463237613,-0.493761502121389,0.0446581596277654
5254,271000,9652000,0.231843864288926,-0.510621669143438,0.0500589643653017
5255,272000,9652000,0.213317094244063,-0.468555763617158,0.0528269313245546
5256,273000,9652000,0.213859322717041,-0.458729846042395,0.0541947867935523
5257,274000,9652000,0.226178465764225,-0.461488529515266,0.0598617780003697
5258,275000,9652000,0.236646560843289,-0.469450105208158,0.0624102983336896
5259,276000,9652000,0.24695905482769,-0.491508439335227,0.0612246313389391
5260,277000,9652000,0.243728489645571,-0.498534779956937,0.0552166864887811
5261,278000,9652000,0.246206566572934,-0.465093035335839,0.0649953608928248
5262,279000,9652000,0.274634910546429,-0.47697070056051,0.0876558658299735
5263,280000,9652000,0.294034725295007,-0.479577068271488,0.0749623275859281
5264,281000,9652000,0.338684700939711,-0.516030951341242,0.075042314636521
5265,282000,9652000,0.453308018085361,-0.546911549538374,0.0702671881658956
5266,283000,9652000,0.456539419461787,-0.536787838608026,0.0795490558778867
5267,284000,9652000,0.643533202213049,-0.511581690141559,0.0699547223773785
5268,285000,9652000,0.778947235417366,-0.499783198624849,0.0239336875051726
5269,286000,9652000,0.7880538220644,-0.508380013737083,0.0218141762024839
5270,287000,9652000,0.800820914334059,-0.51508657270968,0.0225991410820629
5271,288000,9652000,0.816019764524698,-0.515248386305571,0.0176097058186308
5272,289000,9652000,0.823793807309866,-0.520957761308551,0.0198432882967754
5273,290000,9652000,0.78075159791559,-0.519386278353631,0.0325932487019221
5274,291000,9652000,0.655660439964384,-0.515395596784353,0.056499374967668
5275,292000,9652000,0.797299354287982,-0.501897417879105,0.0194049016264325
5276,293000,9652000,0.831422062087059,-0.496273059031367,0.0114146679933823
5277,294000,9652000,0.827685190361738,-0.500556356725097,0.0139193631547911
5278,295000,9652000,0.815825625413656,-0.5024280295223,0.0161166787605383
5279,296000,9652000,0.798223020175099,-0.497472325897217,0.0308687822895823
5280,297000,9652000,0.796636007004976,-0.507882924461365,0.0301919912981073
5281,298000,9652000,0.803470971989632,-0.519036500838399,0.028284181981493
5282,299000,9652000,0.801579951095581,-0.517494349175692,0.0264414454044425
5283,3e+05,9652000,0.799543959313631,-0.515484555932879,0.0352852389839478
5284,301000,9652000,0.783161996567249,-0.505347591656446,0.0435229265808128
5285,302000,9652000,0.776108676967025,-0.490711418500543,0.0370086229806999
5286,303000,9652000,0.736155737054348,-0.532950998991728,0.0486090724884532
5287,304000,9652000,0.696197376006842,-0.538249510204792,0.0617723137896508
5288,305000,9652000,0.687492141807079,-0.54186716888845,0.065130498395022
5289,306000,9652000,0.723955826550722,-0.534033759230375,0.0517948293655645
5290,307000,9652000,0.705029884162545,-0.547080335578322,0.0542264646022115
5291,308000,9652000,0.736093346524239,-0.526558478240669,0.0394637733840966
5292,309000,9652000,0.727091190478206,-0.523073657393455,0.0464466541528585
5293,310000,9652000,0.72687432551384,-0.503013399884105,0.0571679851476802
5294,311000,9652000,0.689390689119697,-0.457232097968459,0.0901787270180299
5295,312000,9652000,0.657918867775798,-0.427060060818493,0.074666068602982
5296,313000,9652000,0.661413539880514,-0.441624623444676,0.105446960257535
5297,314000,9652000,0.645363440805674,-0.465973803719878,0.0678532636073418
5298,315000,9652000,0.61590562479794,-0.470774862314761,0.0701581077839946
5299,316000,9652000,0.563632444766164,-0.506574817502499,0.0959977564223809
5300,317000,9652000,0.451611930757761,-0.544063140144944,0.0529836036258377
5301,318000,9652000,0.414513117587566,-0.547812485924363,0.0852473680919851
5302,319000,9652000,0.368759221608937,-0.556246498322487,0.0663006097130332
5303,320000,9652000,0.283992708311975,-0.519074453011155,0.0906202376163623
5304,321000,9652000,0.232630983657762,-0.499673609417677,0.0592016048306599
5305,322000,9652000,0.220783036115766,-0.490721658787131,0.0642319912567735
5306,323000,9652000,0.221022642759979,-0.502319605615735,0.057130517767265
5307,324000,9652000,0.227066943722218,-0.508823194423318,0.0422270289545413
5308,325000,9652000,0.285119444573671,-0.520391654536128,0.0427034195063403
5309,326000,9652000,0.318518576182425,-0.533762647710741,0.0394791461787419
5310,327000,9652000,0.325609723387659,-0.531972539028525,0.0454582725033164
5311,328000,9652000,0.380652219480276,-0.563039009419084,0.0558851163932122
5312,329000,9652000,0.413444597695768,-0.546947477582097,0.0412647327735322
5313,330000,9652000,0.426395024992526,-0.553869525137544,0.0284547579519218
5314,331000,9652000,0.416270029310882,-0.572341386497021,0.0286101925963303
5315,332000,9652000,0.408756626728177,-0.574526547327638,0.0413356693030102
5316,333000,9652000,0.424665001875162,-0.575334759879112,0.0484437989779282
5317,334000,9652000,0.403258106282353,-0.589550541955233,0.051490414661984
5318,335000,9652000,0.428225822654366,-0.594616833135486,0.0541168971390463
5319,336000,9652000,0.604690428432822,-0.531441135784984,0.0336141399629181
5320,337000,9652000,0.792666187345982,-0.472668871566653,0.0229368799912219
5321,338000,9652000,0.835225949776173,-0.520776563456655,0.0151434618335625
5322,339000,9652000,0.842077329552174,-0.542421197876334,0.0122346654198482
5323,340000,9652000,0.821362934905291,-0.532891720351577,0.0169879415814416
5324,341000,9652000,0.690574547486007,-0.55729094337523,0.0426721486594877
5325,342000,9652000,0.685825287632644,-0.517285266505927,0.0498484488636721
5326,343000,9652000,0.667234512411058,-0.488604401751608,0.0517392811859958
5327,344000,9652000,0.633172946698964,-0.479644616112113,0.0560060155778425
5328,345000,9652000,0.593973050207458,-0.48078083447516,0.0588537711015902
5329,346000,9652000,0.553916732507944,-0.503099330957234,0.0745294142801315
5330,347000,9652000,0.490962398488075,-0.496765951310098,0.0853935494921636
5331,348000,9652000,0.44327244926542,-0.512492366629839,0.1008392463753
5332,349000,9652000,0.411737431106716,-0.517848841132224,0.102491043338273
5333,350000,9652000,0.350269954385608,-0.519976262612641,0.115793432934675
5334,351000,9652000,0.325581445905194,-0.516049890874699,0.124077730573434
5335,352000,9652000,0.2807725204207,-0.496098704501987,0.125427205994912
5336,353000,9652000,0.193676343712956,-0.460867094773054,0.144771542839799
5337,354000,9652000,0.256391625604779,-0.449755042204261,0.112176779682934
5338,355000,9652000,0.222765299426764,-0.457193764361739,0.108359077190189
5339,356000,9652000,0.202331058658287,-0.433879308432341,0.0765940792268608
5340,357000,9652000,0.201103338289261,-0.394429038092494,0.07956684448421
5341,358000,9652000,0.221795525778085,-0.376538404154778,0.054116102827061
5342,359000,9652000,0.25293178198114,-0.38260801769048,0.0480695664666593
5343,360000,9652000,0.291188238603994,-0.408648026329279,0.0529525170203298
5344,361000,9652000,0.309925551222265,-0.431886757460237,0.0533048114574107
5345,362000,9652000,0.334185067455471,-0.43194324452579,0.067084913961729
5346,363000,9652000,0.310525331401452,-0.415403604397178,0.0713467207320034
5347,364000,9652000,0.281912217960507,-0.412670583344996,0.068000603082357
5348,365000,9652000,0.238220130109787,-0.404684570521116,0.0705864873580169
5349,366000,9652000,0.216202691889554,-0.396312221677601,0.0608223805585061
5350,367000,9652000,0.202694012201577,-0.445209629029036,0.0864106279349886
5351,368000,9652000,0.215642388989031,-0.472890023699403,0.0712329836013028
5352,369000,9652000,0.17866307759732,-0.454472508627176,0.0834309897852363
5353,370000,9652000,0.158444828065112,-0.438122425085306,0.0850377246783115
5354,371000,9652000,0.12533605232574,-0.406306682027876,0.0728289996871143
5355,372000,9652000,0.115705694238096,-0.386633210377395,0.0549932917881059
5356,373000,9652000,0.12464460853003,-0.405699712829292,0.0583554143507732
5357,374000,9652000,0.143471081413701,-0.402215948921442,0.0512456338292221
5358,375000,9652000,0.213588878884912,-0.416124997382814,0.0589828322963281
5359,262000,9653000,0.252693368334323,-0.42839889216423,0.0681753847701475
5360,263000,9653000,0.242080359186977,-0.407389479151368,0.0529822127834195
5361,264000,9653000,0.259579273162782,-0.425068059287965,0.0644451217810623
5362,265000,9653000,0.261416668176278,-0.415375099420548,0.0591224743943661
5363,266000,9653000,0.243320849724114,-0.395234577459097,0.0560818482259754
5364,267000,9653000,0.169259999379516,-0.385942780585587,0.0442334148526192
5365,268000,9653000,0.169447106994689,-0.411949249538779,0.0397067672934383
5366,269000,9653000,0.182858882241696,-0.456915176966786,0.0388837968090549
5367,270000,9653000,0.206083024968952,-0.498125258353353,0.0363193309603725
5368,271000,9653000,0.222438821680844,-0.510559613102675,0.0550988390144892
5369,272000,9653000,0.196134393367171,-0.452058424782753,0.0525287565439939
5370,273000,9653000,0.200257943087816,-0.447279371511936,0.0530151135995984
5371,274000,9653000,0.209111552686989,-0.453981052321196,0.047177410071902
5372,275000,9653000,0.228827910381556,-0.465801535370946,0.0468759039009921
5373,276000,9653000,0.228065805485845,-0.483105539658666,0.0490115648136474
5374,277000,9653000,0.216162094352394,-0.485017781752348,0.0599113878441975
5375,278000,9653000,0.208673754200339,-0.458594463691115,0.0601924015890807
5376,279000,9653000,0.21769049673751,-0.468597084091604,0.0668603659592569
5377,280000,9653000,0.276639116646349,-0.487704601791501,0.0729480455235578
5378,281000,9653000,0.31314626763016,-0.519166757547855,0.0757951076955069
5379,282000,9653000,0.465371328488179,-0.53902572901994,0.076193682508776
5380,283000,9653000,0.50263089364469,-0.529741734877229,0.0906109525255859
5381,284000,9653000,0.655753306949139,-0.522832566314936,0.0666192599970265
5382,285000,9653000,0.789082563364506,-0.505802659338713,0.0234486346120248
5383,286000,9653000,0.797092664021254,-0.506748324111104,0.0156331832921249
5384,287000,9653000,0.794988045108318,-0.509517759686708,0.018942371272156
5385,288000,9653000,0.805770834195614,-0.510689220133424,0.0184500220695278
5386,289000,9653000,0.815297152113915,-0.513057643559575,0.0215333484978531
5387,290000,9653000,0.817550629645586,-0.514142607733607,0.0291265992113971
5388,291000,9653000,0.837928584676981,-0.514796060940623,0.0156029178837431
5389,292000,9653000,0.837547006815672,-0.502896562972665,0.01149277437126
5390,293000,9653000,0.836693500864506,-0.496933436137438,0.0118807427351596
5391,294000,9653000,0.831252506297827,-0.508470835325122,0.0150018635191547
5392,295000,9653000,0.815257976400852,-0.501334424877167,0.0164903186281066
5393,296000,9653000,0.806089193063974,-0.499357940965891,0.0248152827347745
5394,297000,9653000,0.777648797374964,-0.519386557096243,0.0468634257703321
5395,298000,9653000,0.778143723022938,-0.523080571889877,0.0430396012147889
5396,299000,9653000,0.777192910778522,-0.520207466131449,0.0331749853670131
5397,3e+05,9653000,0.770988317888975,-0.51572971098721,0.0361490289021982
5398,301000,9653000,0.772966747334599,-0.512123172459006,0.034696322140051
5399,302000,9653000,0.76956706263423,-0.494135270698369,0.047838136414811
5400,303000,9653000,0.697874670779705,-0.465794468989968,0.0533213554185815
5401,304000,9653000,0.685186265197396,-0.50605445048511,0.0642494512321427
5402,305000,9653000,0.68687254447341,-0.529024117672443,0.125564536634367
5403,306000,9653000,0.707195664522052,-0.50457228076309,0.0926841878738953
5404,307000,9653000,0.688505577784777,-0.523706927338243,0.0984231523445807
5405,308000,9653000,0.695583742797375,-0.500342920532823,0.0621603282546857
5406,309000,9653000,0.690091612103581,-0.465419323102385,0.0653249697115505
5407,310000,9653000,0.687133554977179,-0.480876018244028,0.0630997119814157
5408,311000,9653000,0.698519043692946,-0.452143233846128,0.104305356540275
5409,312000,9653000,0.701820608487725,-0.445317058463395,0.0848431700284244
5410,313000,9653000,0.612972677341104,-0.481145875282586,0.0985055220569811
5411,314000,9653000,0.538706272801757,-0.509593111070991,0.113944706303847
5412,315000,9653000,0.49500547388494,-0.513093706145883,0.119321933216276
5413,316000,9653000,0.431212756928802,-0.550514980629087,0.0916360994125425
5414,317000,9653000,0.362800017958879,-0.560787591907382,0.0782942033523461
5415,318000,9653000,0.32595610235706,-0.5378939134866,0.062975612276746
5416,319000,9653000,0.268217738051713,-0.49773410603404,0.0653950645959936
5417,320000,9653000,0.230208866626024,-0.498611120167375,0.0548974176314194
5418,321000,9653000,0.240961795218289,-0.507128235119581,0.0424541427828837
5419,322000,9653000,0.223017544086277,-0.480979794171453,0.0480325163237052
5420,323000,9653000,0.215471532122046,-0.493531224122643,0.0343967608571751
5421,324000,9653000,0.229557539990544,-0.496900547021627,0.0313280587644491
5422,325000,9653000,0.264600505854934,-0.516659239181876,0.0384590667550918
5423,326000,9653000,0.259064696736634,-0.479483481404185,0.0353265001515974
5424,327000,9653000,0.237927255904675,-0.49284531981051,0.0440772583158687
5425,328000,9653000,0.276196534331143,-0.498207942381501,0.0378425620045164
5426,329000,9653000,0.282622255164385,-0.492111249381304,0.0305030927645392
5427,330000,9653000,0.309463783084601,-0.517306300729513,0.0308174822514062
5428,331000,9653000,0.324170574446022,-0.54101253555119,0.033709754955722
5429,332000,9653000,0.388593216718733,-0.564060020458698,0.0316782832439756
5430,333000,9653000,0.437045299802721,-0.568937442013621,0.0449042509741965
5431,334000,9653000,0.457562724125385,-0.573031461498141,0.0460212851945544
5432,335000,9653000,0.519301166146994,-0.562478238785267,0.0587269610344374
5433,336000,9653000,0.719520661777258,-0.461635551443696,0.0244465058292728
5434,337000,9653000,0.801619226104021,-0.478191998773813,0.0194471021587146
5435,338000,9653000,0.82385280585885,-0.5094357942909,0.0215996214421961
5436,339000,9653000,0.832764759463072,-0.515441376981139,0.0158780739105714
5437,340000,9653000,0.799555854105949,-0.530861518540978,0.0211383818269183
5438,341000,9653000,0.668861214786768,-0.559513899601996,0.0413428140855394
5439,342000,9653000,0.663666048888862,-0.520256440529227,0.0484386579718441
5440,343000,9653000,0.663729205276072,-0.491208186153322,0.0541771203389391
5441,344000,9653000,0.644720743330568,-0.481286225825548,0.0580100610823138
5442,345000,9653000,0.620261088037491,-0.47987778619267,0.0608220915669575
5443,346000,9653000,0.634833874256909,-0.496616992326453,0.0644589054439682
5444,347000,9653000,0.486534866178781,-0.513596141636372,0.0867009427766316
5445,348000,9653000,0.478016489696503,-0.515690946641564,0.0914482612273656
5446,349000,9653000,0.4093449420847,-0.519544342166185,0.107467751306668
5447,350000,9653000,0.34574532802701,-0.519707840877771,0.122284711415134
5448,351000,9653000,0.331121851655841,-0.507869594599307,0.12391469329875
5449,352000,9653000,0.188934316866845,-0.468268938699365,0.126456452403311
5450,353000,9653000,0.183275536797941,-0.431671399974823,0.143230487709865
5451,354000,9653000,0.269919540272653,-0.469256901809573,0.100729563606996
5452,355000,9653000,0.21767033200413,-0.462013883754611,0.0851626930977683
5453,356000,9653000,0.22657671129033,-0.418183920237422,0.0748626575520262
5454,357000,9653000,0.211414795127511,-0.379724444249272,0.0519218017973239
5455,358000,9653000,0.221153045959026,-0.372003977254033,0.053935179919051
5456,359000,9653000,0.219836058009416,-0.362207008755207,0.0561276356850285
5457,360000,9653000,0.223547622711211,-0.371505363877118,0.0474595420831349
5458,361000,9653000,0.237653538304567,-0.357141389979422,0.0417917405940592
5459,362000,9653000,0.329281609617919,-0.412649216103554,0.0499889278669842
5460,363000,9653000,0.280207823590934,-0.415386027017236,0.0651102334090509
5461,364000,9653000,0.286337454987317,-0.4191320602566,0.0574758337196894
5462,365000,9653000,0.278995841415972,-0.413816045555472,0.068152299619664
5463,366000,9653000,0.225141830510646,-0.409358824473619,0.0769221202881192
5464,367000,9653000,0.190670921299607,-0.440955801045895,0.0751003715004306
5465,368000,9653000,0.187037914358824,-0.449495446288586,0.0823477055451367
5466,369000,9653000,0.197429973107576,-0.45651035002172,0.089691444393713
5467,370000,9653000,0.183546194626391,-0.454304333341122,0.0969296784581617
5468,371000,9653000,0.146171021928266,-0.432238049891591,0.0731459522982128
5469,372000,9653000,0.125955152440816,-0.393655572590232,0.0576374477650505
5470,373000,9653000,0.118183473933488,-0.386603792619705,0.053619881107728
5471,374000,9653000,0.118446798175201,-0.403587024642527,0.062872514530248
5472,375000,9653000,0.120087793577801,-0.394331356341189,0.0755684519633227
5473,262000,9654000,0.265671095326543,-0.46166282235086,0.0631616415716708
5474,263000,9654000,0.228912473998219,-0.436507631793618,0.0609563826537691
5475,264000,9654000,0.242419323109835,-0.427169124624133,0.0721159131322987
5476,265000,9654000,0.265288790174201,-0.390509238892794,0.0627792945890687
5477,266000,9654000,0.230194176344574,-0.417329192864895,0.0593817336420063
5478,267000,9654000,0.167257088303566,-0.420429429885745,0.0445392418852076
5479,268000,9654000,0.172752037453651,-0.41874329636097,0.0308271028345916
5480,269000,9654000,0.197953882814199,-0.457824538189173,0.0368930502409581
5481,270000,9654000,0.196346298770607,-0.48504286224544,0.0499846928731538
5482,271000,9654000,0.202812925402075,-0.482875572359562,0.0515318918009289
5483,272000,9654000,0.185505195439607,-0.457748164233565,0.0502497596975416
5484,273000,9654000,0.180338956287503,-0.449863221415877,0.0518157899200916
5485,274000,9654000,0.196880303514749,-0.452352767077088,0.0498997934190556
5486,275000,9654000,0.211189896503091,-0.466701395753026,0.0519660943843424
5487,276000,9654000,0.215053095258772,-0.466348741933703,0.04892166798627
5488,277000,9654000,0.2068880654037,-0.465801157650352,0.0607402296647429
5489,278000,9654000,0.208431957475841,-0.459912280750275,0.0641594101993367
5490,279000,9654000,0.227230480673909,-0.468653596365452,0.0723977470768616
5491,280000,9654000,0.271589396622777,-0.495289201968908,0.082777523924876
5492,281000,9654000,0.269717915952206,-0.49374155729413,0.0871409399552271
5493,282000,9654000,0.40243950755354,-0.517175451679528,0.076964349760639
5494,283000,9654000,0.427571260327101,-0.515631842127442,0.0873891284059733
5495,284000,9654000,0.543955695852637,-0.513487475731969,0.0837634774647537
5496,285000,9654000,0.78212048997879,-0.505038073736429,0.0248267864221882
5497,286000,9654000,0.78719211487174,-0.497486296853423,0.0108300728358648
5498,287000,9654000,0.79376608928442,-0.504230681744218,0.014298306295654
5499,288000,9654000,0.805837235575914,-0.507740895342827,0.0196554428895703
5500,289000,9654000,0.80644081505537,-0.513252372485399,0.0275940015805536
5501,290000,9654000,0.814898533582687,-0.512282790127397,0.0292813022336923
5502,291000,9654000,0.834399905902147,-0.515271250084043,0.019783559940639
5503,292000,9654000,0.844187112659216,-0.509773880752921,0.0141008719636739
5504,293000,9654000,0.83633392380476,-0.502714699205756,0.0129883254363376
5505,294000,9654000,0.831861816102266,-0.494701508882642,0.0167904747628461
5506,295000,9654000,0.818311123812199,-0.48533510825932,0.0284213835496688
5507,296000,9654000,0.790741940748692,-0.495284741422534,0.0323653840988176
5508,297000,9654000,0.768470775896311,-0.505442355513573,0.0497523997314478
5509,298000,9654000,0.731870355767012,-0.497622313460708,0.0650208548248047
5510,299000,9654000,0.73301673861146,-0.511083214098215,0.0524707550190389
5511,3e+05,9654000,0.719940087497234,-0.494388093924522,0.0935033348261379
5512,301000,9654000,0.75670830488205,-0.494437674634159,0.0510701906047063
5513,302000,9654000,0.7533660605371,-0.495399022957683,0.0490569146854803
5514,303000,9654000,0.705153504687548,-0.472700861489773,0.0741067657706328
5515,304000,9654000,0.665299589830637,-0.488404813575745,0.141229918545811
5516,305000,9654000,0.67137919498086,-0.494985805916786,0.145762074058596
5517,306000,9654000,0.693521254211664,-0.505598835167289,0.0989141760238446
5518,307000,9654000,0.685502408450842,-0.494571809789538,0.124109495592047
5519,308000,9654000,0.67902476926446,-0.460127241548896,0.0600536273902515
5520,309000,9654000,0.717201360419393,-0.458995820059627,0.0855348524446366
5521,310000,9654000,0.672517492672801,-0.435322803846002,0.117440190448373
5522,311000,9654000,0.735047707679868,-0.475039868411422,0.120740729991978
5523,312000,9654000,0.678513412600756,-0.448372942818701,0.0835654850963561
5524,313000,9654000,0.595998056066036,-0.463705112829059,0.0859285380529764
5525,314000,9654000,0.50824607411027,-0.518058976504207,0.0871770910430117
5526,315000,9654000,0.432683089977503,-0.544182626518607,0.0956725006131805
5527,316000,9654000,0.374530521722138,-0.565986709785461,0.100527714467241
5528,317000,9654000,0.291398043057788,-0.52934059592858,0.0596814485702329
5529,318000,9654000,0.20667048066603,-0.433727743055671,0.0551797237182851
5530,319000,9654000,0.182767951466469,-0.389095202066377,0.0356405836373829
5531,320000,9654000,0.211202455995232,-0.451840740685165,0.0444451893977821
5532,321000,9654000,0.200119512670115,-0.465931129074097,0.0334844851753674
5533,322000,9654000,0.170670352319255,-0.436013701200485,0.0219543135163607
5534,323000,9654000,0.163800619005412,-0.434534451374412,0.0153835428428254
5535,324000,9654000,0.182996599962935,-0.458600125831366,0.0202835540331434
5536,325000,9654000,0.224185601210594,-0.487943093070388,0.0222326276047155
5537,326000,9654000,0.219306063710153,-0.461030684155226,0.0332129144810955
5538,327000,9654000,0.236714328258485,-0.477515162612498,0.0304761044314597
5539,328000,9654000,0.248477587213367,-0.466647011777759,0.0282126216059667
5540,329000,9654000,0.264235696706176,-0.486917456007004,0.0275713979076827
5541,330000,9654000,0.243999130912125,-0.467152081498504,0.0295584826087113
5542,331000,9654000,0.291772560797632,-0.497861296582222,0.0296939256254758
5543,332000,9654000,0.431586013041437,-0.54955127632618,0.0291240767804906
5544,333000,9654000,0.456947999081016,-0.567495131763816,0.0429179198146332
5545,334000,9654000,0.458634403806925,-0.571307259199023,0.037281703941687
5546,335000,9654000,0.519036296495795,-0.562126927009225,0.04124870359099
5547,336000,9654000,0.726430197790265,-0.4692692835778,0.0288384829126066
5548,337000,9654000,0.802233155173063,-0.479149370923638,0.0188613349968568
5549,338000,9654000,0.838780858647823,-0.522620325914025,0.0241677552412264
5550,339000,9654000,0.842523759287596,-0.519746179938316,0.0153638251034659
5551,340000,9654000,0.824254562616348,-0.527218985146284,0.0168374831743538
5552,341000,9654000,0.709300312913954,-0.560740729913116,0.03862277943925
5553,342000,9654000,0.666201664145291,-0.521735315227509,0.0508309545535594
5554,343000,9654000,0.672590993845463,-0.491855571451783,0.0545111429764889
5555,344000,9654000,0.651201274685562,-0.49323311028257,0.0560389835331589
5556,345000,9654000,0.608002083681524,-0.495424583871663,0.0680279033096507
5557,346000,9654000,0.583663168919086,-0.508600563853979,0.074043720823992
5558,347000,9654000,0.435427707523853,-0.507409414063394,0.0887364410039969
5559,348000,9654000,0.451970688997209,-0.516695550382137,0.0971401544074528
5560,349000,9654000,0.390376343609393,-0.522938889805973,0.105236235944647
5561,350000,9654000,0.34053341671899,-0.526735515474528,0.12120703397952
5562,351000,9654000,0.305225499219447,-0.522731594197452,0.129483790264186
5563,352000,9654000,0.245099143651873,-0.497561874222755,0.122910147954524
5564,353000,9654000,0.161327812847495,-0.439589230656624,0.141444045598805
5565,354000,9654000,0.233601632805169,-0.456372456276417,0.0949734360246919
5566,355000,9654000,0.217118110895902,-0.430561704519391,0.0879835489048622
5567,356000,9654000,0.211369286225736,-0.418438973027468,0.0728417547450867
5568,357000,9654000,0.222221383079141,-0.390179486936331,0.0598424182029441
5569,358000,9654000,0.202721661120653,-0.368342509934306,0.0424151883057319
5570,359000,9654000,0.201416656963527,-0.360601331651211,0.0501660003785044
5571,360000,9654000,0.221907330796868,-0.357640924689174,0.0512971542820567
5572,361000,9654000,0.213985339388251,-0.336268846862018,0.0416466683662031
5573,362000,9654000,0.237308243224025,-0.361944013521075,0.0577017892934731
5574,363000,9654000,0.251613024020568,-0.405941870625317,0.0735174348063534
5575,364000,9654000,0.227123746302724,-0.408447686845064,0.0625468332935008
5576,365000,9654000,0.21620970794633,-0.395865049007535,0.0638565403457382
5577,366000,9654000,0.200129789271206,-0.386151664303243,0.0582347434775205
5578,367000,9654000,0.208234508803114,-0.416542476895452,0.081513270751026
5579,368000,9654000,0.167454348516837,-0.429338664856553,0.0833300114154816
5580,369000,9654000,0.208637558081001,-0.473939720159769,0.108679166624323
5581,370000,9654000,0.178179104311019,-0.447776203596592,0.101653902712651
5582,371000,9654000,0.163748037885874,-0.42765441044271,0.0836700503051281
5583,372000,9654000,0.142228358508274,-0.402627967309952,0.0613576265013195
5584,373000,9654000,0.133776349220797,-0.39824906142652,0.0621905316728167
5585,374000,9654000,0.118246913649514,-0.405264547407627,0.065305564820813
5586,375000,9654000,0.13874981072816,-0.445656149278988,0.0857643814842132
5587,262000,9655000,0.233855866845697,-0.485057280659676,0.0770456202900968
5588,263000,9655000,0.240880865225941,-0.485913363301754,0.0835077705278993
5589,264000,9655000,0.280568245647848,-0.461463322919607,0.0704610019028187
5590,265000,9655000,0.262074922433868,-0.38074349180609,0.0674598937114235
5591,266000,9655000,0.207047238284769,-0.397104314564541,0.0740772036903072
5592,267000,9655000,0.15303883468844,-0.387218063059449,0.0444234575346112
5593,268000,9655000,0.18129681449905,-0.425499395599216,0.0397550278938841
5594,269000,9655000,0.187831211780012,-0.460734416618943,0.0424468516901135
5595,270000,9655000,0.18529691266343,-0.471309895402193,0.0533967479108833
5596,271000,9655000,0.20140354487896,-0.457771738788486,0.0607206889533438
5597,272000,9655000,0.181329942046106,-0.45475847530365,0.0535206221070141
5598,273000,9655000,0.202484599006176,-0.49139255258441,0.0440162609253079
5599,274000,9655000,0.2190659115538,-0.490803544828296,0.0535913159366697
5600,275000,9655000,0.241898688863218,-0.535221966853738,0.0599453061513603
5601,276000,9655000,0.249026922446489,-0.526637735897303,0.0575458960454911
5602,277000,9655000,0.212774905288219,-0.465781575450301,0.064286193019338
5603,278000,9655000,0.206293243049085,-0.453145064201951,0.0617094108799472
5604,279000,9655000,0.243286705370247,-0.484775315445662,0.0733977163491771
5605,280000,9655000,0.243547122074664,-0.486876677840948,0.0976338411608711
5606,281000,9655000,0.268192474277318,-0.463001957067847,0.120803679615632
5607,282000,9655000,0.307527030140162,-0.488826406720281,0.0985144748540595
5608,283000,9655000,0.458175179946423,-0.506833730739355,0.065931294625951
5609,284000,9655000,0.507418662389729,-0.504984450881707,0.0735603917798027
5610,285000,9655000,0.761408551353216,-0.502629717341065,0.0243276827473135
5611,286000,9655000,0.777990789008141,-0.498267833843827,0.0199569311049418
5612,287000,9655000,0.778030893397331,-0.493069613257051,0.0139772236221179
5613,288000,9655000,0.797362579518557,-0.50126453166008,0.0207500411762507
5614,289000,9655000,0.809224820816517,-0.505210516104102,0.0281465637488989
5615,290000,9655000,0.807859040021896,-0.508894026127458,0.0322860614163801
5616,291000,9655000,0.819681207334995,-0.513827693516016,0.0253299445314216
5617,292000,9655000,0.841758696818352,-0.512417769536376,0.019728620427259
5618,293000,9655000,0.831299627894163,-0.499554570397735,0.017533331408535
5619,294000,9655000,0.821544459050894,-0.490071814754605,0.0384823943823169
5620,295000,9655000,0.815612171971798,-0.482498326462507,0.0471843993121991
5621,296000,9655000,0.790168901830912,-0.489651696372032,0.0673791047896375
5622,297000,9655000,0.751343501645327,-0.482672183704376,0.117185563978486
5623,298000,9655000,0.72757013168335,-0.490046722364426,0.122284339372514
5624,299000,9655000,0.709755307650566,-0.477515236398578,0.0972920241996413
5625,3e+05,9655000,0.724634394097328,-0.502383416509628,0.137342649515998
5626,301000,9655000,0.72288594724834,-0.489434172183275,0.0946666708497331
5627,302000,9655000,0.72691914177537,-0.49548987544775,0.0894496088523418
5628,303000,9655000,0.694476499065757,-0.477430356019735,0.0695690528866835
5629,304000,9655000,0.689392491397262,-0.484132536536455,0.116464081162889
5630,305000,9655000,0.68265762591958,-0.481742355653644,0.130373819655343
5631,306000,9655000,0.700694711878896,-0.487581570291519,0.0928263576488127
5632,307000,9655000,0.693477927839756,-0.455552529627085,0.0916693146080943
5633,308000,9655000,0.675506630957127,-0.446102235978842,0.0573648407228116
5634,309000,9655000,0.694897438377142,-0.448673754452541,0.114079744441097
5635,310000,9655000,0.666234185385704,-0.462802243374288,0.116532809496473
5636,311000,9655000,0.675747227478027,-0.469029690182023,0.12404326471166
5637,312000,9655000,0.649771805527806,-0.492562198825181,0.0650725281043313
5638,313000,9655000,0.5847720238626,-0.505752606807649,0.0624632716972614
5639,314000,9655000,0.475393870563805,-0.549314562433958,0.084778128573799
5640,315000,9655000,0.365068974298239,-0.555182229469717,0.0707999303157616
5641,316000,9655000,0.330659581549466,-0.550526756770909,0.0961538689130102
5642,317000,9655000,0.189876801609993,-0.450224598330259,0.0464147750142438
5643,318000,9655000,0.0941254715245217,-0.32848100409992,0.0235017795171472
5644,319000,9655000,0.0504569465161301,-0.215999243023247,0.0174150517402988
5645,320000,9655000,0.0752990847116336,-0.273034875915572,0.0144433388415549
5646,321000,9655000,0.0872861047038808,-0.319998387330771,0.0121363064470555
5647,322000,9655000,0.0846289014217909,-0.317599031382799,0.00902536777170317
5648,323000,9655000,0.0582479739780771,-0.246678845272958,0.00917123676560004
5649,324000,9655000,0.146241882551834,-0.40682572055161,0.0143412234516698
5650,325000,9655000,0.147437379047275,-0.434879485633969,0.0158143033475499
5651,326000,9655000,0.164447862974554,-0.434697245042026,0.0163538005926966
5652,327000,9655000,0.138515776745602,-0.38895165246278,0.012129269042646
5653,328000,9655000,0.174461524043977,-0.398082847055793,0.0166866924216913
5654,329000,9655000,0.203178467455134,-0.42832730370909,0.0181709329380799
5655,330000,9655000,0.241691562481225,-0.481695899893343,0.0215505216551071
5656,331000,9655000,0.313651307088137,-0.505120847031474,0.0278245688663155
5657,332000,9655000,0.372701566693187,-0.543137553292513,0.0468405771550955
5658,333000,9655000,0.483104184243083,-0.555675771009922,0.0511224599169102
5659,334000,9655000,0.520374294450879,-0.552107946917415,0.0527967536827084
5660,335000,9655000,0.60198587884903,-0.526729441946745,0.037487874176458
5661,336000,9655000,0.767965325297415,-0.457562290775776,0.0313055476781214
5662,337000,9655000,0.803083008301258,-0.481972722832859,0.0211497467082227
5663,338000,9655000,0.830525102221966,-0.519437567479908,0.0230583824435249
5664,339000,9655000,0.824455295532942,-0.520883375406265,0.014337042323593
5665,340000,9655000,0.83018787561655,-0.527472160461545,0.0151410655524407
5666,341000,9655000,0.674161134284735,-0.579108200597018,0.0451655750225764
5667,342000,9655000,0.642439324925095,-0.530892724414915,0.0578847212819383
5668,343000,9655000,0.620840739230067,-0.486093900108337,0.0635452760454267
5669,344000,9655000,0.627570827884972,-0.484315006387234,0.0643661801122129
5670,345000,9655000,0.581148787793517,-0.479057773774862,0.0695630488460418
5671,346000,9655000,0.554256140377372,-0.499101702471077,0.0790514788024127
5672,347000,9655000,0.466625059816614,-0.503850603695214,0.0954451542226598
5673,348000,9655000,0.432384440124035,-0.493908301754296,0.1094410773132
5674,349000,9655000,0.374407930263877,-0.50123711771071,0.110376799328346
5675,350000,9655000,0.327761097945273,-0.499553940807283,0.11144102685973
5676,351000,9655000,0.28847181446217,-0.497329763917625,0.12355152474232
5677,352000,9655000,0.270319005122036,-0.483639550046623,0.129124966227054
5678,353000,9655000,0.230476032610238,-0.457979110190272,0.121441875791177
5679,354000,9655000,0.242014505128562,-0.452244883859158,0.0850361459779553
5680,355000,9655000,0.160011322776228,-0.422043603166938,0.0857670123725664
5681,356000,9655000,0.191582049573213,-0.409056156799197,0.0726488008966669
5682,357000,9655000,0.179347409232706,-0.357516629886627,0.0402784349006368
5683,358000,9655000,0.185378490762413,-0.36443135637641,0.0648275261071511
5684,359000,9655000,0.168003411244601,-0.340880100795627,0.0571491911864839
5685,360000,9655000,0.205153886979818,-0.342542792436481,0.0450074900274049
5686,361000,9655000,0.242285409663618,-0.373293110620975,0.0620753098196816
5687,362000,9655000,0.16842950441651,-0.36820432921648,0.0670487380818231
5688,363000,9655000,0.186108237446658,-0.371491648590565,0.0736188465254614
5689,364000,9655000,0.211431694617495,-0.377142077170312,0.0605018882431905
5690,365000,9655000,0.256408052600175,-0.404138241884112,0.0712042072132695
5691,366000,9655000,0.150747576455586,-0.374893380202353,0.0435177780814294
5692,367000,9655000,0.142576321967691,-0.390171342149377,0.0610363611045759
5693,368000,9655000,0.20245433521606,-0.431710979188979,0.0767607898064307
5694,369000,9655000,0.18963387889564,-0.453324795921147,0.0916991977745667
5695,370000,9655000,0.167578441290557,-0.438100919273496,0.0908006236707792
5696,371000,9655000,0.165493011534214,-0.435610344728827,0.0772016553395428
5697,372000,9655000,0.166046090067551,-0.418225984472036,0.0690338774305303
5698,373000,9655000,0.1317263328664,-0.393333611311018,0.0576772208537906
5699,374000,9655000,0.131905987503752,-0.419101883195341,0.0709196742695291
5700,375000,9655000,0.141409656432542,-0.442675430314107,0.0880636224523187
5701,262000,9656000,0.216688430842012,-0.464247926965356,0.0631148504101438
5702,263000,9656000,0.211915024068207,-0.436015834581852,0.0607373835675418
5703,264000,9656000,0.285217929387838,-0.428879816681147,0.0706675539514981
5704,265000,9656000,0.267279154588655,-0.392937157800794,0.0668940059679095
5705,266000,9656000,0.265250353598408,-0.397722918772697,0.0861263809025986
5706,267000,9656000,0.156065220316127,-0.374814889514446,0.0472979888610542
5707,268000,9656000,0.167714037868381,-0.423919754169881,0.040083097104542
5708,269000,9656000,0.206499192610383,-0.478891378802061,0.0419916331280023
5709,270000,9656000,0.162596747629344,-0.441034687393904,0.045445185738802
5710,271000,9656000,0.162589586296678,-0.445745180138946,0.0467467844758183
5711,272000,9656000,0.183780550538003,-0.468188457861543,0.0459113255346194
5712,273000,9656000,0.208213269285858,-0.498102673241496,0.0423170966528356
5713,274000,9656000,0.240469210316241,-0.522339679825306,0.0528827237473801
5714,275000,9656000,0.259605022451282,-0.556819316413999,0.0625630147390068
5715,276000,9656000,0.256753485608101,-0.569789163956046,0.0642452254083008
5716,277000,9656000,0.242774499343336,-0.518584843465686,0.0639255841713399
5717,278000,9656000,0.218075254119933,-0.479914483597875,0.0611000686272979
5718,279000,9656000,0.234280834937096,-0.49098420265913,0.0693181940559298
5719,280000,9656000,0.262722524903715,-0.471437874704599,0.0876612906858325
5720,281000,9656000,0.255771755537391,-0.449287843590975,0.112361280345172
5721,282000,9656000,0.301707224315405,-0.500162273973227,0.112723390516639
5722,283000,9656000,0.392019242566824,-0.508057114724815,0.0972368702218868
5723,284000,9656000,0.466982617264241,-0.50990651733554,0.0739055696667638
5724,285000,9656000,0.632704496433423,-0.494609608171065,0.04972554758552
5725,286000,9656000,0.769528944635391,-0.497047930690646,0.0233449071629788
5726,287000,9656000,0.7802459412992,-0.501238497388363,0.0223067849766812
5727,288000,9656000,0.759462421008945,-0.501677440875769,0.030801957362541
5728,289000,9656000,0.807697317057848,-0.493333002215624,0.0252968065178487
5729,290000,9656000,0.817139445769787,-0.500503335389495,0.0240997491284856
5730,291000,9656000,0.831332379585505,-0.510127159056067,0.0247685326196137
5731,292000,9656000,0.839421695166826,-0.511873891487718,0.0273012355093146
5732,293000,9656000,0.827350986713171,-0.505920530837774,0.0280573984465096
5733,294000,9656000,0.817161297261715,-0.495735128369927,0.0749351071960496
5734,295000,9656000,0.807757384932041,-0.478095384895802,0.0534496910475544
5735,296000,9656000,0.777529500991106,-0.487708611163497,0.100591261845548
5736,297000,9656000,0.744872533619404,-0.487909892770648,0.150951076251506
5737,298000,9656000,0.729377690047026,-0.472830168890953,0.233312854800781
5738,299000,9656000,0.751164853775501,-0.458673868119717,0.223197210237611
5739,3e+05,9656000,0.738869567543268,-0.487711052921414,0.22166719164839
5740,301000,9656000,0.699800464618206,-0.464484416353703,0.142123343053716
5741,302000,9656000,0.723227724742889,-0.499058224892616,0.102388051767519
5742,303000,9656000,0.71640596036911,-0.487483334979415,0.0563247456691926
5743,304000,9656000,0.698516947197914,-0.489531144151092,0.0886337571392534
5744,305000,9656000,0.682793610447645,-0.474991154184937,0.146300441533932
5745,306000,9656000,0.681034631389379,-0.470279929444194,0.119551216667047
5746,307000,9656000,0.688700677907467,-0.459082231320441,0.14041363913418
5747,308000,9656000,0.666684975072741,-0.493933926534653,0.137056624534144
5748,309000,9656000,0.650908161127567,-0.499504453927278,0.0732288720438606
5749,310000,9656000,0.618528031274676,-0.504127870859206,0.11069779958193
5750,311000,9656000,0.603168828874826,-0.521031317935884,0.0951438961754408
5751,312000,9656000,0.566189962416887,-0.547680287986994,0.0684689000453334
5752,313000,9656000,0.478848160928488,-0.562344344829023,0.0750894590310752
5753,314000,9656000,0.394441444683302,-0.545086106326431,0.086218634388037
5754,315000,9656000,0.239990997220576,-0.502187066301703,0.0486417915417929
5755,316000,9656000,0.147642336200085,-0.357510572432727,0.0386933613876216
5756,317000,9656000,0.0927012373620586,-0.288187177872751,0.022461061605197
5757,318000,9656000,0.0561422592887655,-0.306916973267496,0.0156038473029039
5758,319000,9656000,0.0436187367481878,-0.237873197027948,0.00783133942389104
5759,320000,9656000,0.0363850224253838,-0.197397523155436,0.00594798813567031
5760,321000,9656000,0.0503883015978616,-0.259687216714025,0.00700017874593323
5761,322000,9656000,0.0546144570046104,-0.242582906673476,0.00630683756052458
5762,323000,9656000,0.0495586640687688,-0.25888489857167,0.00613621925033222
5763,324000,9656000,0.105524716088362,-0.425310114654899,0.00942660938503541
5764,325000,9656000,0.138801488434896,-0.424785646164417,0.0168921565130528
5765,326000,9656000,0.125205686127022,-0.411110412609577,0.0102174707115948
5766,327000,9656000,0.0965333294766024,-0.329122308561951,0.00882092186892696
5767,328000,9656000,0.112625473621581,-0.35583606845364,0.0142953633686411
5768,329000,9656000,0.144154414740112,-0.373844430808164,0.0158370261471166
5769,330000,9656000,0.258561417326704,-0.466774557565153,0.0287760335956351
5770,331000,9656000,0.280056079761684,-0.493646507102251,0.0260049345736508
5771,332000,9656000,0.356422831444442,-0.533812014648318,0.0453861227805086
5772,333000,9656000,0.460624273458123,-0.554543203663826,0.0449488951988285
5773,334000,9656000,0.562393552488089,-0.536117766523361,0.0617575245550368
5774,335000,9656000,0.695524664852023,-0.508795237910748,0.0459732057788409
5775,336000,9656000,0.791221564179659,-0.468763209247589,0.0318364380712272
5776,337000,9656000,0.816431953427196,-0.488795572972298,0.0186680223309901
5777,338000,9656000,0.771628370374441,-0.532062374648452,0.0301088357498171
5778,339000,9656000,0.832546686297655,-0.517265527582169,0.0151748511806014
5779,340000,9656000,0.803959008216858,-0.516468324121833,0.0216718240497285
5780,341000,9656000,0.663967941789329,-0.546758057075739,0.0442661757312715
5781,342000,9656000,0.655948039495945,-0.523119696548581,0.0521125530554913
5782,343000,9656000,0.636015843981504,-0.521835238932073,0.0594844317450654
5783,344000,9656000,0.602118647457659,-0.525048422130756,0.0681987069805153
5784,345000,9656000,0.583381477536261,-0.510513910536468,0.0780579324099235
5785,346000,9656000,0.549051313205063,-0.50902516245544,0.0874931562767364
5786,347000,9656000,0.481335949190706,-0.508496072027087,0.0958467976748012
5787,348000,9656000,0.421051982494444,-0.502007180818915,0.107821190035203
5788,349000,9656000,0.358814476589859,-0.517019160622358,0.110801200238615
5789,350000,9656000,0.311317683465406,-0.509712090876698,0.126561912199529
5790,351000,9656000,0.276867551891506,-0.497276814211905,0.125007898334228
5791,352000,9656000,0.237347484378517,-0.471529686652124,0.128769998533651
5792,353000,9656000,0.204066378829628,-0.42682163143456,0.0934512519752607
5793,354000,9656000,0.213862587050349,-0.438075110521913,0.0975765685734339
5794,355000,9656000,0.179985363353044,-0.408395073927939,0.106948774484172
5795,356000,9656000,0.189053040704131,-0.393455483099818,0.0895206777988467
5796,357000,9656000,0.142683045039698,-0.336814513581991,0.0441454230094794
5797,358000,9656000,0.239540754972276,-0.378630716741085,0.121674405704392
5798,359000,9656000,0.251539057803899,-0.389704757621884,0.124428437644895
5799,360000,9656000,0.223443802358583,-0.387812838613987,0.0839450578222983
5800,361000,9656000,0.157446007791907,-0.392237103337049,0.0763722182072001
5801,362000,9656000,0.174301157447509,-0.397527606537938,0.0688310820579994
5802,363000,9656000,0.144609897800861,-0.367538410633802,0.05443686255957
5803,364000,9656000,0.176692220676504,-0.381526257633418,0.0661403891612543
5804,365000,9656000,0.21797019177936,-0.384497113246587,0.0452070513611077
5805,366000,9656000,0.178790248529986,-0.398700147152127,0.049128467447334
5806,367000,9656000,0.161386195689067,-0.400916798557341,0.0569991103983251
5807,368000,9656000,0.172561544559337,-0.419767916937172,0.0723701272086124
5808,369000,9656000,0.189060231303051,-0.449248046815395,0.0861742518732441
5809,370000,9656000,0.183177099189535,-0.450951224386692,0.0993562081813812
5810,371000,9656000,0.159486188212037,-0.425328517526388,0.0720725839167833
5811,372000,9656000,0.145936903652176,-0.400335144859552,0.0680400576586719
5812,373000,9656000,0.127998972648382,-0.393066294711828,0.0507224496445619
5813,374000,9656000,0.107861769095063,-0.390435794395208,0.0416756170687266
5814,375000,9656000,0.111989658739079,-0.40422506570816,0.0397341174369847
5815,262000,9657000,0.215576301220804,-0.443769764810801,0.0535834571626037
5816,263000,9657000,0.215203371930122,-0.427404196342826,0.055702086122334
5817,264000,9657000,0.1921787931256,-0.396870810601115,0.0561263561029453
5818,265000,9657000,0.277865688358247,-0.402214623631537,0.0690284383757971
5819,266000,9657000,0.276435182025284,-0.420576726576686,0.0800786261925474
5820,267000,9657000,0.196843648816645,-0.406587385523319,0.0565479672251269
5821,268000,9657000,0.130568705399334,-0.376071701589227,0.0345531134113669
5822,269000,9657000,0.145559778916091,-0.407126568368077,0.0422087279303931
5823,270000,9657000,0.140925592874736,-0.421087715190649,0.0428614643990994
5824,271000,9657000,0.160333204220235,-0.450208938065171,0.0415156640004367
5825,272000,9657000,0.191652458237112,-0.481603365150094,0.0413716618934646
5826,273000,9657000,0.220848674419522,-0.512469568297267,0.0430286230059341
5827,274000,9657000,0.245627453476191,-0.545141146174073,0.0485781439010054
5828,275000,9657000,0.221571841187775,-0.529726431596279,0.0558072168443352
5829,276000,9657000,0.243759688900411,-0.548425172629952,0.06627818787992
5830,277000,9657000,0.263867453297973,-0.538184026759863,0.0634633823249489
5831,278000,9657000,0.245500491827726,-0.509279889267683,0.0560254441665486
5832,279000,9657000,0.224362135551125,-0.475785983937979,0.0465343792099506
5833,280000,9657000,0.220555027575791,-0.45505782866478,0.0731198375847191
5834,281000,9657000,0.275657964468002,-0.484923187029362,0.0959004230169579
5835,282000,9657000,0.304012769545615,-0.518925936442614,0.0884394868744537
5836,283000,9657000,0.324325483353436,-0.521043588429689,0.10489893820053
5837,284000,9657000,0.345698710250854,-0.505864850875735,0.11293346854886
5838,285000,9657000,0.507840398596227,-0.51189491225481,0.0929276410456747
5839,286000,9657000,0.756829623162746,-0.493898236954212,0.0280106534326624
5840,287000,9657000,0.77673595072031,-0.493805654591322,0.0263861850988585
5841,288000,9657000,0.781101924690604,-0.494200379681587,0.0327400507220416
5842,289000,9657000,0.807182319837809,-0.4921696652174,0.0258220521470299
5843,290000,9657000,0.810723111695051,-0.500954738524556,0.036080325442506
5844,291000,9657000,0.830714339113235,-0.511406019201875,0.0264693514788407
5845,292000,9657000,0.834740504580736,-0.511572339183092,0.0430808919516508
5846,293000,9657000,0.827284911876917,-0.494732787027955,0.0437794640159336
5847,294000,9657000,0.815764082807303,-0.487039463210106,0.0506599846275029
5848,295000,9657000,0.792244430923462,-0.491521066063642,0.0917192587265919
5849,296000,9657000,0.774208684921265,-0.478581360822916,0.108201544639774
5850,297000,9657000,0.760349109584093,-0.470506304427981,0.19100223849527
5851,298000,9657000,0.734243496114016,-0.46089693659842,0.199084244874536
5852,299000,9657000,0.736919491171837,-0.464375977873802,0.277814417066705
5853,3e+05,9657000,0.720688333952427,-0.477602426566184,0.2491972786142
5854,301000,9657000,0.681442097949982,-0.46114494702965,0.160857390346518
5855,302000,9657000,0.752245828938484,-0.497702527266741,0.0664868361509812
5856,303000,9657000,0.723679107630253,-0.481307575216889,0.0574978723234613
5857,304000,9657000,0.698939944517612,-0.480728518867493,0.0494077180301538
5858,305000,9657000,0.685404993391037,-0.472029524868727,0.119068040415359
5859,306000,9657000,0.651984289851785,-0.492812184399366,0.109273592548369
5860,307000,9657000,0.628317461238056,-0.508645810472965,0.123519344139704
5861,308000,9657000,0.636943900188804,-0.474594314473867,0.0751539650654187
5862,309000,9657000,0.558697916330397,-0.523590492110699,0.101081463282183
5863,310000,9657000,0.523983237165213,-0.557857094940543,0.0897801523995586
5864,311000,9657000,0.477841393041611,-0.553445704570413,0.0721103770031914
5865,312000,9657000,0.437439532510936,-0.556610115997493,0.076573899044955
5866,313000,9657000,0.298403494220227,-0.526251912748814,0.0672541855330113
5867,314000,9657000,0.334427508243732,-0.528429313991219,0.0708370370102697
5868,315000,9657000,0.122624551352113,-0.370520697245002,0.0323665883312569
5869,316000,9657000,0.0634031739997095,-0.233451242886684,0.0192201214373345
5870,317000,9657000,0.0396271471526125,-0.154498435747065,0.019728076592469
5871,318000,9657000,0.0556056216863915,-0.261641943299305,0.0145048110918724
5872,319000,9657000,0.0474592672396946,-0.252207283606683,0.00890615337250056
5873,320000,9657000,0.0416719250396651,-0.223715714457686,0.00715444081461319
5874,321000,9657000,0.0440267684015213,-0.248159288565256,0.00724390593969729
5875,322000,9657000,0.0365860914459539,-0.209802894052304,0.00583434495920083
5876,323000,9657000,0.0752268800332211,-0.439925532010198,0.00733735726693412
5877,324000,9657000,0.0916380906289443,-0.42008347530067,0.00684478156264595
5878,325000,9657000,0.101936108652875,-0.335558275252581,0.0101748970440269
5879,326000,9657000,0.1045306672059,-0.364972259782255,0.00855049493107508
5880,327000,9657000,0.0934484750494361,-0.34643599396348,0.0119990718436049
5881,328000,9657000,0.061548865880337,-0.248566963583633,0.0209419586371805
5882,329000,9657000,0.187549316086664,-0.387430858416396,0.0375161770632258
5883,330000,9657000,0.327937643482536,-0.505600202004612,0.0495573123812792
5884,331000,9657000,0.288293127492815,-0.510236601136625,0.0329472132877621
5885,332000,9657000,0.377428503462672,-0.560727023762465,0.0435779219580814
5886,333000,9657000,0.517909143587947,-0.546293441906571,0.0417736849177279
5887,334000,9657000,0.602312304273248,-0.526403330487013,0.0398753254089388
5888,335000,9657000,0.710798746725917,-0.510584512725472,0.0544304297665658
5889,336000,9657000,0.795415835636854,-0.471722697329521,0.0255650505046127
5890,337000,9657000,0.825105342274904,-0.502470307788253,0.0179866788853193
5891,338000,9657000,0.767890385329723,-0.535766459816694,0.0299565488601336
5892,339000,9657000,0.829126489451528,-0.517853961572051,0.0178536993090995
5893,340000,9657000,0.815505263061821,-0.50211868493706,0.0222642197249923
5894,341000,9657000,0.604689210893028,-0.532270583567023,0.0563732220635284
5895,342000,9657000,0.644763086897135,-0.47763929502219,0.0589691490484052
5896,343000,9657000,0.620069825774431,-0.497935279503465,0.0638305405790918
5897,344000,9657000,0.598151339750737,-0.500388484111428,0.0714414914758876
5898,345000,9657000,0.607138833102584,-0.49060508656241,0.0756558630686253
5899,346000,9657000,0.576101021817327,-0.491568657274544,0.0833766605885699
5900,347000,9657000,0.443383916714042,-0.503275453446805,0.102889259351045
5901,348000,9657000,0.396067020260543,-0.51544892898649,0.111821752296761
5902,349000,9657000,0.365713947562873,-0.515649047762156,0.119809405395575
5903,350000,9657000,0.30039569109343,-0.507252302506566,0.125624677955359
5904,351000,9657000,0.225716103321314,-0.457337603189796,0.110410984411463
5905,352000,9657000,0.22347145196721,-0.459741920310259,0.129948197115958
5906,353000,9657000,0.184394512612373,-0.426526274183393,0.106253094754554
5907,354000,9657000,0.187262742828578,-0.402225571301579,0.0935603889242746
5908,355000,9657000,0.203730055257678,-0.401814044412971,0.112873302616365
5909,356000,9657000,0.173164091484994,-0.373716416873038,0.0822636138620321
5910,357000,9657000,0.162577508444339,-0.357058389621973,0.0616275917217135
5911,358000,9657000,0.282014092107117,-0.387499928948283,0.119993355475503
5912,359000,9657000,0.34670518450737,-0.416417005974054,0.137914099448547
5913,360000,9657000,0.29505485464856,-0.406158972157538,0.127080025436799
5914,361000,9657000,0.203605776338279,-0.394303437355161,0.0823310787036549
5915,362000,9657000,0.17869311760366,-0.399596208713949,0.0711962029663846
5916,363000,9657000,0.17839044826664,-0.411889731603861,0.0837971287649125
5917,364000,9657000,0.190082159268484,-0.415506137254834,0.0815728073869715
5918,365000,9657000,0.183293402595818,-0.427157560488582,0.0773986934620421
5919,366000,9657000,0.176533461507782,-0.403795893383771,0.0601832111432916
5920,367000,9657000,0.123405243524164,-0.372665856295079,0.0420325049915235
5921,368000,9657000,0.140165862665325,-0.406384052440524,0.0589751704115653
5922,369000,9657000,0.197418349988759,-0.451864158989489,0.0983172655945178
5923,370000,9657000,0.168132225773484,-0.4466211014539,0.100101720357407
5924,371000,9657000,0.145602216069773,-0.411031006884575,0.0645763384488877
5925,372000,9657000,0.123584263230208,-0.406439128059894,0.0508788786893012
5926,373000,9657000,0.114985709206015,-0.39982158036232,0.0416992197519168
5927,374000,9657000,0.118530410928838,-0.396499293741584,0.0427658889585407
5928,375000,9657000,0.118086372424256,-0.379059230617502,0.0455231542246078
5929,262000,9658000,0.21487425308302,-0.425647832930088,0.0661296613602899
5930,263000,9658000,0.189998214580864,-0.414013059422374,0.056983714403538
5931,264000,9658000,0.2155968908526,-0.390413981571794,0.0679961998113431
5932,265000,9658000,0.271925823361054,-0.375946727049351,0.066226466236636
5933,266000,9658000,0.203910291862488,-0.37774523819387,0.0627816856740043
5934,267000,9658000,0.193932240677625,-0.396384484481812,0.0536892662023194
5935,268000,9658000,0.132850503651798,-0.38421172721982,0.0439662292059511
5936,269000,9658000,0.137128169948608,-0.408326297131181,0.0496003289804794
5937,270000,9658000,0.144925434441864,-0.421897881251574,0.0453042965656146
5938,271000,9658000,0.178332077012956,-0.46958760330081,0.0441983750389889
5939,272000,9658000,0.208806891818345,-0.506145483669639,0.0408173353618011
5940,273000,9658000,0.216637307299674,-0.527011306646466,0.0431309165779501
5941,274000,9658000,0.235787735642493,-0.546661929804087,0.0410631312699988
5942,275000,9658000,0.223294388696551,-0.525737789553404,0.0431027017155662
5943,276000,9658000,0.250533488439024,-0.548288265681267,0.0490547121638432
5944,277000,9658000,0.259421537446976,-0.53853385258317,0.0551108344031498
5945,278000,9658000,0.237387694217265,-0.514915694263577,0.0524342700812966
5946,279000,9658000,0.209895473851264,-0.467579778289795,0.0451493437390774
5947,280000,9658000,0.242816503044218,-0.461869886448979,0.0529459081645124
5948,281000,9658000,0.250331251053512,-0.482645944899321,0.0681301903155632
5949,282000,9658000,0.27583257676661,-0.46027760271728,0.093876608078368
5950,283000,9658000,0.288214837607741,-0.489306154537201,0.0832452454935759
5951,284000,9658000,0.297334589353949,-0.504837319220602,0.0930403711301275
5952,285000,9658000,0.371981583958265,-0.514305744704604,0.10579145688084
5953,286000,9658000,0.741688684134185,-0.496483077692986,0.0366384672359098
5954,287000,9658000,0.768235724568367,-0.489229330340028,0.0368850442600437
5955,288000,9658000,0.78297739893496,-0.491470869469643,0.0311013857278507
5956,289000,9658000,0.792514673888683,-0.491746178469062,0.0367390212032595
5957,290000,9658000,0.79556339392066,-0.511652861896157,0.0523041377799585
5958,291000,9658000,0.796921430259943,-0.519611835637689,0.073158559453045
5959,292000,9658000,0.82057636192441,-0.51707962026298,0.103409007645585
5960,293000,9658000,0.819135045975447,-0.505438419985771,0.0608798752619157
5961,294000,9658000,0.817151651966572,-0.493403235441446,0.0448568203616887
5962,295000,9658000,0.787118706053495,-0.48881797182858,0.110204562523044
5963,296000,9658000,0.753100550711155,-0.469412022891641,0.16509165418442
5964,297000,9658000,0.742860817629099,-0.470605533644557,0.206131200579134
5965,298000,9658000,0.768122865724564,-0.470598330792785,0.27195803318932
5966,299000,9658000,0.685893608218431,-0.464771672728658,0.176601790318698
5967,3e+05,9658000,0.669290138107538,-0.47530361276418,0.227773944585628
5968,301000,9658000,0.663304729267955,-0.503787423250079,0.220889329231763
5969,302000,9658000,0.701128716239333,-0.483920586645603,0.101931301041646
5970,303000,9658000,0.705986074432731,-0.495480004104972,0.07218924720512
5971,304000,9658000,0.679832242441177,-0.496693932235241,0.0483283721080516
5972,305000,9658000,0.648709492331743,-0.506017395344377,0.111489873772068
5973,306000,9658000,0.603713055759668,-0.555705850791931,0.138240241682224
5974,307000,9658000,0.61239012554884,-0.526718379333615,0.120540963217584
5975,308000,9658000,0.521470813786983,-0.559828356674314,0.121104565222177
5976,309000,9658000,0.500166910594702,-0.566246312147379,0.097422178107356
5977,310000,9658000,0.453311517845839,-0.550649492317438,0.0688820376961608
5978,311000,9658000,0.342579638706148,-0.53353351931721,0.0845108749478299
5979,312000,9658000,0.233220236544497,-0.479889698877931,0.0392886197367057
5980,313000,9658000,0.160505196496286,-0.412628186965734,0.0406835253247904
5981,314000,9658000,0.171096427602321,-0.397160033449531,0.0322078397828387
5982,315000,9658000,0.0695411138787284,-0.238918540777998,0.0260668469375581
5983,316000,9658000,0.0355383877345739,-0.00969149597442229,0.0270551006082205
5984,317000,9658000,0.0218688522525335,0.0988954815508114,0.0254430713099791
5985,318000,9658000,0.0438749995009741,-0.147531783398944,0.0132662432883692
5986,319000,9658000,0.0398942716264282,-0.176822716395804,0.00895480615316046
5987,320000,9658000,0.0333407303417858,-0.175452506750074,0.00697251315557369
5988,321000,9658000,0.0258862121418555,-0.158402788977604,0.00653758554304077
5989,322000,9658000,0.0469923986661481,-0.276738297717684,0.0082809146891479
5990,323000,9658000,0.0213762872404943,-0.121058907267265,0.00798200086589786
5991,324000,9658000,0.0441733657449833,-0.208652615640312,0.0065470151187983
5992,325000,9658000,0.0812569346202596,-0.314132317397743,0.0078913224054384
5993,326000,9658000,0.0997025697596371,-0.374194170215726,0.00822792550203449
5994,327000,9658000,0.0732893573799054,-0.312400075911544,0.00894625967919128
5995,328000,9658000,0.0643408031691913,-0.265648303996772,0.0280498549087759
5996,329000,9658000,0.224015149740363,-0.432139176261425,0.0454977286553825
5997,330000,9658000,0.48664930460304,-0.529788738762704,0.108987836472504
5998,331000,9658000,0.34449719972685,-0.522522430002689,0.0778497225894593
5999,332000,9658000,0.383227336755395,-0.559050731402636,0.0406005725542549
6000,333000,9658000,0.500431310579181,-0.555726848343015,0.0379425328362267
6001,334000,9658000,0.592421941202879,-0.544608446159959,0.0378992116156849
6002,335000,9658000,0.776995487618446,-0.488003733739257,0.0484244407456135
6003,336000,9658000,0.799938562095165,-0.465360736149549,0.0279691394978901
6004,337000,9658000,0.791287476199865,-0.512115437570214,0.0254127815022599
6005,338000,9658000,0.67272322678268,-0.563374142926931,0.0458319691464305
6006,339000,9658000,0.839033502796292,-0.511221156209707,0.0172705895068124
6007,340000,9658000,0.828619421929121,-0.525526762965322,0.0230300903768512
6008,341000,9658000,0.678983974297345,-0.534148506619036,0.047493047332298
6009,342000,9658000,0.631794398741424,-0.471070835958421,0.064600012274133
6010,343000,9658000,0.603211069141328,-0.474716109742224,0.0728130995834246
6011,344000,9658000,0.553032878895104,-0.479098569947481,0.0778698773866985
6012,345000,9658000,0.589920936211944,-0.48082827123329,0.0794032311517745
6013,346000,9658000,0.542866123555601,-0.482945752333105,0.0900309054931626
6014,347000,9658000,0.407660158230364,-0.493062548924238,0.101168660022411
6015,348000,9658000,0.414839629865531,-0.502474076580256,0.108749089017231
6016,349000,9658000,0.338337267639115,-0.498926744292676,0.128344692784362
6017,350000,9658000,0.273569711379707,-0.484880883640051,0.140260709582455
6018,351000,9658000,0.27391391730532,-0.48902857369259,0.126919024647959
6019,352000,9658000,0.2188226769384,-0.430080145068467,0.12924852504544
6020,353000,9658000,0.184459331729263,-0.408049584811926,0.111445953316242
6021,354000,9658000,0.197608590944111,-0.398179592594504,0.0756896101291757
6022,355000,9658000,0.216958664638549,-0.423137844207883,0.11731253101211
6023,356000,9658000,0.175967359776795,-0.385966201078892,0.106099801140185
6024,357000,9658000,0.247261490557343,-0.391236681351066,0.12922079882957
6025,358000,9658000,0.349618660643697,-0.427235785448551,0.147567739157286
6026,359000,9658000,0.339277525481582,-0.417580000531673,0.121777499828674
6027,360000,9658000,0.249019484459516,-0.391838136923313,0.0988557759109419
6028,361000,9658000,0.209771208192222,-0.405966692480445,0.0758214024977759
6029,362000,9658000,0.168383001898229,-0.386567601874471,0.0697893035870162
6030,363000,9658000,0.191997705979645,-0.418803045985103,0.085908775450848
6031,364000,9658000,0.214351315283775,-0.443513558146358,0.109083426351519
6032,365000,9658000,0.199641725296527,-0.442487456223369,0.0935925565131009
6033,366000,9658000,0.195696878439188,-0.439671796990931,0.0933647050108295
6034,367000,9658000,0.180597223431244,-0.42963835452646,0.0899337153329048
6035,368000,9658000,0.164307777012885,-0.42624399317205,0.071672203041194
6036,369000,9658000,0.19812589315027,-0.434805285454541,0.105831899478775
6037,370000,9658000,0.144222074514627,-0.416955108916759,0.0795951378726866
6038,371000,9658000,0.159358979039267,-0.421314888110757,0.0686785532983136
6039,372000,9658000,0.152974835696071,-0.414255505985022,0.0612041182725923
6040,373000,9658000,0.118046501446143,-0.407448524525762,0.0348641080150206
6041,374000,9658000,0.113405768238381,-0.414909471228719,0.0281957207261235
6042,375000,9658000,0.129990525767207,-0.470659575679085,0.0310514036487703
6043,262000,9659000,0.146255377545953,-0.387947654053569,0.0422009480805136
6044,263000,9659000,0.150790385587513,-0.379654477141798,0.0418777823108248
6045,264000,9659000,0.247750360530987,-0.4007647263363,0.0690248457643203
6046,265000,9659000,0.242310578638688,-0.381452992923558,0.0670016269575805
6047,266000,9659000,0.201576103381068,-0.361936680947244,0.0673160609918647
6048,267000,9659000,0.177302826735377,-0.399574510267377,0.0559882756713778
6049,268000,9659000,0.13676387033537,-0.395157881295681,0.054584784944728
6050,269000,9659000,0.139171348849684,-0.409580296084285,0.0519789209382609
6051,270000,9659000,0.151369270547479,-0.427054294160008,0.0487598319591954
6052,271000,9659000,0.183408492775261,-0.491129519701004,0.045964140997082
6053,272000,9659000,0.202233795592189,-0.511585470122099,0.0446886499237269
6054,273000,9659000,0.209051643507183,-0.529963294684887,0.0415108300244436
6055,274000,9659000,0.216596833360195,-0.529113789969683,0.0371563271723688
6056,275000,9659000,0.224965059837699,-0.517112599229813,0.033302984520793
6057,276000,9659000,0.235288125118613,-0.525842138299346,0.0389220629287884
6058,277000,9659000,0.23314819445312,-0.524855795538425,0.0506415853811428
6059,278000,9659000,0.244494414551556,-0.527296747165918,0.0545909348377958
6060,279000,9659000,0.243276356835663,-0.474625167497992,0.0503937734436244
6061,280000,9659000,0.23437259965241,-0.494618891137838,0.0482557511892635
6062,281000,9659000,0.269340007852128,-0.526375126015497,0.0693148640071973
6063,282000,9659000,0.294858215522676,-0.513843792277735,0.0795209886955097
6064,283000,9659000,0.269800804883987,-0.481397130706906,0.0709291708578356
6065,284000,9659000,0.305103973660618,-0.511471618855,0.0924697607450187
6066,285000,9659000,0.414971128446679,-0.532994276083494,0.0917571386255324
6067,286000,9659000,0.673328564880928,-0.494014708197862,0.0477500084395986
6068,287000,9659000,0.76601356241405,-0.490405267876387,0.0333456156686414
6069,288000,9659000,0.785930907517672,-0.48739018368721,0.0287612734220224
6070,289000,9659000,0.803397292304039,-0.497137186744809,0.0359565391486511
6071,290000,9659000,0.794491195970774,-0.510546600827575,0.0489688790515065
6072,291000,9659000,0.796206796240807,-0.518606671780348,0.0428218317589548
6073,292000,9659000,0.814278156709671,-0.515673503026366,0.0892990987860831
6074,293000,9659000,0.832141951948404,-0.496616126084328,0.042142731609568
6075,294000,9659000,0.821488126349449,-0.485045382505655,0.075856813648931
6076,295000,9659000,0.785060139787197,-0.47488541597724,0.0793326034228085
6077,296000,9659000,0.772099553126097,-0.477201111534238,0.111324712199673
6078,297000,9659000,0.736666638243198,-0.460518199083209,0.207323234612972
6079,298000,9659000,0.714819728639722,-0.469175493937731,0.183701202422521
6080,299000,9659000,0.637842345425487,-0.505262439081073,0.283180666303429
6081,3e+05,9659000,0.610749324375391,-0.524350855496526,0.211963384637438
6082,301000,9659000,0.591000747928023,-0.537408775275946,0.173366898897149
6083,302000,9659000,0.652993875604868,-0.500114655028284,0.100696324907077
6084,303000,9659000,0.665272200372815,-0.504196826641262,0.085244544733467
6085,304000,9659000,0.687723340755701,-0.518271477791667,0.0716005673793377
6086,305000,9659000,0.609529939517379,-0.534648469749093,0.114428466286761
6087,306000,9659000,0.543889604124427,-0.566194816738367,0.102949103312573
6088,307000,9659000,0.486625865113735,-0.568370325675607,0.0543961377575775
6089,308000,9659000,0.482079015681148,-0.580596537795663,0.0880205933103251
6090,309000,9659000,0.406038025132567,-0.574426162624359,0.0779292001794849
6091,310000,9659000,0.315932394610904,-0.54938373362571,0.0575048368706659
6092,311000,9659000,0.245081473909318,-0.49272962796241,0.050236018034647
6093,312000,9659000,0.144149076613598,-0.371284672944248,0.0304221099271177
6094,313000,9659000,0.113312887499371,-0.348357331116498,0.0323413698433957
6095,314000,9659000,0.0714815460268408,-0.306474748881161,0.0237030598720739
6096,315000,9659000,0.0436500909677401,-0.124298471701158,0.02959111338769
6097,316000,9659000,-0.0361463036402478,0.486103663111691,0.0302472662753542
6098,317000,9659000,-0.0263896625177556,0.301379203403227,0.0279165896565071
6099,318000,9659000,0.0286807664056701,-0.049186968212192,0.0173284933305462
6100,319000,9659000,0.0347388209131022,-0.149911463559579,0.00933503645338933
6101,320000,9659000,0.0404443176168774,-0.221389435571493,0.00700868708538619
6102,321000,9659000,0.0342677967450582,-0.177911988109373,0.00692943319081096
6103,322000,9659000,0.0285895338605478,-0.132722424193715,0.00800981582808599
6104,323000,9659000,0.0321318821472116,-0.157305062404461,0.00818059305934294
6105,324000,9659000,0.0530455497238087,-0.239220417579636,0.00889861731919518
6106,325000,9659000,0.0908153175355401,-0.324863917022198,0.0110896146696876
6107,326000,9659000,0.0969902680335566,-0.347468762518466,0.00977331474370731
6108,327000,9659000,0.112119492485281,-0.367457758240402,0.0116615508837043
6109,328000,9659000,0.104792980160326,-0.33423922916376,0.0173731375969219
6110,329000,9659000,0.306879328373633,-0.511914829491079,0.0524435433591949
6111,330000,9659000,0.407592037039995,-0.5407533607319,0.0675221974650864
6112,331000,9659000,0.566118657183647,-0.511305037435889,0.0775004561790731
6113,332000,9659000,0.484702129951119,-0.535252475517988,0.05390580301765
6114,333000,9659000,0.573662800419331,-0.544995763397217,0.0403965652171872
6115,334000,9659000,0.680594513753057,-0.512418994489312,0.030708456440852
6116,335000,9659000,0.778484596818686,-0.478842988279462,0.0438117992045823
6117,336000,9659000,0.800498312407732,-0.472755102977157,0.0361709005660843
6118,337000,9659000,0.801916748863459,-0.514206961777806,0.0285270683375187
6119,338000,9659000,0.766495599371195,-0.531044206357002,0.0391079668624792
6120,339000,9659000,0.841177340120077,-0.507619557824731,0.0165873950584908
6121,340000,9659000,0.740087854465842,-0.535719645017385,0.0316090991219156
6122,341000,9659000,0.621329040826857,-0.479968258337677,0.0642861477088649
6123,342000,9659000,0.658650999653339,-0.464058695657551,0.0580920162790455
6124,343000,9659000,0.598865369223058,-0.473363217890263,0.0718366692109266
6125,344000,9659000,0.551207798659988,-0.474171688862145,0.079523311186349
6126,345000,9659000,0.597799924296141,-0.479787809836864,0.0782744444379583
6127,346000,9659000,0.508499391320348,-0.478353537404537,0.0904018834033981
6128,347000,9659000,0.382238551065698,-0.491523093417287,0.104694368036836
6129,348000,9659000,0.38271407918632,-0.487180632406473,0.11374240453206
6130,349000,9659000,0.320508670999855,-0.497334883017838,0.132382064038143
6131,350000,9659000,0.275321532098949,-0.495131760272384,0.141382378146891
6132,351000,9659000,0.260634438382089,-0.468849819536507,0.15206284678746
6133,352000,9659000,0.198497140065581,-0.413029517273605,0.136669239127263
6134,353000,9659000,0.178012744514272,-0.396555931997299,0.155852078779787
6135,354000,9659000,0.154713950587437,-0.372372143173218,0.121617187509593
6136,355000,9659000,0.17468879309466,-0.397462777923048,0.0978044944266323
6137,356000,9659000,0.222305551264435,-0.402886258263886,0.126316087540612
6138,357000,9659000,0.312494287125021,-0.427779361344874,0.110493937472918
6139,358000,9659000,0.243288102033734,-0.421578192129731,0.114715324022807
6140,359000,9659000,0.308454066558182,-0.405313841333985,0.128261376222735
6141,360000,9659000,0.233065026247129,-0.404888987571001,0.120829079153575
6142,361000,9659000,0.181129947780631,-0.40265182954371,0.081673031204287
6143,362000,9659000,0.14438267651163,-0.385565769088268,0.0979860449624248
6144,363000,9659000,0.204056004370749,-0.430591575528681,0.108637959509343
6145,364000,9659000,0.190570049664378,-0.438643049687147,0.0932942765558138
6146,365000,9659000,0.183937572028488,-0.441074746772647,0.0968443654526025
6147,366000,9659000,0.207504602332413,-0.457604844531417,0.107853361002868
6148,367000,9659000,0.188129811839759,-0.450522320142388,0.101852569813002
6149,368000,9659000,0.191771482102945,-0.453583555525541,0.102227017740021
6150,369000,9659000,0.193893199571222,-0.427210323034227,0.0858526679955656
6151,370000,9659000,0.187198457515985,-0.432809141179919,0.0703127979230485
6152,371000,9659000,0.172769101317227,-0.421214151833952,0.0831502225446515
6153,372000,9659000,0.171889515641704,-0.430513992516696,0.0632623754650121
6154,373000,9659000,0.146498661593907,-0.416930720555782,0.0500571655128617
6155,374000,9659000,0.137874408063665,-0.417305076150596,0.045256668309262
6156,375000,9659000,0.126274159113792,-0.420866922749714,0.0465683254857802
6157,262000,9660000,0.199685323357582,-0.418952740505338,0.0604797093560919
6158,263000,9660000,0.179020672950149,-0.401064571498334,0.0521841507568024
6159,264000,9660000,0.173529143753275,-0.377838062423468,0.0580665945253335
6160,265000,9660000,0.222989535304159,-0.401789118534327,0.0643115344645455
6161,266000,9660000,0.208203046024218,-0.360445482182503,0.0718354047108442
6162,267000,9660000,0.151043784526363,-0.377329889678955,0.0505132629050873
6163,268000,9660000,0.146295733219385,-0.403158799281716,0.0495491256641224
6164,269000,9660000,0.143974244660884,-0.414943494096398,0.0480141902077943
6165,270000,9660000,0.179961388654262,-0.458359078261256,0.0407894996456802
6166,271000,9660000,0.200722620181739,-0.516186176294088,0.0445070262346417
6167,272000,9660000,0.202905250237882,-0.52191445544064,0.0419521872239187
6168,273000,9660000,0.20023972864151,-0.519830177134275,0.0446613573886454
6169,274000,9660000,0.181935079218447,-0.487071598803997,0.0389007122864947
6170,275000,9660000,0.189321714416891,-0.47982377307713,0.0323378280618228
6171,276000,9660000,0.197414510238171,-0.475018548744917,0.0382425925101154
6172,277000,9660000,0.208211835753918,-0.480741105341911,0.0516600891383365
6173,278000,9660000,0.239470919465274,-0.4956165995121,0.0560704929854721
6174,279000,9660000,0.21236058267355,-0.498605360901356,0.0441235382033978
6175,280000,9660000,0.22032222475633,-0.498594921019673,0.0474187362783123
6176,281000,9660000,0.224111066944152,-0.503857028195262,0.0499646552083548
6177,282000,9660000,0.213397926081537,-0.487370361060055,0.056027654757956
6178,283000,9660000,0.263573615729064,-0.481090793138742,0.0781062324240804
6179,284000,9660000,0.338719293753803,-0.490466902790964,0.109935455710255
6180,285000,9660000,0.395262917358428,-0.502025736303627,0.113004713976569
6181,286000,9660000,0.647946858547628,-0.515513634201884,0.0633130408310331
6182,287000,9660000,0.772301514726877,-0.496428262209892,0.0298370106770657
6183,288000,9660000,0.780351290547848,-0.490763546869159,0.0303604077717755
6184,289000,9660000,0.807081009334326,-0.499811705774069,0.0272231353656854
6185,290000,9660000,0.795461063724756,-0.520780973467231,0.0448275791249471
6186,291000,9660000,0.812723858237267,-0.522309592318535,0.0428590294646099
6187,292000,9660000,0.833700131702423,-0.516091330912709,0.0442890844602254
6188,293000,9660000,0.827825744813681,-0.500037312921882,0.0568319554402377
6189,294000,9660000,0.811562391644716,-0.486787014895678,0.116933053396107
6190,295000,9660000,0.797216280800104,-0.479655278369784,0.13460824478467
6191,296000,9660000,0.784423074418306,-0.472270436343551,0.0957741280830611
6192,297000,9660000,0.787293399178982,-0.482661514005065,0.112957600153366
6193,298000,9660000,0.728771211871505,-0.490375488519669,0.128169068667351
6194,299000,9660000,0.603065379032493,-0.525709925833344,0.182891668729002
6195,3e+05,9660000,0.5065054985255,-0.55036118863523,0.146693389199843
6196,301000,9660000,0.508892175759375,-0.555347547772527,0.0864973772244877
6197,302000,9660000,0.560495949998498,-0.549549579107761,0.122091443857626
6198,303000,9660000,0.600691923078895,-0.546285058224201,0.0827604650190653
6199,304000,9660000,0.645658728247881,-0.515573426620662,0.0914133169063134
6200,305000,9660000,0.512316398370266,-0.567825256431103,0.083220695215973
6201,306000,9660000,0.445157665401697,-0.572828957125545,0.0459682468133964
6202,307000,9660000,0.381588737615943,-0.577302425265312,0.0654426348834153
6203,308000,9660000,0.360787303819507,-0.569779241470993,0.0450759942866978
6204,309000,9660000,0.273236423105001,-0.533064061747491,0.0571667124482919
6205,310000,9660000,0.192638244591467,-0.465444329579175,0.0416265953608876
6206,311000,9660000,0.142084699592367,-0.395816108030081,0.0340206323300365
6207,312000,9660000,0.0669329693857348,-0.265927357510105,0.016069308588736
6208,313000,9660000,0.117598806918081,-0.355043849065993,0.0270970855153733
6209,314000,9660000,0.0911871751748142,-0.32097497118935,0.0191296390713771
6210,315000,9660000,0.0462296083178517,-0.122830928014501,0.0346424261693333
6211,316000,9660000,0.0259156252422647,-0.0485215040988536,0.0295577643411409
6212,317000,9660000,-0.0190560280916601,0.106292442515909,0.0224684367094305
6213,318000,9660000,-0.0231050337635854,0.136122863253158,0.0220482902684133
6214,319000,9660000,0.032249686634558,-0.147310226395579,0.0116064543483721
6215,320000,9660000,0.0313584221114346,-0.17976963465686,0.00663414534704061
6216,321000,9660000,0.0314063548271282,-0.175450951205386,0.00663783229876717
6217,322000,9660000,0.0453321265844686,-0.219177051974554,0.00738243841394142
6218,323000,9660000,0.0609822513079271,-0.270692843387276,0.00830255357492133
6219,324000,9660000,0.082823092543683,-0.32008388857916,0.0110227081435507
6220,325000,9660000,0.115049210680742,-0.363455585828424,0.0129561537328875
6221,326000,9660000,0.170901330665126,-0.423654956163466,0.0237970631167875
6222,327000,9660000,0.194521351602674,-0.447505476757884,0.0219571915098641
6223,328000,9660000,0.229029738422856,-0.464118919052184,0.0269915055081947
6224,329000,9660000,0.310233004809171,-0.531281642861664,0.0395223305693129
6225,330000,9660000,0.473172363632917,-0.527814311011136,0.0462855078346794
6226,331000,9660000,0.489784929576516,-0.529815209594369,0.0530513596655335
6227,332000,9660000,0.647531934803724,-0.499448683544993,0.0687299662714358
6228,333000,9660000,0.714703662621975,-0.515079324749112,0.0367698576916126
6229,334000,9660000,0.780218892049789,-0.490813945066929,0.0414360715330928
6230,335000,9660000,0.805510100638866,-0.471986206135154,0.0441020705990493
6231,336000,9660000,0.827311414122581,-0.499296797198057,0.0228451351040974
6232,337000,9660000,0.83708920776844,-0.512281334924698,0.0178787004065234
6233,338000,9660000,0.802864672350883,-0.529352162241936,0.0276609586870763
6234,339000,9660000,0.843529909998178,-0.51353440438509,0.018436060804734
6235,340000,9660000,0.760714932060242,-0.541676127049327,0.0355927998907166
6236,341000,9660000,0.61184387094602,-0.503695623239875,0.0678141327812802
6237,342000,9660000,0.62977341285944,-0.47298198518306,0.0664908305753954
6238,343000,9660000,0.61493242216073,-0.480026213207841,0.0728887131104246
6239,344000,9660000,0.570024653947353,-0.480920702181756,0.081859561884217
6240,345000,9660000,0.614293248220533,-0.479457288107276,0.0748775960522704
6241,346000,9660000,0.476287369380891,-0.475705518784374,0.0930616613481194
6242,347000,9660000,0.383689050781727,-0.491687634389102,0.112112132439343
6243,348000,9660000,0.354460077448189,-0.483520366856456,0.12454652798865
6244,349000,9660000,0.343048188306391,-0.505506505471468,0.137794216104969
6245,350000,9660000,0.299268329514563,-0.473550016282499,0.145384143180866
6246,351000,9660000,0.252105936165154,-0.444353110028058,0.126609088832792
6247,352000,9660000,0.186243339301646,-0.411353545790911,0.132264982012287
6248,353000,9660000,0.138477485207468,-0.374742890843749,0.150370009269938
6249,354000,9660000,0.171345377642661,-0.409017038419843,0.15907324947603
6250,355000,9660000,0.177442618200835,-0.395821581025422,0.12416170742223
6251,356000,9660000,0.343845490225405,-0.425963264292479,0.138206527701393
6252,357000,9660000,0.387375318909809,-0.421674967932701,0.10935259147333
6253,358000,9660000,0.252455397993326,-0.431270102994144,0.135659505270142
6254,359000,9660000,0.208482877494022,-0.393799929337203,0.102818856685888
6255,360000,9660000,0.171125639190525,-0.39678002153635,0.105932868747786
6256,361000,9660000,0.157499700739048,-0.39099953417778,0.0896360694781412
6257,362000,9660000,0.211108744622022,-0.439941497069597,0.0988656270487234
6258,363000,9660000,0.209500138035417,-0.444124948713183,0.0979151386374608
6259,364000,9660000,0.207219515367597,-0.460794060346484,0.0984913542855531
6260,365000,9660000,0.215005856472254,-0.463267620483041,0.0999598707152996
6261,366000,9660000,0.200178131664544,-0.456409929710627,0.094452526761964
6262,367000,9660000,0.206713344316185,-0.460253028565645,0.120851296983659
6263,368000,9660000,0.211934749431163,-0.461330295667052,0.103777589203976
6264,369000,9660000,0.195758282022551,-0.440262206912041,0.0822194716897327
6265,370000,9660000,0.181148776173964,-0.416524615827203,0.0759984823305858
6266,371000,9660000,0.144095899010077,-0.404107514934242,0.0546957307129865
6267,372000,9660000,0.129930745850503,-0.429793405714631,0.042841530516604
6268,373000,9660000,0.115859462527931,-0.418609658429027,0.0415574371426133
6269,374000,9660000,0.105333855642378,-0.428367821976542,0.046099006820377
6270,375000,9660000,0.0957631456343965,-0.426899898729541,0.0336207729319788
6271,262000,9661000,0.189026081373915,-0.379920550242066,0.0827047560415231
6272,263000,9661000,0.164587281012908,-0.368708362749219,0.0577487181834411
6273,264000,9661000,0.169631274367496,-0.3550802649647,0.0572461371529382
6274,265000,9661000,0.194144608764537,-0.395526376280189,0.0524132330157794
6275,266000,9661000,0.154776866351441,-0.34079555337131,0.0640645769600756
6276,267000,9661000,0.140133243039995,-0.394149281072617,0.0559872817885131
6277,268000,9661000,0.155531539352238,-0.421561282140017,0.0590877481404692
6278,269000,9661000,0.157469945831597,-0.431842124342918,0.0537075521474704
6279,270000,9661000,0.185445837321877,-0.46937704769671,0.0464338131200522
6280,271000,9661000,0.198990410964191,-0.509929620200396,0.0478605214126408
6281,272000,9661000,0.195778975021839,-0.518081012910604,0.0478170184696093
6282,273000,9661000,0.190427706557512,-0.515092357307673,0.0571117909368128
6283,274000,9661000,0.181829236008227,-0.466798719906807,0.0526259234194644
6284,275000,9661000,0.169494264032692,-0.452314913198352,0.0413031146023422
6285,276000,9661000,0.183838618239015,-0.462501975423098,0.0456024282328784
6286,277000,9661000,0.228520760261267,-0.473323534062505,0.0533614652405493
6287,278000,9661000,0.21534846778214,-0.477470679670572,0.0562914028448053
6288,279000,9661000,0.191333472692966,-0.498919946449995,0.0441597254454158
6289,280000,9661000,0.21119961438179,-0.516850797727704,0.0493175019744784
6290,281000,9661000,0.24241779139936,-0.526177533859015,0.073212244508788
6291,282000,9661000,0.2258366600357,-0.497346457880735,0.0694945722976699
6292,283000,9661000,0.211242717275769,-0.466076362118125,0.0745203332321718
6293,284000,9661000,0.258497522034496,-0.483702476266026,0.0998083698596805
6294,285000,9661000,0.375098024880141,-0.500564269517362,0.115186452936009
6295,286000,9661000,0.697425869438052,-0.506352529203892,0.0517129315458238
6296,287000,9661000,0.765525383830071,-0.493811455497146,0.0337445467835292
6297,288000,9661000,0.786592771857977,-0.49148137345314,0.0328462383768521
6298,289000,9661000,0.810070685595274,-0.502905090838671,0.028881073093554
6299,290000,9661000,0.814279768031836,-0.51899093568325,0.0370117699177004
6300,291000,9661000,0.807400974446535,-0.535038530242443,0.0466710527364863
6301,292000,9661000,0.836897781908512,-0.520589947962761,0.0624940376088431
6302,293000,9661000,0.822403321021795,-0.492412406328321,0.0693498888778908
6303,294000,9661000,0.799331871014833,-0.481346260032058,0.0781076866674301
6304,295000,9661000,0.789219411301613,-0.475223270466924,0.0739696184701519
6305,296000,9661000,0.797371076792479,-0.473662877342105,0.0797156671335542
6306,297000,9661000,0.778023831784725,-0.485214558747411,0.0694832558757276
6307,298000,9661000,0.717481339088082,-0.495167636948824,0.112624424361637
6308,299000,9661000,0.621832758447528,-0.493866455593705,0.13761909205921
6309,3e+05,9661000,0.543097585785389,-0.513384234911203,0.0781964139510412
6310,301000,9661000,0.473378553956747,-0.53588200288415,0.118758723318733
6311,302000,9661000,0.431819942384958,-0.569184039726853,0.0736717236853379
6312,303000,9661000,0.468097437340021,-0.553247594660521,0.078224872755495
6313,304000,9661000,0.487793031454086,-0.541651385176182,0.093562185585557
6314,305000,9661000,0.461192843753099,-0.566294731715322,0.0545202429194862
6315,306000,9661000,0.402259537255764,-0.566269334024191,0.0734799664143997
6316,307000,9661000,0.356972320105135,-0.590295069923997,0.0673962383142585
6317,308000,9661000,0.303746819360927,-0.571992311351001,0.0546935475766513
6318,309000,9661000,0.276459618574381,-0.537266468736529,0.0643398964179389
6319,310000,9661000,0.155980599467829,-0.423374915499985,0.0271736244421918
6320,311000,9661000,0.088433053992514,-0.321456050871313,0.0271791658909642
6321,312000,9661000,0.0781990049018932,-0.314377881609995,0.0223033716906328
6322,313000,9661000,0.0720976843226701,-0.296151537237316,0.020549838390488
6323,314000,9661000,0.0624437266479887,-0.235385681316929,0.0185907263371191
6324,315000,9661000,0.0465779694496698,-0.100623413259517,0.030497091032489
6325,316000,9661000,-0.0516501957331464,0.33849939485326,0.0282857571350236
6326,317000,9661000,-0.0579317284921839,0.274980337496742,0.0301061513033463
6327,318000,9661000,-0.00494959953351063,0.0714976282607007,0.0268938696215977
6328,319000,9661000,0.0310117072841953,-0.150165505163785,0.0164284903499647
6329,320000,9661000,0.0330513248918069,-0.196804152820571,0.00730405589319562
6330,321000,9661000,0.0317656638629967,-0.175424690788386,0.00623227904731757
6331,322000,9661000,0.0514146768239123,-0.218455269990399,0.00789183174668433
6332,323000,9661000,0.100497031063167,-0.363325525022671,0.010571520851602
6333,324000,9661000,0.10947773452308,-0.373846323311329,0.0120140591396543
6334,325000,9661000,0.184360791051015,-0.479092324769497,0.0135150678894599
6335,326000,9661000,0.250542471250892,-0.535181607180834,0.0310591745831538
6336,327000,9661000,0.277005805475265,-0.526016374158859,0.0320339631102164
6337,328000,9661000,0.320686284263432,-0.542478339874744,0.0382030747896642
6338,329000,9661000,0.408298234029114,-0.572761402544379,0.0465874250702793
6339,330000,9661000,0.480786601281166,-0.553683930617571,0.0540220090895425
6340,331000,9661000,0.613952555474639,-0.495975389814377,0.0566567689627991
6341,332000,9661000,0.727669597619772,-0.492640328744054,0.0360464605739689
6342,333000,9661000,0.78866488340497,-0.484292644041777,0.0445677097543143
6343,334000,9661000,0.805775193417072,-0.484483574858308,0.045007906086091
6344,335000,9661000,0.816713773190975,-0.48429278010428,0.031975881248503
6345,336000,9661000,0.796954753279686,-0.508577806228399,0.0259395857770694
6346,337000,9661000,0.81609676245451,-0.517575090026855,0.0238830255787005
6347,338000,9661000,0.728173627498746,-0.536182222107053,0.0410657641918398
6348,339000,9661000,0.5609396368891,-0.548570780959725,0.0775609259597957
6349,340000,9661000,0.579788933618367,-0.513168585893512,0.0804968652667478
6350,341000,9661000,0.590631711411476,-0.48807387021929,0.0808093311514705
6351,342000,9661000,0.588099044754356,-0.479404126086831,0.0779622074690647
6352,343000,9661000,0.565477243043482,-0.471580109900236,0.0806212987235806
6353,344000,9661000,0.599551762312651,-0.475771106308699,0.0773330718988553
6354,345000,9661000,0.643212762409449,-0.477042383699119,0.0659559665299486
6355,346000,9661000,0.506592016141117,-0.474211579330266,0.0872995811557397
6356,347000,9661000,0.423059634743631,-0.486533082697541,0.107977151777036
6357,348000,9661000,0.382657716104388,-0.490878999698162,0.121599411335029
6358,349000,9661000,0.330361183073372,-0.473166182667017,0.126273172339238
6359,350000,9661000,0.269638514909893,-0.444859101258218,0.117367721602507
6360,351000,9661000,0.221165819060802,-0.425787797249854,0.110964267387427
6361,352000,9661000,0.155811191755161,-0.385029071021825,0.118750061823055
6362,353000,9661000,0.13865072465539,-0.410271157726645,0.12525806971658
6363,354000,9661000,0.197918420415372,-0.455598705074191,0.122259134320542
6364,355000,9661000,0.385485946181417,-0.442690186412632,0.0902257214222569
6365,356000,9661000,0.388390988770872,-0.432508029173315,0.123740680060815
6366,357000,9661000,0.359301233832538,-0.446829138590395,0.107720994155714
6367,358000,9661000,0.253612094952911,-0.432256624880433,0.113758699358907
6368,359000,9661000,0.179336247332022,-0.399251741550863,0.0984254790127277
6369,360000,9661000,0.173601491280645,-0.398076608756185,0.123613952765614
6370,361000,9661000,0.169162672082335,-0.415396101886034,0.117742474909499
6371,362000,9661000,0.215493465104699,-0.460166044405103,0.104885245744698
6372,363000,9661000,0.193876303060353,-0.46612197740674,0.0959657194236293
6373,364000,9661000,0.21892043087557,-0.470139884465933,0.10856499298308
6374,365000,9661000,0.223107690499723,-0.473928613579273,0.114421519158687
6375,366000,9661000,0.206715356666595,-0.457412791129947,0.114874829581939
6376,367000,9661000,0.19485137405023,-0.455988912555575,0.096768381193094
6377,368000,9661000,0.199758083028346,-0.461118548664451,0.10227553652497
6378,369000,9661000,0.20104345844239,-0.465871131822467,0.0718067378080799
6379,370000,9661000,0.142134077038616,-0.413639462146163,0.0445313816888723
6380,371000,9661000,0.140074866825342,-0.409974905279279,0.0504711465069558
6381,372000,9661000,0.131803432707116,-0.411721081915498,0.0418917137007229
6382,373000,9661000,0.115315352015197,-0.416545819440484,0.0309330499726057
6383,374000,9661000,0.112361849214882,-0.40565817002058,0.0304611439636152
6384,375000,9661000,0.0937201125987551,-0.401790964224122,0.0233118522796907
6385,262000,9662000,0.130018826468382,-0.324345435220748,0.0594023522059433
6386,263000,9662000,0.139803691233834,-0.350011851207912,0.0484348066403065
6387,264000,9662000,0.205915454267338,-0.422004391553998,0.0547599046815652
6388,265000,9662000,0.174195675129816,-0.397743968126178,0.0575942686976865
6389,266000,9662000,0.115441258963943,-0.349972448627651,0.0542415267188102
6390,267000,9662000,0.148216866207868,-0.400110255849361,0.0584505320945755
6391,268000,9662000,0.164204942570627,-0.43712735055089,0.0582496728340164
6392,269000,9662000,0.175163200201094,-0.446973723688722,0.0514609139377251
6393,270000,9662000,0.184709333655238,-0.478495234906673,0.053735371340625
6394,271000,9662000,0.199516908963025,-0.507702383455634,0.0587644007742405
6395,272000,9662000,0.184158827598978,-0.477376431283355,0.0592487936769612
6396,273000,9662000,0.174167774436585,-0.452866361453384,0.0576862691466697
6397,274000,9662000,0.176157690249383,-0.448424179840088,0.0531851785095409
6398,275000,9662000,0.192869896298647,-0.485579279884696,0.0618666259853169
6399,276000,9662000,0.204837033472955,-0.456917855492234,0.0573785562376492
6400,277000,9662000,0.224091441566497,-0.483906027472019,0.0555208232998848
6401,278000,9662000,0.222960741589963,-0.500875962033868,0.065919623894617
6402,279000,9662000,0.207291101649404,-0.51376860396564,0.0505752289479366
6403,280000,9662000,0.216263294491172,-0.523041115483642,0.0429593223868869
6404,281000,9662000,0.224150794059783,-0.532103361013532,0.0765502380188555
6405,282000,9662000,0.234339872547984,-0.496977443920076,0.0919471916261129
6406,283000,9662000,0.198705469064414,-0.478509126164019,0.0938779321392765
6407,284000,9662000,0.215322910597548,-0.488230744414032,0.11708666864424
6408,285000,9662000,0.258621385034174,-0.478928916236758,0.127153539716918
6409,286000,9662000,0.763128590843081,-0.495059625774622,0.0326613077166839
6410,287000,9662000,0.768830195039511,-0.49315457290411,0.0304545954462141
6411,288000,9662000,0.785707530361414,-0.491508950689435,0.0276692139051622
6412,289000,9662000,0.811623209315538,-0.506899919265509,0.028411673565791
6413,290000,9662000,0.816972928756475,-0.520834253522754,0.0450644433916779
6414,291000,9662000,0.79387505120635,-0.535222132101655,0.0950698175993399
6415,292000,9662000,0.817312105071545,-0.510769936233759,0.0780400605346891
6416,293000,9662000,0.81495946341157,-0.48874106349051,0.0740844544382504
6417,294000,9662000,0.793477083325386,-0.482870408445597,0.0454142925516004
6418,295000,9662000,0.783986495900154,-0.469362377092242,0.107684918308299
6419,296000,9662000,0.789638007670641,-0.477494952708483,0.0760835276667654
6420,297000,9662000,0.769516054433584,-0.481702859595418,0.0635223081374741
6421,298000,9662000,0.671688546290994,-0.490378589829803,0.0890213581428225
6422,299000,9662000,0.572944862797856,-0.478002293652296,0.0829769202229076
6423,3e+05,9662000,0.484147926208377,-0.495789870017767,0.0756090042809254
6424,301000,9662000,0.389799343509972,-0.564283436670899,0.0682766812341739
6425,302000,9662000,0.375320621329546,-0.588840132570267,0.0908968425608211
6426,303000,9662000,0.370780112701654,-0.595454471409321,0.0917775616047817
6427,304000,9662000,0.339402205322683,-0.601213738837838,0.0701417845949763
6428,305000,9662000,0.331706978805363,-0.606849802529812,0.0546074596478546
6429,306000,9662000,0.324118828745559,-0.594010390052199,0.0528926478532172
6430,307000,9662000,0.285488278241083,-0.572645386868715,0.0450343141683727
6431,308000,9662000,0.280644818351418,-0.563229326695204,0.0538726505647355
6432,309000,9662000,0.177720452623069,-0.458805541844666,0.0381555620323808
6433,310000,9662000,0.116050134993205,-0.39743187199831,0.0271712366502965
6434,311000,9662000,0.117638503723498,-0.425438661776111,0.0213965506846929
6435,312000,9662000,0.0834167957019032,-0.353006483013369,0.0168484753601544
6436,313000,9662000,0.0685018239014287,-0.32355347701495,0.0177731189277547
6437,314000,9662000,0.0412727543152927,-0.171299510360959,0.0233355993309175
6438,315000,9662000,0.0419612629689829,-0.154258284133492,0.0277057033516932
6439,316000,9662000,-0.0114600245633308,0.163636969915229,0.0333241306870943
6440,317000,9662000,0.0246662044780503,-0.0851193067630695,0.0339444576125592
6441,318000,9662000,0.0412134970539657,-0.20519333966116,0.0268913893301738
6442,319000,9662000,0.0475116622689005,-0.252309209932713,0.0150532194955391
6443,320000,9662000,0.0469438403128792,-0.285917536295205,0.00820853965450951
6444,321000,9662000,0.0517593271808582,-0.238083026489802,0.00710530742936098
6445,322000,9662000,0.0688148135450028,-0.258895626324695,0.00867565422357293
6446,323000,9662000,0.0979522232208517,-0.314615795771405,0.0123305203144089
6447,324000,9662000,0.145562077001156,-0.433838715986907,0.0155766463061969
6448,325000,9662000,0.216151676990837,-0.508352273865044,0.0251556934559369
6449,326000,9662000,0.272920214280486,-0.558662908250093,0.0245408190081827
6450,327000,9662000,0.326557635834813,-0.573886801692843,0.0472853066200274
6451,328000,9662000,0.37734724881053,-0.591209709274769,0.0425689609457622
6452,329000,9662000,0.427781113609672,-0.572583615273237,0.0395682725019287
6453,330000,9662000,0.495337673071027,-0.556719197672605,0.0575420582246385
6454,331000,9662000,0.597008439058065,-0.532427154052257,0.0353029428330832
6455,332000,9662000,0.795482811874151,-0.498055525994301,0.0281553540252498
6456,333000,9662000,0.802203966659307,-0.487213127887249,0.0460410462750122
6457,334000,9662000,0.800875562947989,-0.47794053889513,0.0514710637989221
6458,335000,9662000,0.809979788061976,-0.497487852658331,0.0301996097095776
6459,336000,9662000,0.589375680780411,-0.542286018896103,0.0673162751253694
6460,337000,9662000,0.535550944012403,-0.551753980204463,0.0878053954017349
6461,338000,9662000,0.513518452489376,-0.554369833512604,0.0988904092303943
6462,339000,9662000,0.568228231978416,-0.519977560533583,0.0890116978549398
6463,340000,9662000,0.581873607969284,-0.503220367440581,0.0877624702598434
6464,341000,9662000,0.591932899385691,-0.487945767085254,0.0818257612550631
6465,342000,9662000,0.563156884434819,-0.479389801734686,0.0868631379853934
6466,343000,9662000,0.532729063604388,-0.472183054512518,0.0875930795328226
6467,344000,9662000,0.519646576477587,-0.470907354685199,0.0958357248005457
6468,345000,9662000,0.557671725945175,-0.476451708638668,0.0871875693831593
6469,346000,9662000,0.475377859579027,-0.46717942417264,0.0963802389827557
6470,347000,9662000,0.444436005280912,-0.477347024598718,0.100166845201887
6471,348000,9662000,0.369521880530938,-0.495427372288704,0.115874706598371
6472,349000,9662000,0.320024399705231,-0.471292285886407,0.118589954605559
6473,350000,9662000,0.268312010524794,-0.448302457904816,0.119627261472214
6474,351000,9662000,0.193522176966071,-0.442036097538471,0.115806245410349
6475,352000,9662000,0.167413047005609,-0.423271568830311,0.136521030925959
6476,353000,9662000,0.150354487713799,-0.400128432525694,0.167386859400198
6477,354000,9662000,0.304892532208562,-0.474673658167571,0.118423196598701
6478,355000,9662000,0.382691354788281,-0.445809073542058,0.129245912291342
6479,356000,9662000,0.346964844110236,-0.435615080358088,0.12132234033877
6480,357000,9662000,0.324448048567772,-0.424293780779839,0.124886726101302
6481,358000,9662000,0.261971216762811,-0.41078783390671,0.126716424290743
6482,359000,9662000,0.177343435126171,-0.395665486158431,0.116319432352344
6483,360000,9662000,0.167185071393102,-0.397304712366313,0.130626501056179
6484,361000,9662000,0.192311706631258,-0.440735422867537,0.133840567743964
6485,362000,9662000,0.192122497131675,-0.4389411814183,0.107938201056141
6486,363000,9662000,0.213323151633143,-0.488972842738032,0.112799324803706
6487,364000,9662000,0.225821021935344,-0.480529727113247,0.119009898854792
6488,365000,9662000,0.202244088559598,-0.469616803371906,0.118727649076283
6489,366000,9662000,0.21178690533787,-0.460393894562125,0.124850800410472
6490,367000,9662000,0.203983104667813,-0.465599864083528,0.0993987124577165
6491,368000,9662000,0.170955776042491,-0.455093946003914,0.0845972246590303
6492,369000,9662000,0.188308415626362,-0.463273204785585,0.0583338514424628
6493,370000,9662000,0.199489715521783,-0.452852123340964,0.0718199714762159
6494,371000,9662000,0.186188707696274,-0.42926740399003,0.0645841303284978
6495,372000,9662000,0.14138274242878,-0.401511386778951,0.0376161125050799
6496,373000,9662000,0.112177527455613,-0.404191582557559,0.030912596372969
6497,374000,9662000,0.104099433525652,-0.409537296088785,0.0282552827475418
6498,375000,9662000,0.102696257152341,-0.398837136815895,0.0195026840363756
6499,262000,9663000,0.187877650380135,-0.427444974288344,0.0632030553068034
6500,263000,9663000,0.234756726033241,-0.474506054806709,0.0522598898059456
6501,264000,9663000,0.170904336128756,-0.390959520044923,0.048705603960529
6502,265000,9663000,0.154985345394164,-0.364397872595489,0.056433463244047
6503,266000,9663000,0.163014892733097,-0.387086995688081,0.0613396643377841
6504,267000,9663000,0.152291465770453,-0.406078855901957,0.051907004644908
6505,268000,9663000,0.158730694062263,-0.432067142164707,0.0476421346567571
6506,269000,9663000,0.171052752202004,-0.456003197526932,0.050926064006798
6507,270000,9663000,0.18287414162159,-0.46874684189558,0.0559352159807458
6508,271000,9663000,0.172196206061542,-0.472712417837977,0.0643978998940438
6509,272000,9663000,0.177887701810151,-0.446085941326618,0.0646242744361982
6510,273000,9663000,0.178952298164368,-0.442194593080878,0.0535629395815544
6511,274000,9663000,0.188066696444154,-0.457212342354655,0.0539256912050769
6512,275000,9663000,0.211272227820009,-0.467837120658159,0.056218774404563
6513,276000,9663000,0.210174566788971,-0.438280236947536,0.054147844335204
6514,277000,9663000,0.19304092509225,-0.447632333852351,0.0528179081199691
6515,278000,9663000,0.269395897290111,-0.509489123770595,0.0789653413434513
6516,279000,9663000,0.183638586794585,-0.461719519236684,0.0599385855138302
6517,280000,9663000,0.183021487991512,-0.48573052406311,0.0660876024302095
6518,281000,9663000,0.219720116383582,-0.488275753077865,0.0890087707214057
6519,282000,9663000,0.273416790225077,-0.505772792641073,0.0972168837733567
6520,283000,9663000,0.258028191920556,-0.466857436203957,0.0842217629615683
6521,284000,9663000,0.343094336028397,-0.462575887541473,0.108876373062422
6522,285000,9663000,0.384629379606247,-0.48554662566036,0.104779916415084
6523,286000,9663000,0.637344079774618,-0.518552817302942,0.0715432677405886
6524,287000,9663000,0.771473387846351,-0.494069480791688,0.0304915268571349
6525,288000,9663000,0.781193029338121,-0.490215939897299,0.0323367017301731
6526,289000,9663000,0.794486498087645,-0.508286926168203,0.0396652579885907
6527,290000,9663000,0.809899216282368,-0.523499101358652,0.0455903254266828
6528,291000,9663000,0.801912091565132,-0.538101552960277,0.063337885960564
6529,292000,9663000,0.810227162086964,-0.528517330986261,0.062574495102209
6530,293000,9663000,0.810976189309359,-0.495386579290032,0.076564118466631
6531,294000,9663000,0.795322761005163,-0.484789798948169,0.0996591461226504
6532,295000,9663000,0.789908380639553,-0.482504138341546,0.0893842632230306
6533,296000,9663000,0.790603083741665,-0.475712000378966,0.142631041340841
6534,297000,9663000,0.773734695565701,-0.478357091775537,0.188890719466578
6535,298000,9663000,0.695353700095415,-0.478619146752358,0.109041413047535
6536,299000,9663000,0.479897660453618,-0.479220298717916,0.0929175981705504
6537,3e+05,9663000,0.433943143221736,-0.490714591142535,0.0954524873651101
6538,301000,9663000,0.351329548597336,-0.586126758754253,0.0593958063229657
6539,302000,9663000,0.347028002944589,-0.595808675971627,0.0541701675947348
6540,303000,9663000,0.288403424844146,-0.593340702518821,0.0487880155030056
6541,304000,9663000,0.327273632711172,-0.584933265992999,0.0598309123788727
6542,305000,9663000,0.284154742816836,-0.572576033319533,0.0660832896944543
6543,306000,9663000,0.291025659808517,-0.596999009808898,0.0537367136326589
6544,307000,9663000,0.294721453605592,-0.583569094973803,0.0449116492921603
6545,308000,9663000,0.297249313564599,-0.565362289902568,0.0596085951985326
6546,309000,9663000,0.184864346189238,-0.446776231545955,0.0407861095806351
6547,310000,9663000,0.120324665913859,-0.348185989502817,0.0306914356817637
6548,311000,9663000,0.132454655294117,-0.37771202676557,0.023758864577004
6549,312000,9663000,0.0625091478446615,-0.306054268712038,0.0185386724815442
6550,313000,9663000,0.0598694329138612,-0.334234734747559,0.0158528230284719
6551,314000,9663000,0.0466423748801375,-0.252292976612608,0.0195828032180492
6552,315000,9663000,0.0300991787351551,-0.148183583443472,0.0220148881963745
6553,316000,9663000,0.0322561482852296,-0.146578461986441,0.0233770655473752
6554,317000,9663000,0.0502293689399492,-0.25412455089041,0.0203900868906989
6555,318000,9663000,0.0306586902552634,-0.209567176638171,0.010005413478936
6556,319000,9663000,0.0326088991734869,-0.247880185615271,0.00729370431032439
6557,320000,9663000,0.0450424522112095,-0.24479866338782,0.0074605782274979
6558,321000,9663000,0.12287797113508,-0.365248620656878,0.00953668915835733
6559,322000,9663000,0.151343880014122,-0.416627390511334,0.0138856479453767
6560,323000,9663000,0.179752352292859,-0.453007422649488,0.012617334630707
6561,324000,9663000,0.216691367273778,-0.513095576059818,0.0190971316708252
6562,325000,9663000,0.227655349959433,-0.516163769122958,0.0290279427027912
6563,326000,9663000,0.317075612998009,-0.568609465184808,0.0331640701238415
6564,327000,9663000,0.34502290378958,-0.592611461886764,0.027367263207701
6565,328000,9663000,0.381932387804985,-0.596022059696913,0.0274205524273217
6566,329000,9663000,0.427239064544439,-0.593046596103907,0.0313093531011604
6567,330000,9663000,0.501771850255132,-0.559532394567132,0.0317817196664284
6568,331000,9663000,0.663346362915635,-0.507341898918152,0.0465756106010173
6569,332000,9663000,0.780485349607468,-0.483865083289146,0.039729784616502
6570,333000,9663000,0.805724824529886,-0.480289614957571,0.0392621543883928
6571,334000,9663000,0.82265224121809,-0.481395654568076,0.0380233194020577
6572,335000,9663000,0.816394688907266,-0.50371363286376,0.026776753552095
6573,336000,9663000,0.530047698247433,-0.499093178081512,0.0975116423199885
6574,337000,9663000,0.512199228390306,-0.498135044266284,0.0951237827746198
6575,338000,9663000,0.485880779717863,-0.501905564889312,0.109187205090281
6576,339000,9663000,0.553553109689988,-0.496384911318403,0.0906611430473626
6577,340000,9663000,0.594498447751999,-0.493886004459858,0.0840604322366416
6578,341000,9663000,0.557967640073597,-0.481471092500165,0.0860323631894775
6579,342000,9663000,0.578945032105595,-0.4827020161286,0.0799460837655701
6580,343000,9663000,0.494676644150913,-0.466956770481169,0.103633497414924
6581,344000,9663000,0.492272205018997,-0.466511307089776,0.10085757925869
6582,345000,9663000,0.484794211369008,-0.465612464541197,0.103800079908222
6583,346000,9663000,0.489991534282267,-0.475129233460128,0.0978743467534892
6584,347000,9663000,0.428624895136058,-0.474314851783216,0.104032865748927
6585,348000,9663000,0.390920083540678,-0.482719881416857,0.11334100237526
6586,349000,9663000,0.300202658614889,-0.490893447953463,0.110091179887857
6587,350000,9663000,0.203716574050114,-0.49086980907917,0.11391552416482
6588,351000,9663000,0.190988306055218,-0.512567787644267,0.132823919753358
6589,352000,9663000,0.179264738791436,-0.401378135490417,0.115358658716548
6590,353000,9663000,0.188973406472802,-0.404809598743916,0.138694672092702
6591,354000,9663000,0.235997101522796,-0.425771276082844,0.135517293858388
6592,355000,9663000,0.194560634372139,-0.393231313614547,0.102031252643908
6593,356000,9663000,0.231955605087057,-0.409736483870447,0.105580850974098
6594,357000,9663000,0.235567734960839,-0.408408976909518,0.102880495270668
6595,358000,9663000,0.173318105586991,-0.396173126795888,0.104185638130549
6596,359000,9663000,0.169998891146854,-0.404778129741549,0.120297571382206
6597,360000,9663000,0.153733338285238,-0.391592845189571,0.136497517520003
6598,361000,9663000,0.189059197540209,-0.443795997533202,0.129926661251858
6599,362000,9663000,0.223968415503204,-0.465851322251558,0.129816805603914
6600,363000,9663000,0.237977267707139,-0.497018109986186,0.123297506510746
6601,364000,9663000,0.208232639358193,-0.478120603266358,0.1327469860496
6602,365000,9663000,0.245767369944602,-0.486802184814215,0.138537251459248
6603,366000,9663000,0.20949528144151,-0.456659712415934,0.111286274734419
6604,367000,9663000,0.193357216077298,-0.452294617268443,0.111848922550306
6605,368000,9663000,0.195222176062316,-0.463153760105371,0.0910682439104654
6606,369000,9663000,0.156251656916365,-0.444186210423708,0.0676505456539802
6607,370000,9663000,0.163291220737994,-0.442234866806865,0.0676795190092642
6608,371000,9663000,0.179286721677706,-0.431413579934835,0.0681368815202732
6609,372000,9663000,0.136281449617445,-0.383332156039774,0.0306352088406915
6610,373000,9663000,0.121484386842698,-0.410635884220898,0.0364641979278415
6611,374000,9663000,0.183755229523778,-0.426683488431573,0.0340166639324743
6612,375000,9663000,0.190072583525696,-0.395990854623643,0.029257330998609
6613,262000,9664000,0.220352984402329,-0.439681810289621,0.0714730391995981
6614,263000,9664000,0.193309224418178,-0.398232818301022,0.0563873867510818
6615,264000,9664000,0.113581447165459,-0.341696949529648,0.0404780831335112
6616,265000,9664000,0.149846593225002,-0.372605023010075,0.0554975988921709
6617,266000,9664000,0.116856728109717,-0.33917366143167,0.0556132594155148
6618,267000,9664000,0.169766440948844,-0.401675307002664,0.059800405372493
6619,268000,9664000,0.155805773407221,-0.430230052182078,0.0471173564523458
6620,269000,9664000,0.172513762585819,-0.457343756449223,0.0500958917586133
6621,270000,9664000,0.182581701287627,-0.475334715682268,0.0557665092105046
6622,271000,9664000,0.164049848273396,-0.457928228470683,0.0648445161409676
6623,272000,9664000,0.192973921508342,-0.439688264134526,0.0663570141095668
6624,273000,9664000,0.205285410164297,-0.4464148422122,0.0618338310969993
6625,274000,9664000,0.235392065681517,-0.459882546308637,0.0618103289168328
6626,275000,9664000,0.255361276397854,-0.44860160638392,0.0585659148016479
6627,276000,9664000,0.160446296523511,-0.4257359826684,0.0403357939494308
6628,277000,9664000,0.190087596029043,-0.448529618117213,0.0623864328802796
6629,278000,9664000,0.195633871710673,-0.450347248035669,0.0645314178302884
6630,279000,9664000,0.222534640251845,-0.443211911384761,0.0634625239037909
6631,280000,9664000,0.231721671818942,-0.451660575567186,0.0766415007334203
6632,281000,9664000,0.276198494723439,-0.466002234500647,0.102970993342903
6633,282000,9664000,0.310002176618669,-0.478369435655698,0.106655805530446
6634,283000,9664000,0.199768094601482,-0.473985003342479,0.0914364712587092
6635,284000,9664000,0.21557310244143,-0.483301818430424,0.111185539379157
6636,285000,9664000,0.329920653231442,-0.503498438766599,0.121361844728515
6637,286000,9664000,0.627105827336013,-0.536801314878464,0.081898063273076
6638,287000,9664000,0.678521171069145,-0.51693838981092,0.0640259445580654
6639,288000,9664000,0.733559705190361,-0.501456257307529,0.0459668299268931
6640,289000,9664000,0.731708933821321,-0.508450782373548,0.0574177925087512
6641,290000,9664000,0.776802248173952,-0.517240793225169,0.0673128625097685
6642,291000,9664000,0.801521116214991,-0.525956702199578,0.0569047687119804
6643,292000,9664000,0.814828511381149,-0.530028111752868,0.0390627064015833
6644,293000,9664000,0.809396449631453,-0.504216220849752,0.0594997408854542
6645,294000,9664000,0.79499027286768,-0.489806382501125,0.0657580416849989
6646,295000,9664000,0.793755487900972,-0.478781458491087,0.102751872177023
6647,296000,9664000,0.791646977192163,-0.470476149249077,0.0839436083744178
6648,297000,9664000,0.760453438007832,-0.469468931445479,0.0972079895531002
6649,298000,9664000,0.67558684797287,-0.459810559304152,0.131167501629842
6650,299000,9664000,0.463621377266943,-0.474584144763649,0.0941146037698141
6651,3e+05,9664000,0.39845531694442,-0.524552602514625,0.0785191695780057
6652,301000,9664000,0.327829147695005,-0.57039798129499,0.0672952372365107
6653,302000,9664000,0.360796545502543,-0.596054118949175,0.0742802825785941
6654,303000,9664000,0.341223164303601,-0.601551461845636,0.0651925129348529
6655,304000,9664000,0.325819547051936,-0.585393067121506,0.043624235038535
6656,305000,9664000,0.288858095291629,-0.586523249185085,0.0521526577002704
6657,306000,9664000,0.277702569810301,-0.577393902903795,0.0603255209880226
6658,307000,9664000,0.27972659150213,-0.579425781369209,0.0582433615799935
6659,308000,9664000,0.232876840730757,-0.520336173637211,0.049695126196777
6660,309000,9664000,0.1432810797185,-0.407032886461914,0.0346526926787454
6661,310000,9664000,0.0939511263130902,-0.350895631601661,0.0188020406336116
6662,311000,9664000,0.085026037435123,-0.384741108166985,0.0133554534374096
6663,312000,9664000,0.0823091825173935,-0.434467553162575,0.014741347565192
6664,313000,9664000,0.0508832565263277,-0.340514538578503,0.0132000366298322
6665,314000,9664000,0.0535745871831081,-0.318019669273682,0.00974525684725377
6666,315000,9664000,0.0327184089735951,-0.213378821363757,0.00937165128490305
6667,316000,9664000,0.0382437001500977,-0.231878870679904,0.00837672877002042
6668,317000,9664000,0.0524902076973318,-0.287566440719739,0.00878683498122264
6669,318000,9664000,0.0575228431702271,-0.310638514591195,0.00920466431359382
6670,319000,9664000,0.0564057392599061,-0.318221853218973,0.00912390947662061
6671,320000,9664000,0.0802944431713695,-0.313279816865176,0.0086772376523586
6672,321000,9664000,0.186387924420834,-0.446152768267691,0.0133859681958391
6673,322000,9664000,0.19888130639887,-0.491048316784203,0.016375694719638
6674,323000,9664000,0.212326659877785,-0.49922933315821,0.0124361766285961
6675,324000,9664000,0.250310095340759,-0.544958207684755,0.0212816544178175
6676,325000,9664000,0.30572620600909,-0.554212003600597,0.0313141972959624
6677,326000,9664000,0.329188405591249,-0.576899817726016,0.0315806611213397
6678,327000,9664000,0.35916042817235,-0.590222752887011,0.0321144989997149
6679,328000,9664000,0.418157549796998,-0.595311715963483,0.0269919922237867
6680,329000,9664000,0.454155308240652,-0.590953050282598,0.0465391397617408
6681,330000,9664000,0.529064889168739,-0.585887307816744,0.0360962488440331
6682,331000,9664000,0.622767340216041,-0.552397248378396,0.0629394137918833
6683,332000,9664000,0.776771056050062,-0.463412099459767,0.0505331085148966
6684,333000,9664000,0.785837101909518,-0.48261272611022,0.054103372748848
6685,334000,9664000,0.799503341680765,-0.495857893899083,0.0457760665739886
6686,335000,9664000,0.687843499727547,-0.538910520660877,0.0596463755050208
6687,336000,9664000,0.522883616404235,-0.497114148953557,0.104382339897426
6688,337000,9664000,0.486914079492539,-0.505130977480113,0.113100559825962
6689,338000,9664000,0.448630240180343,-0.488796898508072,0.117976939804479
6690,339000,9664000,0.507760235473514,-0.48440333237946,0.104240273780003
6691,340000,9664000,0.554171534657478,-0.487421854578704,0.0905129666456953
6692,341000,9664000,0.540670894008875,-0.478932137726992,0.094054309701547
6693,342000,9664000,0.506984700093418,-0.479401649037003,0.0955282468827441
6694,343000,9664000,0.46790116429925,-0.479072633246332,0.110157945834752
6695,344000,9664000,0.47782101444155,-0.476987227468193,0.109775874713995
6696,345000,9664000,0.439773366410285,-0.468834918195009,0.115626179484185
6697,346000,9664000,0.415350135553628,-0.466811955074966,0.117514743857738
6698,347000,9664000,0.385574706026912,-0.458836770011485,0.121154309702292
6699,348000,9664000,0.244092043564469,-0.449321974614263,0.125311083452031
6700,349000,9664000,0.183966156768054,-0.461173049721122,0.111932152035646
6701,350000,9664000,0.182344917794317,-0.486751709055901,0.133144790119957
6702,351000,9664000,0.190516253142431,-0.491934602154791,0.144944546651095
6703,352000,9664000,0.193290822792426,-0.408052330496907,0.10039729108382
6704,353000,9664000,0.182972005383484,-0.397385949678719,0.135219770843908
6705,354000,9664000,0.227118256320804,-0.432828742046654,0.158522336193174
6706,355000,9664000,0.223068516146392,-0.435334925802052,0.136409890019428
6707,356000,9664000,0.167994677321985,-0.413112292085588,0.102812077109911
6708,357000,9664000,0.188145750785246,-0.413924077025056,0.108022923823865
6709,358000,9664000,0.161815011483803,-0.395567221978307,0.119413632811233
6710,359000,9664000,0.156337593051419,-0.40708783620894,0.119144284005556
6711,360000,9664000,0.170384786716662,-0.413405828770995,0.110231739679165
6712,361000,9664000,0.195966630357504,-0.455290918540955,0.1322103922921
6713,362000,9664000,0.206140959856659,-0.461442539831996,0.119800618170644
6714,363000,9664000,0.21637629211545,-0.461678478068113,0.12454507488329
6715,364000,9664000,0.217469760271162,-0.468710649904609,0.119295229475386
6716,365000,9664000,0.23186206445694,-0.478374548271298,0.123813738368824
6717,366000,9664000,0.235013063018024,-0.492602829271555,0.141845382552594
6718,367000,9664000,0.189047854824364,-0.456872821512818,0.109890766995307
6719,368000,9664000,0.163503842032701,-0.442189340624213,0.0753521809939761
6720,369000,9664000,0.173960032723099,-0.458658749035001,0.0912426231894642
6721,370000,9664000,0.143974230348319,-0.424150591662526,0.0583747091854457
6722,371000,9664000,0.164640866663679,-0.435729464492202,0.0614365672329906
6723,372000,9664000,0.0844921986795962,-0.365725656077266,0.0153482246879474
6724,373000,9664000,0.139587098178454,-0.391162932603061,0.0298415475224261
6725,374000,9664000,0.192506929916702,-0.41519545570612,0.0472378493981319
6726,375000,9664000,0.166218619769947,-0.395112562287938,0.0401311671325344
6727,262000,9665000,0.299683996871114,-0.428708133742213,0.0682982836696319
6728,263000,9665000,0.137371446751431,-0.340116810932755,0.0449964627661742
6729,264000,9665000,0.110958988056332,-0.329496983213723,0.0365367302596569
6730,265000,9665000,0.130465070633963,-0.354461415204406,0.038268497397285
6731,266000,9665000,0.155956487983838,-0.334547931496799,0.0504417439726181
6732,267000,9665000,0.177209788923338,-0.38061742926389,0.0644324369492009
6733,268000,9665000,0.158023584208637,-0.42020367872119,0.0446888822168112
6734,269000,9665000,0.170467999308556,-0.453503059151769,0.0502481218215078
6735,270000,9665000,0.189698444184661,-0.470229937645793,0.0536352444166318
6736,271000,9665000,0.171046015658975,-0.447191227942705,0.0583803393546492
6737,272000,9665000,0.176251297256351,-0.432916986307502,0.0604654794996604
6738,273000,9665000,0.19441435206309,-0.427153903687,0.0611244483083487
6739,274000,9665000,0.180806412675232,-0.417431953433156,0.0552151392004453
6740,275000,9665000,0.184688919913024,-0.430292098656297,0.0536985336811282
6741,276000,9665000,0.170717144741863,-0.457795587605238,0.049503517207643
6742,277000,9665000,0.214012559464574,-0.481079148063064,0.07452373969818
6743,278000,9665000,0.239323675843328,-0.485219217592478,0.0913478426186368
6744,279000,9665000,0.231877861469984,-0.469778148831427,0.0846823426004499
6745,280000,9665000,0.223576383662224,-0.490424586501718,0.0831096808157861
6746,281000,9665000,0.234711898263544,-0.489384155315161,0.0935262872384861
6747,282000,9665000,0.225546186332405,-0.472071860006452,0.0910071202095598
6748,283000,9665000,0.18199074556753,-0.476299185535312,0.0797949125207961
6749,284000,9665000,0.193300607874244,-0.499104845115542,0.0914998529316857
6750,285000,9665000,0.24942060136348,-0.506494355943799,0.0978071095998865
6751,286000,9665000,0.613170116253197,-0.530472671210766,0.0693140150040388
6752,287000,9665000,0.704802088996768,-0.508364363095164,0.0600135475708172
6753,288000,9665000,0.598839192306995,-0.527023256930709,0.074342416343838
6754,289000,9665000,0.49694621065557,-0.544346186214685,0.10282498559393
6755,290000,9665000,0.769521299183369,-0.49970673828721,0.0526910192754585
6756,291000,9665000,0.786773657265306,-0.517816226583719,0.0662567672063131
6757,292000,9665000,0.818442847299576,-0.513631705150008,0.0630643780636834
6758,293000,9665000,0.81230945083499,-0.497299186095595,0.06671885488634
6759,294000,9665000,0.788005649781227,-0.471710344728828,0.0775038780408446
6760,295000,9665000,0.782130476438999,-0.466628516918421,0.0838545500948574
6761,296000,9665000,0.788352655029297,-0.464048865324259,0.0937194708934592
6762,297000,9665000,0.754314490747452,-0.461665071219206,0.0767180475507106
6763,298000,9665000,0.66357976808846,-0.473851177467406,0.0785890358437115
6764,299000,9665000,0.51471583161056,-0.490275412331521,0.0659999129204371
6765,3e+05,9665000,0.403395223857462,-0.500526670977473,0.0812679610296385
6766,301000,9665000,0.314269425906241,-0.558557098263502,0.0546530487906886
6767,302000,9665000,0.302752859708667,-0.582003593558073,0.0627974155620905
6768,303000,9665000,0.290073212084174,-0.594071399515867,0.0314803123392165
6769,304000,9665000,0.285499264405668,-0.591336368399858,0.0379511554617085
6770,305000,9665000,0.254836966139078,-0.562958798950911,0.0366393583228462
6771,306000,9665000,0.259106991113722,-0.556638520002365,0.0444503931140353
6772,307000,9665000,0.239993695485592,-0.564796494472027,0.0535699257970336
6773,308000,9665000,0.23112077524215,-0.525713361850381,0.0478140690411761
6774,309000,9665000,0.163988856507465,-0.435739028418064,0.0257156350128062
6775,310000,9665000,0.0753462861597654,-0.301780305592716,0.0105293247301677
6776,311000,9665000,0.0510531182546023,-0.230986553226225,0.0108380282820523
6777,312000,9665000,0.0370805402275815,-0.223476834314037,0.00912540107782697
6778,313000,9665000,0.0473662693462451,-0.292991199992411,0.00994606669027416
6779,314000,9665000,0.0472741975920537,-0.236724400358368,0.0100100578744081
6780,315000,9665000,0.0375398657797661,-0.19893628946325,0.00818772189666925
6781,316000,9665000,0.0397468222450872,-0.19657179482716,0.00744281408390743
6782,317000,9665000,0.0411272451996163,-0.201364024830982,0.00774546271578001
6783,318000,9665000,0.0863283302500786,-0.323053744745255,0.00828890765695833
6784,319000,9665000,0.0990339626948349,-0.338096619187482,0.00953618573724379
6785,320000,9665000,0.189408457507397,-0.483451259213686,0.0119735583772999
6786,321000,9665000,0.208431354682706,-0.501137994258106,0.0144747919751098
6787,322000,9665000,0.243567511668801,-0.541416338308155,0.0162946671495214
6788,323000,9665000,0.228624739518762,-0.499663452917337,0.0175268233234237
6789,324000,9665000,0.307444585850835,-0.567269825205207,0.0271447351780545
6790,325000,9665000,0.319776601423323,-0.5850866171211,0.0276449733050889
6791,326000,9665000,0.363903439942002,-0.584891930046678,0.0312535825288156
6792,327000,9665000,0.416784777039289,-0.583501083147526,0.0286144501769333
6793,328000,9665000,0.459600110137463,-0.579788593438268,0.0330992214113474
6794,329000,9665000,0.484755328306556,-0.57850289901793,0.0384827264920576
6795,330000,9665000,0.566717588943243,-0.562493416002393,0.0541434728289256
6796,331000,9665000,0.666287510341406,-0.520636177235842,0.0390254862488131
6797,332000,9665000,0.783907717475295,-0.475163687604666,0.0381526426604018
6798,333000,9665000,0.803119787669182,-0.484893636083603,0.0269783553624991
6799,334000,9665000,0.830583424448967,-0.506887078654766,0.0226152920086985
6800,335000,9665000,0.617905473721027,-0.5575354267627,0.0670002621008549
6801,336000,9665000,0.515489144803584,-0.560179304668307,0.0990613533955999
6802,337000,9665000,0.549117426301539,-0.543084437102079,0.0948817041585222
6803,338000,9665000,0.481777109767497,-0.504553089977801,0.118623334415955
6804,339000,9665000,0.521638734930009,-0.482888080263883,0.098091855339054
6805,340000,9665000,0.466406300478429,-0.468975133255124,0.113371158874687
6806,341000,9665000,0.496941568029672,-0.473545960471034,0.106096265288466
6807,342000,9665000,0.45860218199268,-0.47382681877017,0.113757135574706
6808,343000,9665000,0.445205326327682,-0.477812796221673,0.126380127814971
6809,344000,9665000,0.429785794373602,-0.469920639654994,0.124401562056318
6810,345000,9665000,0.423915861496329,-0.467219283141196,0.11950686444724
6811,346000,9665000,0.368383118309826,-0.461703529791534,0.127998813504353
6812,347000,9665000,0.259645707441866,-0.428222487565875,0.146089668781683
6813,348000,9665000,0.199367062895745,-0.421503424414992,0.134889032641798
6814,349000,9665000,0.196453449445218,-0.437100706800818,0.136923742606863
6815,350000,9665000,0.176877247384563,-0.426029788707197,0.155780249934644
6816,351000,9665000,0.181554274519905,-0.462978940287232,0.147599899623543
6817,352000,9665000,0.166132183218002,-0.401961663122475,0.125714734483138
6818,353000,9665000,0.162525321562961,-0.403772583277524,0.163039617745765
6819,354000,9665000,0.24389124738723,-0.472297604811192,0.151352156946249
6820,355000,9665000,0.203460518862307,-0.459302852228284,0.131337736829929
6821,356000,9665000,0.171571046592668,-0.430844674909115,0.107065877226042
6822,357000,9665000,0.146379331929609,-0.396806551378965,0.107771540936548
6823,358000,9665000,0.190634703884646,-0.432395388421416,0.12654419345716
6824,359000,9665000,0.179073219042644,-0.446092795342207,0.115888438665587
6825,360000,9665000,0.19225161543563,-0.430287111198902,0.0910072429004591
6826,361000,9665000,0.188638966904581,-0.448417941060662,0.109538463632297
6827,362000,9665000,0.221281691235304,-0.469026161551476,0.121850459816493
6828,363000,9665000,0.226791109880805,-0.476037365743518,0.129386476590298
6829,364000,9665000,0.231927512420714,-0.475221085476875,0.119652411973849
6830,365000,9665000,0.208749875070155,-0.463602153721452,0.116930283950083
6831,366000,9665000,0.230943764533103,-0.478012338337302,0.130575133668631
6832,367000,9665000,0.207408401692659,-0.47863715916276,0.124851028883923
6833,368000,9665000,0.181077423558384,-0.450412727341056,0.0877035692092963
6834,369000,9665000,0.187328970051929,-0.456501528128982,0.0846019548761658
6835,370000,9665000,0.179948721069843,-0.45012236558795,0.0810260117864236
6836,371000,9665000,0.16432882026732,-0.433897001087666,0.0621402426382643
6837,372000,9665000,0.185775010930374,-0.431247564165294,0.0496907521690824
6838,373000,9665000,0.211375058490038,-0.439112237978727,0.0263345432163245
6839,374000,9665000,0.108591088373959,-0.416075012180209,0.0281176187881676
6840,375000,9665000,0.103932508639991,-0.418903048146855,0.0160969414497429
6841,262000,9666000,0.224530491122976,-0.391736335277557,0.0695597660485655
6842,263000,9666000,0.256479823732376,-0.43656389028132,0.0807394488616846
6843,264000,9666000,0.186539408196136,-0.393886450217664,0.0619284330546856
6844,265000,9666000,0.156526619838923,-0.377544796563685,0.0470810250855051
6845,266000,9666000,0.10913463848345,-0.331338576762378,0.0382510986048728
6846,267000,9666000,0.144962976229936,-0.361096714307368,0.0563724339164794
6847,268000,9666000,0.149211712481081,-0.427171932911873,0.0456474048815668
6848,269000,9666000,0.170935894041508,-0.460954522126913,0.0544577523224056
6849,270000,9666000,0.189972987441719,-0.472245697316527,0.064696350601688
6850,271000,9666000,0.220552725092322,-0.474357097053528,0.0681233955886215
6851,272000,9666000,0.2030465506576,-0.42848063954711,0.06132224323228
6852,273000,9666000,0.172770109688491,-0.419002750757337,0.0535468154544011
6853,274000,9666000,0.180232783268392,-0.431723462048173,0.0552005071095191
6854,275000,9666000,0.196290941109508,-0.451708099989593,0.0529867352256551
6855,276000,9666000,0.195886747892946,-0.476399335336685,0.0588110953942873
6856,277000,9666000,0.237051512312144,-0.496953127548099,0.066620257465262
6857,278000,9666000,0.257175705391914,-0.482426283165067,0.0851300962356851
6858,279000,9666000,0.272072807838023,-0.489251057326794,0.0938614548785612
6859,280000,9666000,0.222726218143106,-0.508607044437528,0.0830587319318205
6860,281000,9666000,0.222274480205774,-0.50670794134438,0.0835163652382791
6861,282000,9666000,0.207462283017486,-0.510134822243452,0.079862329896912
6862,283000,9666000,0.167082999566942,-0.495613773187995,0.0806584367964417
6863,284000,9666000,0.18348724777028,-0.505000315371156,0.0997746112491004
6864,285000,9666000,0.246481395153701,-0.487721507924795,0.0963846284912899
6865,286000,9666000,0.498915051616728,-0.516542640388012,0.0938795705756173
6866,287000,9666000,0.688621694335341,-0.520513068732619,0.0689303044861183
6867,288000,9666000,0.717836926366389,-0.494878139838576,0.0609468896960607
6868,289000,9666000,0.708444417229295,-0.496346834436059,0.0497486093235668
6869,290000,9666000,0.705184303164482,-0.503550427636504,0.0686641342833988
6870,291000,9666000,0.636401908816397,-0.508263196852803,0.0864711546990555
6871,292000,9666000,0.807854350030422,-0.497903488913178,0.0689364290616475
6872,293000,9666000,0.794858648979664,-0.497254517659545,0.102553459974052
6873,294000,9666000,0.788407768946886,-0.482256744202971,0.0929567751727125
6874,295000,9666000,0.789956087654829,-0.471371821430326,0.0820733204911929
6875,296000,9666000,0.7880877063483,-0.454008885031939,0.100924072722241
6876,297000,9666000,0.768493205720186,-0.453523856168985,0.0776090314305009
6877,298000,9666000,0.678162993627787,-0.473151954841614,0.0454862816520152
6878,299000,9666000,0.468826538676023,-0.524002674302459,0.073596050417563
6879,3e+05,9666000,0.405431459772587,-0.523216870245337,0.0944933645446785
6880,301000,9666000,0.342996779982746,-0.571702330186963,0.0497131158612669
6881,302000,9666000,0.305621692337096,-0.569466525429487,0.043874372481741
6882,303000,9666000,0.27236562320292,-0.591650385552645,0.0395751348476508
6883,304000,9666000,0.274709593264014,-0.583800381836295,0.0374929538481636
6884,305000,9666000,0.26821303748861,-0.562446123468876,0.0357460354482348
6885,306000,9666000,0.237064527417347,-0.554079755875468,0.0394506539617199
6886,307000,9666000,0.212186238971353,-0.53088997747004,0.0434283744730754
6887,308000,9666000,0.236252921585739,-0.536156337741017,0.0269172584306682
6888,309000,9666000,0.201059661134332,-0.503942123028636,0.0196537696342799
6889,310000,9666000,0.145657758001302,-0.435097390327603,0.0148910341626848
6890,311000,9666000,0.0830339919376973,-0.269731488027517,0.0108512199008022
6891,312000,9666000,0.0590629966257256,-0.233635381623544,0.0128650133280025
6892,313000,9666000,0.0698614274355525,-0.283498736771941,0.012224670609404
6893,314000,9666000,0.0542263809792377,-0.213740019827057,0.00941105671054684
6894,315000,9666000,0.0808273514027213,-0.266405539168045,0.0120670030656504
6895,316000,9666000,0.0815472132154391,-0.25752606708277,0.0139376054524328
6896,317000,9666000,0.129812644219497,-0.327703756270197,0.0141983036780322
6897,318000,9666000,0.225515129238367,-0.497819355802238,0.0228105964252842
6898,319000,9666000,0.21697438229844,-0.513145559178293,0.0166007013747061
6899,320000,9666000,0.209660690014064,-0.510453818099201,0.0147724750876543
6900,321000,9666000,0.276316209494416,-0.529106446011364,0.0259680494007713
6901,322000,9666000,0.264723418982234,-0.525547530695796,0.0256059433267917
6902,323000,9666000,0.313793955896795,-0.569633255726099,0.027747666705586
6903,324000,9666000,0.370364711838961,-0.579060784286261,0.0244570142580196
6904,325000,9666000,0.371117174075544,-0.576726255184412,0.0427549378180964
6905,326000,9666000,0.405847196923196,-0.58329700512588,0.0359180059538921
6906,327000,9666000,0.45970863635838,-0.576559204244614,0.0326070024554967
6907,328000,9666000,0.502563476881385,-0.575529437068105,0.0261068459578906
6908,329000,9666000,0.527542488715053,-0.576993058666587,0.0361129644658649
6909,330000,9666000,0.671669837555289,-0.511577401214838,0.0431007113520405
6910,331000,9666000,0.777738216513395,-0.480674466764927,0.0286548966673552
6911,332000,9666000,0.762604794946313,-0.488765473866463,0.0335903741272865
6912,333000,9666000,0.742380233925581,-0.5208229403615,0.051318571605999
6913,334000,9666000,0.751761188915372,-0.538020479226112,0.0464551107808016
6914,335000,9666000,0.625236455620825,-0.544659270915389,0.0664257766606286
6915,336000,9666000,0.653125960789621,-0.532877791079879,0.0693650659034029
6916,337000,9666000,0.644630196432769,-0.537045250207186,0.0676879865199327
6917,338000,9666000,0.411723924432695,-0.547783930794895,0.148084583250806
6918,339000,9666000,0.524701951409131,-0.497001903942227,0.0927231457871385
6919,340000,9666000,0.483998177191615,-0.472312631571293,0.105563336664205
6920,341000,9666000,0.386409961274266,-0.456151931042969,0.12337687669131
6921,342000,9666000,0.433571992845833,-0.470606996935606,0.123404448521696
6922,343000,9666000,0.403397804190218,-0.468866808004677,0.129580391216371
6923,344000,9666000,0.388897955384851,-0.465184961563349,0.129663155146968
6924,345000,9666000,0.237341924895346,-0.402778498310596,0.16606316174306
6925,346000,9666000,0.206646230968088,-0.415387250348926,0.176446141601354
6926,347000,9666000,0.21964848472327,-0.442683858449757,0.172546609991044
6927,348000,9666000,0.224647036828846,-0.471624563336372,0.153083017988503
6928,349000,9666000,0.207218517148495,-0.458989683353901,0.158145254246145
6929,350000,9666000,0.19870679682605,-0.459255826983601,0.160090323946998
6930,351000,9666000,0.223163953145593,-0.470115632231534,0.137264962760173
6931,352000,9666000,0.21193742492795,-0.452624344062805,0.140879883757047
6932,353000,9666000,0.24992705100365,-0.506606888347864,0.156588978493959
6933,354000,9666000,0.229303221936896,-0.463061557373404,0.13365903105177
6934,355000,9666000,0.175647917750478,-0.431038256332278,0.10648643994052
6935,356000,9666000,0.170947845385596,-0.424503141605854,0.124065805050265
6936,357000,9666000,0.165773307134211,-0.410882453128695,0.151061739156581
6937,358000,9666000,0.152843702016585,-0.414283627566695,0.0952047673668712
6938,359000,9666000,0.196326736696064,-0.449175631317496,0.108451253748313
6939,360000,9666000,0.208711979296803,-0.451960208591819,0.11692207158003
6940,361000,9666000,0.216272497113794,-0.463390428555012,0.135697040990368
6941,362000,9666000,0.222264708389342,-0.465884649397433,0.122289679329656
6942,363000,9666000,0.22159883679226,-0.467957929545641,0.116036968867481
6943,364000,9666000,0.232552852092683,-0.466329425260425,0.12320095882006
6944,365000,9666000,0.220241194543988,-0.463400275182724,0.115371702749003
6945,366000,9666000,0.222383186167479,-0.489957761821151,0.120553128238861
6946,367000,9666000,0.200555717750639,-0.473271529266238,0.101500568211637
6947,368000,9666000,0.164182770612463,-0.435672203081846,0.0688263497717679
6948,369000,9666000,0.159330033963546,-0.427768306556344,0.05669398722857
6949,370000,9666000,0.188784805024043,-0.446387261681259,0.0730595961494022
6950,371000,9666000,0.16030840523392,-0.406164461144805,0.051176099215087
6951,372000,9666000,0.226143027556688,-0.43137457652241,0.0584871574210469
6952,373000,9666000,0.139263286015764,-0.42243450460732,0.0383800348713412
6953,374000,9666000,0.133010871186852,-0.403423705759645,0.0257307364609791
6954,375000,9666000,0.108014791411432,-0.39654710623351,0.0171600552863674
6955,262000,9667000,0.240375163421035,-0.456173903778195,0.0675326862931252
6956,263000,9667000,0.193723878058046,-0.377591347417235,0.0615826224664692
6957,264000,9667000,0.22455207826253,-0.389549279759824,0.0651926668162458
6958,265000,9667000,0.145540661428124,-0.340006638200581,0.0502706170343794
6959,266000,9667000,0.103174824006483,-0.307386710442603,0.0405145145821385
6960,267000,9667000,0.154580382080376,-0.365220480924845,0.052086501470767
6961,268000,9667000,0.169161602729559,-0.426635462728143,0.0432459362411872
6962,269000,9667000,0.178001842431724,-0.459829006132484,0.0487080110931769
6963,270000,9667000,0.183431146607548,-0.455329840964079,0.053672970399633
6964,271000,9667000,0.170861144012213,-0.432128424337506,0.0526137451196089
6965,272000,9667000,0.175142998826504,-0.422824384406209,0.0444230867832899
6966,273000,9667000,0.156581618739665,-0.425646198943257,0.0349381121545099
6967,274000,9667000,0.164403074111044,-0.434783090686798,0.0391230116699822
6968,275000,9667000,0.234433654444665,-0.468257350844145,0.06175221365951
6969,276000,9667000,0.192301959588379,-0.463450402235985,0.0486938321063295
6970,277000,9667000,0.202154031614959,-0.468418108263612,0.0535978119770065
6971,278000,9667000,0.204828456552327,-0.469148707342148,0.0664632221490145
6972,279000,9667000,0.214265924522281,-0.466919336855412,0.0714097349586897
6973,280000,9667000,0.230248169889301,-0.475752296867967,0.0727909990743734
6974,281000,9667000,0.229037761760503,-0.483352365905046,0.0745708774212748
6975,282000,9667000,0.253958991609514,-0.4868324347049,0.0876936761685647
6976,283000,9667000,0.20713808478117,-0.475369400051236,0.0756878535186872
6977,284000,9667000,0.246336838326603,-0.480107479056716,0.0906011357531417
6978,285000,9667000,0.287728156039119,-0.503883262476325,0.102148948624288
6979,286000,9667000,0.478300002902001,-0.507318810572475,0.0683642845334485
6980,287000,9667000,0.704362553825974,-0.50760612975657,0.0542119957629591
6981,288000,9667000,0.747102478793263,-0.457892442655563,0.0408384719906142
6982,289000,9667000,0.724980272631347,-0.460887928548455,0.045565142295463
6983,290000,9667000,0.627878604754806,-0.497308377480507,0.0829094464942813
6984,291000,9667000,0.63427392822355,-0.509709739625454,0.0832218913123477
6985,292000,9667000,0.773439379653335,-0.486794805514812,0.0521601008014521
6986,293000,9667000,0.799490290033817,-0.482595669901371,0.0423661768560007
6987,294000,9667000,0.788425026792288,-0.473180287256837,0.0597882250332856
6988,295000,9667000,0.789371783733368,-0.476433367729187,0.0767571860250493
6989,296000,9667000,0.798617055159807,-0.460834943187237,0.0582441544076602
6990,297000,9667000,0.784511477959156,-0.457755226063728,0.0684682921157684
6991,298000,9667000,0.758689826223254,-0.465641655299067,0.0813661869265488
6992,299000,9667000,0.492964283210039,-0.535836008545756,0.0891111284792423
6993,3e+05,9667000,0.474618634569645,-0.522710829260945,0.112837125105737
6994,301000,9667000,0.378008977878094,-0.550006123271584,0.0613226663493842
6995,302000,9667000,0.316037137341499,-0.564554352515936,0.043370569658617
6996,303000,9667000,0.287501068334281,-0.58766726514101,0.0352689898308716
6997,304000,9667000,0.259039676217735,-0.559568149110675,0.0480643188723247
6998,305000,9667000,0.236835681373626,-0.544494750106335,0.037399223837629
6999,306000,9667000,0.237252627700567,-0.553150461640954,0.0345114472640911
7000,307000,9667000,0.221552631221712,-0.547690933638811,0.0313152984309476
7001,308000,9667000,0.226623978681862,-0.543035219028592,0.027825643428578
7002,309000,9667000,0.21897722889632,-0.531270540642738,0.0279157835967373
7003,310000,9667000,0.186871397538483,-0.48595233219415,0.02581243491153
7004,311000,9667000,0.15319318815656,-0.425338544811308,0.0191944983954541
7005,312000,9667000,0.145319860767573,-0.432947690951824,0.0197038515577442
7006,313000,9667000,0.184321236318722,-0.471088786579669,0.0313717090817285
7007,314000,9667000,0.154773511900567,-0.414016002563387,0.0310639188192901
7008,315000,9667000,0.169829337630421,-0.442939801983535,0.0346990184810827
7009,316000,9667000,0.197898306808621,-0.476278837178647,0.0321174933289702
7010,317000,9667000,0.233651964262128,-0.51371267041266,0.0384011628031731
7011,318000,9667000,0.250239793563634,-0.52763815523982,0.038672616796277
7012,319000,9667000,0.293405883876234,-0.532823188322783,0.0305951046225207
7013,320000,9667000,0.294443985080346,-0.535132828877866,0.029659757517837
7014,321000,9667000,0.313464524538815,-0.545681803929806,0.0342072571157711
7015,322000,9667000,0.336774651592225,-0.551463870427012,0.0425318887724308
7016,323000,9667000,0.359263877281547,-0.56813737539649,0.0430363931180909
7017,324000,9667000,0.392108452829719,-0.581703921070695,0.0332124646376935
7018,325000,9667000,0.406434104117751,-0.582887158757448,0.0430501368233003
7019,326000,9667000,0.470888732871413,-0.578812058550119,0.043633379744034
7020,327000,9667000,0.477450562879443,-0.577600682803988,0.0340929139435757
7021,328000,9667000,0.57498505795896,-0.566855337417126,0.042832917926216
7022,329000,9667000,0.64330658582449,-0.535417308819294,0.0308332059723674
7023,330000,9667000,0.742554274448752,-0.479891695424914,0.0243292214968475
7024,331000,9667000,0.801943571323156,-0.490702752828598,0.0254097342943773
7025,332000,9667000,0.826094178938866,-0.505575782620907,0.0222233270659111
7026,333000,9667000,0.74863411013335,-0.515362516716123,0.0336580894217361
7027,334000,9667000,0.818334985685348,-0.525619027096033,0.0269270307874307
7028,335000,9667000,0.742175671294332,-0.530329323345423,0.0430493737848476
7029,336000,9667000,0.653261141490936,-0.52497252831161,0.0665716829366982
7030,337000,9667000,0.576029950122535,-0.498455755195022,0.0860171693024225
7031,338000,9667000,0.451580207717419,-0.492197187110782,0.124035187429562
7032,339000,9667000,0.528653098851442,-0.485857384197414,0.0917976840889547
7033,340000,9667000,0.430711842303909,-0.452601571276784,0.0967052848207764
7034,341000,9667000,0.41892087088488,-0.463686448708177,0.118148327429546
7035,342000,9667000,0.437740005162358,-0.467721741510928,0.117476480743848
7036,343000,9667000,0.323421547116339,-0.445007316377759,0.146142405428831
7037,344000,9667000,0.190462602467835,-0.399401443472505,0.175115114190988
7038,345000,9667000,0.211182505627722,-0.407064645645022,0.176245886687562
7039,346000,9667000,0.215681831746548,-0.411801504151523,0.168239552672952
7040,347000,9667000,0.239005398416519,-0.447506751587987,0.168050974320248
7041,348000,9667000,0.199654336601496,-0.439305979725718,0.166205983176921
7042,349000,9667000,0.218508383286372,-0.453373409111798,0.153302358403616
7043,350000,9667000,0.207501500441507,-0.465962343819439,0.155825151323341
7044,351000,9667000,0.244889120981842,-0.506443248388171,0.147905113833863
7045,352000,9667000,0.231772442781925,-0.473129794760048,0.133652027769014
7046,353000,9667000,0.213791596264392,-0.464241613563895,0.151796107564494
7047,354000,9667000,0.156370613986254,-0.4152468116045,0.148564811284468
7048,355000,9667000,0.138661911455542,-0.406319734331965,0.125369064163091
7049,356000,9667000,0.133747890945897,-0.3931045337677,0.0964119328521192
7050,357000,9667000,0.178931469387561,-0.435939519530535,0.125695178175066
7051,358000,9667000,0.203777979958802,-0.444650426602364,0.132238925384451
7052,359000,9667000,0.220712267403305,-0.467777150763571,0.14225328819938
7053,360000,9667000,0.183213843961433,-0.436741760954261,0.108284763453715
7054,361000,9667000,0.237399979910254,-0.468396004977822,0.131504311615787
7055,362000,9667000,0.2324489382267,-0.465347799921036,0.131116743170656
7056,363000,9667000,0.218360096249729,-0.472233808803558,0.129434599733166
7057,364000,9667000,0.236715459451824,-0.474926973184943,0.138593315673433
7058,365000,9667000,0.223663620726764,-0.473814121925831,0.115222746177576
7059,366000,9667000,0.218691132152826,-0.46979996420145,0.0970955193341244
7060,367000,9667000,0.213010692255199,-0.469405153179169,0.101774083460681
7061,368000,9667000,0.188321772208065,-0.440984930822253,0.0822601116498932
7062,369000,9667000,0.221819048474357,-0.444253321252763,0.0798120342515176
7063,370000,9667000,0.200940383335203,-0.434515587224066,0.0597047177134198
7064,371000,9667000,0.185918514667824,-0.409152081756294,0.0574534051778493
7065,372000,9667000,0.284752356721461,-0.452663305602968,0.0705824621374253
7066,373000,9667000,0.166204286462814,-0.441602259419858,0.0513881256339606
7067,374000,9667000,0.137187575398013,-0.40588695423305,0.0280375073093688
7068,375000,9667000,0.151238295855847,-0.424171009713953,0.0221095157829537
7069,262000,9668000,0.221846006775275,-0.371965736716986,0.05740579628665
7070,263000,9668000,0.149018220535666,-0.321702416141331,0.0484936038936954
7071,264000,9668000,0.202089538060315,-0.364864286410809,0.0579166613609064
7072,265000,9668000,0.117467273943126,-0.325628631052375,0.0427423143239692
7073,266000,9668000,0.102233673967421,-0.31272708311826,0.0412747242541052
7074,267000,9668000,0.198974514669925,-0.380395563180745,0.0476551085398532
7075,268000,9668000,0.223205602565408,-0.414095558905602,0.0479331666431855
7076,269000,9668000,0.191045717164129,-0.422333059170842,0.0483923242583871
7077,270000,9668000,0.219251222267747,-0.454942892587185,0.0538449970670976
7078,271000,9668000,0.199747189940512,-0.428539765048027,0.0463306779656559
7079,272000,9668000,0.152085145557672,-0.393652659702301,0.0357483215730172
7080,273000,9668000,0.172637691468745,-0.412389045545459,0.0404404521573335
7081,274000,9668000,0.247664069202542,-0.45477169470787,0.0545392284786329
7082,275000,9668000,0.209732446207106,-0.465373287531734,0.0532700089966413
7083,276000,9668000,0.164362075168639,-0.43926988273859,0.0491963725331239
7084,277000,9668000,0.180150965417176,-0.49601034206152,0.0551584661783651
7085,278000,9668000,0.180799060480297,-0.488658284190297,0.0578346532998607
7086,279000,9668000,0.170180950348079,-0.420869355657697,0.0686496372338384
7087,280000,9668000,0.173404760497808,-0.421477934476733,0.0655104271089658
7088,281000,9668000,0.192213382616639,-0.468664234679937,0.072700948334299
7089,282000,9668000,0.206190500213951,-0.504679183161259,0.0886258446387947
7090,283000,9668000,0.166794462794065,-0.484337168124318,0.105104809815623
7091,284000,9668000,0.198434756280482,-0.440381910407543,0.0864873200466856
7092,285000,9668000,0.31670581163317,-0.475954919239879,0.102679137748666
7093,286000,9668000,0.509295442663878,-0.516438522851467,0.0916729093072936
7094,287000,9668000,0.696745500090718,-0.513204972365499,0.0445447656482458
7095,288000,9668000,0.753429268723726,-0.480114429107308,0.032175266412925
7096,289000,9668000,0.633592528784275,-0.464766723901033,0.066000912210648
7097,290000,9668000,0.644626870036125,-0.485899845397472,0.0770700461404398
7098,291000,9668000,0.639657380729914,-0.511459849128127,0.0849092095423955
7099,292000,9668000,0.695137324640155,-0.483726743999124,0.0748913416897179
7100,293000,9668000,0.74735986969471,-0.485536906148493,0.0547329791766126
7101,294000,9668000,0.798284769970179,-0.476420098719001,0.0557923880026676
7102,295000,9668000,0.769885036581755,-0.455354834343493,0.0852860905357986
7103,296000,9668000,0.779622090727091,-0.447249572816491,0.0514327925798716
7104,297000,9668000,0.772554727602005,-0.461679557560384,0.083991936297901
7105,298000,9668000,0.743195648917556,-0.458067925956845,0.0871282135404297
7106,299000,9668000,0.535088096663356,-0.5192644934237,0.0892991939512547
7107,3e+05,9668000,0.453556123718619,-0.525039461189508,0.0537350292759074
7108,301000,9668000,0.426602996197343,-0.52445999635458,0.0333417284967145
7109,302000,9668000,0.355634873493016,-0.53373961957097,0.0318008684115543
7110,303000,9668000,0.270961243261397,-0.54970149410367,0.0351954420396825
7111,304000,9668000,0.275973890317231,-0.57645101056397,0.0455054230683949
7112,305000,9668000,0.274058174440265,-0.587699423849583,0.0301492008910718
7113,306000,9668000,0.252190474006534,-0.554859912544489,0.0297102721270989
7114,307000,9668000,0.25886614869982,-0.561626595106721,0.0429479719302384
7115,308000,9668000,0.227271012717485,-0.535767183241248,0.0495459854952409
7116,309000,9668000,0.252782994326949,-0.565679874956608,0.0342138132066349
7117,310000,9668000,0.23593578581363,-0.52522871542573,0.0343189873236464
7118,311000,9668000,0.224198448149115,-0.500757571581006,0.0450624322644988
7119,312000,9668000,0.218182522623241,-0.498687214651704,0.0369743142256106
7120,313000,9668000,0.263257447421551,-0.5312341460675,0.0325059945525398
7121,314000,9668000,0.25961040340364,-0.544171412739158,0.0541336684862035
7122,315000,9668000,0.260823150410131,-0.550748864765465,0.069994263057888
7123,316000,9668000,0.275221362067759,-0.541406850993633,0.0281072624700493
7124,317000,9668000,0.307551194168627,-0.558355732229352,0.0260787540662684
7125,318000,9668000,0.325674141901731,-0.558580256471038,0.0317068955027324
7126,319000,9668000,0.335464749825001,-0.552541081923246,0.0261351178970304
7127,320000,9668000,0.359453417138755,-0.539051945599914,0.0358985108977708
7128,321000,9668000,0.3512242934376,-0.546614220482111,0.0317921091670578
7129,322000,9668000,0.381661653886735,-0.566560332986712,0.0494691678816569
7130,323000,9668000,0.405412357920408,-0.565607088598609,0.0453713475179684
7131,324000,9668000,0.443057806050777,-0.574288274049759,0.0413181260385085
7132,325000,9668000,0.460169354258478,-0.582062170031667,0.0440613182290923
7133,326000,9668000,0.498865580499172,-0.58146630756855,0.0397472394536948
7134,327000,9668000,0.549035870474577,-0.56234000184238,0.055913154536183
7135,328000,9668000,0.622158571407199,-0.544890438780189,0.0348406773177441
7136,329000,9668000,0.751756414747238,-0.503158103582263,0.0259552802145481
7137,330000,9668000,0.797316408497095,-0.494797833034396,0.0237374470117153
7138,331000,9668000,0.813960062515736,-0.505980249962211,0.0262264056684216
7139,332000,9668000,0.730476637366414,-0.518171174490452,0.0448867317819037
7140,333000,9668000,0.647434203928709,-0.523312530314922,0.0619417550028767
7141,334000,9668000,0.614688790592551,-0.548783127784729,0.0739896961268969
7142,335000,9668000,0.712231703706086,-0.529927678343654,0.0619682739470154
7143,336000,9668000,0.55611773314029,-0.527358316883445,0.0993635478282347
7144,337000,9668000,0.470070872449875,-0.497313594223559,0.124794217547495
7145,338000,9668000,0.524379356054962,-0.473319626363367,0.0991859666843899
7146,339000,9668000,0.477413793482631,-0.462383425998688,0.104479786590859
7147,340000,9668000,0.368955350236315,-0.430284341243655,0.0935008511208114
7148,341000,9668000,0.410644312347472,-0.471167418912053,0.121407023694832
7149,342000,9668000,0.313223843505979,-0.457011687682569,0.145098720008694
7150,343000,9668000,0.25645465660356,-0.441929558283091,0.16382282645274
7151,344000,9668000,0.232633921858668,-0.438274174535275,0.163201685479283
7152,345000,9668000,0.217966494496912,-0.428825922241807,0.163000815905444
7153,346000,9668000,0.212687802383676,-0.407319975104928,0.170449264850654
7154,347000,9668000,0.21297877461873,-0.4113719142735,0.152186277560843
7155,348000,9668000,0.170924435191043,-0.399485874667764,0.165855011951178
7156,349000,9668000,0.203640732347593,-0.465850840547681,0.161077661242336
7157,350000,9668000,0.192669367650896,-0.45912405770421,0.1423195345819
7158,351000,9668000,0.202115292484313,-0.459485349658132,0.137487323931791
7159,352000,9668000,0.232743422468752,-0.469843455597758,0.134111379435658
7160,353000,9668000,0.224447780204937,-0.44613754645586,0.129541470225435
7161,354000,9668000,0.188700563564152,-0.44588946312964,0.128929490326159
7162,355000,9668000,0.16572928487137,-0.39394444001317,0.12371832530899
7163,356000,9668000,0.192399712599814,-0.423015892969072,0.111824480053224
7164,357000,9668000,0.176062411181629,-0.433486410030723,0.137639155938849
7165,358000,9668000,0.277107522959635,-0.478780499368906,0.135139448445989
7166,359000,9668000,0.325945127227902,-0.495385813805461,0.14573579180669
7167,360000,9668000,0.320678601092845,-0.497414629587531,0.144155802267138
7168,361000,9668000,0.21917383852303,-0.466849756871164,0.139348607817106
7169,362000,9668000,0.236032943565771,-0.464597925657034,0.136105196912773
7170,363000,9668000,0.219958470528573,-0.4526991015926,0.122710681448178
7171,364000,9668000,0.231846207597107,-0.459679849725962,0.123864142072108
7172,365000,9668000,0.246391690162569,-0.485082164882123,0.127099859000929
7173,366000,9668000,0.218136493394524,-0.456988522450626,0.0907650413096417
7174,367000,9668000,0.189262127047777,-0.432604096242785,0.068136850572261
7175,368000,9668000,0.208800719700009,-0.432492794215679,0.0859389231658075
7176,369000,9668000,0.25122657620348,-0.407369751860201,0.0910273837013869
7177,370000,9668000,0.259425788978115,-0.441052548636496,0.0831047712560277
7178,371000,9668000,0.15900538319312,-0.41884214926511,0.061361684009945
7179,372000,9668000,0.140901154126599,-0.427607448934019,0.0451351032937178
7180,373000,9668000,0.147936381367594,-0.399143079254031,0.0313682721041085
7181,374000,9668000,0.148802332063019,-0.392641806781292,0.0281801099196251
7182,375000,9668000,0.14430846453729,-0.401101779422977,0.023198172861435
7183,262000,9669000,0.194232364909723,-0.348918058097363,0.0510056438795291
7184,263000,9669000,0.142067393887602,-0.316707930725813,0.0494318009837531
7185,264000,9669000,0.241144472551718,-0.379982319268584,0.0584035555212293
7186,265000,9669000,0.137060724018142,-0.338811886224151,0.0449199168656953
7187,266000,9669000,0.130902028873563,-0.340083750243485,0.0330038028606446
7188,267000,9669000,0.153145785763487,-0.345065255457163,0.044945886800834
7189,268000,9669000,0.191898795271665,-0.393363180905581,0.0460208350730129
7190,269000,9669000,0.213192378755659,-0.407187135624886,0.0486777293513995
7191,270000,9669000,0.214753925408423,-0.421328830617666,0.0603764143802226
7192,271000,9669000,0.186447452958673,-0.400100670340657,0.0571254896140192
7193,272000,9669000,0.216597830738872,-0.411598881933093,0.061922008721251
7194,273000,9669000,0.228917694984376,-0.434623981755972,0.0626747121582273
7195,274000,9669000,0.237471391384304,-0.459389930149913,0.0641233506523073
7196,275000,9669000,0.173716833223403,-0.434295687624812,0.0503463697670028
7197,276000,9669000,0.173482463849336,-0.452317154806852,0.0475092883784324
7198,277000,9669000,0.170218911869079,-0.479265000265837,0.0566571821628138
7199,278000,9669000,0.192698300756514,-0.461832380229235,0.0626614177260548
7200,279000,9669000,0.179662164582312,-0.426635399210453,0.0666022618902847
7201,280000,9669000,0.175394974669069,-0.406335722073913,0.0708776768103242
7202,281000,9669000,0.181549429512024,-0.418699289357662,0.0845993948813528
7203,282000,9669000,0.202102363832295,-0.451735816808045,0.161388488368969
7204,283000,9669000,0.187155108015984,-0.452078317424655,0.152208326739259
7205,284000,9669000,0.206823112552613,-0.443482282605767,0.158212950005755
7206,285000,9669000,0.2571239080064,-0.456218265287578,0.113588676269725
7207,286000,9669000,0.308451801963896,-0.486483343058825,0.115377407289017
7208,287000,9669000,0.656332117118314,-0.498541919490695,0.0668045672617387
7209,288000,9669000,0.726891187386215,-0.494522595384717,0.0535213358677342
7210,289000,9669000,0.719584543612599,-0.479852609288692,0.0534803931825794
7211,290000,9669000,0.630875224289298,-0.493451172211766,0.0754975644634571
7212,291000,9669000,0.723462644195557,-0.482747548344731,0.0834745613114443
7213,292000,9669000,0.754392291405797,-0.479079066392779,0.092408058584953
7214,293000,9669000,0.764583329614997,-0.464888673856854,0.0531073517984012
7215,294000,9669000,0.786943476074934,-0.456162287244201,0.0660599812244182
7216,295000,9669000,0.770413037329912,-0.455930858691037,0.106031904273701
7217,296000,9669000,0.772684899020195,-0.446024071958661,0.0572494099944481
7218,297000,9669000,0.724227743569016,-0.453399816353619,0.0508085055782692
7219,298000,9669000,0.664083244466782,-0.462453405189514,0.0438421944547561
7220,299000,9669000,0.490343498075008,-0.516057294735312,0.0645123037220445
7221,3e+05,9669000,0.425262462541461,-0.518191167086363,0.030461543116509
7222,301000,9669000,0.409673528327048,-0.509511959347129,0.0423886549453251
7223,302000,9669000,0.390422512157261,-0.518280156236887,0.0359068450575345
7224,303000,9669000,0.304743370883167,-0.558094266057015,0.0312292733554263
7225,304000,9669000,0.30233198235929,-0.576653589358926,0.0287184847029857
7226,305000,9669000,0.296559113837779,-0.578433042395115,0.0239959009893006
7227,306000,9669000,0.276209616602957,-0.57683784365356,0.0325742017870536
7228,307000,9669000,0.271544393025339,-0.56555449180305,0.0342438767637941
7229,308000,9669000,0.265834499105811,-0.565297692370415,0.0289353231582325
7230,309000,9669000,0.291119741882384,-0.582760506886244,0.0325159525592462
7231,310000,9669000,0.2952458145082,-0.561670352646709,0.0310489452816662
7232,311000,9669000,0.281030145074427,-0.536238573727012,0.0332423066040501
7233,312000,9669000,0.269802874949574,-0.534017161169648,0.038948944420123
7234,313000,9669000,0.276218222017586,-0.542990049421787,0.0350728850364219
7235,314000,9669000,0.331356884156167,-0.568464594629407,0.0394505311920657
7236,315000,9669000,0.34537121488452,-0.559484341460466,0.0618853244931495
7237,316000,9669000,0.36399459836632,-0.550109811803699,0.0589547029207577
7238,317000,9669000,0.364987464919686,-0.557254512611032,0.0401297124464996
7239,318000,9669000,0.36272927762568,-0.544786190468073,0.0291666252242168
7240,319000,9669000,0.358555593135953,-0.553276249906421,0.0276079355263617
7241,320000,9669000,0.401262019708753,-0.539766474834084,0.0412209582101088
7242,321000,9669000,0.40345021879822,-0.560404220685363,0.04573018702548
7243,322000,9669000,0.433394557318091,-0.572789436274767,0.0385872643328155
7244,323000,9669000,0.464692892688513,-0.569149218329787,0.0420560870037996
7245,324000,9669000,0.456641584584117,-0.572211243069172,0.0629609287749976
7246,325000,9669000,0.493355602264404,-0.5796464700073,0.045253699384327
7247,326000,9669000,0.56931164855957,-0.557364430579543,0.0377098568052053
7248,327000,9669000,0.594086834591627,-0.546553519171476,0.0433756742333062
7249,328000,9669000,0.655437351894379,-0.532886691907048,0.0391436602291884
7250,329000,9669000,0.787985684114695,-0.485603362599015,0.0223534626813373
7251,330000,9669000,0.795642049008608,-0.482073771929741,0.0228735972997732
7252,331000,9669000,0.771131047472358,-0.504815259340405,0.0308569206632674
7253,332000,9669000,0.674725955891609,-0.514941866147518,0.0507989820530638
7254,333000,9669000,0.43255691113472,-0.578434870746732,0.11011468510665
7255,334000,9669000,0.411419189487398,-0.560317681318522,0.124470421118755
7256,335000,9669000,0.488018921843171,-0.529513879984617,0.133258693787549
7257,336000,9669000,0.415353873899579,-0.493279757025838,0.144547285657842
7258,337000,9669000,0.485831760594249,-0.474760452927649,0.115639376442879
7259,338000,9669000,0.516565794076025,-0.464306000380218,0.102994569182955
7260,339000,9669000,0.459558099902631,-0.460241765415668,0.103161063464405
7261,340000,9669000,0.355896417931095,-0.45008970670253,0.126342119932408
7262,341000,9669000,0.278698488960415,-0.465519897043705,0.157023186263442
7263,342000,9669000,0.232812887428515,-0.422101602219045,0.133563462158386
7264,343000,9669000,0.242026339310408,-0.454623624269664,0.16832738859728
7265,344000,9669000,0.259565687046945,-0.43136671949923,0.158938392965309
7266,345000,9669000,0.228171431090683,-0.454250448362529,0.147576734212786
7267,346000,9669000,0.286054781372845,-0.472235834395885,0.15130009065168
7268,347000,9669000,0.27552525062114,-0.471759840607643,0.148148516145721
7269,348000,9669000,0.228069162165746,-0.444927456940711,0.163782946174964
7270,349000,9669000,0.252369506559148,-0.452730177415907,0.14048262720909
7271,350000,9669000,0.179385350809619,-0.397062905731797,0.130003550338279
7272,351000,9669000,0.226743647921085,-0.422033765229583,0.130886155389622
7273,352000,9669000,0.191187723846734,-0.436334565030038,0.126614885626175
7274,353000,9669000,0.188414597764052,-0.425305388016999,0.113361565098632
7275,354000,9669000,0.222050345297158,-0.446002807760239,0.130499411474355
7276,355000,9669000,0.214287849183753,-0.452474147312343,0.141994106158055
7277,356000,9669000,0.21348976254575,-0.450426810245216,0.128879069020227
7278,357000,9669000,0.298055897648633,-0.488415665863454,0.140281884799758
7279,358000,9669000,0.258967159426957,-0.478053030644357,0.136164209748991
7280,359000,9669000,0.20706203324236,-0.464057786291838,0.127059280677326
7281,360000,9669000,0.292016857625544,-0.497027763935924,0.157221220051311
7282,361000,9669000,0.337179072634131,-0.491533091665804,0.137250215909636
7283,362000,9669000,0.204133063977584,-0.464866158792377,0.128218297697045
7284,363000,9669000,0.164225653690845,-0.415144223238528,0.102980526000354
7285,364000,9669000,0.226820767242461,-0.468669191515446,0.132305409898609
7286,365000,9669000,0.211067256759852,-0.455979688030481,0.116583450358734
7287,366000,9669000,0.197656286520138,-0.451879566919804,0.088679199163476
7288,367000,9669000,0.210816559114307,-0.437270124019682,0.0828349082289264
7289,368000,9669000,0.227406207673252,-0.408019706189632,0.0629418963532662
7290,369000,9669000,0.14234734011963,-0.383768287678063,0.042503301779076
7291,370000,9669000,0.159341460106149,-0.426550928455591,0.0578385616308311
7292,371000,9669000,0.181164891438559,-0.425383318392932,0.065246288469783
7293,372000,9669000,0.186979738287255,-0.426068194046617,0.0495531616010005
7294,373000,9669000,0.179889734956622,-0.408855450856686,0.0384494795917155
7295,374000,9669000,0.193083548602834,-0.428100150474906,0.0448730777164106
7296,375000,9669000,0.185005573555827,-0.4379667710987,0.0460141744142906
7297,262000,9670000,0.138318439437076,-0.327472286939621,0.0485100892679766
7298,263000,9670000,0.158876599708106,-0.332813277955353,0.0451684304642491
7299,264000,9670000,0.185553921545297,-0.362561388362292,0.0457240330539993
7300,265000,9670000,0.14583835528791,-0.322925821630657,0.0411998816951644
7301,266000,9670000,0.145615164653584,-0.337724461038411,0.0451202525174245
7302,267000,9670000,0.159376614974439,-0.349522798933089,0.0501778214131482
7303,268000,9670000,0.209305081040412,-0.40764697112143,0.0489143816520926
7304,269000,9670000,0.202019380038977,-0.405032041099668,0.0440020945341559
7305,270000,9670000,0.172021966637671,-0.414081898808479,0.0496467070424929
7306,271000,9670000,0.158127494425327,-0.427359166842699,0.0518621920605656
7307,272000,9670000,0.151103666921705,-0.419784774190187,0.0453391419732245
7308,273000,9670000,0.222527622786164,-0.471680908542871,0.0742982177871745
7309,274000,9670000,0.186228388284147,-0.481095597919822,0.0524759017764591
7310,275000,9670000,0.190215361118317,-0.513568605566025,0.0586860717070289
7311,276000,9670000,0.180846871227026,-0.457902515611052,0.0556360748214647
7312,277000,9670000,0.181051722793281,-0.441700025838614,0.0583622750272043
7313,278000,9670000,0.18812675948441,-0.433322918590903,0.0573300210032612
7314,279000,9670000,0.190993045837432,-0.432328979387879,0.0689550253761932
7315,280000,9670000,0.194445490302145,-0.446021830993891,0.0827401763260364
7316,281000,9670000,0.20449869896099,-0.485177453178167,0.105086161680892
7317,282000,9670000,0.200622339273989,-0.463269082709402,0.174111378626525
7318,283000,9670000,0.189875131521374,-0.440760141028464,0.185054127417505
7319,284000,9670000,0.223032888039947,-0.431403763705492,0.160362988506444
7320,285000,9670000,0.29567843958959,-0.486528148764372,0.112681793958507
7321,286000,9670000,0.40670549249202,-0.483338117024302,0.104187766746432
7322,287000,9670000,0.703173082700372,-0.520122584730387,0.0654049084393075
7323,288000,9670000,0.761166005256772,-0.481425225895643,0.040866980814375
7324,289000,9670000,0.617658017392457,-0.486926728916168,0.0741363477412611
7325,290000,9670000,0.730085913851857,-0.455680074197054,0.0449493839108851
7326,291000,9670000,0.795225961369276,-0.469903594213724,0.0558657784763258
7327,292000,9670000,0.667866349391639,-0.519854961773753,0.0765374232260045
7328,293000,9670000,0.726801502618194,-0.481419186145067,0.0583165920162108
7329,294000,9670000,0.761349277496338,-0.453146848037839,0.0619998753028398
7330,295000,9670000,0.74058869574666,-0.428319659452885,0.0973341881680244
7331,296000,9670000,0.727471163195372,-0.451087336775661,0.086711701803701
7332,297000,9670000,0.612289936953783,-0.490023084425926,0.0588449643268716
7333,298000,9670000,0.593135490986705,-0.489330694128573,0.064787736976915
7334,299000,9670000,0.456827691286802,-0.522015949460864,0.061806313025509
7335,3e+05,9670000,0.417271436034143,-0.525902529966831,0.0286042217572802
7336,301000,9670000,0.390567434966564,-0.522684782838821,0.0288848956332542
7337,302000,9670000,0.393272947002947,-0.525340687835216,0.0394100663231686
7338,303000,9670000,0.348391390299797,-0.546907807564735,0.0292866093958961
7339,304000,9670000,0.318512071990967,-0.56572034548521,0.0243870112039614
7340,305000,9670000,0.315301331800222,-0.563044604605436,0.029362973268982
7341,306000,9670000,0.31118816716969,-0.569378550982475,0.024550928185205
7342,307000,9670000,0.313370457272232,-0.570626782017946,0.0244361580325058
7343,308000,9670000,0.313494434592128,-0.572891838803887,0.0341429192194715
7344,309000,9670000,0.326302431879938,-0.572258822503686,0.0389874282847508
7345,310000,9670000,0.350124561056495,-0.563084060201049,0.0357254313366255
7346,311000,9670000,0.345102916659415,-0.562359356427193,0.0378262539220275
7347,312000,9670000,0.315143369485438,-0.554451041203737,0.0307627298925305
7348,313000,9670000,0.320263422913849,-0.569445691072941,0.0308441686709615
7349,314000,9670000,0.356552608433366,-0.559433796334267,0.0467340259755263
7350,315000,9670000,0.391984203273058,-0.54567048484683,0.0744693630093243
7351,316000,9670000,0.418690996044874,-0.543123529627919,0.075457092008437
7352,317000,9670000,0.423122717788815,-0.548741570663452,0.0367913179517142
7353,318000,9670000,0.407534763151407,-0.54406036374867,0.0321489634178986
7354,319000,9670000,0.408449450685084,-0.546825846448541,0.0368267422054952
7355,320000,9670000,0.44583480129838,-0.550139969965815,0.0433069651040016
7356,321000,9670000,0.452815428459644,-0.554140374523401,0.041696858530445
7357,322000,9670000,0.471889668007195,-0.560571945139766,0.0338464541406138
7358,323000,9670000,0.483604252308607,-0.565244271060824,0.0452247258027783
7359,324000,9670000,0.502862533676624,-0.571541179552674,0.0510074608195224
7360,325000,9670000,0.584796168193221,-0.55343902233839,0.0322167856398039
7361,326000,9670000,0.651362437886,-0.538016791659594,0.0307607819713885
7362,327000,9670000,0.63733187726438,-0.54860887517035,0.0393808887848863
7363,328000,9670000,0.658068899792433,-0.535928863716125,0.0434307917191181
7364,329000,9670000,0.75900171392858,-0.501369383227825,0.0281050731015392
7365,330000,9670000,0.738121527698636,-0.510382250663638,0.0376060704928124
7366,331000,9670000,0.696894403329492,-0.494876662823558,0.0454171363991685
7367,332000,9670000,0.679220287936926,-0.499200076633692,0.0587510845794808
7368,333000,9670000,0.611419367298484,-0.533134365829825,0.0774557736087358
7369,334000,9670000,0.681357686756551,-0.509500882416964,0.0528916223842651
7370,335000,9670000,0.478863850404322,-0.486833797392249,0.123148143790103
7371,336000,9670000,0.431490245623887,-0.4660170104146,0.13693552522203
7372,337000,9670000,0.509244296996295,-0.456400726729631,0.0955294722744264
7373,338000,9670000,0.428349568459392,-0.469917709583044,0.117591833381145
7374,339000,9670000,0.331792046632618,-0.46821581350565,0.151561353641562
7375,340000,9670000,0.319547947650403,-0.494038287079334,0.156542624418996
7376,341000,9670000,0.255045298879594,-0.489134595280886,0.175047668833472
7377,342000,9670000,0.262599838650972,-0.464749184641242,0.160445745698363
7378,343000,9670000,0.206946300482005,-0.435789805339277,0.153957158931531
7379,344000,9670000,0.189584158954397,-0.426469585111737,0.15763675476294
7380,345000,9670000,0.255444873477146,-0.462359966336191,0.1465245543506
7381,346000,9670000,0.388944266249985,-0.483297161960602,0.122866233596858
7382,347000,9670000,0.284250325491652,-0.45764458527267,0.131446265020594
7383,348000,9670000,0.294210333894938,-0.510712955242395,0.153844244832173
7384,349000,9670000,0.254699564129859,-0.496263530425727,0.149582957894914
7385,350000,9670000,0.157083891658112,-0.416176053716242,0.113532440888137
7386,351000,9670000,0.164952127061971,-0.442876767759025,0.113616029525548
7387,352000,9670000,0.199568554241583,-0.469702025592327,0.125310007252265
7388,353000,9670000,0.198110137419403,-0.462682610121369,0.114734799293615
7389,354000,9670000,0.22474929311797,-0.475134633487463,0.135507305248454
7390,355000,9670000,0.304116837151349,-0.48263651702106,0.137909418008756
7391,356000,9670000,0.246471975683048,-0.457159883178771,0.132359464794979
7392,357000,9670000,0.243904500609636,-0.480974342915416,0.131807394269295
7393,358000,9670000,0.177561522224918,-0.447886893945932,0.121749221482594
7394,359000,9670000,0.180861669435352,-0.460356636536121,0.106526196043845
7395,360000,9670000,0.20563149734661,-0.467430969274044,0.132178901796695
7396,361000,9670000,0.264353631227836,-0.48723154245019,0.156268198123295
7397,362000,9670000,0.338738786087185,-0.495021379493177,0.139476560333837
7398,363000,9670000,0.28918573044613,-0.476309756439924,0.136751587819285
7399,364000,9670000,0.300644410930574,-0.496974474290013,0.142367629885674
7400,365000,9670000,0.237190791904554,-0.453353178685904,0.0974165590719553
7401,366000,9670000,0.243989913391322,-0.457931827242672,0.11508159048066
7402,367000,9670000,0.203529206021689,-0.426190285582969,0.0765496933538467
7403,368000,9670000,0.159132214935124,-0.414722510570288,0.0581873154076049
7404,369000,9670000,0.160643789373711,-0.409658196359873,0.057636296691536
7405,370000,9670000,0.19163770175688,-0.424843962183595,0.0843505528048845
7406,371000,9670000,0.212229611417651,-0.457747743880749,0.0972042337459046
7407,372000,9670000,0.206146815790981,-0.451311322331429,0.0590488154016435
7408,373000,9670000,0.182141555030644,-0.430861119273305,0.047369659812795
7409,374000,9670000,0.179429823730886,-0.426510396376252,0.0470975428604754
7410,375000,9670000,0.184262862280011,-0.439289081313393,0.0570511347787793
7411,262000,9671000,0.102128297767602,-0.276313798196614,0.0438580519328825
7412,263000,9671000,0.139978207218461,-0.300957737770677,0.0438665297594154
7413,264000,9671000,0.134594491139427,-0.345150494375825,0.0430755599734606
7414,265000,9671000,0.132291188680008,-0.346317877046764,0.0492773488565348
7415,266000,9671000,0.144979441053048,-0.342126490989327,0.0485803859127685
7416,267000,9671000,0.186071567209437,-0.378146291467547,0.051828873785492
7417,268000,9671000,0.210540518066287,-0.400992325896025,0.0547914591383189
7418,269000,9671000,0.177739879729599,-0.395924092438817,0.0469501094196923
7419,270000,9671000,0.155026253009634,-0.408517469646037,0.039616545052384
7420,271000,9671000,0.163432634019107,-0.431251476699114,0.0542968852680642
7421,272000,9671000,0.182832183483616,-0.41988586885035,0.050630518000084
7422,273000,9671000,0.17801071748808,-0.465937241256237,0.0477515511232894
7423,274000,9671000,0.186586062981933,-0.453934220570326,0.0611468570929021
7424,275000,9671000,0.199128335930407,-0.476624925944209,0.0720897320952266
7425,276000,9671000,0.201020298328996,-0.501378718164563,0.0645895880712196
7426,277000,9671000,0.201612627366185,-0.486101628124714,0.0609936028270517
7427,278000,9671000,0.205440897139162,-0.472752288717031,0.0640539777098224
7428,279000,9671000,0.218766554960608,-0.481191132366657,0.0817163278860971
7429,280000,9671000,0.201972733041644,-0.488845972469449,0.062597014019452
7430,281000,9671000,0.19933939113766,-0.471778993958235,0.109787560112588
7431,282000,9671000,0.210164729015878,-0.473351482885331,0.127436136454949
7432,283000,9671000,0.217910258384049,-0.449072531741858,0.130115579785127
7433,284000,9671000,0.257016673761606,-0.424268294133246,0.120469956888072
7434,285000,9671000,0.34077768266052,-0.474324572914839,0.124319956542552
7435,286000,9671000,0.561818764096498,-0.509133093851805,0.0762827705580276
7436,287000,9671000,0.549066372323036,-0.540927379828691,0.102373988662544
7437,288000,9671000,0.602805769824982,-0.513048621591926,0.0829093966929242
7438,289000,9671000,0.539589294654131,-0.515133694851398,0.108570823333878
7439,290000,9671000,0.664250499239564,-0.494821568667889,0.0683102847091854
7440,291000,9671000,0.764912827038765,-0.47724559892416,0.0432428224391304
7441,292000,9671000,0.750554969358444,-0.451374135684967,0.0425011360611767
7442,293000,9671000,0.672799228581786,-0.493574715542793,0.059420928934915
7443,294000,9671000,0.733145242857933,-0.488137086634338,0.0437493083111709
7444,295000,9671000,0.721678342407942,-0.410072225343436,0.0589331684929319
7445,296000,9671000,0.70390067896843,-0.373562463490292,0.100395140300877
7446,297000,9671000,0.61945073171556,-0.438218247831613,0.0697804228174151
7447,298000,9671000,0.555703747433424,-0.49261358948946,0.0410634190675279
7448,299000,9671000,0.447455374963582,-0.517954250338674,0.0295672991959844
7449,3e+05,9671000,0.440940154796839,-0.517752312204242,0.0329612941603409
7450,301000,9671000,0.39368607416898,-0.542924372684956,0.0422858122011181
7451,302000,9671000,0.383279758536816,-0.544626230275631,0.0306255968708312
7452,303000,9671000,0.362646154341102,-0.560156823351979,0.0280689696668182
7453,304000,9671000,0.355761533001065,-0.556681546622515,0.0244837906219997
7454,305000,9671000,0.363367137670517,-0.558627821877599,0.0311193089511245
7455,306000,9671000,0.361232610571384,-0.558172185012698,0.0282080271554179
7456,307000,9671000,0.350826292052865,-0.562148366907239,0.0378653740659822
7457,308000,9671000,0.351762263585627,-0.56242220235467,0.0393085561341461
7458,309000,9671000,0.352821127045155,-0.566254015532136,0.053277582119382
7459,310000,9671000,0.387418169167638,-0.55821798518002,0.0371679470732168
7460,311000,9671000,0.387096040332317,-0.549084811210632,0.0395617872378789
7461,312000,9671000,0.383638631011546,-0.545445094081759,0.0505326754722395
7462,313000,9671000,0.376067679816484,-0.539310843387246,0.0398063213446876
7463,314000,9671000,0.396777086535096,-0.538095979765058,0.0585931653760839
7464,315000,9671000,0.47803479411006,-0.539558922711015,0.0887793137660949
7465,316000,9671000,0.477535879147053,-0.550106216543913,0.0774759091645014
7466,317000,9671000,0.462289856719971,-0.545685270658135,0.0508309633205412
7467,318000,9671000,0.437220754890144,-0.539714535182715,0.0518490394320223
7468,319000,9671000,0.475366751912236,-0.536597737294435,0.0390886584061198
7469,320000,9671000,0.491578837928176,-0.553920662176609,0.048303323342884
7470,321000,9671000,0.500973234838247,-0.548957742244005,0.0342869817103026
7471,322000,9671000,0.527553646180034,-0.552702538618445,0.0458913214419736
7472,323000,9671000,0.536870595377684,-0.556948435786366,0.0393250215258915
7473,324000,9671000,0.59114411945343,-0.53818648199439,0.049367288127006
7474,325000,9671000,0.644137426313758,-0.523887860929966,0.0358144523188472
7475,326000,9671000,0.640122913351655,-0.528452742525935,0.0403610537751578
7476,327000,9671000,0.659106397554278,-0.536985681268573,0.0447349657997955
7477,328000,9671000,0.75160997223556,-0.515323818910122,0.0254927386127412
7478,329000,9671000,0.756031496372819,-0.502007275219262,0.0271705333542544
7479,330000,9671000,0.651561651724577,-0.4952583428666,0.0663789618126582
7480,331000,9671000,0.646495276656747,-0.493411080378294,0.0645504554101266
7481,332000,9671000,0.666716073518991,-0.52529754357934,0.0597096991396509
7482,333000,9671000,0.659001242288947,-0.512993465906382,0.060461886722967
7483,334000,9671000,0.569394295442104,-0.509851973855495,0.0873775971564464
7484,335000,9671000,0.372990944312513,-0.458118150301278,0.146614591173269
7485,336000,9671000,0.479646943783015,-0.454234983462095,0.0972763787511736
7486,337000,9671000,0.399071451847628,-0.455330730368942,0.115384392943769
7487,338000,9671000,0.309570591913909,-0.473405516195297,0.156147651243955
7488,339000,9671000,0.305776611988246,-0.482483827656507,0.158464614570886
7489,340000,9671000,0.290972956828214,-0.482585126920044,0.155002621891815
7490,341000,9671000,0.258796732305083,-0.468634357079118,0.142466950085922
7491,342000,9671000,0.244561488492042,-0.459546612152457,0.141658603999764
7492,343000,9671000,0.186975505474955,-0.43400296497792,0.162949115881883
7493,344000,9671000,0.159058669475839,-0.414097570550442,0.170401939958893
7494,345000,9671000,0.274164153670147,-0.450498154810071,0.139444682088681
7495,346000,9671000,0.425626267330348,-0.453044353970885,0.103894346027076
7496,347000,9671000,0.395084321226925,-0.463500263930857,0.108124579973891
7497,348000,9671000,0.313335080157593,-0.482280605399609,0.129213729381841
7498,349000,9671000,0.285613747486845,-0.489502856698632,0.125035773719393
7499,350000,9671000,0.212452184609696,-0.446607449547946,0.12747966334736
7500,351000,9671000,0.168135988416523,-0.441231295485795,0.123267801745608
7501,352000,9671000,0.158657094451785,-0.44864153188765,0.129484863412753
7502,353000,9671000,0.198890985741466,-0.462694003647566,0.110701988334861
7503,354000,9671000,0.295843869591504,-0.48542957021296,0.129568022950599
7504,355000,9671000,0.239904051046446,-0.455379406261444,0.124350349752512
7505,356000,9671000,0.220791691758856,-0.47059586315155,0.131157557269186
7506,357000,9671000,0.167901999933086,-0.435190692307055,0.130938643705426
7507,358000,9671000,0.170066384964064,-0.4527013892591,0.124617618348729
7508,359000,9671000,0.193733529177308,-0.465560997655988,0.126892057256028
7509,360000,9671000,0.242643808604032,-0.481575658383965,0.144014717198256
7510,361000,9671000,0.240136583583057,-0.46342706451118,0.15079682876952
7511,362000,9671000,0.228936688255891,-0.467970470175147,0.156934908879688
7512,363000,9671000,0.192836826749891,-0.440905780094862,0.118407825580635
7513,364000,9671000,0.208684094008803,-0.469613846874237,0.142687859652285
7514,365000,9671000,0.224943517495692,-0.462863708917797,0.130153671483323
7515,366000,9671000,0.249325990900397,-0.46251375105083,0.110866525639803
7516,367000,9671000,0.245602598696575,-0.464133106511831,0.125916102029476
7517,368000,9671000,0.206327359355614,-0.450934421846271,0.0877957159765763
7518,369000,9671000,0.17609884470813,-0.434806602680683,0.0689528223028174
7519,370000,9671000,0.1952753819637,-0.440451895594597,0.0857175006649923
7520,371000,9671000,0.215291746665537,-0.450371422806382,0.0809743117133156
7521,372000,9671000,0.210977543283999,-0.459578626519442,0.0873821862216573
7522,373000,9671000,0.166928519329429,-0.434116141551733,0.0586742448844481
7523,374000,9671000,0.176919050225615,-0.43143607673645,0.0432230020195944
7524,375000,9671000,0.176829557574608,-0.450077042688023,0.0459100280230103
7525,262000,9672000,0.106056281849742,-0.310442660354078,0.045329439594876
7526,263000,9672000,0.120586414154619,-0.325296208040416,0.0499733530330006
7527,264000,9672000,0.123858528169803,-0.314155950589478,0.0382000028224662
7528,265000,9672000,0.148855903585628,-0.360367070296407,0.0427273649950512
7529,266000,9672000,0.186530173202604,-0.393971564373374,0.0500922110415064
7530,267000,9672000,0.202090781854838,-0.408886395221949,0.0536270314060152
7531,268000,9672000,0.206756415534019,-0.403359163561463,0.05226598616587
7532,269000,9672000,0.179345975586027,-0.402269975566864,0.0488764778459445
7533,270000,9672000,0.1625408195436,-0.407289650464058,0.0440531245946884
7534,271000,9672000,0.157675700658187,-0.390713636043668,0.0502792872038437
7535,272000,9672000,0.167392489022017,-0.429404630661011,0.0432575423303992
7536,273000,9672000,0.160163658971339,-0.414042473956943,0.0514352309796028
7537,274000,9672000,0.184752067674696,-0.433099365222454,0.0627762549139559
7538,275000,9672000,0.183805310513824,-0.454247970661521,0.0674932299794629
7539,276000,9672000,0.191474225358665,-0.4905690633744,0.0658412002514116
7540,277000,9672000,0.198488618480414,-0.47498988263607,0.0630539330379805
7541,278000,9672000,0.210833620009571,-0.50531976365447,0.0690309679689817
7542,279000,9672000,0.192270686742663,-0.47767579882741,0.0848837003270164
7543,280000,9672000,0.201648294794559,-0.485974245736003,0.0990426797574386
7544,281000,9672000,0.201970399813354,-0.466310378140211,0.0928594056712464
7545,282000,9672000,0.215926153993607,-0.464166045762599,0.15047968370039
7546,283000,9672000,0.214802127768099,-0.457615890973806,0.116841124486178
7547,284000,9672000,0.278308481191099,-0.443148398889601,0.102566341643874
7548,285000,9672000,0.345042918293178,-0.499476463469863,0.102676373245195
7549,286000,9672000,0.611236927448213,-0.498955023705959,0.0769563392645679
7550,287000,9672000,0.668120018294454,-0.487960682421923,0.0652828327485942
7551,288000,9672000,0.672901838411391,-0.480149699515104,0.0794645979058929
7552,289000,9672000,0.387882052311301,-0.560393841734529,0.170456495465711
7553,290000,9672000,0.656194121918082,-0.494693779620528,0.0675544200348668
7554,291000,9672000,0.664281192478538,-0.457899343495071,0.0624588015396614
7555,292000,9672000,0.73047268294096,-0.442172080695629,0.0447354677901138
7556,293000,9672000,0.643116689288616,-0.452310250204802,0.0771723699122667
7557,294000,9672000,0.698830509081483,-0.425153302180022,0.0634464035324287
7558,295000,9672000,0.74650766942203,-0.413102286368608,0.041068163283309
7559,296000,9672000,0.724167853590846,-0.371342508805543,0.0480381946286419
7560,297000,9672000,0.638256803625822,-0.450965570218861,0.0459206261956831
7561,298000,9672000,0.555932794848084,-0.461278940242529,0.0362347834088025
7562,299000,9672000,0.479365183609724,-0.50886112100482,0.0327705730242189
7563,3e+05,9672000,0.452400628423691,-0.522987390601635,0.0325628511163872
7564,301000,9672000,0.416774573192,-0.547873993912339,0.0348049232002348
7565,302000,9672000,0.424737789191306,-0.547706214287877,0.0287110762397526
7566,303000,9672000,0.401581000196934,-0.556515507498384,0.0277929069321835
7567,304000,9672000,0.390044447150826,-0.556895158591866,0.0325842125011142
7568,305000,9672000,0.398080953118205,-0.555281022152305,0.034419928410335
7569,306000,9672000,0.417508434805274,-0.546406450760365,0.0351420435247477
7570,307000,9672000,0.397345676782727,-0.534458025676012,0.0419260711225681
7571,308000,9672000,0.392354437547922,-0.541383234599233,0.0364896813318599
7572,309000,9672000,0.408694596084952,-0.549031347233057,0.0972708634546958
7573,310000,9672000,0.490035105265677,-0.515927617001534,0.0669660246461397
7574,311000,9672000,0.457789872562885,-0.535340727430582,0.0559823499746621
7575,312000,9672000,0.472492414110899,-0.5193978903234,0.0684145839904435
7576,313000,9672000,0.470786232769489,-0.501314828191698,0.0659399079663213
7577,314000,9672000,0.484258805263042,-0.533434987848997,0.0866894018162973
7578,315000,9672000,0.534156519639492,-0.534253983947635,0.0566639593066648
7579,316000,9672000,0.56751306027472,-0.521741809076071,0.0319386987548089
7580,317000,9672000,0.521528733992577,-0.534116162675619,0.034262940351502
7581,318000,9672000,0.468883067211509,-0.548485421964526,0.0398443431805819
7582,319000,9672000,0.516663052451611,-0.534493190947175,0.0428694827447413
7583,320000,9672000,0.565873348540068,-0.548126987579465,0.0445666477398016
7584,321000,9672000,0.590283930525184,-0.536705746519566,0.0352697936310316
7585,322000,9672000,0.578037537425756,-0.537273899719119,0.0428290309912991
7586,323000,9672000,0.668124513918161,-0.530831899571419,0.0334847563598305
7587,324000,9672000,0.644514253401756,-0.513428870216012,0.0482380753317382
7588,325000,9672000,0.667120145896077,-0.516810097405314,0.0333102951893117
7589,326000,9672000,0.693815852880478,-0.510071567133069,0.0395549394011032
7590,327000,9672000,0.727269475948811,-0.516429196444154,0.0316184413157287
7591,328000,9672000,0.70918151575774,-0.509372876900435,0.0373794223177247
7592,329000,9672000,0.708925718340278,-0.512277390557528,0.0407977114034351
7593,330000,9672000,0.701679319864511,-0.495074228945375,0.0432697474961635
7594,331000,9672000,0.67609825758934,-0.520176678594947,0.0515688589101657
7595,332000,9672000,0.682098891548812,-0.51433053573519,0.0565488565543667
7596,333000,9672000,0.662776227264106,-0.455802420708537,0.0604323809188791
7597,334000,9672000,0.616157106612623,-0.47349691812098,0.0782985059035011
7598,335000,9672000,0.508559057052434,-0.472423989397287,0.0984333496489562
7599,336000,9672000,0.383793255989254,-0.465220815087855,0.134836799553689
7600,337000,9672000,0.319596117790043,-0.47005202921778,0.148979169346951
7601,338000,9672000,0.303540379088372,-0.474121494433284,0.151552881185338
7602,339000,9672000,0.264102551382035,-0.466016018766165,0.161228656253591
7603,340000,9672000,0.206830211564526,-0.433246565498412,0.152225219252333
7604,341000,9672000,0.218057005104702,-0.41676788418293,0.105365935076377
7605,342000,9672000,0.230075821503252,-0.46291363568604,0.138710087430291
7606,343000,9672000,0.257097866181284,-0.495037024214864,0.149505370510556
7607,344000,9672000,0.223050092862546,-0.460231811062992,0.136596531660482
7608,345000,9672000,0.219310957819968,-0.467822493490577,0.140959385422245
7609,346000,9672000,0.206335583759099,-0.457417555807531,0.139263530206122
7610,347000,9672000,0.239535517374054,-0.46488685759306,0.12590280806683
7611,348000,9672000,0.233942202010751,-0.458514686949551,0.121487637105491
7612,349000,9672000,0.216368522898108,-0.446522044751048,0.109962128085643
7613,350000,9672000,0.20281009345334,-0.469727350626886,0.15002247227896
7614,351000,9672000,0.22347916081734,-0.45745906470269,0.130881850187061
7615,352000,9672000,0.208199966127798,-0.464175655409694,0.128409821198322
7616,353000,9672000,0.249576191883162,-0.476265396022797,0.129173033932038
7617,354000,9672000,0.262410903405398,-0.478112815748155,0.127835762924887
7618,355000,9672000,0.211053215592355,-0.462389518809319,0.125350493798964
7619,356000,9672000,0.195341954376176,-0.457917729014158,0.132187833871134
7620,357000,9672000,0.169296587755159,-0.433956795606017,0.138028269805387
7621,358000,9672000,0.25160629016459,-0.478209235730767,0.135558641687408
7622,359000,9672000,0.231041797697172,-0.475437881457806,0.144201569469646
7623,360000,9672000,0.227183893792331,-0.461234719279408,0.133032044951897
7624,361000,9672000,0.234416612444446,-0.450926812383533,0.141579415525869
7625,362000,9672000,0.211732199534029,-0.460642533159256,0.1386950449761
7626,363000,9672000,0.199877645684406,-0.450105526818335,0.11831833627373
7627,364000,9672000,0.209043059511855,-0.474462244170904,0.131211516031437
7628,365000,9672000,0.18838135105744,-0.462486889949441,0.104153885952383
7629,366000,9672000,0.209260967977345,-0.479806483516097,0.12154174782997
7630,367000,9672000,0.160562972614914,-0.428380627602339,0.0863706318038749
7631,368000,9672000,0.152779243173078,-0.39136194743216,0.0692590227507928
7632,369000,9672000,0.221401231727004,-0.44644656778872,0.106223798197578
7633,370000,9672000,0.198967715518177,-0.438234634038806,0.0746058237366844
7634,371000,9672000,0.213979207675159,-0.455825675094128,0.0795867676875554
7635,372000,9672000,0.203758300187439,-0.451548890534043,0.0755600326027721
7636,373000,9672000,0.199003484475613,-0.468375279998779,0.0553228992762568
7637,374000,9672000,0.210145904570818,-0.457335947826505,0.0486009666127618
7638,375000,9672000,0.176316031705249,-0.457144606384364,0.0514800810771571
7639,262000,9673000,0.0811028048126027,-0.263111236609519,0.035681663278956
7640,263000,9673000,0.0868475864643231,-0.268426300322264,0.0375314762912225
7641,264000,9673000,0.155407746579684,-0.289356853745878,0.042962226653262
7642,265000,9673000,0.198355107274279,-0.416968413364887,0.0520330684743822
7643,266000,9673000,0.195617799631506,-0.419413154423237,0.0575239364675246
7644,267000,9673000,0.205637622065097,-0.415390946048498,0.0559374367712066
7645,268000,9673000,0.199290456864238,-0.386651201617718,0.0486190073026344
7646,269000,9673000,0.168589825262874,-0.382416687306762,0.0451762383776251
7647,270000,9673000,0.148333870564774,-0.378519659301639,0.0456018563718302
7648,271000,9673000,0.154130005593598,-0.389058597663045,0.0454703369422234
7649,272000,9673000,0.161629250112921,-0.397190845304728,0.0443987473404035
7650,273000,9673000,0.180315209311247,-0.418603078401089,0.0626082349913195
7651,274000,9673000,0.179001771993935,-0.433980902710557,0.0631116740975529
7652,275000,9673000,0.197453315016627,-0.481257575449347,0.0617691250734963
7653,276000,9673000,0.196535150536895,-0.479844613274932,0.0679000846743351
7654,277000,9673000,0.191949743288755,-0.477037300857902,0.0713292537266389
7655,278000,9673000,0.190719975066185,-0.475023750093579,0.0705710921235383
7656,279000,9673000,0.183656272955239,-0.479868937924504,0.0784175155428238
7657,280000,9673000,0.212990645962954,-0.49696167909503,0.0887775800544769
7658,281000,9673000,0.192551395173371,-0.47842211765945,0.0823106855845079
7659,282000,9673000,0.217929046073556,-0.475003572186828,0.0872948670998216
7660,283000,9673000,0.239831781256199,-0.4529115855515,0.0883977140572853
7661,284000,9673000,0.241366288433969,-0.448322006213665,0.0815082144079264
7662,285000,9673000,0.26353671695143,-0.4664498783499,0.0881005201874301
7663,286000,9673000,0.57887381106168,-0.496664005038142,0.0905217116427608
7664,287000,9673000,0.744412303686142,-0.468370807620883,0.0431172036171891
7665,288000,9673000,0.692363438498974,-0.468690850615501,0.0569675201747566
7666,289000,9673000,0.527060008955002,-0.522576698487997,0.108528528941516
7667,290000,9673000,0.709176422232389,-0.483174236112833,0.0612563698117156
7668,291000,9673000,0.69288179089427,-0.456867777350545,0.0612921259784198
7669,292000,9673000,0.6961774707973,-0.42645891110301,0.0575000198325375
7670,293000,9673000,0.653453912338614,-0.389075683577359,0.0646215436228318
7671,294000,9673000,0.681478031753004,-0.420730819632858,0.0614303634607
7672,295000,9673000,0.777271102285385,-0.435231228682399,0.0317969873347553
7673,296000,9673000,0.751603035211563,-0.418141291330755,0.0324104086659849
7674,297000,9673000,0.740085251903534,-0.459796503338218,0.0318906440231949
7675,298000,9673000,0.605366400587559,-0.482079546114802,0.0364366550956853
7676,299000,9673000,0.548386820873618,-0.503537370607257,0.0294481099592289
7677,3e+05,9673000,0.430334884688258,-0.553685764726996,0.0339813898489345
7678,301000,9673000,0.428591674518585,-0.544101213729382,0.0321727726172656
7679,302000,9673000,0.438979022678733,-0.546499096679688,0.0344968207478058
7680,303000,9673000,0.420113794720173,-0.562050517034531,0.0255845260412898
7681,304000,9673000,0.449855634924769,-0.554797861647606,0.0296042856367654
7682,305000,9673000,0.461838148730993,-0.549332033193111,0.040663577391929
7683,306000,9673000,0.46155758599937,-0.527244846118987,0.0599836136728525
7684,307000,9673000,0.454683107855916,-0.527842198520899,0.0502932165534236
7685,308000,9673000,0.4428898021698,-0.53737563367188,0.0360936489649117
7686,309000,9673000,0.481820326292515,-0.534778516685963,0.0649584048620658
7687,310000,9673000,0.546304861113429,-0.507723664756119,0.0809500857467065
7688,311000,9673000,0.527877097681165,-0.521394865477085,0.067572115198127
7689,312000,9673000,0.623703112336993,-0.493196956753731,0.052540312988637
7690,313000,9673000,0.752957514062524,-0.471984724909067,0.0443812789906748
7691,314000,9673000,0.762917672210932,-0.476311492440105,0.047722492670361
7692,315000,9673000,0.736897444412112,-0.473356756447256,0.0536092432571342
7693,316000,9673000,0.741581685870886,-0.485565961045027,0.0382551135080634
7694,317000,9673000,0.672817875412106,-0.493151290750504,0.0468867391551263
7695,318000,9673000,0.616307587245107,-0.519401073810458,0.0377845241283881
7696,319000,9673000,0.617081439808011,-0.513657109552622,0.0398676765743876
7697,320000,9673000,0.660899571761489,-0.510257186567783,0.0456317253835034
7698,321000,9673000,0.748108732962608,-0.524885744172335,0.0286983838632703
7699,322000,9673000,0.697573580089211,-0.528140019828081,0.0258186714071664
7700,323000,9673000,0.77586997962594,-0.501832962185144,0.023752245089272
7701,324000,9673000,0.727307064667344,-0.503285394695401,0.032464570429665
7702,325000,9673000,0.730445715880394,-0.482790007871389,0.0242648983008461
7703,326000,9673000,0.752268991225958,-0.470343088206649,0.0226142827347561
7704,327000,9673000,0.748721387390792,-0.491079164868593,0.0290845924861496
7705,328000,9673000,0.716859569969773,-0.501127342560887,0.0445598209756426
7706,329000,9673000,0.726984351009131,-0.49619968393445,0.0395145761590917
7707,330000,9673000,0.697576755028963,-0.515375426310301,0.0478196412684396
7708,331000,9673000,0.519580425488949,-0.569469827488065,0.102340380985662
7709,332000,9673000,0.615228245399892,-0.51773083499223,0.079601537953876
7710,333000,9673000,0.588556393371522,-0.499628616422415,0.0804618879688904
7711,334000,9673000,0.590022254426777,-0.492642784377933,0.087750203383714
7712,335000,9673000,0.507629749727249,-0.492767787128687,0.105741480357014
7713,336000,9673000,0.33205579354465,-0.490427620916069,0.150603375937603
7714,337000,9673000,0.30945383425951,-0.485307524913549,0.1606907812858
7715,338000,9673000,0.290988837860525,-0.473762974622846,0.150456669970229
7716,339000,9673000,0.254591954141855,-0.462542435634136,0.152637309502624
7717,340000,9673000,0.26251098329369,-0.458703298467398,0.143424481993169
7718,341000,9673000,0.343348729721829,-0.436441023391485,0.10312829871038
7719,342000,9673000,0.364010894991457,-0.483401287792623,0.116373195940722
7720,343000,9673000,0.306732520455867,-0.47221658513844,0.129426535743102
7721,344000,9673000,0.184326831722073,-0.45096698307097,0.13937626210833
7722,345000,9673000,0.152821307068318,-0.444422664526105,0.14336653961055
7723,346000,9673000,0.153338942661509,-0.43810800947994,0.117844638770074
7724,347000,9673000,0.20108539278172,-0.457871972416341,0.131648697318323
7725,348000,9673000,0.180087745456398,-0.455137308400869,0.13163408079166
7726,349000,9673000,0.147386708603799,-0.437470120954514,0.118877838012297
7727,350000,9673000,0.145333557768911,-0.438964722433686,0.1332796644127
7728,351000,9673000,0.156624685847759,-0.435584460633993,0.136065157764405
7729,352000,9673000,0.220383880741894,-0.463561554500461,0.137403076046542
7730,353000,9673000,0.209408827906474,-0.463217510825396,0.130160840377398
7731,354000,9673000,0.186782851325721,-0.45538673338294,0.143950190910697
7732,355000,9673000,0.197769033651054,-0.464645860306919,0.116975884005148
7733,356000,9673000,0.195453108559363,-0.460188341441751,0.140338438092824
7734,357000,9673000,0.20669070677273,-0.455672900408506,0.142089917454403
7735,358000,9673000,0.225529382614791,-0.458934982030094,0.135482200563326
7736,359000,9673000,0.236337765208632,-0.463471272674203,0.137306332848966
7737,360000,9673000,0.233069612270594,-0.465937732842565,0.144962374722213
7738,361000,9673000,0.208938926364481,-0.451359509462118,0.134122088848054
7739,362000,9673000,0.212577731882781,-0.471621304607391,0.140446333196759
7740,363000,9673000,0.19462157141529,-0.476558831134439,0.122766835120879
7741,364000,9673000,0.20792575083226,-0.486555726575851,0.141771879856288
7742,365000,9673000,0.192126755457744,-0.48429004522562,0.120882882993855
7743,366000,9673000,0.175809029462561,-0.472728142434359,0.1122532955206
7744,367000,9673000,0.139636097668856,-0.451086200931668,0.0724353505808394
7745,368000,9673000,0.129992203005031,-0.421118353366852,0.0725050995362108
7746,369000,9673000,0.156689930474386,-0.414442656236887,0.0817449356834404
7747,370000,9673000,0.190107206866518,-0.412429935291409,0.104952266302146
7748,371000,9673000,0.192641889441758,-0.439955547940731,0.0832846601857338
7749,372000,9673000,0.211055516839772,-0.464880837234855,0.0591960908136796
7750,373000,9673000,0.183680847748369,-0.474546582105756,0.0629427517749253
7751,374000,9673000,0.205435549212992,-0.470723651719093,0.052630810008361
7752,375000,9673000,0.14748492333022,-0.433990546058525,0.0410529840849763
7753,262000,9674000,0.095646912577562,-0.28787625861913,0.0446562148509547
7754,263000,9674000,0.0686359959673137,-0.24522419751808,0.0278290328592528
7755,264000,9674000,0.110490577587858,-0.284512636297196,0.0315045998421265
7756,265000,9674000,0.202570217903703,-0.416182505992055,0.0482138632845134
7757,266000,9674000,0.204215208178759,-0.418006074208021,0.0505087126080878
7758,267000,9674000,0.192910433029756,-0.398117530715466,0.0481189679382602
7759,268000,9674000,0.178220067563653,-0.37162329775095,0.0459097632099874
7760,269000,9674000,0.177143653897196,-0.389797067576647,0.0449145663910545
7761,270000,9674000,0.133092209647968,-0.37240021674186,0.0398355397443287
7762,271000,9674000,0.153207869562507,-0.400155984118581,0.0387566971752793
7763,272000,9674000,0.194629469908029,-0.450753365823627,0.0447948933714302
7764,273000,9674000,0.192841992224753,-0.458380507677793,0.056498158592172
7765,274000,9674000,0.202142426332086,-0.480056562739611,0.0630643614228349
7766,275000,9674000,0.206179622106254,-0.48508918030262,0.0665457326344214
7767,276000,9674000,0.203549519352615,-0.483470882242918,0.0659077265747823
7768,277000,9674000,0.186902863903344,-0.469293617063761,0.0607649870531633
7769,278000,9674000,0.19054744143039,-0.472826752966642,0.0736728429300711
7770,279000,9674000,0.196848005442321,-0.485435550954938,0.0821420551420189
7771,280000,9674000,0.193051378963888,-0.484423857563734,0.0841726695664227
7772,281000,9674000,0.185722270765156,-0.474718240296841,0.082976879405044
7773,282000,9674000,0.210988752932101,-0.473004437029362,0.0716989869397134
7774,283000,9674000,0.243286107410956,-0.490225738248229,0.08269917376386
7775,284000,9674000,0.307060008122027,-0.526516269227862,0.0991066673323046
7776,285000,9674000,0.280137251918623,-0.489269357505045,0.100282455039117
7777,286000,9674000,0.456732078543305,-0.49227539101541,0.127547100249398
7778,287000,9674000,0.694136319644749,-0.482118094369769,0.0560862398917787
7779,288000,9674000,0.682077334950864,-0.491609951105714,0.0727903294033371
7780,289000,9674000,0.547445509785414,-0.525501529732347,0.0981000022660941
7781,290000,9674000,0.588367743662,-0.501236891978979,0.0768768514916301
7782,291000,9674000,0.680937820255756,-0.468244650623202,0.0661618007563055
7783,292000,9674000,0.583317727342248,-0.499043403702974,0.100895354837319
7784,293000,9674000,0.683250084227324,-0.430717396661639,0.054004768536333
7785,294000,9674000,0.715693584102392,-0.431184649835527,0.0518668450888246
7786,295000,9674000,0.782178060752153,-0.438590848498046,0.0388901551299263
7787,296000,9674000,0.751452538320422,-0.452402581572533,0.0382733668476343
7788,297000,9674000,0.74773284252584,-0.435839518243074,0.0547008972436655
7789,298000,9674000,0.731870544919372,-0.460815492662787,0.0400306262614904
7790,299000,9674000,0.574864915302396,-0.50442520557344,0.0334818288737675
7791,3e+05,9674000,0.504636850622296,-0.526329185193777,0.0309071575649781
7792,301000,9674000,0.483292395552993,-0.522587884730101,0.0301840989470948
7793,302000,9674000,0.492776192179322,-0.53601345295012,0.0309115014312672
7794,303000,9674000,0.507324510923028,-0.541044578111172,0.0270842940403614
7795,304000,9674000,0.503047015032172,-0.538069881102443,0.0363203415507916
7796,305000,9674000,0.57873338561058,-0.506296134328842,0.0308379101349274
7797,306000,9674000,0.623820788572729,-0.466664218842238,0.0578269954430871
7798,307000,9674000,0.61623924292922,-0.476473773549497,0.0389934126830194
7799,308000,9674000,0.615099592834711,-0.478103836937249,0.0408963274812792
7800,309000,9674000,0.670938728940487,-0.469539297458529,0.0320124265748542
7801,310000,9674000,0.625596718907356,-0.489931439009309,0.0313785778935999
7802,311000,9674000,0.685738450360298,-0.450527809736133,0.0381192961839726
7803,312000,9674000,0.740366329967976,-0.442375075465441,0.0458700237300829
7804,313000,9674000,0.749736519598961,-0.455006747916341,0.0713681694812607
7805,314000,9674000,0.75283784430325,-0.453374391581118,0.0624594435372623
7806,315000,9674000,0.739933662471175,-0.455402470834553,0.0379904987597838
7807,316000,9674000,0.7553461140275,-0.469556490781903,0.0381737231118605
7808,317000,9674000,0.75474225474,-0.480301868066192,0.0447894861506531
7809,318000,9674000,0.778385261893272,-0.511613052171469,0.0368589165830985
7810,319000,9674000,0.742215283465385,-0.489824116572738,0.0383863711714745
7811,320000,9674000,0.740990472531319,-0.494541369119287,0.0303187694331165
7812,321000,9674000,0.756683893421292,-0.505026976919174,0.0354127248879813
7813,322000,9674000,0.779585157483816,-0.50052908038199,0.0267707942660898
7814,323000,9674000,0.774169584810734,-0.474167648082972,0.0220221602164209
7815,324000,9674000,0.769296949398518,-0.482291198706627,0.0275622286010068
7816,325000,9674000,0.724629721859097,-0.468937129279971,0.0263500131394947
7817,326000,9674000,0.78807237765789,-0.504553652891517,0.0255667221927317
7818,327000,9674000,0.800613420021534,-0.515800464946032,0.0260875513372244
7819,328000,9674000,0.731644912950695,-0.506518693399429,0.0456347695763223
7820,329000,9674000,0.698462830767036,-0.502986664941907,0.0466507781223627
7821,330000,9674000,0.594970937275887,-0.5323880274266,0.0878596421774477
7822,331000,9674000,0.456197843852639,-0.566630121600628,0.132491082385555
7823,332000,9674000,0.526764563567936,-0.513958329060674,0.0993180853750557
7824,333000,9674000,0.675701637206972,-0.471178703930974,0.0619772555708885
7825,334000,9674000,0.474447772811353,-0.49772482496202,0.111716784380749
7826,335000,9674000,0.368467243941128,-0.48272187281698,0.135629583235458
7827,336000,9674000,0.31440022174269,-0.486559694001079,0.149708094802871
7828,337000,9674000,0.284839064440876,-0.485631155127287,0.150967762730643
7829,338000,9674000,0.259211883677915,-0.476118314020336,0.146584810660966
7830,339000,9674000,0.244153773090057,-0.456365490554273,0.144390116021037
7831,340000,9674000,0.254790513855964,-0.459603144532442,0.138580294236727
7832,341000,9674000,0.263849701197818,-0.453111297619343,0.128627344315499
7833,342000,9674000,0.343816315640509,-0.496963683980703,0.115231803783914
7834,343000,9674000,0.182550966301188,-0.447693496021628,0.145731629751995
7835,344000,9674000,0.153997700214759,-0.426397169560194,0.155518661129847
7836,345000,9674000,0.133943028536532,-0.412679962614924,0.127151551094465
7837,346000,9674000,0.174376386499777,-0.447060788458586,0.138460801625438
7838,347000,9674000,0.159339089769498,-0.427932403424382,0.134269146614149
7839,348000,9674000,0.150489090895653,-0.430617795678973,0.139713159856945
7840,349000,9674000,0.172087920469046,-0.452877338811755,0.142581377959996
7841,350000,9674000,0.137762840051763,-0.422372930470109,0.142755904231779
7842,351000,9674000,0.150250375030935,-0.436660929097235,0.148539448741078
7843,352000,9674000,0.152470676558465,-0.429951433555782,0.152527177859843
7844,353000,9674000,0.193809202609211,-0.457861482357979,0.133024471011385
7845,354000,9674000,0.187170675009489,-0.444693494263291,0.1301744503133
7846,355000,9674000,0.167424130704254,-0.432672351673245,0.148796360747702
7847,356000,9674000,0.229445126734674,-0.457546808874607,0.135056574549526
7848,357000,9674000,0.242433123894036,-0.462271499019861,0.12744116130285
7849,358000,9674000,0.194107071566209,-0.435929038605094,0.107038062957989
7850,359000,9674000,0.213065878681466,-0.45491293450892,0.120225220166519
7851,360000,9674000,0.219806457161158,-0.468412697347999,0.148753867028654
7852,361000,9674000,0.217284582523257,-0.462667127043009,0.15534337432459
7853,362000,9674000,0.202661601194739,-0.461032997408509,0.13635473363921
7854,363000,9674000,0.192886740776151,-0.483214230453968,0.130737250986323
7855,364000,9674000,0.179854803901538,-0.475401906898618,0.135513695772085
7856,365000,9674000,0.171485796013474,-0.478884328684211,0.133934072070196
7857,366000,9674000,0.165444329956546,-0.476744898372889,0.119496005492751
7858,367000,9674000,0.140091756701469,-0.461908721959591,0.0748277578399517
7859,368000,9674000,0.143141316384077,-0.457343456152081,0.0886308331664652
7860,369000,9674000,0.177202670007199,-0.472256961503625,0.0858105015716515
7861,370000,9674000,0.132848271854222,-0.447977089747786,0.0836538133181632
7862,371000,9674000,0.133196674860269,-0.388501212021709,0.0545286045936402
7863,372000,9674000,0.126495014648512,-0.412485276129842,0.0605880334340269
7864,373000,9674000,0.141102648368478,-0.454724599730968,0.0696253895701142
7865,374000,9674000,0.152151597610116,-0.450366614769399,0.0400220476487535
7866,375000,9674000,0.135271267728372,-0.435977845029397,0.042477899311449
7867,262000,9675000,0.103231976896524,-0.263594288632274,0.036344063288765
7868,263000,9675000,0.0754019545353018,-0.245018969061971,0.0267825799185084
7869,264000,9675000,0.109602875429764,-0.283316155980527,0.0357402076293947
7870,265000,9675000,0.188658908907697,-0.411023842908442,0.0418533077199943
7871,266000,9675000,0.18945092015937,-0.400120652583241,0.0419836994623765
7872,267000,9675000,0.174046609128267,-0.379753740856051,0.037888903112337
7873,268000,9675000,0.177932113546506,-0.389665004746616,0.0415656757724937
7874,269000,9675000,0.176424193882197,-0.392414483830333,0.0431437642065808
7875,270000,9675000,0.170787673991174,-0.406295686146617,0.0446884615260176
7876,271000,9675000,0.175239884418249,-0.421009920975566,0.0404293866513763
7877,272000,9675000,0.186176248240471,-0.468926112470031,0.0403384580672719
7878,273000,9675000,0.190932044482976,-0.480781206259131,0.0446989059269894
7879,274000,9675000,0.192641340976208,-0.479442241460085,0.0559811906221323
7880,275000,9675000,0.203049969465286,-0.485477057123184,0.0608039415365085
7881,276000,9675000,0.207160144668072,-0.48867578446269,0.06601020916095
7882,277000,9675000,0.197500746203959,-0.475970119193196,0.0599929088873789
7883,278000,9675000,0.192980022414029,-0.479651154401898,0.0659677609920502
7884,279000,9675000,0.185963208143413,-0.483782507646084,0.073532119980827
7885,280000,9675000,0.188007505080104,-0.482085937452316,0.0718246832035482
7886,281000,9675000,0.188380749537051,-0.469592302465439,0.0698223409187049
7887,282000,9675000,0.200586851222068,-0.477330443710089,0.0605571603532881
7888,283000,9675000,0.239749511416256,-0.502828016015887,0.0704384952900931
7889,284000,9675000,0.273525645575929,-0.51466687907204,0.0873542478449643
7890,285000,9675000,0.234493609907769,-0.475674602848943,0.12093350220155
7891,286000,9675000,0.320749209590955,-0.470725333924324,0.129476423090487
7892,287000,9675000,0.660797526547313,-0.5015019329831,0.0874998772758059
7893,288000,9675000,0.606009893874824,-0.534519812691212,0.0834387129478157
7894,289000,9675000,0.477445545686036,-0.49960486253202,0.114578284715116
7895,290000,9675000,0.516179117512703,-0.529343996652961,0.119667888813186
7896,291000,9675000,0.772157172968984,-0.464927756515145,0.0374028276906349
7897,292000,9675000,0.699253944152594,-0.470576538956165,0.0636841217730194
7898,293000,9675000,0.699821338760853,-0.454633021689951,0.0615556259790435
7899,294000,9675000,0.771589040657878,-0.441902560527623,0.0439780679114163
7900,295000,9675000,0.783639100977778,-0.45475104021132,0.0446998745913617
7901,296000,9675000,0.753093843659759,-0.450812370961905,0.0383696089218603
7902,297000,9675000,0.744292588335276,-0.439051466980577,0.0373529487681575
7903,298000,9675000,0.735706645515561,-0.446538800796866,0.0439858491256833
7904,299000,9675000,0.647938316762447,-0.477648235280812,0.0444581899443641
7905,3e+05,9675000,0.607591593843699,-0.491828454771638,0.03906088667023
7906,301000,9675000,0.652551926350594,-0.499261695426703,0.0352413331527729
7907,302000,9675000,0.714587331935763,-0.470838438791409,0.0273471579965902
7908,303000,9675000,0.693644637140632,-0.469146401366591,0.05591270427946
7909,304000,9675000,0.707047215655446,-0.461631866496801,0.0387713524238206
7910,305000,9675000,0.717969046252966,-0.438145326513797,0.0387361741345376
7911,306000,9675000,0.737095789220929,-0.442755049160868,0.0616003617095761
7912,307000,9675000,0.739625322249532,-0.451670689381659,0.0317493493415881
7913,308000,9675000,0.726909530565143,-0.437137609165907,0.0473087028410519
7914,309000,9675000,0.741957432460785,-0.44946339482069,0.0605022717678454
7915,310000,9675000,0.703137001514435,-0.428542142593861,0.0475812710374594
7916,311000,9675000,0.716972541028261,-0.433067367807031,0.0384114551938139
7917,312000,9675000,0.71429370252192,-0.426267139537632,0.0395566145499004
7918,313000,9675000,0.766399297279119,-0.472197050008178,0.0435359119741945
7919,314000,9675000,0.755304002285004,-0.462797775369883,0.059705615840503
7920,315000,9675000,0.76650471637845,-0.479813355425,0.0389638936092611
7921,316000,9675000,0.776737751096487,-0.486075027561188,0.0334904447190464
7922,317000,9675000,0.776359329420328,-0.498351051998138,0.0397142586196307
7923,318000,9675000,0.754152211278677,-0.478098600450158,0.0347128710911027
7924,319000,9675000,0.779680285274982,-0.494441016471386,0.029996005313471
7925,320000,9675000,0.782079611188173,-0.508917767417431,0.036288951030001
7926,321000,9675000,0.769512542629242,-0.47940260579288,0.0291383257542737
7927,322000,9675000,0.78089470359087,-0.478783456918597,0.0238691542191431
7928,323000,9675000,0.766748778143525,-0.476631924307346,0.0278010660101892
7929,324000,9675000,0.771105249917507,-0.486788185748458,0.0304487290079007
7930,325000,9675000,0.762525234210491,-0.484070653378963,0.0295850308102323
7931,326000,9675000,0.756172473335266,-0.501515204042196,0.0376597338707186
7932,327000,9675000,0.750789767472446,-0.514123458096385,0.0398987795133144
7933,328000,9675000,0.754663431945443,-0.511435397139192,0.0368748246901203
7934,329000,9675000,0.626770895744115,-0.503166908442974,0.0558621082334314
7935,330000,9675000,0.586600213214755,-0.499853072199225,0.0754403588623274
7936,331000,9675000,0.599567510460317,-0.492061054524779,0.0784035123144276
7937,332000,9675000,0.470755847850442,-0.501979949371517,0.112683307226864
7938,333000,9675000,0.411505454342812,-0.477761756145954,0.119113111509662
7939,334000,9675000,0.281277232864872,-0.434253069433197,0.128166734283464
7940,335000,9675000,0.315100978330523,-0.465794583494961,0.135255381680373
7941,336000,9675000,0.296950382960588,-0.45368135496974,0.140695870006271
7942,337000,9675000,0.26493712425828,-0.459409419812262,0.137302201791108
7943,338000,9675000,0.263459826669097,-0.461668122042716,0.137824512081593
7944,339000,9675000,0.233365640068054,-0.452774912822247,0.148183127440698
7945,340000,9675000,0.25504559378475,-0.454278656287491,0.143095078786276
7946,341000,9675000,0.292958354324102,-0.457549914376438,0.128408101958595
7947,342000,9675000,0.217018727517873,-0.445225697314739,0.127765370952897
7948,343000,9675000,0.269269701587409,-0.494118694655597,0.155364927370846
7949,344000,9675000,0.149559589463472,-0.430815271296352,0.144107467412017
7950,345000,9675000,0.127862891315483,-0.407988996002078,0.130673254466802
7951,346000,9675000,0.133589354815148,-0.409122354647517,0.122100848710909
7952,347000,9675000,0.129485706015024,-0.403690789318085,0.126254735674988
7953,348000,9675000,0.137414564846456,-0.42609742090106,0.145448328398168
7954,349000,9675000,0.160145655394718,-0.436489989975095,0.150816754316539
7955,350000,9675000,0.149183444529027,-0.411941237926483,0.14257772522606
7956,351000,9675000,0.176796162480488,-0.452123184025288,0.14327352054473
7957,352000,9675000,0.172677868602797,-0.429524559758604,0.140187671683356
7958,353000,9675000,0.127685842308775,-0.416593530346453,0.151956524370797
7959,354000,9675000,0.149717892292514,-0.422502542391419,0.165017463576607
7960,355000,9675000,0.178504390988126,-0.428881599748135,0.150446688593179
7961,356000,9675000,0.207977865149453,-0.435601804620028,0.145690076975897
7962,357000,9675000,0.234830313810706,-0.45343287531808,0.141954794724286
7963,358000,9675000,0.203765373802558,-0.432868247742951,0.126789057398774
7964,359000,9675000,0.197307062949985,-0.460285336980224,0.119490732990857
7965,360000,9675000,0.181138630227745,-0.462606956630945,0.121903209269233
7966,361000,9675000,0.204687230952829,-0.463794711735845,0.133512811802328
7967,362000,9675000,0.175894947848842,-0.446676935899258,0.155718939332664
7968,363000,9675000,0.174251121035218,-0.461358653384447,0.1549013396075
7969,364000,9675000,0.18830648580417,-0.487639508908987,0.157459809156135
7970,365000,9675000,0.175036086715013,-0.468775917690992,0.148704248264991
7971,366000,9675000,0.147062025991082,-0.458553450369835,0.0976686134308577
7972,367000,9675000,0.161765950676054,-0.472500278502703,0.0983471612431575
7973,368000,9675000,0.139247751057893,-0.463383936461806,0.0897609951453283
7974,369000,9675000,0.161777541352063,-0.47653017141521,0.0906439418131486
7975,370000,9675000,0.167487806534767,-0.486714574405551,0.108416090610158
7976,371000,9675000,0.177231046478823,-0.460994047755003,0.0801361400117283
7977,372000,9675000,0.167397463610768,-0.418840658453107,0.0875557588068536
7978,373000,9675000,0.120201625800505,-0.384280971777439,0.0348045551268558
7979,374000,9675000,0.120682097090036,-0.395979594068229,0.0256931372342398
7980,375000,9675000,0.115920766713944,-0.364518957287073,0.0304939036901024
7981,262000,9676000,0.0905318954763934,-0.245242164872587,0.031710161191877
7982,263000,9676000,0.0673202414330095,-0.241946055971831,0.0282577094685286
7983,264000,9676000,0.114241530842707,-0.300932843489945,0.0397491354128812
7984,265000,9676000,0.163983834498748,-0.372373851254582,0.0345363209476927
7985,266000,9676000,0.158744329853356,-0.373560256180167,0.0348775201759301
7986,267000,9676000,0.166415631753951,-0.383722303566337,0.0386326771822758
7987,268000,9676000,0.173182217312604,-0.386247246100008,0.0385057530491846
7988,269000,9676000,0.179543180191517,-0.412673972263932,0.0442112579394598
7989,270000,9676000,0.176640857444704,-0.436677872300148,0.0441420199048705
7990,271000,9676000,0.183449282266945,-0.452588997149467,0.0435230678132735
7991,272000,9676000,0.173882866016775,-0.462406386646628,0.0395646921722218
7992,273000,9676000,0.190795186369121,-0.479250251874328,0.0507917722964659
7993,274000,9676000,0.190443943811953,-0.47834292460084,0.0535243880360387
7994,275000,9676000,0.195003208907694,-0.478308319821954,0.0553327900378965
7995,276000,9676000,0.19851523539722,-0.488086746394634,0.0638448612318374
7996,277000,9676000,0.195873381769657,-0.483127303922176,0.0599855463951826
7997,278000,9676000,0.184946579122543,-0.478154450803995,0.070489859929122
7998,279000,9676000,0.176137366607785,-0.469541133651137,0.0658503839751706
7999,280000,9676000,0.175881708365679,-0.457712553232908,0.0700598986555822
8000,281000,9676000,0.183160038982332,-0.44570568998456,0.0629898534510285
8001,282000,9676000,0.205594444340467,-0.453492868998647,0.0547059555652551
8002,283000,9676000,0.228210301657021,-0.485487861531973,0.0728608175451635
8003,284000,9676000,0.234986526657641,-0.472099303123355,0.116384875421319
8004,285000,9676000,0.277838643194735,-0.4530222189188,0.126195993324788
8005,286000,9676000,0.267842188924551,-0.435295479369164,0.13362380303964
8006,287000,9676000,0.446167760123312,-0.475323781451583,0.118789085484855
8007,288000,9676000,0.54999085342139,-0.498468754699826,0.0797111912205815
8008,289000,9676000,0.620100531706214,-0.504439099135995,0.0707454463433009
8009,290000,9676000,0.42934584980309,-0.508893191978335,0.167567976442631
8010,291000,9676000,0.78812781175375,-0.472066513329744,0.0340939264399
8011,292000,9676000,0.779324816554785,-0.452941080796719,0.0365741725957021
8012,293000,9676000,0.788620627570152,-0.457641905149817,0.0319841864371556
8013,294000,9676000,0.804702492502332,-0.471921527308226,0.0352050166761386
8014,295000,9676000,0.797891406303644,-0.480362950086594,0.0383443794849329
8015,296000,9676000,0.770808781993389,-0.458889631834626,0.0321492210681085
8016,297000,9676000,0.739480216261745,-0.437291302752495,0.0406258247480262
8017,298000,9676000,0.74846713513732,-0.447730220666528,0.0378420911910944
8018,299000,9676000,0.75248206859231,-0.44554076884836,0.045992897771392
8019,3e+05,9676000,0.760968314555287,-0.47360196659267,0.0380400107097579
8020,301000,9676000,0.747947388073802,-0.483270082756877,0.0562997164847329
8021,302000,9676000,0.76206587164402,-0.464330021411181,0.0552518319547176
8022,303000,9676000,0.740334075528383,-0.446106077894568,0.0398990334915463
8023,304000,9676000,0.749772782695293,-0.468490022015572,0.0463067708854098
8024,305000,9676000,0.755259338337183,-0.475171109497547,0.0447891109079937
8025,306000,9676000,0.739182735553384,-0.449256797744334,0.0478199290057644
8026,307000,9676000,0.753933025366068,-0.466814658311009,0.0429206894652219
8027,308000,9676000,0.747537397056818,-0.454675900858641,0.0363743222591467
8028,309000,9676000,0.731771062999964,-0.454352819922566,0.0586734843178419
8029,310000,9676000,0.719423830366135,-0.43678098269701,0.0448761133044027
8030,311000,9676000,0.738528794717789,-0.452789947585762,0.050306229726458
8031,312000,9676000,0.757601868084073,-0.457131589750946,0.0384508380547166
8032,313000,9676000,0.754662409698963,-0.456250117903948,0.0454496577002574
8033,314000,9676000,0.761232762858272,-0.463583584138751,0.0452957656410057
8034,315000,9676000,0.751451342988014,-0.441221725535393,0.0428273896708153
8035,316000,9676000,0.774178979849815,-0.467352878588438,0.0416298369193915
8036,317000,9676000,0.792153472214937,-0.491819859033823,0.0331150901419111
8037,318000,9676000,0.779331409198046,-0.475800756314397,0.0327180075855926
8038,319000,9676000,0.783873768013716,-0.488567640098929,0.0299565733752679
8039,320000,9676000,0.780309640794992,-0.481999000069499,0.0325830436083488
8040,321000,9676000,0.795781921201944,-0.493243871089816,0.0279253507545218
8041,322000,9676000,0.783142462706566,-0.490520195573568,0.033103754504025
8042,323000,9676000,0.737323649819195,-0.505894645655155,0.0388758091319818
8043,324000,9676000,0.700899473978579,-0.516553167381883,0.048753659773618
8044,325000,9676000,0.71212845825851,-0.513174789655209,0.0484043371491134
8045,326000,9676000,0.582352192021906,-0.524910647779703,0.0677978691830998
8046,327000,9676000,0.658261025515199,-0.510731821763516,0.0561421871260274
8047,328000,9676000,0.556893056559563,-0.524706924065948,0.0886809218583628
8048,329000,9676000,0.417010162939876,-0.52022713997066,0.126421377801429
8049,330000,9676000,0.586579364666343,-0.501183612668514,0.0822518605357967
8050,331000,9676000,0.58230381898731,-0.495886860764027,0.0779913820932619
8051,332000,9676000,0.337355338314176,-0.496919743451476,0.141794240454584
8052,333000,9676000,0.329751437997352,-0.467271535667777,0.108084342789382
8053,334000,9676000,0.233346319869068,-0.413966041702777,0.105121595592995
8054,335000,9676000,0.246841406410653,-0.4284622090891,0.139220734422049
8055,336000,9676000,0.228750949919969,-0.450429702328145,0.153188497345522
8056,337000,9676000,0.247126261292398,-0.464951167240739,0.130284211361408
8057,338000,9676000,0.245540569979697,-0.477707065303624,0.127793984495103
8058,339000,9676000,0.209657804103941,-0.463996751347184,0.145346280266717
8059,340000,9676000,0.206301857819408,-0.438633035379648,0.138935634170659
8060,341000,9676000,0.418736216980219,-0.469796041473746,0.103104523307458
8061,342000,9676000,0.260069655811787,-0.446807563635707,0.0984559036141262
8062,343000,9676000,0.259180127537996,-0.483426211935282,0.138322420179588
8063,344000,9676000,0.165065034580231,-0.449380372400582,0.147259370385483
8064,345000,9676000,0.153216878874972,-0.430862363773584,0.146959751854837
8065,346000,9676000,0.154346194446832,-0.428612955367565,0.146416830532812
8066,347000,9676000,0.173433055507764,-0.439784247076511,0.125530848306324
8067,348000,9676000,0.178797818946838,-0.463662690532207,0.15528163717743
8068,349000,9676000,0.166137071485072,-0.443985592480004,0.155179801505618
8069,350000,9676000,0.146021481935307,-0.423992894618213,0.142588476221822
8070,351000,9676000,0.166870338201895,-0.441494576364756,0.157892902288213
8071,352000,9676000,0.171844232643023,-0.442035598695278,0.144643958145194
8072,353000,9676000,0.186084938554093,-0.463046656000614,0.153805860545114
8073,354000,9676000,0.181595154334232,-0.450628788048029,0.173501194516197
8074,355000,9676000,0.19602528219521,-0.449401509898901,0.16320100104101
8075,356000,9676000,0.237747059167922,-0.451865677455068,0.145103225011006
8076,357000,9676000,0.200121059360728,-0.413828789933026,0.133162444215268
8077,358000,9676000,0.222528830755129,-0.446158974409103,0.145388236593083
8078,359000,9676000,0.229687456610054,-0.466950259059668,0.14349833749095
8079,360000,9676000,0.18187519246079,-0.477507451453805,0.12768642092282
8080,361000,9676000,0.192810894314572,-0.469940061414242,0.131184880343871
8081,362000,9676000,0.190978039791435,-0.473722552531958,0.143451884500682
8082,363000,9676000,0.200042029843479,-0.470770334273577,0.157617374110967
8083,364000,9676000,0.193940922462195,-0.477369038397074,0.152524061144888
8084,365000,9676000,0.194656146935374,-0.48149659498632,0.14825802676715
8085,366000,9676000,0.188569920106232,-0.46971179304719,0.141408877663687
8086,367000,9676000,0.187842957888544,-0.481565443246067,0.123231519173179
8087,368000,9676000,0.182864197150618,-0.475412923905253,0.115356628782209
8088,369000,9676000,0.197930028875172,-0.484038954791427,0.114267873426434
8089,370000,9676000,0.180675839123875,-0.459675627672672,0.0753804110512603
8090,371000,9676000,0.168989936830848,-0.459585411688685,0.106717268284643
8091,372000,9676000,0.151561398230121,-0.444954113858938,0.0901532803881797
8092,373000,9676000,0.166319852853566,-0.39695281791687,0.0557962355795549
8093,374000,9676000,0.129871570779756,-0.390259884378314,0.0415557930369294
8094,375000,9676000,0.204113426648758,-0.408453478379683,0.0468839929949238
8095,262000,9677000,0.0699851911682636,-0.256365473560989,0.0328832156017888
8096,263000,9677000,0.075726788078621,-0.258248636631668,0.0297948689412791
8097,264000,9677000,0.1153621517919,-0.305928749503195,0.0378856387117412
8098,265000,9677000,0.172029823786765,-0.381648080298305,0.0395595737398136
8099,266000,9677000,0.173570811222494,-0.380444443747401,0.0390300870699808
8100,267000,9677000,0.176879708321393,-0.392783698111773,0.0377261594421463
8101,268000,9677000,0.181608358375728,-0.401161779165268,0.0405590782412793
8102,269000,9677000,0.164966104271263,-0.404054848182201,0.0400506128326291
8103,270000,9677000,0.197385947797447,-0.432133375361562,0.0442163620829582
8104,271000,9677000,0.158715818134695,-0.438966681531072,0.0354277910904493
8105,272000,9677000,0.16315118367523,-0.452137263467908,0.0396863659565337
8106,273000,9677000,0.18031089085266,-0.475148413106799,0.0454609399978071
8107,274000,9677000,0.183899327575415,-0.47780666384995,0.0519697330737487
8108,275000,9677000,0.190651993942261,-0.480588265240192,0.0569757718839683
8109,276000,9677000,0.187620062264055,-0.479262670063972,0.0565708140891045
8110,277000,9677000,0.189641271002591,-0.467949144369364,0.0608171619775705
8111,278000,9677000,0.197014005661756,-0.458957559365034,0.0737440076919273
8112,279000,9677000,0.188065472282469,-0.450165065869689,0.0687279382992536
8113,280000,9677000,0.191782392982393,-0.447554330262542,0.06392199627636
8114,281000,9677000,0.193842028342187,-0.437068972486258,0.0640986225820147
8115,282000,9677000,0.200037972599268,-0.444630706396699,0.0581751445996109
8116,283000,9677000,0.217673021582514,-0.46266564155519,0.0555099145989167
8117,284000,9677000,0.246917688371241,-0.494033528885245,0.0809613070493564
8118,285000,9677000,0.260871154239774,-0.487102259328961,0.0900864316825755
8119,286000,9677000,0.267201160497963,-0.431155662074685,0.102038922246173
8120,287000,9677000,0.312995129418373,-0.459704002559185,0.140440827321634
8121,288000,9677000,0.543669468335807,-0.488726941463351,0.105484892992489
8122,289000,9677000,0.404280669133365,-0.503969535472989,0.115082304086164
8123,290000,9677000,0.398775840604305,-0.497874276667833,0.146021103160921
8124,291000,9677000,0.786823469382524,-0.481266131588817,0.0335369374910719
8125,292000,9677000,0.801743745213747,-0.476736078706384,0.0248146946836961
8126,293000,9677000,0.792238532119989,-0.444124604910612,0.0327294841807801
8127,294000,9677000,0.789219813275337,-0.459849759449065,0.0312188344628026
8128,295000,9677000,0.796182806056738,-0.460259308061004,0.0308425137431128
8129,296000,9677000,0.780922686290741,-0.461556663832068,0.0298689705046942
8130,297000,9677000,0.770346675747633,-0.437641692212224,0.0308580974645913
8131,298000,9677000,0.785598156094551,-0.473364827035367,0.0314943882147316
8132,299000,9677000,0.781563561141491,-0.481932529631257,0.0324652049891884
8133,3e+05,9677000,0.773597219032049,-0.487490013197064,0.0348787408987526
8134,301000,9677000,0.773355204772949,-0.490120496755838,0.0318128442971967
8135,302000,9677000,0.766085992866754,-0.484634535114467,0.0508485669380054
8136,303000,9677000,0.765715769147873,-0.46633797198236,0.0406357566598017
8137,304000,9677000,0.780207387274504,-0.474602038493752,0.0333772076242138
8138,305000,9677000,0.785031042015553,-0.487388789230585,0.0297747134505655
8139,306000,9677000,0.769526957881451,-0.474222450606525,0.0335858090650523
8140,307000,9677000,0.77547606511116,-0.482709924376011,0.0323275485455291
8141,308000,9677000,0.775829076141119,-0.48004177865386,0.0288082014426938
8142,309000,9677000,0.760447142547369,-0.471925920957327,0.0383072336896788
8143,310000,9677000,0.756566794466972,-0.464038182349503,0.0460562268361449
8144,311000,9677000,0.768415577083826,-0.459034873884916,0.0363478390680044
8145,312000,9677000,0.766788271701336,-0.471890198892355,0.0332275164403021
8146,313000,9677000,0.767375974994898,-0.475596599078178,0.0411423717382364
8147,314000,9677000,0.765056654980779,-0.467747272948921,0.0371763427188154
8148,315000,9677000,0.769812607079744,-0.469501893505454,0.0364501499347389
8149,316000,9677000,0.773319844692945,-0.475109903118014,0.0361401645578444
8150,317000,9677000,0.789850748687983,-0.491784984067082,0.0311059384611435
8151,318000,9677000,0.781860208117962,-0.491172666108608,0.0365379406541586
8152,319000,9677000,0.781460086143017,-0.492868291145563,0.0367306406808086
8153,320000,9677000,0.785627874875069,-0.478216590371728,0.0346289957658388
8154,321000,9677000,0.767188108770549,-0.490997411242127,0.03897205962874
8155,322000,9677000,0.747465794637799,-0.512737788692117,0.0407499254522379
8156,323000,9677000,0.625115165092051,-0.500373908168077,0.0667290315594524
8157,324000,9677000,0.64009380030185,-0.480719830653071,0.0635241929139942
8158,325000,9677000,0.64288383474946,-0.465068218523264,0.0623003669632599
8159,326000,9677000,0.583999130955339,-0.477462254294753,0.0774346984057687
8160,327000,9677000,0.374849129971862,-0.50409249022007,0.131967200442962
8161,328000,9677000,0.244100638867915,-0.474688656836748,0.163399084312469
8162,329000,9677000,0.310681438758224,-0.492842624369264,0.152172066577524
8163,330000,9677000,0.41545000538826,-0.463654504963756,0.121122883860487
8164,331000,9677000,0.335112403665483,-0.49277298001349,0.139844241124205
8165,332000,9677000,0.320325686757267,-0.477533889986575,0.13597492434755
8166,333000,9677000,0.281564168968052,-0.445126337200403,0.127413346260414
8167,334000,9677000,0.259670668166131,-0.464757064506412,0.136317212636303
8168,335000,9677000,0.221074866262451,-0.450941839778423,0.144501719217934
8169,336000,9677000,0.171859273137897,-0.440040814042091,0.152292686093226
8170,337000,9677000,0.200793198511004,-0.445092077246308,0.129769127295911
8171,338000,9677000,0.206359081420302,-0.444257050509751,0.123885736445338
8172,339000,9677000,0.198681620658934,-0.434391402319819,0.11650528418438
8173,340000,9677000,0.194671351730451,-0.450174045710266,0.125162115464057
8174,341000,9677000,0.284426113578677,-0.444018402922153,0.111417701980285
8175,342000,9677000,0.341519628592581,-0.434928470163047,0.11350748958569
8176,343000,9677000,0.309557259429246,-0.506927149015665,0.153416611265577
8177,344000,9677000,0.187585117144138,-0.446468762996793,0.140477172522992
8178,345000,9677000,0.175607546312362,-0.436797427588701,0.150940151515976
8179,346000,9677000,0.19178762185052,-0.430368529236317,0.139819566926174
8180,347000,9677000,0.199163309956342,-0.443246248932183,0.132378982889932
8181,348000,9677000,0.23491574568525,-0.469915318048,0.152464258280769
8182,349000,9677000,0.205769223708287,-0.458664966627955,0.150853925521579
8183,350000,9677000,0.182733575278148,-0.441363834911585,0.144769849341549
8184,351000,9677000,0.170286273721233,-0.429323455777764,0.12960560033489
8185,352000,9677000,0.162345239332691,-0.426450044116378,0.142591721604113
8186,353000,9677000,0.204314549985155,-0.467259557843208,0.14783002328705
8187,354000,9677000,0.244883531473204,-0.476258955836296,0.147173978873342
8188,355000,9677000,0.211335820896551,-0.457992425861955,0.161061401247792
8189,356000,9677000,0.234944588362426,-0.45294387794435,0.150465073401853
8190,357000,9677000,0.22335692178905,-0.439069579982758,0.142436580497958
8191,358000,9677000,0.227587495251745,-0.458231313532591,0.144826655499265
8192,359000,9677000,0.2242077278696,-0.463289880555868,0.151987130908761
8193,360000,9677000,0.184044360016286,-0.454488141971827,0.149481640489027
8194,361000,9677000,0.184260512240231,-0.452962928760052,0.15307407999523
8195,362000,9677000,0.181221395198256,-0.463973344007134,0.142150116062257
8196,363000,9677000,0.183140490681678,-0.474081208953261,0.148518497395702
8197,364000,9677000,0.185494296136498,-0.474346686705947,0.165362714757025
8198,365000,9677000,0.183308056979626,-0.477477589583397,0.15783209595345
8199,366000,9677000,0.18784009417221,-0.478650926351547,0.158023801197112
8200,367000,9677000,0.19771201871857,-0.493782841479778,0.130648223750666
8201,368000,9677000,0.159784988756478,-0.479306776970625,0.130200117091462
8202,369000,9677000,0.145666979984194,-0.476791452595592,0.0887404447165784
8203,370000,9677000,0.177220530037582,-0.473174556386471,0.0526594448235352
8204,371000,9677000,0.178878290916979,-0.476805395817757,0.101868678570352
8205,372000,9677000,0.163826503939182,-0.43131318564713,0.0868285332945641
8206,373000,9677000,0.141952656082436,-0.398953158915043,0.0696310485954513
8207,374000,9677000,0.172298179136217,-0.430430695581436,0.0893400671269512
8208,375000,9677000,0.182223349531943,-0.414964920797131,0.0923193337969397
8209,262000,9678000,0.0628802982717752,-0.243341542959213,0.033107868484105
8210,263000,9678000,0.0763880332294852,-0.276909749542177,0.0322812151410617
8211,264000,9678000,0.0794051170570776,-0.264749043959379,0.0294843166931532
8212,265000,9678000,0.128536421743222,-0.343099107833207,0.0298767161102267
8213,266000,9678000,0.164304287058488,-0.379000765411556,0.0331281519924058
8214,267000,9678000,0.163942877088487,-0.380757689794898,0.0337979450100567
8215,268000,9678000,0.172321157746762,-0.401190731653571,0.0341187062158249
8216,269000,9678000,0.254851669573411,-0.420449658226967,0.0481533602602314
8217,270000,9678000,0.175300553112477,-0.422220153456926,0.0365833437285852
8218,271000,9678000,0.15902686933279,-0.439055981639028,0.0374763670726679
8219,272000,9678000,0.170877817232162,-0.447324010035396,0.039267823774321
8220,273000,9678000,0.169300645115226,-0.4606336507231,0.0398149178314954
8221,274000,9678000,0.18520059164539,-0.476930303272605,0.0464943643102888
8222,275000,9678000,0.192359557082504,-0.476147304132581,0.0475610583378933
8223,276000,9678000,0.207527642972022,-0.474348103192449,0.0595711140187457
8224,277000,9678000,0.19604785970971,-0.46225018376112,0.0441242200272856
8225,278000,9678000,0.200272949452698,-0.460831880602241,0.0512176527039614
8226,279000,9678000,0.202010814738274,-0.45183711631,0.0588647008039989
8227,280000,9678000,0.193912223389,-0.449212189304829,0.0508116194006987
8228,281000,9678000,0.201235750877857,-0.441417272275686,0.0529519992595539
8229,282000,9678000,0.197079779786617,-0.442849933642149,0.0575128602986224
8230,283000,9678000,0.213311760553718,-0.468617288064957,0.0522067797897384
8231,284000,9678000,0.22313981719017,-0.509450896316767,0.0488679690027609
8232,285000,9678000,0.253230593760312,-0.453529423514009,0.0722715215754695
8233,286000,9678000,0.271226659548283,-0.434009287500381,0.0968689156956971
8234,287000,9678000,0.320659660974145,-0.436463876649737,0.0874939185130876
8235,288000,9678000,0.429303808800876,-0.486933453431726,0.106098407420516
8236,289000,9678000,0.387564370016754,-0.48372893281877,0.112681967121549
8237,290000,9678000,0.429766788002849,-0.491538916394115,0.122446639742609
8238,291000,9678000,0.77123936714679,-0.478081233325601,0.0334115243363194
8239,292000,9678000,0.791685418528318,-0.471144392232597,0.0275149633816909
8240,293000,9678000,0.785344656679034,-0.459097448277473,0.0301531538888114
8241,294000,9678000,0.786001241779327,-0.450378520796075,0.0395593093354488
8242,295000,9678000,0.800044010418653,-0.47701808013618,0.0268664839747362
8243,296000,9678000,0.779261373513937,-0.471621248611808,0.0323004252284998
8244,297000,9678000,0.764867279291153,-0.45385827126205,0.0365244728134014
8245,298000,9678000,0.791104497200251,-0.473908827805519,0.0259297362512909
8246,299000,9678000,0.80165934958756,-0.475881424877048,0.028252287700912
8247,3e+05,9678000,0.799909657663107,-0.493974221003056,0.0320508723108331
8248,301000,9678000,0.793052852630615,-0.494605212685466,0.0237483848699136
8249,302000,9678000,0.799835152411461,-0.499465249556303,0.0233599402606254
8250,303000,9678000,0.796919099146128,-0.496720717948675,0.0270452314549824
8251,304000,9678000,0.791494198313355,-0.482678610789776,0.0294517591651762
8252,305000,9678000,0.800023001337051,-0.491879879638553,0.029918309940258
8253,306000,9678000,0.792234947067499,-0.477794856354594,0.0336716291666264
8254,307000,9678000,0.789305261278152,-0.478598843994737,0.0305289655365516
8255,308000,9678000,0.79332333984375,-0.490538383033872,0.0327685379863717
8256,309000,9678000,0.795240760856867,-0.486773701217771,0.0449563572325744
8257,310000,9678000,0.793587004411221,-0.482147568626702,0.0307568258437328
8258,311000,9678000,0.782444135737419,-0.469201829875447,0.0360474924158771
8259,312000,9678000,0.784540654951334,-0.475782693454623,0.033885621547373
8260,313000,9678000,0.785198918020725,-0.472474182504416,0.0368204090688843
8261,314000,9678000,0.76808824057579,-0.47965672352016,0.039853899891302
8262,315000,9678000,0.766800140422583,-0.475474164152145,0.0417516117326915
8263,316000,9678000,0.74241389490068,-0.464862086953223,0.0468764051954262
8264,317000,9678000,0.697764691478014,-0.489631536617875,0.0571760297690053
8265,318000,9678000,0.553776225993037,-0.52670601131767,0.0901513142273761
8266,319000,9678000,0.525317324157059,-0.521479548421502,0.0956133085721172
8267,320000,9678000,0.546822217708826,-0.496980768656731,0.095608447389584
8268,321000,9678000,0.592078394532204,-0.512567216968536,0.0871822542021051
8269,322000,9678000,0.629133180080354,-0.496469499710202,0.0684283448144793
8270,323000,9678000,0.481577676258981,-0.491902497577667,0.112780944696721
8271,324000,9678000,0.395013963104039,-0.489831171783805,0.142234082065895
8272,325000,9678000,0.356593140393496,-0.48197103112638,0.143590071455762
8273,326000,9678000,0.265294902816787,-0.500030363678932,0.159459524765797
8274,327000,9678000,0.297796325659752,-0.466591432642937,0.148012510051765
8275,328000,9678000,0.256224653334171,-0.453408412195742,0.154872165597975
8276,329000,9678000,0.262231032176316,-0.459651044252515,0.136046521078562
8277,330000,9678000,0.235929164977372,-0.482492823186517,0.154850316144899
8278,331000,9678000,0.256006461651623,-0.48007724289149,0.148419722155295
8279,332000,9678000,0.240899130807817,-0.471874221307039,0.155377669126727
8280,333000,9678000,0.26557021715641,-0.471455987972021,0.142520641744696
8281,334000,9678000,0.223989690369368,-0.470831078734994,0.152924177090451
8282,335000,9678000,0.22678374289386,-0.476972067183256,0.130282311940007
8283,336000,9678000,0.228746121047065,-0.492099719081819,0.122308111223578
8284,337000,9678000,0.201733927307278,-0.461364151495695,0.120268533569667
8285,338000,9678000,0.230041388747096,-0.481581702947617,0.140412634950504
8286,339000,9678000,0.149440085601062,-0.399299779765308,0.140532255024929
8287,340000,9678000,0.201913417521492,-0.445664858517051,0.131715017185826
8288,341000,9678000,0.210471017914638,-0.451708048737049,0.13126565494556
8289,342000,9678000,0.345849586640298,-0.445801485437155,0.108450946733123
8290,343000,9678000,0.309783430340141,-0.465352968153358,0.133893679270148
8291,344000,9678000,0.220743478446081,-0.425294535809755,0.130694423898915
8292,345000,9678000,0.166076196040958,-0.415502397476137,0.126874719555303
8293,346000,9678000,0.193334133400768,-0.425053360033035,0.127734025402553
8294,347000,9678000,0.2107846974466,-0.435428480388224,0.135787182314694
8295,348000,9678000,0.246266319634765,-0.450050485792756,0.15376332692923
8296,349000,9678000,0.249043304483593,-0.434634101828933,0.148122462165193
8297,350000,9678000,0.209117357154191,-0.42718944003433,0.139257586685941
8298,351000,9678000,0.179591482321918,-0.420730260521173,0.149301236903481
8299,352000,9678000,0.189475285838172,-0.437538806794584,0.156312150071934
8300,353000,9678000,0.205507819693908,-0.450799529254437,0.160643396370485
8301,354000,9678000,0.227459217454493,-0.456370080000162,0.15748879288137
8302,355000,9678000,0.253228718800098,-0.480145385113359,0.14681338981986
8303,356000,9678000,0.247510400117934,-0.474580665832758,0.141926900482923
8304,357000,9678000,0.235393894869089,-0.46193438012898,0.143366604717821
8305,358000,9678000,0.218781329782307,-0.440638639056683,0.122853374036774
8306,359000,9678000,0.215278112452477,-0.445908990952373,0.148017476580944
8307,360000,9678000,0.220972622378171,-0.457852748347819,0.150441641109157
8308,361000,9678000,0.197086460890621,-0.456051817303896,0.142519702789374
8309,362000,9678000,0.150146208224818,-0.443450570392609,0.142906388220936
8310,363000,9678000,0.156397507503256,-0.459129539251327,0.126320026209019
8311,364000,9678000,0.178674627827108,-0.473874321657419,0.168993478403985
8312,365000,9678000,0.171747383784503,-0.476529743301868,0.169040857299045
8313,366000,9678000,0.195733351393044,-0.484589096131921,0.154034023825452
8314,367000,9678000,0.18378669038862,-0.48368677957654,0.109826664065197
8315,368000,9678000,0.168118762388825,-0.488752009931207,0.103513166305237
8316,369000,9678000,0.172628057612106,-0.477765175586939,0.0762099137832411
8317,370000,9678000,0.187641278397292,-0.47346953715682,0.073286572718271
8318,371000,9678000,0.166532694965601,-0.451281946000457,0.0590534512690967
8319,372000,9678000,0.152761287016049,-0.40570877122581,0.0549012123871129
8320,373000,9678000,0.190370083202049,-0.439827829471231,0.101067687333561
8321,374000,9678000,0.27702985457778,-0.483963945147395,0.116210711089615
8322,375000,9678000,0.280846582447941,-0.500801779031753,0.0927990549057722
8323,262000,9679000,0.0662423501182347,-0.274400233574212,0.0279192751925439
8324,263000,9679000,0.0706432142220438,-0.281060793629289,0.0283972847726196
8325,264000,9679000,0.102082221383229,-0.303545973783731,0.0289649421507493
8326,265000,9679000,0.104832786808535,-0.299771402437985,0.0241482369654463
8327,266000,9679000,0.140744966298528,-0.434806209996343,0.0305534358579433
8328,267000,9679000,0.115524996755272,-0.343595288145542,0.0248458371144021
8329,268000,9679000,0.18922674690038,-0.407333229413629,0.0387731743334094
8330,269000,9679000,0.225103160272539,-0.439769666430354,0.038746166510554
8331,270000,9679000,0.158489828722924,-0.412036695928872,0.0334905433436856
8332,271000,9679000,0.158179948521405,-0.424901432409883,0.0320627104014624
8333,272000,9679000,0.149817281106114,-0.417957929971814,0.0294934481263161
8334,273000,9679000,0.166355141960829,-0.447832821726799,0.0342969803485088
8335,274000,9679000,0.169044031752646,-0.432370223701,0.0391637960298453
8336,275000,9679000,0.161014347311109,-0.433452369278669,0.0353873065441498
8337,276000,9679000,0.174558244520426,-0.449658607953787,0.0402325260800542
8338,277000,9679000,0.195046820799261,-0.519897485524416,0.0484239292735117
8339,278000,9679000,0.186929921046644,-0.453842058935761,0.040967427641619
8340,279000,9679000,0.206223410697281,-0.457770293736458,0.04787338300501
8341,280000,9679000,0.194181306944042,-0.455547273078561,0.0413354930526111
8342,281000,9679000,0.205843381227553,-0.448259197285771,0.0468555302948691
8343,282000,9679000,0.213810089629889,-0.474543073892593,0.0530249762867577
8344,283000,9679000,0.216591873164475,-0.47943385669291,0.0464641364734154
8345,284000,9679000,0.219483939529955,-0.472067751547694,0.0440149267455563
8346,285000,9679000,0.248979909276962,-0.467344904527068,0.0496228302703355
8347,286000,9679000,0.2762797567904,-0.45134794486165,0.0710883943922818
8348,287000,9679000,0.306492757467926,-0.451628859111667,0.0728617119949311
8349,288000,9679000,0.508574290856719,-0.46779529300034,0.0543321024342789
8350,289000,9679000,0.453526740562916,-0.475877664995193,0.0872304219543934
8351,290000,9679000,0.377151202906668,-0.472681540256739,0.112699474432413
8352,291000,9679000,0.500552535392344,-0.476329878294468,0.112214761262015
8353,292000,9679000,0.704436573158205,-0.478331247419119,0.0562350113692228
8354,293000,9679000,0.764476384046674,-0.482438229770958,0.0364839966618223
8355,294000,9679000,0.742338955920935,-0.475145860037208,0.0493268165579764
8356,295000,9679000,0.782304198494554,-0.480364768183231,0.034052023143298
8357,296000,9679000,0.769967512834072,-0.456636164355278,0.0361572503443807
8358,297000,9679000,0.780362915110588,-0.467082203416526,0.0320539448599797
8359,298000,9679000,0.803906278076768,-0.490283340400457,0.0266944820996141
8360,299000,9679000,0.807552815836668,-0.494108725973964,0.025072122181626
8361,3e+05,9679000,0.810082312357426,-0.501287597626448,0.0260861880860291
8362,301000,9679000,0.804214869236946,-0.50379386408627,0.0246648781799711
8363,302000,9679000,0.805838916361332,-0.489737542545795,0.0249146880818997
8364,303000,9679000,0.805862581086159,-0.493068543696404,0.0252168275022879
8365,304000,9679000,0.804212725669146,-0.490842996019125,0.0239554254543968
8366,305000,9679000,0.807786286455393,-0.494362281522155,0.0255391158024315
8367,306000,9679000,0.787342485821247,-0.477128748834133,0.0337150315459818
8368,307000,9679000,0.785334507024288,-0.474889850467443,0.0359083915807307
8369,308000,9679000,0.803948605924845,-0.494266491997242,0.0304938022794668
8370,309000,9679000,0.803639911562204,-0.477860190710425,0.0327941393578425
8371,310000,9679000,0.785824149274826,-0.4572379246369,0.0399677088548429
8372,311000,9679000,0.785596090912819,-0.494741340133548,0.0350478060374968
8373,312000,9679000,0.749408691698313,-0.475613999855518,0.0401564776260406
8374,313000,9679000,0.735835785767436,-0.487410215961933,0.0396527611794882
8375,314000,9679000,0.731468422096968,-0.479443507885933,0.0390674804361537
8376,315000,9679000,0.735543076579273,-0.488890911737084,0.0440107961562462
8377,316000,9679000,0.657748637831211,-0.474673631155491,0.0662536118656397
8378,317000,9679000,0.604794542956352,-0.474385612457991,0.0782206496231258
8379,318000,9679000,0.482966744253784,-0.486361898738146,0.102332655818947
8380,319000,9679000,0.465528837922215,-0.500817602267861,0.118268083364703
8381,320000,9679000,0.452899919518828,-0.477844363296032,0.12686506092106
8382,321000,9679000,0.435037850836664,-0.474398659604788,0.129799513675459
8383,322000,9679000,0.438769682937861,-0.470664542555809,0.116445170486998
8384,323000,9679000,0.278161814005673,-0.448983413749933,0.152060397739988
8385,324000,9679000,0.167807309677452,-0.42922567281425,0.18818462305367
8386,325000,9679000,0.171952158683538,-0.44750166284442,0.18978682179898
8387,326000,9679000,0.191145041690022,-0.484534187105298,0.172819376740232
8388,327000,9679000,0.215919689404964,-0.457966468128562,0.161630457657762
8389,328000,9679000,0.219639950425178,-0.449006502988935,0.152292024327628
8390,329000,9679000,0.217363774142787,-0.46978510017544,0.160186874517426
8391,330000,9679000,0.220715039105713,-0.475623780912161,0.142824270385876
8392,331000,9679000,0.199134019639343,-0.452725473460555,0.152976389856264
8393,332000,9679000,0.186828748761863,-0.453294284003973,0.153992662282474
8394,333000,9679000,0.20141410016343,-0.451499823230505,0.146999093201011
8395,334000,9679000,0.236269551083446,-0.478853763887286,0.135633960783482
8396,335000,9679000,0.227740469823033,-0.483602940538526,0.133520086950064
8397,336000,9679000,0.202510400088131,-0.465804972687364,0.106062977969926
8398,337000,9679000,0.170912150797248,-0.442687712460756,0.106927801953815
8399,338000,9679000,0.186569276865572,-0.445338212671876,0.117680531750433
8400,339000,9679000,0.196167493313551,-0.448360398629308,0.134828648586199
8401,340000,9679000,0.224483695916831,-0.479113780608773,0.131667488126643
8402,341000,9679000,0.20772215263322,-0.457942848390341,0.139336946316063
8403,342000,9679000,0.241305628789961,-0.436710783681273,0.11434407684328
8404,343000,9679000,0.279953068128508,-0.455731142470241,0.127007709430624
8405,344000,9679000,0.247513251629844,-0.446256888771057,0.136052682242915
8406,345000,9679000,0.203043490831926,-0.421551050564647,0.119971735132113
8407,346000,9679000,0.200116146716848,-0.427539483290911,0.121797313537169
8408,347000,9679000,0.241908288388699,-0.425219416564703,0.135944633896835
8409,348000,9679000,0.226447754878178,-0.398945194931328,0.136626312739961
8410,349000,9679000,0.212154998199083,-0.381481668525934,0.144087558077555
8411,350000,9679000,0.210751570203155,-0.3946494549945,0.145477885301039
8412,351000,9679000,0.169546838119626,-0.416745147648454,0.159020474804193
8413,352000,9679000,0.167900678313896,-0.420398133982718,0.164059542439692
8414,353000,9679000,0.207494886787981,-0.44467232208252,0.152133926665969
8415,354000,9679000,0.211345660404861,-0.44464200784117,0.129879189154133
8416,355000,9679000,0.233835403184593,-0.466326630137861,0.137688949688524
8417,356000,9679000,0.24542510978058,-0.46921776574254,0.138819737869501
8418,357000,9679000,0.214388542408124,-0.459031021878123,0.131462669008411
8419,358000,9679000,0.209683405806869,-0.417348073890805,0.137004372478649
8420,359000,9679000,0.168878735852428,-0.403807369664311,0.138507836520299
8421,360000,9679000,0.181553041506931,-0.425624240870774,0.128038507235795
8422,361000,9679000,0.197635724139772,-0.439724645537697,0.119834442542121
8423,362000,9679000,0.222562687448785,-0.462989963831007,0.12483135289317
8424,363000,9679000,0.160929818331078,-0.441481173156202,0.125916083135735
8425,364000,9679000,0.174709726437181,-0.476214039969444,0.168055850735307
8426,365000,9679000,0.196064686038345,-0.495241386368871,0.156430171620753
8427,366000,9679000,0.22910278365463,-0.487801607245207,0.107567056725733
8428,367000,9679000,0.197414132841676,-0.48248969873488,0.0787299126426922
8429,368000,9679000,0.200337298997492,-0.491559283006191,0.108355398449861
8430,369000,9679000,0.193344000364095,-0.488003763324022,0.10149410340162
8431,370000,9679000,0.202085116843134,-0.503856955081224,0.111567719868757
8432,371000,9679000,0.191121438358724,-0.495477460497618,0.111567700367048
8433,372000,9679000,0.176031284996122,-0.472038883146644,0.109561960641621
8434,373000,9679000,0.231019916848093,-0.46875285153687,0.113534740244644
8435,374000,9679000,0.235923195580393,-0.441913751834631,0.0918552706166171
8436,375000,9679000,0.258208553946831,-0.459817344898527,0.0674003803814677
8437,262000,9680000,0.0638863034229726,-0.2720429751724,0.0261130018220283
8438,263000,9680000,0.066913346817717,-0.281385434477031,0.0279516865648329
8439,264000,9680000,0.0768437959656119,-0.286435809138417,0.0226147720502689
8440,265000,9680000,0.0839367626374587,-0.294022081065178,0.0226862020340282
8441,266000,9680000,0.111138884489983,-0.336950160701573,0.0245443199875765
8442,267000,9680000,0.137955492717773,-0.36444674654156,0.0305461404597154
8443,268000,9680000,0.187672118315846,-0.407229470306635,0.035410194999259
8444,269000,9680000,0.176820483452082,-0.420820072379708,0.0362186846330762
8445,270000,9680000,0.139500638347119,-0.378422291043401,0.0296054604399716
8446,271000,9680000,0.133967267697304,-0.383802500936389,0.0291079706688994
8447,272000,9680000,0.140397135363519,-0.397574891090393,0.0302842228340684
8448,273000,9680000,0.154921184696257,-0.417710671898723,0.0377400562776951
8449,274000,9680000,0.157600012353808,-0.429684487181902,0.0354605122862384
8450,275000,9680000,0.176370206361264,-0.458729754763842,0.0433255626447964
8451,276000,9680000,0.169629578518867,-0.459061638265848,0.0445209815972485
8452,277000,9680000,0.185664685870707,-0.458321731218696,0.0421669549697079
8453,278000,9680000,0.196874967171997,-0.447056746217608,0.0440866336560808
8454,279000,9680000,0.188021375469118,-0.444646456187964,0.0398991786979139
8455,280000,9680000,0.206170445632935,-0.458398379912972,0.0506220496233087
8456,281000,9680000,0.20422363512218,-0.472731615039706,0.0435634115236811
8457,282000,9680000,0.214041163551062,-0.470902290827036,0.0470788129287306
8458,283000,9680000,0.207196484953165,-0.454618844366074,0.0411090077118599
8459,284000,9680000,0.216377504052222,-0.475373536157608,0.0435035366459284
8460,285000,9680000,0.217547764996998,-0.466408692973852,0.0507881572921295
8461,286000,9680000,0.24806923102811,-0.462249661974609,0.067737143724598
8462,287000,9680000,0.254379324889183,-0.455098426923156,0.0927127239573747
8463,288000,9680000,0.276548558988422,-0.446184132793546,0.0899882465781644
8464,289000,9680000,0.345020178800821,-0.469372962754965,0.0851725204623304
8465,290000,9680000,0.320693679259717,-0.453432427170873,0.0966760978604667
8466,291000,9680000,0.352004774270952,-0.454367005196214,0.125401889522932
8467,292000,9680000,0.403115567950159,-0.467540293902159,0.124622684902884
8468,293000,9680000,0.713647291195393,-0.483497597441077,0.0488937999457237
8469,294000,9680000,0.719359422457218,-0.495719855317473,0.0511847190778237
8470,295000,9680000,0.74437901789248,-0.496005658641458,0.0449162614967208
8471,296000,9680000,0.789342112392187,-0.485586567983031,0.0310896355795907
8472,297000,9680000,0.780657668197155,-0.471110868650675,0.0357904144113883
8473,298000,9680000,0.784954281413555,-0.476781002338231,0.0348507380175404
8474,299000,9680000,0.786141789627075,-0.470570475572348,0.0369890566049144
8475,3e+05,9680000,0.806972161060572,-0.488467063653469,0.0266501408858225
8476,301000,9680000,0.78549294218421,-0.49144741782546,0.0334891365908086
8477,302000,9680000,0.790907604411244,-0.491750264902413,0.0344389619061723
8478,303000,9680000,0.801711632436514,-0.492864276322722,0.0278600608218461
8479,304000,9680000,0.793456333902478,-0.495768028113246,0.0307710993035231
8480,305000,9680000,0.794037218558788,-0.496601084536314,0.0294618666415103
8481,306000,9680000,0.771434380576015,-0.474221667987108,0.0370655004127882
8482,307000,9680000,0.754126224714518,-0.463698411270976,0.0453779808609281
8483,308000,9680000,0.762582966130972,-0.481138296738267,0.0427540734557435
8484,309000,9680000,0.772206055468321,-0.486929114362597,0.0386915654704906
8485,310000,9680000,0.699149733000994,-0.481827768996358,0.0668274113347754
8486,311000,9680000,0.70105614515841,-0.476949523049593,0.0594635348891839
8487,312000,9680000,0.662681109860539,-0.485597803369164,0.0604059304665774
8488,313000,9680000,0.674272533452511,-0.494825880146027,0.0606148009164259
8489,314000,9680000,0.649185867133737,-0.4941745213449,0.0669019063586369
8490,315000,9680000,0.614196131166816,-0.496081950932741,0.0693784060101956
8491,316000,9680000,0.615772670596838,-0.481185744452477,0.0654894052449614
8492,317000,9680000,0.563293807971478,-0.483281061276793,0.0784835952402093
8493,318000,9680000,0.52767748067677,-0.487285087358952,0.0898203114863485
8494,319000,9680000,0.621202353963256,-0.502703400874138,0.0636314764732029
8495,320000,9680000,0.507047531809658,-0.476215491524339,0.0963791876312112
8496,321000,9680000,0.325730408039689,-0.441464685630798,0.149090090961661
8497,322000,9680000,0.218731358981878,-0.412343392282724,0.163122035686113
8498,323000,9680000,0.174464322338998,-0.405064311808348,0.164775176547468
8499,324000,9680000,0.172983951076865,-0.415852802154422,0.172269610885903
8500,325000,9680000,0.155695257717371,-0.431283340719342,0.176743303682469
8501,326000,9680000,0.185950588734075,-0.456606632634997,0.1648818433295
8502,327000,9680000,0.172015275675803,-0.426800382554531,0.164225079162791
8503,328000,9680000,0.194512208544463,-0.436448635803163,0.151647747034766
8504,329000,9680000,0.196942509496585,-0.445815256291628,0.139056508421956
8505,330000,9680000,0.212729516676068,-0.447393557704985,0.136918656882923
8506,331000,9680000,0.167199504937232,-0.438024879957736,0.172211380079016
8507,332000,9680000,0.163722347678244,-0.42042979041636,0.156398860710859
8508,333000,9680000,0.163932032374293,-0.424524943208694,0.145788932335004
8509,334000,9680000,0.204154386491328,-0.453386041840911,0.122999395177141
8510,335000,9680000,0.222121444936842,-0.486626319688559,0.138925912599079
8511,336000,9680000,0.20744485604018,-0.491175794997811,0.122820270446874
8512,337000,9680000,0.175501020633429,-0.458077907577157,0.10056179084368
8513,338000,9680000,0.178054684199393,-0.452539547741413,0.115421566927619
8514,339000,9680000,0.187622786649689,-0.463757061624527,0.142083187275007
8515,340000,9680000,0.227146423877031,-0.486170442435145,0.147408440164849
8516,341000,9680000,0.190797196539491,-0.463753788739443,0.162058229457587
8517,342000,9680000,0.149583842002228,-0.394080219902098,0.109815955299092
8518,343000,9680000,0.171727856032178,-0.413279058775306,0.136054806760605
8519,344000,9680000,0.207397669754922,-0.446743224000931,0.156137084118731
8520,345000,9680000,0.14546678661406,-0.41090459266603,0.154543898591585
8521,346000,9680000,0.140598207587376,-0.418116873244941,0.14939146498749
8522,347000,9680000,0.158956667734683,-0.398658462364972,0.120475478535541
8523,348000,9680000,0.132248974591587,-0.367129956120998,0.119291596671613
8524,349000,9680000,0.203619964824617,-0.394623661171645,0.130354445090238
8525,350000,9680000,0.268940667690337,-0.456117620888352,0.167253191309422
8526,351000,9680000,0.175981835196353,-0.403918171642721,0.152515766134625
8527,352000,9680000,0.195072532831132,-0.430536057639122,0.16156949137263
8528,353000,9680000,0.209727663482726,-0.439705736988783,0.161441313215718
8529,354000,9680000,0.246969542047381,-0.460035649678111,0.143333326957002
8530,355000,9680000,0.232486926514655,-0.459440992110968,0.148223246185854
8531,356000,9680000,0.247019640108943,-0.479954765307903,0.143365987221897
8532,357000,9680000,0.237137862391025,-0.476126954656839,0.12107965870183
8533,358000,9680000,0.21364223388657,-0.473365669864416,0.132501027568057
8534,359000,9680000,0.187134129271284,-0.428810283139348,0.12332062351536
8535,360000,9680000,0.194139890572429,-0.441209315177798,0.110674583300389
8536,361000,9680000,0.19849274834469,-0.447006034661084,0.0958728823182639
8537,362000,9680000,0.182829244080931,-0.423768132431805,0.107450902184378
8538,363000,9680000,0.144316594395414,-0.412347794438899,0.105224175923597
8539,364000,9680000,0.1875514366474,-0.461013265159726,0.126402330954187
8540,365000,9680000,0.196507478593662,-0.471599040010571,0.117806492920686
8541,366000,9680000,0.157368343893439,-0.476441134032607,0.134513015833497
8542,367000,9680000,0.124946053836122,-0.471802770233154,0.158735001968965
8543,368000,9680000,0.150011551877484,-0.484581000584364,0.15306652967073
8544,369000,9680000,0.199411360292882,-0.513993062463403,0.118807216161303
8545,370000,9680000,0.202366819990426,-0.504518229904771,0.116374010565504
8546,371000,9680000,0.183211171226948,-0.479314681270719,0.115824676890485
8547,372000,9680000,0.188971423022449,-0.476820347812772,0.118668702276237
8548,373000,9680000,0.247468183733523,-0.470405414023995,0.0942197241591872
8549,374000,9680000,0.292656818429381,-0.491169248151779,0.0933394703160971
8550,375000,9680000,0.228568900349465,-0.492401257157326,0.0946417741172693
8551,262000,9681000,0.0644558138595894,-0.26855200009793,0.0248335384415695
8552,263000,9681000,0.0738779693115503,-0.285235703480244,0.020976753460255
8553,264000,9681000,0.0725137105088681,-0.281262990137935,0.0223180966703221
8554,265000,9681000,0.0755322144718841,-0.30296635504663,0.0169294600807247
8555,266000,9681000,0.078036351910606,-0.288106966477633,0.0202348129327409
8556,267000,9681000,0.138745045711845,-0.356662460623682,0.0262584378779167
8557,268000,9681000,0.198997475678474,-0.438319672873616,0.0326497314032167
8558,269000,9681000,0.139562065247819,-0.360328537659347,0.0281579705257318
8559,270000,9681000,0.115284382864088,-0.341982354658842,0.0240027231585933
8560,271000,9681000,0.124715834226459,-0.362129818427563,0.0276826259573572
8561,272000,9681000,0.134459532448649,-0.403146144120395,0.0306293336876435
8562,273000,9681000,0.145178705645353,-0.440410043388605,0.0314466879875748
8563,274000,9681000,0.142669301337749,-0.430435453525186,0.037824476084765
8564,275000,9681000,0.157868263377249,-0.460177153137326,0.0460216761378804
8565,276000,9681000,0.157721544928849,-0.426248011720181,0.0477423649106408
8566,277000,9681000,0.175180688145012,-0.448408152866364,0.0447561570633203
8567,278000,9681000,0.180427969585359,-0.434502870833874,0.0476375460692216
8568,279000,9681000,0.19077493711412,-0.45173663726151,0.0443030581018422
8569,280000,9681000,0.200128353464603,-0.456967928168178,0.0474696095339139
8570,281000,9681000,0.209521796185523,-0.468027696657181,0.0476166521314532
8571,282000,9681000,0.230727948340774,-0.465673315256834,0.0545023295904975
8572,283000,9681000,0.199837393956631,-0.456779213324189,0.0493553599315463
8573,284000,9681000,0.208654018329829,-0.473618381756544,0.0463262656315928
8574,285000,9681000,0.209447572663426,-0.470650014171004,0.0315442349943798
8575,286000,9681000,0.236943594823778,-0.470371554511786,0.0535909047156107
8576,287000,9681000,0.245471356625855,-0.464399775330722,0.0891801411467604
8577,288000,9681000,0.261879155609012,-0.458976645806432,0.0883266559397336
8578,289000,9681000,0.342465974181891,-0.475885023292899,0.0765057627316564
8579,290000,9681000,0.323270725223422,-0.448497628551722,0.116169424884394
8580,291000,9681000,0.380147321073711,-0.466079704794288,0.125354924759641
8581,292000,9681000,0.389065164096653,-0.480066470244527,0.130404101572745
8582,293000,9681000,0.43980618391335,-0.466059522044659,0.107096905303886
8583,294000,9681000,0.599814009927213,-0.500479282215238,0.0711428871195414
8584,295000,9681000,0.417187241049111,-0.504779533606768,0.135576439367514
8585,296000,9681000,0.729472118131816,-0.499137232318521,0.0459342706413474
8586,297000,9681000,0.77946142270565,-0.500659192430973,0.0350143250884488
8587,298000,9681000,0.780030056151748,-0.494048217865825,0.0371441843810491
8588,299000,9681000,0.788072151577473,-0.485740407061577,0.0364061290328391
8589,3e+05,9681000,0.783240169757605,-0.496179644283652,0.0332718074942008
8590,301000,9681000,0.772183630028367,-0.505110749006271,0.038278743481217
8591,302000,9681000,0.760618661868572,-0.47754112791568,0.0423603716686368
8592,303000,9681000,0.764259023010731,-0.473927799028158,0.042170430842787
8593,304000,9681000,0.761043888998032,-0.487583576563001,0.0369561187002808
8594,305000,9681000,0.76288565684557,-0.489150711500645,0.0350862009672448
8595,306000,9681000,0.747087840640545,-0.478113647729158,0.0364689815698192
8596,307000,9681000,0.731361898297071,-0.473171211043,0.0402566803264897
8597,308000,9681000,0.710842904615402,-0.469489669531584,0.0530029498260468
8598,309000,9681000,0.67249174657017,-0.494058816475386,0.0664603948498145
8599,310000,9681000,0.541935974448919,-0.496627631235123,0.101083782476746
8600,311000,9681000,0.542533789354563,-0.496006183044612,0.0916884702896699
8601,312000,9681000,0.542337714767456,-0.493965191808343,0.0907375795489177
8602,313000,9681000,0.506774115686119,-0.513540086638927,0.0997902315776795
8603,314000,9681000,0.503469904057682,-0.49405988523066,0.0964608667822555
8604,315000,9681000,0.512097741672397,-0.492489711913466,0.0795400240581483
8605,316000,9681000,0.490629575807601,-0.483693237859011,0.0865082171822898
8606,317000,9681000,0.503049252001196,-0.489774929207563,0.0727701067205053
8607,318000,9681000,0.414834695382416,-0.466594097271562,0.097738792516035
8608,319000,9681000,0.307278292848915,-0.447519279380143,0.12240541366972
8609,320000,9681000,0.205978979476541,-0.398208938120306,0.150801466409769
8610,321000,9681000,0.170314780904725,-0.390090794235468,0.166043985437974
8611,322000,9681000,0.220977520902455,-0.415522262474895,0.146890622928366
8612,323000,9681000,0.189626030966267,-0.401634214651585,0.145251550515369
8613,324000,9681000,0.173834093742073,-0.416816639304161,0.163105231460556
8614,325000,9681000,0.1554299060978,-0.436268192911148,0.174052459183708
8615,326000,9681000,0.243181606808305,-0.497557836771011,0.148178839577362
8616,327000,9681000,0.207326249226183,-0.447406760904193,0.149673537861928
8617,328000,9681000,0.157074879952148,-0.408778974792361,0.144445706408098
8618,329000,9681000,0.193899173706025,-0.440697867888212,0.14943507668674
8619,330000,9681000,0.190953401281685,-0.447589918360114,0.139636413327232
8620,331000,9681000,0.18443923304677,-0.440054891633987,0.140827944574133
8621,332000,9681000,0.16294648770988,-0.422125835162401,0.15040891139321
8622,333000,9681000,0.191130315347016,-0.438461615467072,0.136092885334231
8623,334000,9681000,0.189556505768001,-0.448332795828581,0.122984284738265
8624,335000,9681000,0.222656592391431,-0.48168905865252,0.132292655302584
8625,336000,9681000,0.22641269460395,-0.494241586813331,0.116444256928749
8626,337000,9681000,0.184051505578309,-0.450589215753973,0.111394005035795
8627,338000,9681000,0.149438687954098,-0.436011757281423,0.111525317255408
8628,339000,9681000,0.159172938072681,-0.445078297558427,0.149558321747184
8629,340000,9681000,0.202248819765449,-0.47487852884829,0.140028465159237
8630,341000,9681000,0.1901918866992,-0.472681738719344,0.149237957051769
8631,342000,9681000,0.154027842771634,-0.435510379067063,0.134808259275928
8632,343000,9681000,0.150441754531115,-0.421688983942568,0.131894795739837
8633,344000,9681000,0.126490038439259,-0.409498961758614,0.137570316564664
8634,345000,9681000,0.152013323695585,-0.431438941153884,0.154859315434657
8635,346000,9681000,0.160544904088974,-0.444221065634489,0.142536354486272
8636,347000,9681000,0.148442591359839,-0.427219222021103,0.161060569627024
8637,348000,9681000,0.155222162457556,-0.406564331074059,0.150788947477937
8638,349000,9681000,0.20495473597981,-0.428321613754332,0.14795494463779
8639,350000,9681000,0.260699196695536,-0.448071054142714,0.161740141166374
8640,351000,9681000,0.193141282021254,-0.405596543234587,0.148141774955206
8641,352000,9681000,0.212214997580647,-0.433710901042819,0.158879458129406
8642,353000,9681000,0.228223761025071,-0.451764364790916,0.158379064533487
8643,354000,9681000,0.22001093335636,-0.453529676371813,0.150349804603681
8644,355000,9681000,0.230289851456881,-0.464659094271064,0.156345944593102
8645,356000,9681000,0.229153958825767,-0.465640827801824,0.15226947094202
8646,357000,9681000,0.215777538263798,-0.470765488773584,0.158334235573933
8647,358000,9681000,0.217744414690882,-0.457452718603611,0.147310669649858
8648,359000,9681000,0.194432983782142,-0.460596451956034,0.124921403212193
8649,360000,9681000,0.196987902617455,-0.446962466683984,0.105528409790993
8650,361000,9681000,0.188753204058111,-0.443346028235555,0.0976978175205179
8651,362000,9681000,0.141069098315761,-0.422211696583033,0.111599065687321
8652,363000,9681000,0.155302329659089,-0.433849794483185,0.140146845560893
8653,364000,9681000,0.146038745578751,-0.43790129186213,0.13939239095673
8654,365000,9681000,0.145284677296132,-0.447250148937106,0.12829081963636
8655,366000,9681000,0.16311629659161,-0.479745264148712,0.170844438126311
8656,367000,9681000,0.167345428930968,-0.487427947846055,0.168638858152926
8657,368000,9681000,0.164084448743239,-0.488847033861279,0.12280167718716
8658,369000,9681000,0.180715503642708,-0.514129218681157,0.117014117039833
8659,370000,9681000,0.185222231154516,-0.487059122113883,0.103515140027879
8660,371000,9681000,0.162114939898252,-0.473518824198842,0.0897169333640486
8661,372000,9681000,0.179405730617046,-0.469465012905002,0.116491606026143
8662,373000,9681000,0.235104664266109,-0.461754481199384,0.0724302206778899
8663,374000,9681000,0.247812559081614,-0.482173247462511,0.0812221554514952
8664,375000,9681000,0.169004874608733,-0.437500790736892,0.0610342795147815
8665,262000,9682000,0.133488216757774,-0.43593157415092,0.0210192012819462
8666,263000,9682000,0.0772599113302305,-0.304972089035809,0.0164333565046429
8667,264000,9682000,0.0812466146390885,-0.314840264184773,0.0248704743899405
8668,265000,9682000,0.0883692529030144,-0.328450878635049,0.0215294196578674
8669,266000,9682000,0.0770688364636153,-0.299785914428532,0.0234937704567332
8670,267000,9682000,0.132911195679009,-0.342480319069326,0.0277184844431467
8671,268000,9682000,0.152296114468947,-0.384535274986923,0.0262822738779098
8672,269000,9682000,0.128391462626681,-0.343261753949523,0.0257176601186162
8673,270000,9682000,0.124777510573342,-0.413060772430897,0.027419784779381
8674,271000,9682000,0.132174433134496,-0.391014688846469,0.0299485127957771
8675,272000,9682000,0.136453010768443,-0.391753109434247,0.0315268421543296
8676,273000,9682000,0.131325736790895,-0.391268500782549,0.0290400463426136
8677,274000,9682000,0.146193334455788,-0.405501160672307,0.0425734459167346
8678,275000,9682000,0.154341584637761,-0.415059941986203,0.044060374797089
8679,276000,9682000,0.1566631343849,-0.404481369206309,0.0434769149981439
8680,277000,9682000,0.180594948197156,-0.432127597132325,0.0454033716511913
8681,278000,9682000,0.182007328535616,-0.437903436896205,0.0430094140586443
8682,279000,9682000,0.185146943551302,-0.4430323795259,0.0391670950500062
8683,280000,9682000,0.188638032379001,-0.448111599516869,0.0366583453992382
8684,281000,9682000,0.196684930242598,-0.457977885022759,0.0412669045852264
8685,282000,9682000,0.220077328804135,-0.487637242427468,0.0590433480952866
8686,283000,9682000,0.222122541005909,-0.471984198969603,0.0647162808093359
8687,284000,9682000,0.204843585345149,-0.494531833508611,0.0472399200918153
8688,285000,9682000,0.202874125784636,-0.493119065967202,0.0377299688593019
8689,286000,9682000,0.208898768997192,-0.488323763987422,0.0337978381345049
8690,287000,9682000,0.236030582225323,-0.481127194774151,0.045388429918047
8691,288000,9682000,0.239082959312201,-0.468695166915655,0.0682016705636401
8692,289000,9682000,0.245259659282118,-0.475375145587325,0.0779090570884291
8693,290000,9682000,0.287464976620674,-0.489733485537767,0.0775785362130031
8694,291000,9682000,0.360699656721205,-0.482828666552901,0.0988511203404516
8695,292000,9682000,0.406381420305371,-0.485959829941392,0.112583585316688
8696,293000,9682000,0.415330974321067,-0.49998451205492,0.130279474223591
8697,294000,9682000,0.403639214874804,-0.473727261140943,0.123859427640028
8698,295000,9682000,0.32896246124655,-0.50053610458672,0.11898076825086
8699,296000,9682000,0.422730175474286,-0.501564848855138,0.119297031035554
8700,297000,9682000,0.617256948401034,-0.49837172523886,0.0740905985158868
8701,298000,9682000,0.457054932242632,-0.495133523967862,0.145463469705079
8702,299000,9682000,0.578642193751037,-0.464812319347262,0.0906517757986207
8703,3e+05,9682000,0.746893870776892,-0.477406256727874,0.0354363540838007
8704,301000,9682000,0.749728961378336,-0.485840872210264,0.0404700375140645
8705,302000,9682000,0.738755890664458,-0.467865366014838,0.043583733260911
8706,303000,9682000,0.760216619682312,-0.48995442661047,0.03483125340119
8707,304000,9682000,0.742387875813246,-0.494807927381992,0.0381345606448129
8708,305000,9682000,0.731643293023109,-0.498052979034185,0.035697132886108
8709,306000,9682000,0.737356241354346,-0.488224406173825,0.031180157199502
8710,307000,9682000,0.716314530745149,-0.47286405954361,0.0363761941164266
8711,308000,9682000,0.669485478907824,-0.478663961336017,0.0509964785314165
8712,309000,9682000,0.609788621835411,-0.473696829980612,0.0637291947184131
8713,310000,9682000,0.485078952798247,-0.479873076847196,0.0761741744544357
8714,311000,9682000,0.502965493804216,-0.471905320394039,0.0757955210423097
8715,312000,9682000,0.407903020349145,-0.456612771488726,0.100356951116398
8716,313000,9682000,0.332933587023616,-0.461704238161445,0.115309769898746
8717,314000,9682000,0.306262135279179,-0.430454574689269,0.1098062743349
8718,315000,9682000,0.225159962697327,-0.404030248212814,0.114230380488466
8719,316000,9682000,0.262430850876868,-0.428266339662671,0.1141143215977
8720,317000,9682000,0.249499322933331,-0.445221079835296,0.111254199125711
8721,318000,9682000,0.196066374401748,-0.473510881370306,0.141758058691584
8722,319000,9682000,0.193570538967848,-0.43033920391798,0.141721768207103
8723,320000,9682000,0.171064860211313,-0.383325669485331,0.147805186358839
8724,321000,9682000,0.184356083923578,-0.406377808076143,0.153165944003314
8725,322000,9682000,0.167982981941849,-0.400651552401483,0.16078527055569
8726,323000,9682000,0.184145231009647,-0.407395743367076,0.139830746423639
8727,324000,9682000,0.193673142445087,-0.437049331307411,0.147349719234183
8728,325000,9682000,0.248807877022773,-0.476574746394157,0.13159563688226
8729,326000,9682000,0.243739089123905,-0.493751521500945,0.134936221630685
8730,327000,9682000,0.221982729891688,-0.491381671741605,0.147267149294727
8731,328000,9682000,0.161418914441019,-0.420507542304695,0.126001518745348
8732,329000,9682000,0.169233594149351,-0.406513165082037,0.11384912011195
8733,330000,9682000,0.194100620888919,-0.451118621695042,0.129472861260362
8734,331000,9682000,0.200435960039496,-0.458312547686696,0.13142272913307
8735,332000,9682000,0.197580389377475,-0.469274669532478,0.123719661198184
8736,333000,9682000,0.212480085537583,-0.463325528135896,0.114557558245957
8737,334000,9682000,0.2112382589221,-0.446552294126153,0.12207253747182
8738,335000,9682000,0.176225850386173,-0.460012723357975,0.118317545021139
8739,336000,9682000,0.193008872850984,-0.448595733872056,0.121029296637233
8740,337000,9682000,0.17499268771857,-0.4289966609478,0.113733483529184
8741,338000,9682000,0.148443970863521,-0.439933019703627,0.131128957699798
8742,339000,9682000,0.16243350084722,-0.450278964541852,0.171586243652552
8743,340000,9682000,0.174672241199017,-0.46026627394855,0.143903612216376
8744,341000,9682000,0.163716117277741,-0.449631386339664,0.142019488416612
8745,342000,9682000,0.154464010345563,-0.429565607982874,0.146665743902326
8746,343000,9682000,0.168405846969783,-0.437029777702689,0.143984724727459
8747,344000,9682000,0.178949771343544,-0.43937785307169,0.129565806539916
8748,345000,9682000,0.1757660676606,-0.439626200303435,0.134719068848807
8749,346000,9682000,0.210243840520829,-0.456663493865728,0.135313875849545
8750,347000,9682000,0.191816797753796,-0.427861197018623,0.140598576264083
8751,348000,9682000,0.19343870944865,-0.427615107348561,0.106443255551811
8752,349000,9682000,0.192279088573903,-0.414000881445408,0.14165326839257
8753,350000,9682000,0.230896488431841,-0.426570218117535,0.147372936440166
8754,351000,9682000,0.208921982826665,-0.421842436854541,0.140623466405086
8755,352000,9682000,0.185883065879717,-0.426945561119914,0.159212128229812
8756,353000,9682000,0.181470313440636,-0.431244399875402,0.125535833225399
8757,354000,9682000,0.209882168563455,-0.440807471862435,0.140240913456865
8758,355000,9682000,0.219830467193574,-0.463990983903408,0.157460613513365
8759,356000,9682000,0.22459712792784,-0.460893480405211,0.157946696539968
8760,357000,9682000,0.220305926822871,-0.454732676842809,0.151045065690763
8761,358000,9682000,0.228846998557448,-0.455324137881398,0.152372419971973
8762,359000,9682000,0.202521594045311,-0.444512349879742,0.142377224962786
8763,360000,9682000,0.19517971149087,-0.446703843399882,0.105737106496841
8764,361000,9682000,0.162903548890352,-0.445575904771686,0.128528126046993
8765,362000,9682000,0.16021869110018,-0.432273119872808,0.124217535026744
8766,363000,9682000,0.208481960410625,-0.472605917206407,0.140977740670368
8767,364000,9682000,0.173495284812897,-0.453198009690642,0.140838792317733
8768,365000,9682000,0.16456099832654,-0.472084661653638,0.115765229328722
8769,366000,9682000,0.164710590132326,-0.48659362616837,0.164862601173297
8770,367000,9682000,0.171761907070875,-0.496360320290923,0.160080359449983
8771,368000,9682000,0.169516160517931,-0.503895342680812,0.0792201664626598
8772,369000,9682000,0.171764583009109,-0.509819557762146,0.0967353387672454
8773,370000,9682000,0.171661171864718,-0.489444580453634,0.0935749650256708
8774,371000,9682000,0.189659458366781,-0.485077562043071,0.0971645885037258
8775,372000,9682000,0.166731108897179,-0.461133406314254,0.0707180842736736
8776,373000,9682000,0.214939686093479,-0.454916975919902,0.0551019752293825
8777,374000,9682000,0.185052281790972,-0.446237801918387,0.049927580017806
8778,375000,9682000,0.165323655927892,-0.394666787101464,0.0447254154780372
8779,262000,9683000,0.286427913144231,-0.470451354384422,0.0388157171439379
8780,263000,9683000,0.138939320813213,-0.421682648037374,0.0232722727404092
8781,264000,9683000,0.166046550239623,-0.41010223492384,0.0383597976430203
8782,265000,9683000,0.120486686319113,-0.378751719617844,0.0282491324068047
8783,266000,9683000,0.0793134675564244,-0.29870622536391,0.0250385274147848
8784,267000,9683000,0.148333782584593,-0.352698737059534,0.0280857132673846
8785,268000,9683000,0.117327202850953,-0.31457171369195,0.0251914700016147
8786,269000,9683000,0.107946148791537,-0.308374513912201,0.0231723068126477
8787,270000,9683000,0.102886319555715,-0.324937288247049,0.0202343940986437
8788,271000,9683000,0.118628100423887,-0.349679671832919,0.0233970162097947
8789,272000,9683000,0.113127975176647,-0.363403922998905,0.0217526672703563
8790,273000,9683000,0.133645640141144,-0.373729642792046,0.0307478318508249
8791,274000,9683000,0.144958912552148,-0.398351670375466,0.0361123257288244
8792,275000,9683000,0.167632666574419,-0.415604875928164,0.0435198891021893
8793,276000,9683000,0.167134333946556,-0.426538322463632,0.041193660579389
8794,277000,9683000,0.161468211833388,-0.430716235882044,0.0360834870520514
8795,278000,9683000,0.170743187578768,-0.435306401795149,0.03188022822903
8796,279000,9683000,0.17336315330416,-0.444413626655936,0.032730178297637
8797,280000,9683000,0.189569689863175,-0.450575189885497,0.0388529973129043
8798,281000,9683000,0.204943505132198,-0.4504493513152,0.036565479234606
8799,282000,9683000,0.199852479109913,-0.446417900648713,0.0407258388857008
8800,283000,9683000,0.211952780754119,-0.473357306778431,0.0565032797950087
8801,284000,9683000,0.218245831598341,-0.496067331591248,0.0517603056565858
8802,285000,9683000,0.193737414623797,-0.499494573408365,0.0571666213954799
8803,286000,9683000,0.199344332137704,-0.491718813040853,0.0469772864638828
8804,287000,9683000,0.211571683396399,-0.469133538636565,0.0461036361197941
8805,288000,9683000,0.204935409238935,-0.475954756584764,0.0571486707000993
8806,289000,9683000,0.223167614944279,-0.478534170427918,0.069116413233825
8807,290000,9683000,0.228448252659291,-0.47496857342422,0.0732647835612763
8808,291000,9683000,0.275710961054266,-0.472519666963816,0.084118362961919
8809,292000,9683000,0.315364536625147,-0.453104064807296,0.0922965094889514
8810,293000,9683000,0.333470314075053,-0.456876279002428,0.119719286565855
8811,294000,9683000,0.399784962327778,-0.522273561832309,0.0956140494065359
8812,295000,9683000,0.379349070593715,-0.495908529156446,0.0882008502004668
8813,296000,9683000,0.359785713736713,-0.461759723290801,0.101123466802388
8814,297000,9683000,0.37477913878113,-0.480390307822824,0.133070221021213
8815,298000,9683000,0.438444143680483,-0.48022771422863,0.110272165902331
8816,299000,9683000,0.381421610783041,-0.478064782884717,0.134770247859135
8817,3e+05,9683000,0.593592133464664,-0.488067626020312,0.0757768449625932
8818,301000,9683000,0.709476017186046,-0.471650389644504,0.0354759556197561
8819,302000,9683000,0.696493068116903,-0.47506064504385,0.0388977345040999
8820,303000,9683000,0.68590367732048,-0.47976555801034,0.0416399315107614
8821,304000,9683000,0.69503091583252,-0.48884579897821,0.0419455987383612
8822,305000,9683000,0.688802280382812,-0.503925674837828,0.0433122835851274
8823,306000,9683000,0.63581234883517,-0.496359650042653,0.0548229047540575
8824,307000,9683000,0.575613399456441,-0.465733314818144,0.060447883531265
8825,308000,9683000,0.537356219470501,-0.485031190299988,0.0636562903954182
8826,309000,9683000,0.442144731909037,-0.490295328456163,0.0800138935777359
8827,310000,9683000,0.399094510900974,-0.484400205558538,0.0998194130625576
8828,311000,9683000,0.365896698439121,-0.483321807128191,0.104660649790242
8829,312000,9683000,0.281398928284645,-0.451045608821511,0.116626314428169
8830,313000,9683000,0.270083416192979,-0.445356081263721,0.116716531936079
8831,314000,9683000,0.247749752630293,-0.41628918684423,0.10520344191948
8832,315000,9683000,0.242493065811694,-0.41893422986865,0.0995158269245178
8833,316000,9683000,0.227987339719385,-0.423830323192477,0.0993133116843179
8834,317000,9683000,0.200087792859972,-0.415062573048472,0.111050848966464
8835,318000,9683000,0.187075850846618,-0.446016834795475,0.127688175369799
8836,319000,9683000,0.178824358408153,-0.434595345693827,0.135855463187769
8837,320000,9683000,0.175102295491099,-0.393638252823055,0.146672624319606
8838,321000,9683000,0.183959872747958,-0.403010653804243,0.145266338788345
8839,322000,9683000,0.181122318865359,-0.417580172903836,0.140636953476071
8840,323000,9683000,0.263614424620569,-0.470830369231105,0.118581239962392
8841,324000,9683000,0.271433574350923,-0.494512177717686,0.117368355862051
8842,325000,9683000,0.240278201105446,-0.48523158544004,0.121420888231508
8843,326000,9683000,0.225506604825705,-0.484350816273689,0.127928828445636
8844,327000,9683000,0.175347284318507,-0.468573553788662,0.123849887675233
8845,328000,9683000,0.229806991701573,-0.48582226318121,0.138500111794658
8846,329000,9683000,0.18886829252094,-0.453169160050154,0.140973647225834
8847,330000,9683000,0.211254121023417,-0.474878245767951,0.131583469048701
8848,331000,9683000,0.216875319355726,-0.467166694755852,0.128156819368247
8849,332000,9683000,0.216905704975128,-0.491567277166247,0.113829924199358
8850,333000,9683000,0.204182804131508,-0.467260726350546,0.115463084104285
8851,334000,9683000,0.175940096600354,-0.431299535086751,0.0944866470757872
8852,335000,9683000,0.191142882443592,-0.456346243956685,0.111928654768504
8853,336000,9683000,0.214258305513114,-0.462248733764887,0.119021767326444
8854,337000,9683000,0.255736863679439,-0.444573809248209,0.124815617209114
8855,338000,9683000,0.16739081787914,-0.432803157140315,0.126001373977028
8856,339000,9683000,0.18484906655252,-0.457004237309098,0.157598764976859
8857,340000,9683000,0.244143570308387,-0.46105943402946,0.147854395945929
8858,341000,9683000,0.210850099372864,-0.441444459879398,0.147644442942739
8859,342000,9683000,0.167501381703466,-0.431622326186299,0.111182793852501
8860,343000,9683000,0.173546479548514,-0.425602166217566,0.117495365712792
8861,344000,9683000,0.190859390783682,-0.43485881677568,0.13826790364515
8862,345000,9683000,0.207741252560914,-0.453958919927478,0.126668193228357
8863,346000,9683000,0.216945171047002,-0.446075930589438,0.133323491652869
8864,347000,9683000,0.218351090422273,-0.45321093390882,0.132422301053628
8865,348000,9683000,0.176377530772984,-0.411005981945992,0.0929240697326139
8866,349000,9683000,0.153413848720118,-0.391222151903808,0.117528044833522
8867,350000,9683000,0.198561865649372,-0.425116580066085,0.146647736257687
8868,351000,9683000,0.210245562335849,-0.428861550164223,0.13247309550494
8869,352000,9683000,0.170208267594874,-0.408894160401821,0.144648003838025
8870,353000,9683000,0.168028939580172,-0.411633728002012,0.136443253907189
8871,354000,9683000,0.209093777506053,-0.435157145518065,0.134062661018968
8872,355000,9683000,0.213707796306908,-0.453918015512824,0.150088314120471
8873,356000,9683000,0.216539775958657,-0.449006716382504,0.163439097087458
8874,357000,9683000,0.227692693652213,-0.458873765221238,0.157059622821212
8875,358000,9683000,0.229276289471239,-0.467518953874707,0.162700935290381
8876,359000,9683000,0.205849619188905,-0.465676247882843,0.16653148528561
8877,360000,9683000,0.187288710431755,-0.460754116383195,0.160673759978265
8878,361000,9683000,0.177108946536481,-0.448441519039869,0.133299762850814
8879,362000,9683000,0.173795605710149,-0.443162939289212,0.136821613609046
8880,363000,9683000,0.16856880467087,-0.47050146766305,0.130161711191759
8881,364000,9683000,0.166736195071787,-0.470724894189835,0.121446243789047
8882,365000,9683000,0.156211636577547,-0.470921951934695,0.122100212628953
8883,366000,9683000,0.16242191253975,-0.484985486194491,0.133573320178315
8884,367000,9683000,0.167192513902485,-0.488889974889159,0.114351862867363
8885,368000,9683000,0.149617975605279,-0.495738532167673,0.0849164369191043
8886,369000,9683000,0.16036672173366,-0.508599097335339,0.0946443548602983
8887,370000,9683000,0.162235345648602,-0.505166313564777,0.0915053551739082
8888,371000,9683000,0.170312300954014,-0.495596887764335,0.0776342462768778
8889,372000,9683000,0.149891431413963,-0.460274581837654,0.0575216926745139
8890,373000,9683000,0.234794189798087,-0.466172715690732,0.0648734286091756
8891,374000,9683000,0.187149217203259,-0.452486109670997,0.0517517260570079
8892,375000,9683000,0.180148694000461,-0.417374710142612,0.0519563951355998
8893,262000,9684000,0.218902597192675,-0.478843947887421,0.0408920790145639
8894,263000,9684000,0.195375463089347,-0.485054445242882,0.0347392712423345
8895,264000,9684000,0.246419650010765,-0.464689204710722,0.0540455700168386
8896,265000,9684000,0.246651148892939,-0.464814983868599,0.0500490356717259
8897,266000,9684000,0.176279536087438,-0.414515815736353,0.0308805342989275
8898,267000,9684000,0.128582891276851,-0.353743495877087,0.0304456899406156
8899,268000,9684000,0.112352316704392,-0.355059449441731,0.0206749228268978
8900,269000,9684000,0.11348296575658,-0.372790778531134,0.0211515185718774
8901,270000,9684000,0.117295665775985,-0.400703556725383,0.0214785037767375
8902,271000,9684000,0.113765026741475,-0.331834680761397,0.0214879211772815
8903,272000,9684000,0.114329114927724,-0.322088714772463,0.0234044194620044
8904,273000,9684000,0.139834693166241,-0.371367472827435,0.0336933363359887
8905,274000,9684000,0.150493037841469,-0.400991212934256,0.034660247764294
8906,275000,9684000,0.137445345737785,-0.38470925334245,0.0285514904086711
8907,276000,9684000,0.141519894494489,-0.395911322841048,0.0294818505575182
8908,277000,9684000,0.15644648746103,-0.421004580631852,0.0366453873818042
8909,278000,9684000,0.15984912417084,-0.419415999516845,0.0334619979133131
8910,279000,9684000,0.189455531071126,-0.447158163201809,0.0318563857648522
8911,280000,9684000,0.189616314201802,-0.45228138666153,0.0301934376458114
8912,281000,9684000,0.200753403756022,-0.459269375631213,0.034699408103805
8913,282000,9684000,0.201573270183802,-0.445090108028054,0.0340808968744241
8914,283000,9684000,0.195988205508888,-0.483220371651649,0.0363500415537972
8915,284000,9684000,0.215691707363725,-0.489594236165285,0.0521566453643143
8916,285000,9684000,0.209422838002443,-0.494831101423502,0.0621779609560967
8917,286000,9684000,0.192933290676773,-0.48775218423903,0.0492244860982522
8918,287000,9684000,0.191080623987317,-0.479770889517665,0.0592647741295397
8919,288000,9684000,0.199618280293047,-0.482251914221048,0.0617225985215046
8920,289000,9684000,0.2303354530707,-0.474103970775008,0.0465977953496738
8921,290000,9684000,0.224889779693633,-0.481073619285226,0.0529451591679826
8922,291000,9684000,0.259778601082414,-0.467068911087513,0.077243670678325
8923,292000,9684000,0.259071777464449,-0.4555894003883,0.0837181616511196
8924,293000,9684000,0.241951251039654,-0.444900270134211,0.0914047066007741
8925,294000,9684000,0.28168637118414,-0.489873345014453,0.107135467976891
8926,295000,9684000,0.32999216607511,-0.460046243840456,0.0786082663620356
8927,296000,9684000,0.398561667591333,-0.478395642030239,0.0812696377641987
8928,297000,9684000,0.348360151582956,-0.463651837787032,0.123261624590494
8929,298000,9684000,0.410397760222852,-0.482924080166221,0.0943956296199001
8930,299000,9684000,0.376887814580649,-0.47111886433959,0.106195241345651
8931,3e+05,9684000,0.340296202490199,-0.45044462300241,0.101946033383114
8932,301000,9684000,0.35818473213762,-0.450029188272357,0.093555331607163
8933,302000,9684000,0.322718530647457,-0.428701651707292,0.0970447919708677
8934,303000,9684000,0.316767979263514,-0.421276992937922,0.108053159216233
8935,304000,9684000,0.318712920597941,-0.446639497250319,0.0985700046537444
8936,305000,9684000,0.333067265245318,-0.474540344835818,0.106495587166213
8937,306000,9684000,0.355149969953299,-0.473965055683255,0.107847812578082
8938,307000,9684000,0.443457985773683,-0.466847887456417,0.0739971566809341
8939,308000,9684000,0.401782301472127,-0.493528434568644,0.0776923105705529
8940,309000,9684000,0.367278082510829,-0.49356748328805,0.0924380331415683
8941,310000,9684000,0.32957062779516,-0.481654381147027,0.105761160251126
8942,311000,9684000,0.314179385988414,-0.492655477201939,0.10608946351558
8943,312000,9684000,0.283096489420533,-0.456195121750236,0.106978898882307
8944,313000,9684000,0.240029090768099,-0.428538565275073,0.102445969467424
8945,314000,9684000,0.255053508222848,-0.437641199710965,0.100465350257047
8946,315000,9684000,0.224256435041875,-0.424242432308197,0.1050517308034
8947,316000,9684000,0.23204878828004,-0.430726844167709,0.106642651343532
8948,317000,9684000,0.229012492482364,-0.446004900622368,0.11776235293448
8949,318000,9684000,0.194020497369766,-0.437445926833153,0.140350377094001
8950,319000,9684000,0.18779177692011,-0.430701878577471,0.125571780784801
8951,320000,9684000,0.189821794656664,-0.406140569198132,0.136629249798134
8952,321000,9684000,0.192222805219144,-0.41737101303339,0.147490698769689
8953,322000,9684000,0.192022339203954,-0.436033909657598,0.147109537191316
8954,323000,9684000,0.254275897033513,-0.492306044635177,0.118859139736369
8955,324000,9684000,0.270077760209143,-0.509242590636015,0.111515673215315
8956,325000,9684000,0.236470945686102,-0.486498125728965,0.115062597054988
8957,326000,9684000,0.225980142893642,-0.490490717563033,0.122723674570769
8958,327000,9684000,0.240939447593689,-0.501836135160923,0.126038794792444
8959,328000,9684000,0.24399301668331,-0.507554184529185,0.13288595943898
8960,329000,9684000,0.243218490035832,-0.513913519513607,0.130254534024745
8961,330000,9684000,0.249768506019562,-0.495132490599155,0.122136982670054
8962,331000,9684000,0.211406998492964,-0.465293915883452,0.117279550449643
8963,332000,9684000,0.206394818904996,-0.470898684251308,0.119426460969262
8964,333000,9684000,0.213026091991365,-0.47676286996901,0.124359365023673
8965,334000,9684000,0.231740278679878,-0.476272190451622,0.115435069278628
8966,335000,9684000,0.190176496319473,-0.452523948132992,0.0957648135571741
8967,336000,9684000,0.219881717754155,-0.468366221830249,0.134050663864799
8968,337000,9684000,0.305784298756719,-0.464570940411091,0.137318374014646
8969,338000,9684000,0.211600667028874,-0.433068973973393,0.136302867722698
8970,339000,9684000,0.174009635687619,-0.417317071096599,0.147151293347124
8971,340000,9684000,0.197085509397089,-0.451849662405252,0.14974732894972
8972,341000,9684000,0.174774176702648,-0.427160117357969,0.114203051652573
8973,342000,9684000,0.181672558803856,-0.440480327758193,0.131049702026881
8974,343000,9684000,0.197805695378035,-0.447948090961576,0.137778565187752
8975,344000,9684000,0.202247781645507,-0.448718680262566,0.131547049734741
8976,345000,9684000,0.22340153927505,-0.457934314516187,0.127116992131993
8977,346000,9684000,0.218497732723504,-0.462206010469794,0.138104070946574
8978,347000,9684000,0.213287121129781,-0.453425802761316,0.140725781389326
8979,348000,9684000,0.189205291610956,-0.427505579721928,0.117614720701613
8980,349000,9684000,0.157903274442721,-0.406800311262906,0.133279754240438
8981,350000,9684000,0.18751097313147,-0.429316013726592,0.161052283942513
8982,351000,9684000,0.167787549336627,-0.411757723864913,0.127998308634199
8983,352000,9684000,0.16016966451928,-0.399690591037273,0.131140481938422
8984,353000,9684000,0.119772846542485,-0.366545526184142,0.131097409747588
8985,354000,9684000,0.134853482489847,-0.393136604441702,0.0984533062536269
8986,355000,9684000,0.174887861547619,-0.412133289192617,0.125338605356589
8987,356000,9684000,0.208297936891764,-0.432956809839606,0.15242749322243
8988,357000,9684000,0.217363035946339,-0.45174478739202,0.162520405132137
8989,358000,9684000,0.225313514158875,-0.473831685805321,0.162076031206176
8990,359000,9684000,0.219318202647567,-0.471144895112515,0.161337616971135
8991,360000,9684000,0.213049543980509,-0.477723841825128,0.141159087727964
8992,361000,9684000,0.171146184512973,-0.457348544555902,0.143199852585793
8993,362000,9684000,0.171725225536898,-0.441629826374352,0.115011584444437
8994,363000,9684000,0.156842575852573,-0.457331502744555,0.153011895379797
8995,364000,9684000,0.17401977558732,-0.468810585340858,0.130144633711874
8996,365000,9684000,0.16808013298586,-0.471279706794024,0.0905210865253583
8997,366000,9684000,0.151844667780399,-0.478863769644499,0.143954203955736
8998,367000,9684000,0.16292487154305,-0.486959426942468,0.121671373393387
8999,368000,9684000,0.168014995437115,-0.493088524454832,0.127440649502724
9000,369000,9684000,0.17839661866352,-0.492923335662484,0.13248784600161
9001,370000,9684000,0.199328534458578,-0.499347059676051,0.115444431017525
9002,371000,9684000,0.179180981335975,-0.476604339772463,0.0991678958997712
9003,372000,9684000,0.15149646246545,-0.438864568212628,0.0672055640007369
9004,373000,9684000,0.260987788211554,-0.487148349931836,0.0822722173886839
9005,374000,9684000,0.191530650781095,-0.488228212845325,0.0803376698877662
9006,375000,9684000,0.171973416493698,-0.464504232271151,0.0658866894211281
9007,262000,9685000,0.120544370114803,-0.405622731566429,0.0380509387459606
9008,263000,9685000,0.179257643970847,-0.463632702288032,0.0405377635055687
9009,264000,9685000,0.204444799724221,-0.461290611538291,0.0357013151541236
9010,265000,9685000,0.219945674105361,-0.450630922710896,0.0402539611096028
9011,266000,9685000,0.27470763631314,-0.471187008598447,0.0463346407018835
9012,267000,9685000,0.146448762129247,-0.390489264148474,0.0271274780619657
9013,268000,9685000,0.141211798970401,-0.476913165748119,0.0254037695812527
9014,269000,9685000,0.141977407348156,-0.458308486835659,0.0291960172606632
9015,270000,9685000,0.115785742167011,-0.3267150500983,0.0222726290823659
9016,271000,9685000,0.134055977930501,-0.341449139556289,0.0297243681484077
9017,272000,9685000,0.119719911082461,-0.318055813065171,0.023142451472109
9018,273000,9685000,0.129577771124244,-0.364612285500765,0.0210906755770091
9019,274000,9685000,0.131334198030457,-0.356239228947461,0.0253096689009573
9020,275000,9685000,0.120893648257479,-0.34446459056735,0.0236355171112751
9021,276000,9685000,0.151536352689564,-0.400325321935117,0.0318178095344105
9022,277000,9685000,0.153998085251451,-0.410005648753047,0.0287467132185353
9023,278000,9685000,0.151000151937455,-0.410556541678309,0.0263749713122525
9024,279000,9685000,0.176689596316218,-0.43748912473619,0.0322779957471881
9025,280000,9685000,0.162598793334514,-0.410308819839358,0.030014305504295
9026,281000,9685000,0.192180221995711,-0.426812469130754,0.0294278769630648
9027,282000,9685000,0.212818711639196,-0.449790713071823,0.03286181646568
9028,283000,9685000,0.198525800452381,-0.457006805917621,0.0373654082345776
9029,284000,9685000,0.205892345948517,-0.487622199004889,0.0527500515807886
9030,285000,9685000,0.192941083678603,-0.482793617323041,0.0571992293076124
9031,286000,9685000,0.181633912755549,-0.496114621949196,0.0547195457343943
9032,287000,9685000,0.182557204939425,-0.501484553706646,0.0491418346979655
9033,288000,9685000,0.197674348342419,-0.50348303578496,0.0584031673893332
9034,289000,9685000,0.226538459722698,-0.511423269832134,0.0636094446208328
9035,290000,9685000,0.228308243519068,-0.497146990180016,0.0553431216212921
9036,291000,9685000,0.216446702878177,-0.464290938156843,0.0658522439282388
9037,292000,9685000,0.234280370049179,-0.448326095989347,0.085740991923213
9038,293000,9685000,0.242840166000277,-0.447121910816431,0.0831170307612047
9039,294000,9685000,0.260126561909914,-0.50571752204895,0.0897905189292505
9040,295000,9685000,0.264896640545875,-0.464950852349401,0.0992162817584351
9041,296000,9685000,0.269557806714624,-0.451723335072398,0.10440388190262
9042,297000,9685000,0.269901797971129,-0.449291724646091,0.114309716328792
9043,298000,9685000,0.279794641253352,-0.474494836434722,0.105780067515746
9044,299000,9685000,0.267199842588604,-0.455602317667007,0.108118002626114
9045,3e+05,9685000,0.276130049628764,-0.450039815288782,0.11826523151123
9046,301000,9685000,0.266650529420376,-0.454937942031026,0.0996192395166494
9047,302000,9685000,0.254961650978774,-0.441490495017171,0.106801340991817
9048,303000,9685000,0.210419450814277,-0.411947384563088,0.110347064141557
9049,304000,9685000,0.236298692281544,-0.425966014307737,0.102978949086275
9050,305000,9685000,0.240155546123534,-0.456928203114867,0.10767697235737
9051,306000,9685000,0.276293074331433,-0.468203968364,0.105823765486106
9052,307000,9685000,0.311775216990709,-0.495523914670944,0.0895315096076578
9053,308000,9685000,0.275977559752762,-0.494609222117066,0.0866497887931764
9054,309000,9685000,0.298740942211449,-0.498862990090251,0.09595999468714
9055,310000,9685000,0.324257677045465,-0.488629845449328,0.107963720038906
9056,311000,9685000,0.299476953488588,-0.501964362210035,0.105310260483995
9057,312000,9685000,0.251238463858515,-0.458168230053782,0.112748350128159
9058,313000,9685000,0.258509217007458,-0.45892955185473,0.101476078962348
9059,314000,9685000,0.242798588378727,-0.452458465334773,0.111107356932387
9060,315000,9685000,0.225446337594092,-0.445251357641816,0.108871338929981
9061,316000,9685000,0.239205232748389,-0.461417403498292,0.109651778444834
9062,317000,9685000,0.23518659093231,-0.463849753445387,0.115898798432201
9063,318000,9685000,0.228858090890944,-0.454453568002582,0.12853157386221
9064,319000,9685000,0.259628411587328,-0.45909340749383,0.106692255124636
9065,320000,9685000,0.244929265515506,-0.456702015182376,0.117786099806428
9066,321000,9685000,0.232784205941856,-0.448142021983862,0.124512931183353
9067,322000,9685000,0.199865249266475,-0.440339326152205,0.0942646901797503
9068,323000,9685000,0.248207659589499,-0.49004815145433,0.112036463118345
9069,324000,9685000,0.257609341038764,-0.503366508376598,0.115729759369977
9070,325000,9685000,0.242265287336707,-0.489651755329967,0.110066645295173
9071,326000,9685000,0.256356526853144,-0.503086854884028,0.116255242662504
9072,327000,9685000,0.243524706237018,-0.514983176091313,0.106464089254662
9073,328000,9685000,0.226735279972106,-0.50665945957005,0.115575236869976
9074,329000,9685000,0.248503543549031,-0.495276491513848,0.108244298946485
9075,330000,9685000,0.242264983358979,-0.497081595379114,0.121992892037332
9076,331000,9685000,0.221637811981142,-0.4726703571558,0.127896225177497
9077,332000,9685000,0.209037614551187,-0.480075165751576,0.110895657239854
9078,333000,9685000,0.203146851661056,-0.458040714666247,0.0897698107559234
9079,334000,9685000,0.211346267420053,-0.459612709012628,0.0912019397833385
9080,335000,9685000,0.207038511180505,-0.454377914386988,0.106129098541196
9081,336000,9685000,0.229697588203102,-0.471197747248411,0.133198690186627
9082,337000,9685000,0.302715868138522,-0.475009917759895,0.136014642081968
9083,338000,9685000,0.291731870435923,-0.455249989619851,0.140644611923583
9084,339000,9685000,0.174928828008473,-0.405725272926688,0.137521285156999
9085,340000,9685000,0.20518862971589,-0.444997050109506,0.118998390865978
9086,341000,9685000,0.204498910853267,-0.453565181934834,0.109653228478692
9087,342000,9685000,0.186751358126849,-0.445649571530521,0.123586679386301
9088,343000,9685000,0.184244085024297,-0.442999127206206,0.137236814950034
9089,344000,9685000,0.20971165683195,-0.454435724920034,0.135862036508322
9090,345000,9685000,0.21486428122744,-0.468171262270212,0.160165173275024
9091,346000,9685000,0.19775140126273,-0.446049514985085,0.148118150191754
9092,347000,9685000,0.194251453144476,-0.444794673353434,0.144793261443824
9093,348000,9685000,0.185954757669568,-0.430742922514677,0.132564506352693
9094,349000,9685000,0.151943499058671,-0.395549344425648,0.117703339037718
9095,350000,9685000,0.156182447206601,-0.401228590296209,0.144497774704359
9096,351000,9685000,0.195284303583205,-0.409790641669929,0.145497201822419
9097,352000,9685000,0.145228712046996,-0.380523832140863,0.148170943357004
9098,353000,9685000,0.113061717174947,-0.357058909766376,0.1293460742753
9099,354000,9685000,0.111709110102803,-0.339043525968492,0.130462772780331
9100,355000,9685000,0.120564608537406,-0.376614758989215,0.112006666123122
9101,356000,9685000,0.133241002042219,-0.387913751597703,0.140470342559554
9102,357000,9685000,0.18487669355385,-0.431741605192423,0.163052112821862
9103,358000,9685000,0.20628899788931,-0.451649302709103,0.15414255104214
9104,359000,9685000,0.208355906760693,-0.474818620702624,0.147553795225918
9105,360000,9685000,0.212853521703929,-0.476821701622009,0.149921446269378
9106,361000,9685000,0.188594464657456,-0.467522332522273,0.150727215112001
9107,362000,9685000,0.186136156340688,-0.471298587208986,0.138154105591774
9108,363000,9685000,0.14693828644231,-0.444516981238127,0.143617033759877
9109,364000,9685000,0.157269108664989,-0.462103646084666,0.11959985371884
9110,365000,9685000,0.160572608484328,-0.47682932472229,0.10042325909175
9111,366000,9685000,0.155641317769885,-0.480826768663526,0.140733024479821
9112,367000,9685000,0.160533721741289,-0.490008004161716,0.140885707023926
9113,368000,9685000,0.156132420996577,-0.482714669510722,0.166469469937682
9114,369000,9685000,0.156916909608245,-0.473238652968407,0.16607730723992
9115,370000,9685000,0.173933741766214,-0.485364543455839,0.129474587223306
9116,371000,9685000,0.169822363772243,-0.476723719856143,0.0890446998927742
9117,372000,9685000,0.212452779111266,-0.459290800639987,0.0864061766191618
9118,373000,9685000,0.330277478312701,-0.524896708327532,0.0798648176404648
9119,374000,9685000,0.239900465671718,-0.515190486249328,0.102834295963496
9120,375000,9685000,0.24078007672998,-0.530223487371748,0.0771340345913036
9121,262000,9686000,0.110934422105551,-0.397515961766243,0.0328597407427151
9122,263000,9686000,0.117578817880899,-0.402692215439677,0.03189258971042
9123,264000,9686000,0.16463585254997,-0.47011733661294,0.030460428269417
9124,265000,9686000,0.15920380012542,-0.461633942908049,0.0297094587118365
9125,266000,9686000,0.154664866565168,-0.436300700576603,0.0244871910098765
9126,267000,9686000,0.199293781989813,-0.453458197450638,0.0295887626700802
9127,268000,9686000,0.121332802368701,-0.386099782273173,0.0204234644576034
9128,269000,9686000,0.118989181995764,-0.368973910155892,0.0209432077085075
9129,270000,9686000,0.115873677449673,-0.335626884235442,0.0160285733124998
9130,271000,9686000,0.124216743237898,-0.336872546458244,0.0199676532860612
9131,272000,9686000,0.116287743335217,-0.312336533403397,0.018637108396244
9132,273000,9686000,0.119818041492626,-0.332298077487946,0.0163138508937845
9133,274000,9686000,0.135160355971754,-0.341417143134773,0.0229007594530878
9134,275000,9686000,0.145846030628681,-0.372838834713399,0.0248343477076531
9135,276000,9686000,0.144123826704919,-0.380907020971179,0.0249740361642675
9136,277000,9686000,0.140759882044047,-0.376256856001914,0.0255153362887097
9137,278000,9686000,0.147125846508145,-0.402404511985183,0.0233492958231189
9138,279000,9686000,0.150901823144406,-0.406610080915689,0.0259926347149478
9139,280000,9686000,0.160147262528539,-0.404987618619204,0.0257400199407944
9140,281000,9686000,0.170796970260143,-0.419190580946207,0.0253927408079617
9141,282000,9686000,0.185475539302826,-0.426718780604005,0.0261166969244077
9142,283000,9686000,0.198815503653884,-0.45490760269165,0.0400036990261171
9143,284000,9686000,0.201160262537003,-0.489331264793873,0.0557528295418248
9144,285000,9686000,0.196325191131234,-0.495538044440746,0.0509266939729452
9145,286000,9686000,0.19269348539114,-0.50221165355742,0.0457729636535514
9146,287000,9686000,0.204473506557941,-0.5019206710428,0.0461798014583066
9147,288000,9686000,0.203577463956177,-0.499241667383909,0.0519542583892122
9148,289000,9686000,0.232015963454545,-0.501776588380337,0.0704258583361283
9149,290000,9686000,0.227873209504783,-0.469630727207661,0.0592906732047908
9150,291000,9686000,0.216798327000439,-0.454809015190601,0.0615287029575557
9151,292000,9686000,0.20590078804642,-0.443556937476993,0.0753424688879401
9152,293000,9686000,0.241604930844903,-0.448336823502183,0.0882850297044031
9153,294000,9686000,0.252147809518874,-0.473910442379117,0.0758452603790909
9154,295000,9686000,0.228984340649098,-0.46899964736402,0.0804917108105496
9155,296000,9686000,0.247093575076014,-0.453927060638368,0.101515555727109
9156,297000,9686000,0.241086580237746,-0.468145685651898,0.115898182171024
9157,298000,9686000,0.262992661508918,-0.459418170872331,0.118126439180039
9158,299000,9686000,0.232145773907751,-0.474107583010197,0.0918107989933342
9159,3e+05,9686000,0.233832690950483,-0.484904746067524,0.110185681097396
9160,301000,9686000,0.223800791672617,-0.446368885198236,0.097736724969931
9161,302000,9686000,0.239520865422115,-0.445119792722911,0.10930795858046
9162,303000,9686000,0.206791350151598,-0.427177348232269,0.11402967803888
9163,304000,9686000,0.204382102238387,-0.438088478079438,0.116285795247369
9164,305000,9686000,0.223341866266727,-0.472371615329385,0.0929836459742859
9165,306000,9686000,0.205549313489348,-0.456168525400758,0.0877725960418582
9166,307000,9686000,0.26246394315213,-0.501923767656088,0.100802983064204
9167,308000,9686000,0.254684930510819,-0.507143773844838,0.0978464611906558
9168,309000,9686000,0.277535301865637,-0.495719048967957,0.100692668849602
9169,310000,9686000,0.273045811788738,-0.489441422373056,0.116451260116696
9170,311000,9686000,0.273895015765727,-0.488349992534518,0.110519413632527
9171,312000,9686000,0.277238433897495,-0.487330254539847,0.114825683027133
9172,313000,9686000,0.259120183497667,-0.479878103783727,0.110519972801208
9173,314000,9686000,0.231747142398357,-0.478765064236522,0.109320576766133
9174,315000,9686000,0.260045772174746,-0.460314810633659,0.0965998635489494
9175,316000,9686000,0.242051869086921,-0.475024512985349,0.103834863525443
9176,317000,9686000,0.2354194541201,-0.469655082309246,0.11373574488014
9177,318000,9686000,0.277429132956266,-0.480073627352715,0.102230079412088
9178,319000,9686000,0.294678947262466,-0.473916780433059,0.101984829960391
9179,320000,9686000,0.247468583889306,-0.48711825338304,0.103736206576228
9180,321000,9686000,0.240437184389681,-0.451483205258846,0.0938299427866936
9181,322000,9686000,0.229167510487139,-0.463346028801799,0.091403866577521
9182,323000,9686000,0.24014119855985,-0.486200178420544,0.105063935383037
9183,324000,9686000,0.238951389153302,-0.505898099800944,0.110335475806147
9184,325000,9686000,0.230113329045475,-0.501550704863667,0.112856650428846
9185,326000,9686000,0.245572252818942,-0.502334919366241,0.120860534992814
9186,327000,9686000,0.226692093628645,-0.496186708152294,0.102234986864589
9187,328000,9686000,0.215453045491874,-0.502243138468266,0.109957607471943
9188,329000,9686000,0.216116687832773,-0.500544553133845,0.118780509142205
9189,330000,9686000,0.224375110985339,-0.494807404604554,0.111925351663306
9190,331000,9686000,0.216160206030309,-0.469528550505638,0.114085893102363
9191,332000,9686000,0.194317340137064,-0.461747584828734,0.0912769997613505
9192,333000,9686000,0.225104143736511,-0.461528117868304,0.0894170764092822
9193,334000,9686000,0.199931302755326,-0.442099251417816,0.085812096625194
9194,335000,9686000,0.205416913289786,-0.447355441498756,0.104707421072572
9195,336000,9686000,0.220122773365676,-0.459555090782046,0.109061515857279
9196,337000,9686000,0.221423247051984,-0.458600067454576,0.118227178917639
9197,338000,9686000,0.212504789607227,-0.462891145122051,0.142842087395675
9198,339000,9686000,0.203260856283456,-0.432985351145267,0.135782914670371
9199,340000,9686000,0.187950357634574,-0.443795701095462,0.163079607433826
9200,341000,9686000,0.185234950050712,-0.446534042137861,0.16213103210032
9201,342000,9686000,0.189577889290452,-0.458153458982706,0.148310750019923
9202,343000,9686000,0.168822028633207,-0.431421823778748,0.120116999492981
9203,344000,9686000,0.211562497816235,-0.464992203575373,0.1581385474585
9204,345000,9686000,0.210305080812424,-0.465795515087247,0.15649661138393
9205,346000,9686000,0.199029594441876,-0.461627362599969,0.158778401202895
9206,347000,9686000,0.172746795465052,-0.446369416499138,0.146521566537023
9207,348000,9686000,0.180583231570944,-0.428366095298529,0.132175134270638
9208,349000,9686000,0.168867725862935,-0.410290189383924,0.116942572030798
9209,350000,9686000,0.148808698485792,-0.387362593333423,0.126408915890567
9210,351000,9686000,0.170319125181064,-0.393700190137327,0.107572160209995
9211,352000,9686000,0.205082415010966,-0.387814346297085,0.105416171638656
9212,353000,9686000,0.218574563463032,-0.40175409668982,0.152954572635144
9213,354000,9686000,0.11021601533033,-0.329265217201412,0.123728108871914
9214,355000,9686000,0.127942048895732,-0.389342664352059,0.140305627489649
9215,356000,9686000,0.17692046520263,-0.423140611070395,0.141651058725454
9216,357000,9686000,0.195639931426942,-0.448896947771311,0.154306431779638
9217,358000,9686000,0.207025467255712,-0.462921111994982,0.145864683264494
9218,359000,9686000,0.215055860495567,-0.477041989693046,0.14992964672856
9219,360000,9686000,0.200889809881896,-0.47258410140276,0.137357481897995
9220,361000,9686000,0.194616651895642,-0.47455194606185,0.116424368047342
9221,362000,9686000,0.207892540687323,-0.472513647416234,0.113126545465365
9222,363000,9686000,0.157444144892693,-0.451487734442949,0.154681417363882
9223,364000,9686000,0.159865654821694,-0.461181082984805,0.121257110365108
9224,365000,9686000,0.15764913264215,-0.479660886657238,0.101207685287762
9225,366000,9686000,0.164193680316955,-0.491286451429129,0.0726100181546993
9226,367000,9686000,0.171785863600671,-0.492616726651788,0.107249922408536
9227,368000,9686000,0.178889520741254,-0.486007976466417,0.146731195932627
9228,369000,9686000,0.152979807193577,-0.452866232410073,0.165243325623497
9229,370000,9686000,0.171303862057254,-0.466874106374383,0.133492268606462
9230,371000,9686000,0.151350557044521,-0.434329686522484,0.107297763581038
9231,372000,9686000,0.210696188592911,-0.429839727759361,0.120123744606925
9232,373000,9686000,0.35395351125896,-0.524623077842593,0.0717565258831717
9233,374000,9686000,0.332513027268648,-0.533579343485832,0.0870233936252073
9234,375000,9686000,0.250384434881535,-0.525856193981387,0.0942373506665568
9235,262000,9687000,0.124117972582579,-0.410823294714093,0.0352274056621827
9236,263000,9687000,0.116010726226121,-0.399333761760592,0.0317247332890984
9237,264000,9687000,0.136105121589452,-0.423975436770916,0.0316763862652238
9238,265000,9687000,0.140918941174075,-0.456208176738024,0.0343017355356133
9239,266000,9687000,0.15303933297582,-0.443261049890518,0.0329282330060145
9240,267000,9687000,0.208020110549778,-0.467202160474658,0.0262237860494526
9241,268000,9687000,0.15515042867735,-0.425959594963491,0.0178119820983033
9242,269000,9687000,0.0964793061058968,-0.32467456651479,0.0157814833128359
9243,270000,9687000,0.109671601167694,-0.344403330305219,0.0174888809408672
9244,271000,9687000,0.134796706398204,-0.366323654894717,0.0306986597366689
9245,272000,9687000,0.134475324849039,-0.3377796093449,0.0187782644258114
9246,273000,9687000,0.112410680314526,-0.323650217632949,0.0139749442881381
9247,274000,9687000,0.141608738257736,-0.383865454941988,0.0197863029534928
9248,275000,9687000,0.138689900413156,-0.369663589093089,0.0231543674298446
9249,276000,9687000,0.117131725114211,-0.349836138951778,0.0206467438872205
9250,277000,9687000,0.130274464149401,-0.37177255807519,0.0244950784164364
9251,278000,9687000,0.137274166448787,-0.385733747449517,0.0210696410846896
9252,279000,9687000,0.141607447253168,-0.389619495138526,0.0196988347693055
9253,280000,9687000,0.132974781434238,-0.373016522464156,0.0135848941101023
9254,281000,9687000,0.172124593736976,-0.436320583128929,0.0223285054451495
9255,282000,9687000,0.188119718334079,-0.455588227438927,0.0279213832107373
9256,283000,9687000,0.192334874179214,-0.467735048931837,0.0348650278974092
9257,284000,9687000,0.189785705578327,-0.474679039978981,0.0414477860884508
9258,285000,9687000,0.194098894198239,-0.485675336828828,0.0384864002901129
9259,286000,9687000,0.198156737206876,-0.496750732532144,0.0289635581285693
9260,287000,9687000,0.21093156965524,-0.496318643283844,0.0449257217738079
9261,288000,9687000,0.218504063642025,-0.495662258079648,0.0556716416293755
9262,289000,9687000,0.231784216415882,-0.494983667442203,0.0606811256762594
9263,290000,9687000,0.236120542539656,-0.495635545516014,0.0668004605887458
9264,291000,9687000,0.239337553524971,-0.533637329989672,0.0666578079244122
9265,292000,9687000,0.210554576806724,-0.491609483551979,0.0636405514640734
9266,293000,9687000,0.207845636093616,-0.474443546772003,0.0699868551719934
9267,294000,9687000,0.211112348265946,-0.480023605898023,0.0665190143408254
9268,295000,9687000,0.197923582394421,-0.450843550351262,0.0620408978238702
9269,296000,9687000,0.212731804995239,-0.464371477022767,0.0642918067851104
9270,297000,9687000,0.221459602133185,-0.477545321288705,0.0645314905067207
9271,298000,9687000,0.234812419534475,-0.506349967044592,0.0683231329262257
9272,299000,9687000,0.234909058823436,-0.490717840316892,0.0676967161685228
9273,3e+05,9687000,0.235899674684554,-0.470881407120824,0.0850242037662305
9274,301000,9687000,0.233229044647515,-0.470781295630336,0.0748791191808879
9275,302000,9687000,0.221011197962612,-0.469833454266191,0.0841989355823025
9276,303000,9687000,0.194970291352272,-0.454940017643571,0.0663676000707783
9277,304000,9687000,0.229531622236967,-0.497514998713136,0.0743245723746717
9278,305000,9687000,0.219986680683494,-0.484502302417159,0.0778517779801041
9279,306000,9687000,0.239349163521826,-0.482947681587934,0.0779631872082129
9280,307000,9687000,0.24231160428077,-0.49038492076993,0.106115392557532
9281,308000,9687000,0.234121359111369,-0.489834289479256,0.0803638072913513
9282,309000,9687000,0.245219144129753,-0.489075838670135,0.0926408702109009
9283,310000,9687000,0.248756959143281,-0.497288706731796,0.128548911430314
9284,311000,9687000,0.240973969309032,-0.483249772909284,0.11420417865403
9285,312000,9687000,0.254021220211685,-0.481588778662682,0.130548564879596
9286,313000,9687000,0.269001190942526,-0.483225958836079,0.131885739413649
9287,314000,9687000,0.242709380145371,-0.482689453110099,0.102775567823276
9288,315000,9687000,0.261180401283503,-0.481595787972212,0.0836260194981471
9289,316000,9687000,0.246326103672385,-0.482034258663654,0.107799805916473
9290,317000,9687000,0.248895289561152,-0.492300478389859,0.104458825071529
9291,318000,9687000,0.25648078032434,-0.490763019487262,0.0880554611910135
9292,319000,9687000,0.258335738447309,-0.482648676970601,0.10524204153195
9293,320000,9687000,0.251438438874483,-0.488125136214495,0.0927108946271241
9294,321000,9687000,0.24331925187856,-0.482446056213975,0.0783611106770113
9295,322000,9687000,0.247451372247934,-0.468672571882606,0.0995601268470287
9296,323000,9687000,0.241170939731598,-0.495576062873006,0.120947938450798
9297,324000,9687000,0.229324083401263,-0.508650142931938,0.118657353811711
9298,325000,9687000,0.239612064988911,-0.49505404073596,0.102738944375701
9299,326000,9687000,0.220788097795099,-0.488858190760016,0.0913914009276778
9300,327000,9687000,0.21926831240356,-0.489951245984435,0.0982609217576683
9301,328000,9687000,0.22654954508394,-0.507368395039439,0.114177861143276
9302,329000,9687000,0.219477510968596,-0.500379629915953,0.102983750750124
9303,330000,9687000,0.209903785820305,-0.476126036536694,0.113275893890858
9304,331000,9687000,0.206009560400248,-0.473533797580004,0.116247617057897
9305,332000,9687000,0.197370063263923,-0.435075007346272,0.0806574484691955
9306,333000,9687000,0.185020217917115,-0.441259218418598,0.0935760510815307
9307,334000,9687000,0.217336035930365,-0.444160387933254,0.0975214723905549
9308,335000,9687000,0.284488850712031,-0.467898881697655,0.118779038003273
9309,336000,9687000,0.301160088457167,-0.469845255032182,0.114540983779449
9310,337000,9687000,0.260263224903494,-0.478585230851173,0.12430393246077
9311,338000,9687000,0.223380499046296,-0.476933564805984,0.103497400651872
9312,339000,9687000,0.181100032860041,-0.43496404787302,0.094611663592048
9313,340000,9687000,0.172838677555695,-0.431254953968525,0.152581956506148
9314,341000,9687000,0.16527210140042,-0.403056501501799,0.163929271594621
9315,342000,9687000,0.169724038843438,-0.423443468764424,0.126827655088995
9316,343000,9687000,0.177374024835974,-0.447478481280804,0.146742540153675
9317,344000,9687000,0.190476384555548,-0.465473372381926,0.141059758172557
9318,345000,9687000,0.186273310020566,-0.462080261898041,0.167127399107814
9319,346000,9687000,0.187363099331409,-0.465716157793999,0.157652255934849
9320,347000,9687000,0.183279846085608,-0.459785464301705,0.133969122350402
9321,348000,9687000,0.14933971942775,-0.427025224035978,0.110332768971007
9322,349000,9687000,0.152465765655786,-0.415193098467588,0.123018188433535
9323,350000,9687000,0.145797176003456,-0.392412533296645,0.0871851120239124
9324,351000,9687000,0.0917302049295977,-0.357880228002369,0.0659333479641471
9325,352000,9687000,0.168912637925148,-0.36504456692785,0.0967520308828156
9326,353000,9687000,0.236393885851279,-0.394883655762672,0.130163002095651
9327,354000,9687000,0.0966465742893517,-0.326057090708613,0.131609061465412
9328,355000,9687000,0.135090954466909,-0.370884030768275,0.13083261508001
9329,356000,9687000,0.201443407905102,-0.430889478489757,0.150479546067491
9330,357000,9687000,0.18574015198648,-0.435004542565346,0.137484856010415
9331,358000,9687000,0.194071064194292,-0.450902725228667,0.135752816553041
9332,359000,9687000,0.204443339385092,-0.452442768800259,0.11628357610479
9333,360000,9687000,0.201547351948172,-0.457704240651429,0.110839150703698
9334,361000,9687000,0.18100779940486,-0.459833626273274,0.0942613322433084
9335,362000,9687000,0.181516613575816,-0.450586879482865,0.0994158171378076
9336,363000,9687000,0.181608052036166,-0.473975478175282,0.130865007193573
9337,364000,9687000,0.171205329670757,-0.484415360599756,0.119745301968791
9338,365000,9687000,0.169361336696148,-0.479830829715729,0.0739604658310302
9339,366000,9687000,0.170821988271177,-0.48873672786355,0.0815953938808292
9340,367000,9687000,0.180393472821265,-0.480772110715508,0.0944364798910916
9341,368000,9687000,0.176008870355785,-0.471909248992801,0.159471529554203
9342,369000,9687000,0.188300814639777,-0.475051104542613,0.137998687199503
9343,370000,9687000,0.162210293710232,-0.45612772834599,0.123668146125507
9344,371000,9687000,0.205206529094279,-0.457480122068524,0.104914905340108
9345,372000,9687000,0.213902850923687,-0.47790871361196,0.0951120977935847
9346,373000,9687000,0.300502491486818,-0.521027246624231,0.0774184518468566
9347,374000,9687000,0.326967872008681,-0.531098971521854,0.105872537380457
9348,375000,9687000,0.258176838498224,-0.528617203235626,0.115780146887357
9349,262000,9688000,0.121752516720444,-0.403679854527116,0.0299754233576823
9350,263000,9688000,0.109343723598123,-0.387075323164463,0.0248393538626842
9351,264000,9688000,0.109854942819476,-0.388109782755375,0.0271340759373736
9352,265000,9688000,0.136683382355422,-0.454804973393679,0.0359492846137378
9353,266000,9688000,0.0991623465191573,-0.358974066673219,0.0262904012203566
9354,267000,9688000,0.184384371972084,-0.467851010003686,0.0257609656746034
9355,268000,9688000,0.134462953013927,-0.419241505803168,0.013596971801098
9356,269000,9688000,0.12210130363293,-0.401860246774554,0.0128920950500644
9357,270000,9688000,0.0967285895671696,-0.352240346506238,0.0131963743281725
9358,271000,9688000,0.128650884275138,-0.382090837734938,0.0275659310304793
9359,272000,9688000,0.114639109031856,-0.334294006474316,0.0168768804495747
9360,273000,9688000,0.139180242908746,-0.379247426131368,0.0195294655607955
9361,274000,9688000,0.142238485532254,-0.39429621553719,0.0205166234404896
9362,275000,9688000,0.126703941593319,-0.352330080206692,0.0198002146754065
9363,276000,9688000,0.127967950170487,-0.353674439156055,0.0230512569464161
9364,277000,9688000,0.125655934794247,-0.353471800872684,0.0209969862668397
9365,278000,9688000,0.16271096126698,-0.411193091738224,0.0257598676619818
9366,279000,9688000,0.148623729474097,-0.385471218064427,0.0216753290260385
9367,280000,9688000,0.15680442209281,-0.428079306131601,0.0208374369980593
9368,281000,9688000,0.170653058088571,-0.44136557905674,0.0255534094140632
9369,282000,9688000,0.174329363092035,-0.42974176646769,0.0259206416022033
9370,283000,9688000,0.185232651160657,-0.461840747278929,0.0248692834354995
9371,284000,9688000,0.193685402853042,-0.472901983851194,0.0304767313357443
9372,285000,9688000,0.191292219422013,-0.469912406039238,0.0345807645005174
9373,286000,9688000,0.189658670760691,-0.481070782214403,0.033962875993643
9374,287000,9688000,0.194892689715326,-0.485988460183144,0.039291812595888
9375,288000,9688000,0.199611956387758,-0.492413779464364,0.0447657175606117
9376,289000,9688000,0.200990773975849,-0.480995909005404,0.0427312610101886
9377,290000,9688000,0.20871387963593,-0.47916523669064,0.0554596598787699
9378,291000,9688000,0.224382900334895,-0.516570251864195,0.0643518265738152
9379,292000,9688000,0.216167377887666,-0.487835855722427,0.0728249674996361
9380,293000,9688000,0.207622960925102,-0.480327329552174,0.058556896357704
9381,294000,9688000,0.213671800982952,-0.486931642302871,0.0613579157702625
9382,295000,9688000,0.203978326413035,-0.466851222896576,0.065170504354313
9383,296000,9688000,0.214454684244096,-0.484215314632654,0.0736467970686033
9384,297000,9688000,0.225754200601578,-0.485999218201637,0.0704867609122768
9385,298000,9688000,0.225269242157042,-0.491032200905681,0.056401639861241
9386,299000,9688000,0.237756984686851,-0.512973710975051,0.0654305732220411
9387,3e+05,9688000,0.229834783699363,-0.484657401138544,0.0770884446965531
9388,301000,9688000,0.251510355608165,-0.483870595878363,0.0758281894793734
9389,302000,9688000,0.224547274772823,-0.469258787956834,0.0757371371852234
9390,303000,9688000,0.230178339518607,-0.478479118287563,0.0930095035443082
9391,304000,9688000,0.224517709898949,-0.482501710161567,0.0805841938126832
9392,305000,9688000,0.23327176771909,-0.491819170343876,0.0784772247672081
9393,306000,9688000,0.225096892468631,-0.498375144466758,0.0845601443462074
9394,307000,9688000,0.234793788202107,-0.499434695774317,0.0757296817585826
9395,308000,9688000,0.230307271364331,-0.483182575309277,0.0655611896663904
9396,309000,9688000,0.237835010626912,-0.477447804906964,0.0976583161063492
9397,310000,9688000,0.228491786965728,-0.477868211552501,0.125962604234554
9398,311000,9688000,0.229893094618618,-0.465364435294271,0.133867495914549
9399,312000,9688000,0.230506961820275,-0.4639252456218,0.109286210654676
9400,313000,9688000,0.247103938786685,-0.464513390007615,0.112085857962072
9401,314000,9688000,0.259154672166705,-0.47815864046514,0.114850590081513
9402,315000,9688000,0.245026166380942,-0.477797771951556,0.0918090207118541
9403,316000,9688000,0.257346677443385,-0.469469476515055,0.106479681009986
9404,317000,9688000,0.255678669884801,-0.490660129326582,0.0990038258355111
9405,318000,9688000,0.260958710041642,-0.49724835588038,0.0928773419555277
9406,319000,9688000,0.254511117361486,-0.481650230008364,0.107036605295539
9407,320000,9688000,0.255742717055976,-0.472305083820224,0.0915904542280361
9408,321000,9688000,0.276051172575355,-0.484057129445672,0.100478061673231
9409,322000,9688000,0.252574702113867,-0.487114567184448,0.117346709467843
9410,323000,9688000,0.240971504495293,-0.502033299908042,0.123062574606389
9411,324000,9688000,0.230251541404426,-0.509166656312346,0.130011406507529
9412,325000,9688000,0.225831999827921,-0.498883942380548,0.100345550785586
9413,326000,9688000,0.235221337249875,-0.492391467350721,0.094672588256374
9414,327000,9688000,0.217140885543823,-0.499681243872643,0.099671572993882
9415,328000,9688000,0.218805547007918,-0.495672699198127,0.100424783363193
9416,329000,9688000,0.200722086872905,-0.48865972263217,0.100426493886113
9417,330000,9688000,0.197403058622032,-0.455118159708381,0.0928670314216055
9418,331000,9688000,0.181876077818125,-0.46572744397819,0.0753137416948564
9419,332000,9688000,0.214809394954145,-0.449426418164372,0.0962202937857713
9420,333000,9688000,0.188927307520062,-0.426295189936459,0.0779319415988866
9421,334000,9688000,0.172933390071243,-0.428132915011048,0.106968330079038
9422,335000,9688000,0.213481524837017,-0.42995076636374,0.118794588568062
9423,336000,9688000,0.244806456516404,-0.433449463166296,0.0988825755846919
9424,337000,9688000,0.36332416645065,-0.482772430226207,0.10722207139309
9425,338000,9688000,0.242665208950266,-0.46407756395191,0.107899761067657
9426,339000,9688000,0.180020659098029,-0.402484866894782,0.10788927673921
9427,340000,9688000,0.182347674633109,-0.406807107211649,0.149673909596633
9428,341000,9688000,0.15379380293563,-0.411852439504862,0.14762245827876
9429,342000,9688000,0.153943958197162,-0.406578129705042,0.14778839077265
9430,343000,9688000,0.167055209496245,-0.449447651979327,0.12736189476382
9431,344000,9688000,0.18573821355179,-0.465789179900289,0.117001246108487
9432,345000,9688000,0.181005645379424,-0.455068912172317,0.150697454117797
9433,346000,9688000,0.163618797175959,-0.440512539365888,0.136857406720705
9434,347000,9688000,0.176795499584079,-0.442236290684342,0.132948081439361
9435,348000,9688000,0.149099513153359,-0.43134265345335,0.0879832682801411
9436,349000,9688000,0.157074993252754,-0.422231717500091,0.087335662695393
9437,350000,9688000,0.114093790925667,-0.386091706141829,0.0684787932698615
9438,351000,9688000,0.0943854829484597,-0.381816585384309,0.0777004011251498
9439,352000,9688000,0.216132469256222,-0.39764339273572,0.110472806053143
9440,353000,9688000,0.166786838269234,-0.372496715651453,0.115922646638379
9441,354000,9688000,0.0818126630771905,-0.35909879129529,0.117780528178625
9442,355000,9688000,0.166412237783149,-0.399821373197436,0.0981592834502459
9443,356000,9688000,0.170868549862504,-0.421513951811194,0.148450540620834
9444,357000,9688000,0.202288375619799,-0.447513870337605,0.126086341809109
9445,358000,9688000,0.174591692366451,-0.42066185259968,0.110105501397513
9446,359000,9688000,0.184154191980138,-0.432132085393369,0.101144725505449
9447,360000,9688000,0.186445774541795,-0.448640340209007,0.109248584343679
9448,361000,9688000,0.181986281523854,-0.450125951078534,0.103834387145378
9449,362000,9688000,0.186136408937722,-0.444630578291416,0.0928532310374081
9450,363000,9688000,0.177934255570173,-0.459698247762024,0.11487076505716
9451,364000,9688000,0.169299380710721,-0.488172335746884,0.100252199213952
9452,365000,9688000,0.169246140732616,-0.48723445892334,0.0948253555739298
9453,366000,9688000,0.176251519254595,-0.485609342294931,0.0954372249830514
9454,367000,9688000,0.20274069262445,-0.491794114652276,0.134470364747941
9455,368000,9688000,0.204862330912054,-0.489913676163554,0.158300461675972
9456,369000,9688000,0.20504788447693,-0.476610009387135,0.14156979157785
9457,370000,9688000,0.17881147101596,-0.449371916249394,0.12290493951384
9458,371000,9688000,0.21821585579738,-0.49075677330792,0.11175653550555
9459,372000,9688000,0.172022691941261,-0.491139829662442,0.108785854479112
9460,373000,9688000,0.18129953096658,-0.491595433968306,0.134643415780738
9461,374000,9688000,0.338602818524092,-0.535903705230355,0.110322853122652
9462,375000,9688000,0.237000682814555,-0.516322088187391,0.134539549255913
9463,262000,9689000,0.113727043453604,-0.392305744946003,0.027414907603059
9464,263000,9689000,0.112749451178312,-0.392098805558681,0.0257644532781094
9465,264000,9689000,0.0992127749711275,-0.374682333129644,0.021681398990564
9466,265000,9689000,0.108005564918369,-0.383600976845622,0.0289624668788631
9467,266000,9689000,0.142886889880151,-0.439865383246541,0.0319437739972957
9468,267000,9689000,0.135540718058124,-0.419576834458113,0.0233263054346433
9469,268000,9689000,0.0969173064464703,-0.376525968839228,0.0104983389490691
9470,269000,9689000,0.10915723997727,-0.402608057919145,0.0114762650959776
9471,270000,9689000,0.150693303302675,-0.421459535074234,0.0214610969866684
9472,271000,9689000,0.102014354183152,-0.355659072519839,0.0189037277798168
9473,272000,9689000,0.103112067318708,-0.350495912922919,0.015089142468854
9474,273000,9689000,0.181947397141904,-0.427919548499584,0.0195549504012219
9475,274000,9689000,0.138017842186242,-0.429180163711309,0.0173908573381108
9476,275000,9689000,0.12274649582468,-0.344568351364136,0.0158928649014793
9477,276000,9689000,0.099600308964774,-0.302637372140586,0.0140113636484835
9478,277000,9689000,0.120917296309769,-0.344962117344141,0.0195071702489338
9479,278000,9689000,0.188790058948845,-0.424608351582289,0.0262072988693719
9480,279000,9689000,0.149557843311131,-0.427882146131992,0.0195527580643946
9481,280000,9689000,0.17481196340546,-0.437121990448236,0.0285003167595714
9482,281000,9689000,0.17151671333611,-0.43724591819644,0.0290736364545301
9483,282000,9689000,0.175873670014739,-0.428114376938343,0.0306751103173243
9484,283000,9689000,0.180951329486817,-0.455443383839726,0.0276911280938191
9485,284000,9689000,0.184671925617009,-0.472753361600637,0.0266717796426034
9486,285000,9689000,0.19292897105813,-0.472963144540787,0.0303668775783386
9487,286000,9689000,0.188278910542279,-0.471358303436637,0.0282425225728133
9488,287000,9689000,0.189595738822222,-0.483502601408958,0.0380966926801717
9489,288000,9689000,0.198620122052729,-0.487914963671565,0.0364006987216417
9490,289000,9689000,0.212121609914303,-0.492960116499662,0.0355291068799794
9491,290000,9689000,0.215516470575333,-0.49710048417151,0.038557126353262
9492,291000,9689000,0.189958646292984,-0.45956693405509,0.0447907893009484
9493,292000,9689000,0.192554267404974,-0.472568888878822,0.0537119690370746
9494,293000,9689000,0.208698841235042,-0.477714750826359,0.0578230828380212
9495,294000,9689000,0.210017045119405,-0.483969713619351,0.0595688043590635
9496,295000,9689000,0.204991631218791,-0.478438059955835,0.0611625675180927
9497,296000,9689000,0.21920670299381,-0.488790371721983,0.0754898626215756
9498,297000,9689000,0.211423185874522,-0.49368944452405,0.0611082079621032
9499,298000,9689000,0.209619861911237,-0.49694789454937,0.0621503830153495
9500,299000,9689000,0.212530155019462,-0.493071867227554,0.0677775879450142
9501,3e+05,9689000,0.225795904047787,-0.495669209638238,0.0762952711481601
9502,301000,9689000,0.235907960303128,-0.499266107782722,0.0997878542922437
9503,302000,9689000,0.220251748555899,-0.478178689593077,0.0958618441924453
9504,303000,9689000,0.229742506121844,-0.479604342550039,0.0858701332725584
9505,304000,9689000,0.227552680847049,-0.500213373330236,0.0796295904301107
9506,305000,9689000,0.226378346784413,-0.503086144143343,0.0781609352540225
9507,306000,9689000,0.216487530066073,-0.495340314769745,0.0745867356665432
9508,307000,9689000,0.220047585399449,-0.487955482140183,0.0627334728284739
9509,308000,9689000,0.216425041337311,-0.473575447320938,0.0893965188892558
9510,309000,9689000,0.208210681782663,-0.461999012294412,0.0913314273124561
9511,310000,9689000,0.210317974692583,-0.461773553982377,0.12596081401445
9512,311000,9689000,0.220060861802101,-0.467768070757389,0.0949752064784989
9513,312000,9689000,0.216491179063171,-0.455015213555098,0.0848353227226064
9514,313000,9689000,0.231667569199949,-0.474950209116936,0.0947836999499239
9515,314000,9689000,0.203202282485366,-0.442943057662249,0.0790388082127087
9516,315000,9689000,0.22878248424381,-0.470748904588819,0.0904851482696831
9517,316000,9689000,0.250287114123255,-0.469851909008622,0.0786876383260824
9518,317000,9689000,0.242791053289175,-0.464165662550926,0.101090745671093
9519,318000,9689000,0.244948434776068,-0.489065104526281,0.0969605822183192
9520,319000,9689000,0.255182581272721,-0.485706126689911,0.101787262561172
9521,320000,9689000,0.28811677749902,-0.490565309029818,0.094089052791521
9522,321000,9689000,0.27513340999037,-0.495742068746686,0.0901163464598358
9523,322000,9689000,0.244422619219124,-0.487293949180841,0.0977250269608572
9524,323000,9689000,0.228530010038614,-0.508278012436628,0.113774582696706
9525,324000,9689000,0.214777200046182,-0.50388983310461,0.130806952656433
9526,325000,9689000,0.211195926877856,-0.49886829264164,0.120475585814752
9527,326000,9689000,0.215132725560665,-0.491708654758334,0.0731313040709123
9528,327000,9689000,0.221967179828137,-0.477439437070489,0.0910043406805024
9529,328000,9689000,0.19693534417972,-0.460547230932117,0.0826251037538052
9530,329000,9689000,0.187660146282613,-0.456027600723505,0.0975009258346632
9531,330000,9689000,0.185924021719396,-0.454046573808789,0.101815937037021
9532,331000,9689000,0.196744192459062,-0.464246915590763,0.0903714895333163
9533,332000,9689000,0.174188167603314,-0.450238598015904,0.0902676965350285
9534,333000,9689000,0.201870102193207,-0.449002789953351,0.0941054903449491
9535,334000,9689000,0.186757906057686,-0.431381397932768,0.117775579304993
9536,335000,9689000,0.199110720936209,-0.407426668009162,0.0815342903194949
9537,336000,9689000,0.257921460903529,-0.440669621428847,0.104044283773843
9538,337000,9689000,0.220631698142429,-0.409273288190365,0.0773131164883496
9539,338000,9689000,0.333772960392758,-0.464712897583842,0.109023207957298
9540,339000,9689000,0.228156182384863,-0.437917598414421,0.136635098925978
9541,340000,9689000,0.157466675318032,-0.382717737063766,0.0961006567792036
9542,341000,9689000,0.137280238245428,-0.397111947792768,0.110162625844218
9543,342000,9689000,0.117983170585707,-0.400788409367204,0.0874177222579718
9544,343000,9689000,0.139514729462564,-0.412784560255706,0.0728211196041666
9545,344000,9689000,0.16929467131719,-0.438940966619551,0.104034791069757
9546,345000,9689000,0.175184733799472,-0.442616175106168,0.141377498238161
9547,346000,9689000,0.161254365743697,-0.432924687027931,0.128664064193517
9548,347000,9689000,0.18183535912782,-0.443767920055985,0.127256008434668
9549,348000,9689000,0.137985639240965,-0.420512118566036,0.0692395801078528
9550,349000,9689000,0.114285093787685,-0.397450946113467,0.0666540935007855
9551,350000,9689000,0.0939849805172533,-0.382386535802484,0.0663458951582201
9552,351000,9689000,0.0942502920197323,-0.369821777069569,0.091611718947161
9553,352000,9689000,0.16417023120597,-0.398002824985981,0.107060319039226
9554,353000,9689000,0.236003340338136,-0.417983899487555,0.130141794009693
9555,354000,9689000,0.113593501020066,-0.385369651535153,0.0973373856106773
9556,355000,9689000,0.129843526618555,-0.38203255443871,0.076824825581722
9557,356000,9689000,0.178822984624654,-0.41053472378552,0.0920622446732596
9558,357000,9689000,0.190935476690531,-0.435129144906998,0.102292784523219
9559,358000,9689000,0.198011210534722,-0.432727917459607,0.0982616062471643
9560,359000,9689000,0.198260056515783,-0.448355243718624,0.109462629408762
9561,360000,9689000,0.197569856384397,-0.458293640351295,0.124169581916742
9562,361000,9689000,0.173169600810483,-0.438592683239281,0.133452783722524
9563,362000,9689000,0.186168494869769,-0.450174487808347,0.100904516253155
9564,363000,9689000,0.180868848516047,-0.456030205968022,0.0729036749328487
9565,364000,9689000,0.180671096928418,-0.482515716192126,0.125239520454127
9566,365000,9689000,0.209778828634322,-0.503480060452223,0.136497651578486
9567,366000,9689000,0.214960790025443,-0.508015426200628,0.141746102609858
9568,367000,9689000,0.204926994300634,-0.49075249941349,0.154665839155763
9569,368000,9689000,0.199133438140899,-0.47072586709559,0.153320570258424
9570,369000,9689000,0.176859370465949,-0.446771691314876,0.138141892241919
9571,370000,9689000,0.203461575545743,-0.455976622104645,0.14474552675304
9572,371000,9689000,0.179805714802444,-0.480789269810915,0.114707505659573
9573,372000,9689000,0.169639786266536,-0.493600972387195,0.0995775801630691
9574,373000,9689000,0.185068756295741,-0.495231165623665,0.124390101296455
9575,374000,9689000,0.347717786455154,-0.551420911198854,0.102308625685051
9576,375000,9689000,0.255723453340205,-0.511078662032431,0.104064109569246
9577,262000,9690000,0.114616591062397,-0.395327298894525,0.0230404602649505
9578,263000,9690000,0.111442554774135,-0.389332829922438,0.0183096687178768
9579,264000,9690000,0.104239547794312,-0.377023753991723,0.0185179923888529
9580,265000,9690000,0.0954758634157479,-0.362570198822021,0.0164382632035529
9581,266000,9690000,0.107390981061757,-0.378773031437397,0.0275414572661277
9582,267000,9690000,0.146186164700985,-0.4599582819134,0.0374255653263768
9583,268000,9690000,0.147234409282357,-0.433010001397133,0.0191456665612059
9584,269000,9690000,0.114944231245294,-0.39770889338702,0.0144964437659655
9585,270000,9690000,0.14952034400627,-0.403036143121123,0.0169299189550977
9586,271000,9690000,0.101779585777223,-0.344175338095427,0.0144880456837069
9587,272000,9690000,0.106886410426348,-0.35383231472373,0.0138626927623496
9588,273000,9690000,0.183553942521289,-0.42601188505888,0.0165487308796204
9589,274000,9690000,0.139901557384431,-0.381784938162565,0.0156845463196863
9590,275000,9690000,0.107155719861761,-0.313100182861835,0.0132197544782568
9591,276000,9690000,0.126359141954407,-0.331201134595275,0.0163774764512433
9592,277000,9690000,0.190675439621508,-0.398511519441009,0.0220306443338224
9593,278000,9690000,0.164060931285098,-0.397310278499126,0.018210505621534
9594,279000,9690000,0.140674219185486,-0.397932172597945,0.0157556406824209
9595,280000,9690000,0.142890448727459,-0.384170921258628,0.021556223436381
9596,281000,9690000,0.17017255352363,-0.426500883764029,0.0220672792074853
9597,282000,9690000,0.159316942986101,-0.41496975004077,0.0198112182566547
9598,283000,9690000,0.158908114534616,-0.433680066144466,0.0183364965549816
9599,284000,9690000,0.163981286821514,-0.439475901415944,0.0203072835261817
9600,285000,9690000,0.183328701539338,-0.46600978051424,0.0230785425771959
9601,286000,9690000,0.187593880092353,-0.469350597578287,0.0288619130435516
9602,287000,9690000,0.187795631619543,-0.475439069539309,0.0326400687916903
9603,288000,9690000,0.194137740594149,-0.488291633814573,0.0320028721435694
9604,289000,9690000,0.208649499584734,-0.503368784323335,0.0369547552230302
9605,290000,9690000,0.193152045178413,-0.478049716690183,0.0365227036420256
9606,291000,9690000,0.182141936320066,-0.459648276025057,0.040428438831307
9607,292000,9690000,0.200818934054673,-0.466720328995585,0.0546523539174348
9608,293000,9690000,0.206322334380448,-0.476503022000194,0.0630816336529329
9609,294000,9690000,0.212658774681389,-0.487528032234311,0.0614827510278672
9610,295000,9690000,0.214291789709032,-0.483034486088157,0.0647655257770792
9611,296000,9690000,0.218995239041746,-0.482109908685088,0.0747479201299138
9612,297000,9690000,0.213253367991745,-0.49168069010675,0.0589933070071042
9613,298000,9690000,0.215141168324649,-0.509398501369357,0.0665390694078058
9614,299000,9690000,0.211216748133302,-0.4868900285393,0.0614173880115151
9615,3e+05,9690000,0.206245470285416,-0.489175669375062,0.0813986529393122
9616,301000,9690000,0.224843579421937,-0.48801222101748,0.101593206302077
9617,302000,9690000,0.226960512261093,-0.467270914956927,0.0915669820610434
9618,303000,9690000,0.24030558822304,-0.464828120911121,0.0747263449495658
9619,304000,9690000,0.245284366989136,-0.47251401450634,0.0704789295000955
9620,305000,9690000,0.223037060255557,-0.477929977685213,0.0638078503801487
9621,306000,9690000,0.209081766740978,-0.481391104799509,0.0892910778677091
9622,307000,9690000,0.206072642273456,-0.475550939267874,0.0750922174585983
9623,308000,9690000,0.191254215580225,-0.455242547488213,0.065428158234898
9624,309000,9690000,0.189017675191909,-0.453174808201194,0.0594835577761754
9625,310000,9690000,0.199158644343168,-0.455803769305348,0.0956123151113279
9626,311000,9690000,0.201558458551019,-0.450642039987445,0.0917188540227711
9627,312000,9690000,0.228602634265274,-0.453144841790199,0.0980038547771052
9628,313000,9690000,0.21237888154313,-0.435737187743187,0.0732038242200855
9629,314000,9690000,0.17466804914698,-0.401372898113728,0.0454402019270929
9630,315000,9690000,0.196475730029494,-0.435445848432183,0.0768975805258378
9631,316000,9690000,0.212861918966472,-0.446869990411401,0.0844509674666449
9632,317000,9690000,0.230722610578686,-0.450606055667996,0.10199071781002
9633,318000,9690000,0.245579157716036,-0.479137622141838,0.115331338095665
9634,319000,9690000,0.230969997643679,-0.467098185274005,0.11707832441926
9635,320000,9690000,0.242326386334747,-0.473633998504281,0.0820859455594793
9636,321000,9690000,0.239587480056286,-0.476965794822574,0.0855363643622026
9637,322000,9690000,0.219859412372112,-0.468724657455087,0.0982451823700219
9638,323000,9690000,0.206797578047216,-0.484898387932777,0.0957340001795441
9639,324000,9690000,0.211081277690828,-0.491663196223974,0.118998361998238
9640,325000,9690000,0.203718165911734,-0.478664843836427,0.123191815880314
9641,326000,9690000,0.223894693429023,-0.449278798763454,0.0879263766933233
9642,327000,9690000,0.314156547249854,-0.431789746820927,0.105836673717061
9643,328000,9690000,0.195014486546814,-0.452153725713491,0.106385775045678
9644,329000,9690000,0.195774158699065,-0.446904181757569,0.106799934800342
9645,330000,9690000,0.175424364040419,-0.445393206572533,0.114831899326853
9646,331000,9690000,0.192246331326291,-0.449257178893685,0.10084043679582
9647,332000,9690000,0.177109120449424,-0.456201465767622,0.0753710337703116
9648,333000,9690000,0.173544119159877,-0.458543273061514,0.0966032693594694
9649,334000,9690000,0.172199232691526,-0.447237052726746,0.0959619220765773
9650,335000,9690000,0.184973799500614,-0.43339503261745,0.0965054281592835
9651,336000,9690000,0.290751974819414,-0.455513667464256,0.110397877906263
9652,337000,9690000,0.18310947986762,-0.374610096848011,0.053689257637746
9653,338000,9690000,0.261453741372377,-0.444095253631473,0.0865304542289581
9654,339000,9690000,0.241036244980246,-0.443995763249695,0.121801769919321
9655,340000,9690000,0.165213980704918,-0.39889528195709,0.118011777040642
9656,341000,9690000,0.132841626765579,-0.374186897309124,0.0952944163864479
9657,342000,9690000,0.122097895551473,-0.411132206919789,0.0850241984229535
9658,343000,9690000,0.130353945568204,-0.409851263223542,0.0734453295155894
9659,344000,9690000,0.166483844720572,-0.427114908957481,0.111404775104113
9660,345000,9690000,0.166361306675524,-0.441135529884696,0.117041872988828
9661,346000,9690000,0.161064565061778,-0.432272144934535,0.0941681907046586
9662,347000,9690000,0.147263820481673,-0.413393785199523,0.0869157293383963
9663,348000,9690000,0.151060538055375,-0.41632845236659,0.0733124004547019
9664,349000,9690000,0.123410449779406,-0.399098618897796,0.062612947099423
9665,350000,9690000,0.104085856604949,-0.371863944603503,0.0602730440598913
9666,351000,9690000,0.188548881672695,-0.389755200776458,0.106822088175453
9667,352000,9690000,0.251191404306144,-0.4204588152349,0.139593188258447
9668,353000,9690000,0.179426184920222,-0.427521789509058,0.10231281963978
9669,354000,9690000,0.120557272192091,-0.399712585091591,0.0680744142856449
9670,355000,9690000,0.129581431034207,-0.40389613545835,0.0841700150975026
9671,356000,9690000,0.160652631614357,-0.416411118169129,0.0730896319374442
9672,357000,9690000,0.188729379481822,-0.42947237739861,0.0666617308733985
9673,358000,9690000,0.175003976362199,-0.426274747589231,0.0862076783536002
9674,359000,9690000,0.20178339946717,-0.458062964430451,0.121939516974986
9675,360000,9690000,0.195364652068168,-0.462214232423902,0.136705225566775
9676,361000,9690000,0.162875922646374,-0.436781986477971,0.111126506207045
9677,362000,9690000,0.157613626857102,-0.434471178355813,0.128150392764062
9678,363000,9690000,0.156576235798374,-0.444224671497941,0.110818854575907
9679,364000,9690000,0.175104558748752,-0.461246510449052,0.107187316326424
9680,365000,9690000,0.18738886699751,-0.478715821993351,0.135407313462347
9681,366000,9690000,0.204967788249999,-0.499614114892483,0.153464149484038
9682,367000,9690000,0.197423281240463,-0.481296247565746,0.145972600015253
9683,368000,9690000,0.186811134505272,-0.446506450223923,0.141559737636708
9684,369000,9690000,0.182182291460782,-0.420296112254262,0.130389719848963
9685,370000,9690000,0.242200869282335,-0.50181005961597,0.114154235605709
9686,371000,9690000,0.170207727716118,-0.468579969480634,0.0936861129147932
9687,372000,9690000,0.159494590756297,-0.469274095344543,0.111499736499414
9688,373000,9690000,0.198299133607745,-0.49815106651485,0.116438707074523
9689,374000,9690000,0.387291679306328,-0.542027779060602,0.104107665732317
9690,375000,9690000,0.404068462794477,-0.546860555843873,0.1081532523544
9691,262000,9691000,0.10754322996363,-0.388458610489964,0.0173665111716837
9692,263000,9691000,0.106283795493096,-0.381069852921367,0.0156731241775909
9693,264000,9691000,0.101578268261254,-0.372523798286915,0.0134697068581823
9694,265000,9691000,0.10061726956442,-0.368705361270905,0.0152002383924788
9695,266000,9691000,0.101284705736488,-0.360185570004582,0.0192616285435972
9696,267000,9691000,0.138849366364256,-0.433038670483232,0.0304650526547397
9697,268000,9691000,0.117763051993772,-0.402713304740191,0.0162254688793328
9698,269000,9691000,0.11348518784456,-0.383761693149805,0.0135894799348374
9699,270000,9691000,0.132279858905077,-0.385688206039369,0.0139013880028273
9700,271000,9691000,0.0861723272118717,-0.338734843683243,0.0100729767643672
9701,272000,9691000,0.111889278207067,-0.360230358457565,0.012051004627184
9702,273000,9691000,0.189373858255893,-0.400267965528369,0.0186460141568299
9703,274000,9691000,0.109158025935292,-0.314881902310252,0.0138234770636016
9704,275000,9691000,0.102687668217346,-0.314677432480454,0.0130954131252423
9705,276000,9691000,0.163869744576886,-0.356685987563431,0.0172071608767961
9706,277000,9691000,0.24351177261956,-0.415248092254996,0.0201339772095205
9707,278000,9691000,0.119586784021929,-0.338782137607038,0.014992683333077
9708,279000,9691000,0.123758177753165,-0.364215509790182,0.0111305835066494
9709,280000,9691000,0.137700869280472,-0.353916155272722,0.0165338594030007
9710,281000,9691000,0.160774561335891,-0.41309261982739,0.0150862860095454
9711,282000,9691000,0.16514491436556,-0.415656620100141,0.0167954297489894
9712,283000,9691000,0.146826422233507,-0.398346547165513,0.0178434423083905
9713,284000,9691000,0.144778779175878,-0.396452373802662,0.0181770239603298
9714,285000,9691000,0.161034096989036,-0.43889618139863,0.0188441373782931
9715,286000,9691000,0.177284731831402,-0.451378651294112,0.0244081591329188
9716,287000,9691000,0.178138474029303,-0.448521538665891,0.027715299911669
9717,288000,9691000,0.182404463389516,-0.475994662362337,0.0259796488526394
9718,289000,9691000,0.203635911158472,-0.495845453953743,0.0327243256565649
9719,290000,9691000,0.195674112993479,-0.473880804666877,0.0450956749677192
9720,291000,9691000,0.191973307690769,-0.45785934510231,0.0414713128069881
9721,292000,9691000,0.206152626422793,-0.484219627258182,0.0502799695145106
9722,293000,9691000,0.196584216630459,-0.466390943592787,0.0518784348741639
9723,294000,9691000,0.195037038570642,-0.467693706864119,0.0474817074713297
9724,295000,9691000,0.19891484624818,-0.470145375746489,0.0417987040736247
9725,296000,9691000,0.203254938545823,-0.470731415528059,0.0566733693827875
9726,297000,9691000,0.209035697823763,-0.481823024573922,0.0503357961473987
9727,298000,9691000,0.210470630799234,-0.495993096476793,0.0524126705316827
9728,299000,9691000,0.225133493089676,-0.488262049180269,0.0573555643549189
9729,3e+05,9691000,0.215832452338934,-0.476876523905992,0.0839806940998882
9730,301000,9691000,0.198541373737156,-0.478725172063708,0.0857925896655768
9731,302000,9691000,0.212074753502011,-0.462646067714691,0.0725737902496941
9732,303000,9691000,0.241291737158597,-0.463562553790212,0.0744261660934426
9733,304000,9691000,0.247042104610801,-0.480752446821332,0.0623891611428
9734,305000,9691000,0.213233869549632,-0.478388083526492,0.0839764705247246
9735,306000,9691000,0.205637687948346,-0.473181561157107,0.0720919157540426
9736,307000,9691000,0.194089716690779,-0.457666765475273,0.0597851579868235
9737,308000,9691000,0.194105597519875,-0.464671355545521,0.0798633874305757
9738,309000,9691000,0.173412554646283,-0.444362103310227,0.076602978512086
9739,310000,9691000,0.16093570568487,-0.415458257189393,0.124350674059987
9740,311000,9691000,0.207134686302394,-0.450194021138549,0.115918144265562
9741,312000,9691000,0.205693775466084,-0.449618781507015,0.112763164913794
9742,313000,9691000,0.18155601805523,-0.415944706772268,0.100260956033785
9743,314000,9691000,0.199211601807177,-0.417953125426173,0.0716852899809368
9744,315000,9691000,0.17822207621783,-0.424533571437001,0.0722398367301561
9745,316000,9691000,0.186062858710438,-0.416499984365702,0.0828392022252083
9746,317000,9691000,0.203240236856043,-0.452457181856036,0.0960844630938955
9747,318000,9691000,0.218988956233114,-0.449287789434195,0.113698683306947
9748,319000,9691000,0.191567794679105,-0.426076276987791,0.113914372699708
9749,320000,9691000,0.208812192542851,-0.449101033681631,0.090718313717097
9750,321000,9691000,0.211234823228419,-0.44685760602057,0.096763012354821
9751,322000,9691000,0.21136254228726,-0.448530244061351,0.105068525126949
9752,323000,9691000,0.215720967005193,-0.462080475643277,0.0957222957873717
9753,324000,9691000,0.212825773561001,-0.480929611355066,0.116442069085687
9754,325000,9691000,0.196545320615917,-0.468374556484818,0.100895127582178
9755,326000,9691000,0.193831063727289,-0.444175531679392,0.0884848679237068
9756,327000,9691000,0.287143342726305,-0.422868542349339,0.0969390830311924
9757,328000,9691000,0.195252462154627,-0.425654986774921,0.105731518010236
9758,329000,9691000,0.185588842274994,-0.441152922055125,0.129068993700296
9759,330000,9691000,0.197036053065211,-0.461934215024114,0.119565390721522
9760,331000,9691000,0.171560517759621,-0.450236758396029,0.106662342016818
9761,332000,9691000,0.154547827969491,-0.448687129852176,0.100656590045057
9762,333000,9691000,0.159615298639238,-0.459327946797013,0.108109828167595
9763,334000,9691000,0.173477627649158,-0.463097067409754,0.109110372709483
9764,335000,9691000,0.191768687689677,-0.461446358087659,0.101438726628106
9765,336000,9691000,0.317044684984535,-0.457500103104115,0.104344516572263
9766,337000,9691000,0.245353783877753,-0.42862609603405,0.0840786891271826
9767,338000,9691000,0.195570272177458,-0.440053639698029,0.0918291099061258
9768,339000,9691000,0.20515441179201,-0.426305288957059,0.085741539247334
9769,340000,9691000,0.223977630391717,-0.417200891140103,0.121012591936812
9770,341000,9691000,0.152885060723126,-0.376861551292241,0.106260476444103
9771,342000,9691000,0.105877011597157,-0.357450473126769,0.078409174948791
9772,343000,9691000,0.121211453460157,-0.359462714426965,0.0717330832518637
9773,344000,9691000,0.14510315624997,-0.398927214094996,0.0879281269963831
9774,345000,9691000,0.168629822136089,-0.438825327378511,0.104303027434833
9775,346000,9691000,0.168729712655395,-0.435038091626763,0.0989749314907938
9776,347000,9691000,0.171338682558015,-0.434651387280226,0.0712937268651091
9777,348000,9691000,0.16427156477347,-0.410570923691988,0.0768458724303171
9778,349000,9691000,0.137813664251193,-0.396579550465941,0.0622907900134102
9779,350000,9691000,0.110154484538361,-0.379893594178557,0.0525469102990814
9780,351000,9691000,0.246156271529198,-0.407840551793575,0.10659292934034
9781,352000,9691000,0.114131416773424,-0.399661680218577,0.0748823343909346
9782,353000,9691000,0.120434458822757,-0.401118198004365,0.0571723521974869
9783,354000,9691000,0.117261327781156,-0.407090616309643,0.0576589351137169
9784,355000,9691000,0.145425143363699,-0.403312855350971,0.0794207372887526
9785,356000,9691000,0.167660201485455,-0.426756485882401,0.0594243763132021
9786,357000,9691000,0.173171887905151,-0.437154892504215,0.0636334712954238
9787,358000,9691000,0.18317335241437,-0.439719250041246,0.0758054063579999
9788,359000,9691000,0.184636390820146,-0.447607826828957,0.0960803298059851
9789,360000,9691000,0.18090267830044,-0.44233532256484,0.0909934176011011
9790,361000,9691000,0.16238474297896,-0.429404695004225,0.0992628755313344
9791,362000,9691000,0.155516053429991,-0.437204436543584,0.117290488316119
9792,363000,9691000,0.15423863687627,-0.429080604714155,0.0711668870690977
9793,364000,9691000,0.189392710038275,-0.47694439792037,0.0990153034298681
9794,365000,9691000,0.188894098447263,-0.479496281263232,0.112662897115201
9795,366000,9691000,0.175927719134837,-0.467384610512853,0.156802449848503
9796,367000,9691000,0.166400650892407,-0.443420784167945,0.163033092547953
9797,368000,9691000,0.287211808107793,-0.468137896506488,0.0952897372201085
9798,369000,9691000,0.33691829020828,-0.485070354616642,0.0730183365065604
9799,370000,9691000,0.252122458850592,-0.495553197145462,0.0942593343654647
9800,371000,9691000,0.157766235566884,-0.463888154643774,0.105377478367463
9801,372000,9691000,0.164809429394454,-0.478077407467365,0.10149265621528
9802,373000,9691000,0.190586234460771,-0.484677746087313,0.108789605556428
9803,374000,9691000,0.266347674609721,-0.527026433891058,0.105384725448489
9804,375000,9691000,0.308580364422365,-0.535150512619452,0.13752939725464
9805,262000,9692000,0.125152039565146,-0.400920868545771,0.0264441655165283
9806,263000,9692000,0.110162967453152,-0.386221265131235,0.0193606898671715
9807,264000,9692000,0.105826448697597,-0.377362489131093,0.0136539608992869
9808,265000,9692000,0.100478486829996,-0.365067945510149,0.0125231755043264
9809,266000,9692000,0.101426127449796,-0.360540923443437,0.0135192435410107
9810,267000,9692000,0.119327943961322,-0.372321444493532,0.0210321307958511
9811,268000,9692000,0.0858844786249101,-0.356205246417224,0.0101132348170213
9812,269000,9692000,0.12333143810574,-0.422868744790554,0.0127011651506531
9813,270000,9692000,0.178394259444624,-0.473411198836565,0.020236101903033
9814,271000,9692000,0.10022023797594,-0.364128655314445,0.0155718263395946
9815,272000,9692000,0.122891019302112,-0.363076679898053,0.0140493026563083
9816,273000,9692000,0.185322493852302,-0.442876735204458,0.0325757233295881
9817,274000,9692000,0.105223207627609,-0.328801215392351,0.0115445059959195
9818,275000,9692000,0.111080149045959,-0.336670227196813,0.0143500674962183
9819,276000,9692000,0.146897798619419,-0.37477735503614,0.0147627069305687
9820,277000,9692000,0.220578051774204,-0.440611146351695,0.0170950568012893
9821,278000,9692000,0.147984960978851,-0.362706728467345,0.0150650341596367
9822,279000,9692000,0.120081450754404,-0.343498008731008,0.0132463927491917
9823,280000,9692000,0.140709870328009,-0.353540192990005,0.0135660868455714
9824,281000,9692000,0.182549244765937,-0.436495514288545,0.0155094213879667
9825,282000,9692000,0.137229309657961,-0.369829773712158,0.0120722079970597
9826,283000,9692000,0.138291469205543,-0.36611648427248,0.012923382654853
9827,284000,9692000,0.132063789274916,-0.361720292252302,0.0159791094899236
9828,285000,9692000,0.139122996386886,-0.396694824673235,0.0116726261617237
9829,286000,9692000,0.160627062018216,-0.41405622613728,0.0194190515553579
9830,287000,9692000,0.151932197976112,-0.39902494944036,0.0199792774583708
9831,288000,9692000,0.169540693341196,-0.464800427258015,0.028044764337712
9832,289000,9692000,0.187299778144807,-0.486050541061163,0.0312453888852382
9833,290000,9692000,0.189414160584658,-0.482846227249503,0.0264694912786304
9834,291000,9692000,0.180565344662964,-0.445304468747973,0.0318354453579639
9835,292000,9692000,0.181423609614372,-0.444756989613175,0.0276394196390407
9836,293000,9692000,0.184477773834765,-0.455274445402622,0.0321328537198016
9837,294000,9692000,0.183390540938079,-0.450845976832509,0.0375710891406052
9838,295000,9692000,0.184585851380974,-0.457327581137419,0.0484898147161119
9839,296000,9692000,0.197345768038929,-0.459770346242189,0.0514652496928815
9840,297000,9692000,0.201998397099227,-0.479619758406281,0.0443223104154691
9841,298000,9692000,0.206080413267016,-0.48286969422698,0.0383483203002252
9842,299000,9692000,0.202398047065735,-0.483440659788251,0.0543301052956842
9843,3e+05,9692000,0.204013035207987,-0.489054834845662,0.0733268131062388
9844,301000,9692000,0.199677306631207,-0.491369290226698,0.0583856202332303
9845,302000,9692000,0.220029537265003,-0.472703794527054,0.0647950735492632
9846,303000,9692000,0.228662473834306,-0.478182927444577,0.0572485701102763
9847,304000,9692000,0.2133024061203,-0.486266731530428,0.066098534166161
9848,305000,9692000,0.198038416014612,-0.470311790716648,0.0670181090694852
9849,306000,9692000,0.199662399275601,-0.466678163459897,0.0606350702192634
9850,307000,9692000,0.190763716123998,-0.459978948348761,0.0745525184087455
9851,308000,9692000,0.198251346283406,-0.464965396177769,0.0805664144512499
9852,309000,9692000,0.174788318198174,-0.449036780369282,0.062845191108901
9853,310000,9692000,0.212461656333506,-0.435932017567754,0.0881360542198643
9854,311000,9692000,0.18604992742613,-0.434932734742761,0.0712054425287526
9855,312000,9692000,0.206290308056772,-0.450053598800302,0.0784371859726962
9856,313000,9692000,0.177580513432622,-0.412581075009704,0.0710270793543663
9857,314000,9692000,0.200023819168657,-0.434157154589891,0.0735763896256685
9858,315000,9692000,0.18067279009819,-0.423297037664056,0.0647513075480238
9859,316000,9692000,0.15647260267213,-0.378385272355378,0.0516185159651795
9860,317000,9692000,0.169309850160778,-0.388304176774621,0.06764924350332
9861,318000,9692000,0.155183443678916,-0.414480708932877,0.123880923837051
9862,319000,9692000,0.170836199810728,-0.42244436237365,0.126340051259706
9863,320000,9692000,0.170139588721842,-0.416080676224828,0.0835912622263655
9864,321000,9692000,0.172966041910648,-0.414427993533015,0.0909333066239953
9865,322000,9692000,0.201928633009642,-0.433645874029398,0.106836538004503
9866,323000,9692000,0.211008701780438,-0.445050113210082,0.113179646262806
9867,324000,9692000,0.210541230223328,-0.459553096845746,0.105526553348452
9868,325000,9692000,0.192815900806338,-0.453332907542586,0.0937250340575352
9869,326000,9692000,0.181052200604603,-0.449223003557324,0.0824828851716593
9870,327000,9692000,0.189477764379978,-0.4391474745363,0.0967548361670226
9871,328000,9692000,0.172342301517725,-0.415583350259066,0.101075695690326
9872,329000,9692000,0.177156469272822,-0.431920667037368,0.114787899108231
9873,330000,9692000,0.163870306280255,-0.442168288126588,0.108073336964846
9874,331000,9692000,0.163391961076856,-0.443897107413411,0.0996829364117235
9875,332000,9692000,0.146993767128885,-0.431285126155615,0.101738493978046
9876,333000,9692000,0.153703417917341,-0.44039470743835,0.110883128887415
9877,334000,9692000,0.161673147711158,-0.445173488095403,0.0863778750160709
9878,335000,9692000,0.182088744759187,-0.431981442588568,0.103569500467181
9879,336000,9692000,0.34939675597325,-0.463371338820457,0.109537921958556
9880,337000,9692000,0.265913238345087,-0.469074266973138,0.119233522422984
9881,338000,9692000,0.234394174905121,-0.468127240312099,0.109911312308675
9882,339000,9692000,0.225730715436488,-0.46645716445148,0.0929113177086227
9883,340000,9692000,0.176090787189454,-0.427831779165566,0.115612232321128
9884,341000,9692000,0.137729563022032,-0.360781109604239,0.0999356200009584
9885,342000,9692000,0.123166670095548,-0.365713489873707,0.112765996980411
9886,343000,9692000,0.0952253735661507,-0.352509149573743,0.0522988990876358
9887,344000,9692000,0.141510926625878,-0.384132825912535,0.07876966984272
9888,345000,9692000,0.169530390316993,-0.423530909729004,0.09812173964791
9889,346000,9692000,0.169918518675119,-0.437741767981648,0.103333203248493
9890,347000,9692000,0.17285133927241,-0.432090923723578,0.0900726963889785
9891,348000,9692000,0.154977013212442,-0.405453800538182,0.0829970625174232
9892,349000,9692000,0.141846500511095,-0.397040581104159,0.0759912146292627
9893,350000,9692000,0.118797238139808,-0.389809105789661,0.0692391812869348
9894,351000,9692000,0.243743403927609,-0.402661093920469,0.116200090159103
9895,352000,9692000,0.130754186756164,-0.381793834210932,0.0777670716045424
9896,353000,9692000,0.129992026123777,-0.399927201572061,0.0516245332292281
9897,354000,9692000,0.138989886583947,-0.396560995714366,0.0404775126441848
9898,355000,9692000,0.136581269860826,-0.37827936899364,0.047260605655564
9899,356000,9692000,0.151307832149416,-0.389680926865339,0.0558451169036329
9900,357000,9692000,0.146029337868094,-0.378999933239818,0.0561172574368305
9901,358000,9692000,0.158210019008815,-0.398393360650539,0.0713028102598619
9902,359000,9692000,0.171890632092208,-0.428909372410178,0.0839958921180107
9903,360000,9692000,0.186661652328819,-0.452310377459228,0.080293851955561
9904,361000,9692000,0.160360944978893,-0.421228789275885,0.100284778018482
9905,362000,9692000,0.148575535238907,-0.430589594110847,0.105839497062191
9906,363000,9692000,0.150487043587863,-0.437734955736995,0.0924682645641267
9907,364000,9692000,0.154399706904218,-0.436364464631677,0.121305891981348
9908,365000,9692000,0.190532790070772,-0.4714122428298,0.130268393831328
9909,366000,9692000,0.17385473222807,-0.45109529787302,0.164833799909055
9910,367000,9692000,0.173922507986426,-0.430485695195198,0.151597514612786
9911,368000,9692000,0.326858716578037,-0.468156541365385,0.0884460805189796
9912,369000,9692000,0.368700977982581,-0.496715448594093,0.0802833261821419
9913,370000,9692000,0.26759703386426,-0.501113378602266,0.107004452879727
9914,371000,9692000,0.179830994597822,-0.491933308795095,0.111387363126874
9915,372000,9692000,0.17563222238943,-0.481537530660629,0.112286001924798
9916,373000,9692000,0.192608601813018,-0.490801149630547,0.120714753234759
9917,374000,9692000,0.209721887366474,-0.524733742776513,0.118510325632617
9918,375000,9692000,0.298608250455423,-0.553219973607497,0.125293052477593
9919,262000,9693000,0.127344298947603,-0.407904429942369,0.0201161735504284
9920,263000,9693000,0.133467481017858,-0.41654085855782,0.0239834685711423
9921,264000,9693000,0.11800026062876,-0.3909116414994,0.0135671074908285
9922,265000,9693000,0.112791938238591,-0.37376004306972,0.0110174393325578
9923,266000,9693000,0.119948022344336,-0.373833971866965,0.0209072575513739
9924,267000,9693000,0.135452972894534,-0.414890163609385,0.0203573292376852
9925,268000,9693000,0.110124836374447,-0.449252661132812,0.00968389796218835
9926,269000,9693000,0.127289267906919,-0.481839050850272,0.0138547075590846
9927,270000,9693000,0.199488203657418,-0.489145890557766,0.025218747613451
9928,271000,9693000,0.146402644880861,-0.40743122099936,0.020431458625957
9929,272000,9693000,0.154844617470354,-0.399379805484414,0.0190036921426596
9930,273000,9693000,0.154744816138968,-0.4147784207955,0.0203795510657888
9931,274000,9693000,0.0947597619995475,-0.327118054464459,0.00887458489323617
9932,275000,9693000,0.103714882810414,-0.337894881387055,0.0115724008229707
9933,276000,9693000,0.169228267980367,-0.406923827208579,0.0168392233685881
9934,277000,9693000,0.190779063422978,-0.447198031958938,0.0163326315096638
9935,278000,9693000,0.142019991351664,-0.404386999882758,0.0133747979681357
9936,279000,9693000,0.127120736590028,-0.365913911405206,0.0132460073612019
9937,280000,9693000,0.131858701603115,-0.384054361724854,0.0119749428502575
9938,281000,9693000,0.160967794337124,-0.444108138170838,0.0135119179516565
9939,282000,9693000,0.153925970494375,-0.397206468258798,0.0129785982629895
9940,283000,9693000,0.121280939587206,-0.343344117434323,0.0130005276493321
9941,284000,9693000,0.132022896447778,-0.36579954675436,0.0161162555478397
9942,285000,9693000,0.11852421875298,-0.360095305900276,0.0144127820942667
9943,286000,9693000,0.13756553831771,-0.380779084002972,0.0188189302439976
9944,287000,9693000,0.13525164051801,-0.368511825719476,0.0191445403455058
9945,288000,9693000,0.183682568988949,-0.450102550590038,0.033064278844744
9946,289000,9693000,0.174666306077689,-0.460512507364154,0.0158230902611278
9947,290000,9693000,0.187437993339449,-0.47948355717957,0.0206033124279114
9948,291000,9693000,0.185277456794679,-0.454810775506496,0.0302717594647314
9949,292000,9693000,0.178283573307097,-0.41834870031178,0.0239129807745921
9950,293000,9693000,0.174549042104185,-0.418850344768167,0.029230952866748
9951,294000,9693000,0.163541094139218,-0.420441026249528,0.0311092944270931
9952,295000,9693000,0.175013976951689,-0.440025773590803,0.0448587852311786
9953,296000,9693000,0.167706249024719,-0.432095222264528,0.0431305638364051
9954,297000,9693000,0.174087648809701,-0.44465548080802,0.036500305134384
9955,298000,9693000,0.180981093674898,-0.46812507905364,0.0346499351704493
9956,299000,9693000,0.183008514671028,-0.465884022119641,0.0490008263356052
9957,3e+05,9693000,0.179346937579662,-0.470449470695853,0.0810328283209354
9958,301000,9693000,0.188796184422076,-0.48533168631196,0.0642479864030145
9959,302000,9693000,0.201206803808361,-0.467830270010233,0.0539951585687697
9960,303000,9693000,0.20397530323863,-0.483123474535346,0.0417247525840066
9961,304000,9693000,0.195141280500591,-0.472727460363507,0.0462219495549798
9962,305000,9693000,0.192526380072534,-0.480315880855918,0.0501388435281813
9963,306000,9693000,0.191618030294776,-0.447160548880696,0.0482160990991164
9964,307000,9693000,0.179849366950989,-0.443782424592972,0.0569688455933705
9965,308000,9693000,0.207832402519137,-0.466803530487418,0.0633536969714798
9966,309000,9693000,0.22052631604746,-0.455807026544213,0.0670062562541105
9967,310000,9693000,0.265921525105834,-0.441033526438475,0.0822428609421477
9968,311000,9693000,0.207232272336632,-0.434140027233958,0.0671639125488
9969,312000,9693000,0.176970072043687,-0.421136675459147,0.0597199497035239
9970,313000,9693000,0.183525025575608,-0.415613031327724,0.0619523987724911
9971,314000,9693000,0.184003610166907,-0.424428407239914,0.0677462960408069
9972,315000,9693000,0.159744259050488,-0.387957855129242,0.0538392826460768
9973,316000,9693000,0.159280191197246,-0.386408054825664,0.0559892296567094
9974,317000,9693000,0.179571141916513,-0.403073053607345,0.086821776276594
9975,318000,9693000,0.230496215274185,-0.447597405555844,0.131750386193395
9976,319000,9693000,0.161883967076987,-0.409037369665504,0.086620750380843
9977,320000,9693000,0.145388875445724,-0.381082690644264,0.0550760172122158
9978,321000,9693000,0.148181024126708,-0.398864581602812,0.0812043478791602
9979,322000,9693000,0.184386499055475,-0.439205428767204,0.128534406130761
9980,323000,9693000,0.182360551968217,-0.441264476832747,0.117334939779714
9981,324000,9693000,0.183070554228872,-0.452581110721827,0.114188109915331
9982,325000,9693000,0.1746815584369,-0.445848680251837,0.0893172038385645
9983,326000,9693000,0.186528878428787,-0.457123390084505,0.0800440018593334
9984,327000,9693000,0.182234732401371,-0.453767029604316,0.0932654566177167
9985,328000,9693000,0.15278949374035,-0.418713082224131,0.0938697205949575
9986,329000,9693000,0.151105070979148,-0.411256499066949,0.0907283048710786
9987,330000,9693000,0.155996024594456,-0.421076789933443,0.0729251576330513
9988,331000,9693000,0.147386903465539,-0.437703007867932,0.0617101399961859
9989,332000,9693000,0.138958554651588,-0.413094209235907,0.0672702068141662
9990,333000,9693000,0.148015259434283,-0.448706606137753,0.0857829233553261
9991,334000,9693000,0.190409924874455,-0.437407716029882,0.122401023728214
9992,335000,9693000,0.274819016376138,-0.446309038944542,0.106922729229834
9993,336000,9693000,0.273164108555764,-0.449999688257277,0.0969005333171226
9994,337000,9693000,0.283333485044912,-0.471440393215418,0.0928822004954796
9995,338000,9693000,0.247540451773256,-0.4512692060709,0.0881352325871354
9996,339000,9693000,0.242865470181406,-0.469247567987442,0.0934961039969698
9997,340000,9693000,0.203886993928254,-0.433126730704308,0.0833520890904125
9998,341000,9693000,0.188249403294921,-0.401085101547837,0.110500392640382
9999,342000,9693000,0.134509655452147,-0.375601006835699,0.0852115272605792
10000,343000,9693000,0.127351398555934,-0.386769421486557,0.0579034939503297
10001,344000,9693000,0.141816866672039,-0.401254945708811,0.0600701325694099
10002,345000,9693000,0.155149178211391,-0.424254667344689,0.0900386017881334
10003,346000,9693000,0.179341724251956,-0.438518729141355,0.10952307753358
10004,347000,9693000,0.166059714235365,-0.433372649091482,0.0829812117982656
10005,348000,9693000,0.151931276744232,-0.420242601144314,0.09418777614953
10006,349000,9693000,0.138006147542223,-0.404222216057777,0.0719786882185843
10007,350000,9693000,0.11235435879603,-0.372437154000998,0.0730902540175244
10008,351000,9693000,0.17980717712231,-0.393182576985657,0.101042791942135
10009,352000,9693000,0.122219113859162,-0.351562251725793,0.0574106516589178
10010,353000,9693000,0.157399433701485,-0.408242658384144,0.0587796133468393
10011,354000,9693000,0.156674770367146,-0.413650444208086,0.0528826235094573
10012,355000,9693000,0.142108283496276,-0.374222488765419,0.0474260374537902
10013,356000,9693000,0.125680904309824,-0.358153406944871,0.0416868232453242
10014,357000,9693000,0.133943660930544,-0.37242466019094,0.0451539320237003
10015,358000,9693000,0.144848826047033,-0.387839677345753,0.0567286320242099
10016,359000,9693000,0.142216285241768,-0.396157618694007,0.0566160838752054
10017,360000,9693000,0.15881616643481,-0.414628083479404,0.066309192654863
10018,361000,9693000,0.157913080668822,-0.415279173123836,0.0827104193243198
10019,362000,9693000,0.143696116352081,-0.418863558909297,0.0830935505679809
10020,363000,9693000,0.166287293620408,-0.447042932248116,0.113742637988739
10021,364000,9693000,0.156814320715144,-0.436153235408664,0.142047685031965
10022,365000,9693000,0.159329133604467,-0.44614995328784,0.139379307356477
10023,366000,9693000,0.158786126209795,-0.429869854879379,0.156787641339144
10024,367000,9693000,0.228427740813047,-0.436756978952885,0.131864564378746
10025,368000,9693000,0.349120022758842,-0.483753894978762,0.0606978003189899
10026,369000,9693000,0.362163479053974,-0.493997984191775,0.055903645300772
10027,370000,9693000,0.27391326610297,-0.49545072939992,0.107269551694114
10028,371000,9693000,0.179168109937012,-0.484050260952115,0.125415915951878
10029,372000,9693000,0.189665642222762,-0.494193695694208,0.117169807136804
10030,373000,9693000,0.201179091753066,-0.506243720042706,0.118331011452898
10031,374000,9693000,0.213487463565171,-0.523981304439902,0.126436192615703
10032,375000,9693000,0.227199652642012,-0.535038281001828,0.126567814919082
10033,262000,9694000,0.13800836193189,-0.425035772800446,0.0280822704315651
10034,263000,9694000,0.137560049247742,-0.423131799888611,0.0260117671606189
10035,264000,9694000,0.13893386824578,-0.417225217041373,0.0179878002265817
10036,265000,9694000,0.124861613402516,-0.385507925325632,0.0129141831358633
10037,266000,9694000,0.127949497806281,-0.387207464808226,0.0230126436916529
10038,267000,9694000,0.168581409901381,-0.46046529340446,0.0230105526875996
10039,268000,9694000,0.165118816081434,-0.473428011155129,0.0214104856060992
10040,269000,9694000,0.161358155496418,-0.492881513541937,0.0234266943842755
10041,270000,9694000,0.204868225108832,-0.49572780392468,0.0263711960772751
10042,271000,9694000,0.170012171352282,-0.434655691671371,0.022965078373655
10043,272000,9694000,0.156639451769739,-0.43927497510016,0.020429712427489
10044,273000,9694000,0.16511758958213,-0.460090955375135,0.0339229080200952
10045,274000,9694000,0.115171283718571,-0.37027740919143,0.0132791283416562
10046,275000,9694000,0.130351592259854,-0.388867177766561,0.0111061160251556
10047,276000,9694000,0.223597940644622,-0.439235915657878,0.0216418497349543
10048,277000,9694000,0.17744829313904,-0.440817949938774,0.0149580056143255
10049,278000,9694000,0.141824501454085,-0.438972046136856,0.011366903682024
10050,279000,9694000,0.143030017255992,-0.431522986009717,0.0126597137883888
10051,280000,9694000,0.152639748902619,-0.412740329095721,0.0148652013615501
10052,281000,9694000,0.136120875827968,-0.370570409345627,0.0147966566797782
10053,282000,9694000,0.148997401408851,-0.394578244075179,0.0144864399836049
10054,283000,9694000,0.114170780419186,-0.320630157110095,0.0149540874524828
10055,284000,9694000,0.114494782865606,-0.337102863262594,0.0148582952613651
10056,285000,9694000,0.109882658927515,-0.336150107185543,0.0146051987892308
10057,286000,9694000,0.130779982533306,-0.364308528709412,0.0187503457681451
10058,287000,9694000,0.129452034635842,-0.399136866605282,0.0125459259925352
10059,288000,9694000,0.175375144588947,-0.456742516720295,0.017515572068427
10060,289000,9694000,0.175527422577143,-0.463256015399098,0.0254975063031656
10061,290000,9694000,0.179513943015784,-0.443416570392251,0.0147943217200547
10062,291000,9694000,0.155245133941621,-0.387731825228035,0.0181213066273311
10063,292000,9694000,0.182035118729621,-0.42324706235528,0.0206546013449552
10064,293000,9694000,0.185571430942416,-0.440450024139881,0.0231197386887099
10065,294000,9694000,0.166616725059599,-0.412481392398477,0.0290507615797222
10066,295000,9694000,0.163170228180662,-0.410021026691794,0.0264245944384602
10067,296000,9694000,0.160334626911581,-0.412882187244296,0.0272004539521411
10068,297000,9694000,0.171986946475506,-0.439615304726362,0.0330870194809977
10069,298000,9694000,0.16878343841061,-0.442824480548501,0.0292607117909472
10070,299000,9694000,0.15816045101285,-0.438271519395709,0.0376718421026133
10071,3e+05,9694000,0.172326357093453,-0.453301410704851,0.0517463063729694
10072,301000,9694000,0.181423810114712,-0.450907230618596,0.0508665139216464
10073,302000,9694000,0.185009764579684,-0.448514719587564,0.0514614930687472
10074,303000,9694000,0.186129946357757,-0.47075850071311,0.0417185519210994
10075,304000,9694000,0.182147211262584,-0.461361716276407,0.0371278253484517
10076,305000,9694000,0.187725833177567,-0.463146021160483,0.0368856135268696
10077,306000,9694000,0.186384729021043,-0.436253799459338,0.0445894904466346
10078,307000,9694000,0.190412524604797,-0.440584774565697,0.0458548329240177
10079,308000,9694000,0.189036943425238,-0.459288228026032,0.0507442244865932
10080,309000,9694000,0.208179791373759,-0.452107465898991,0.0576939917480573
10081,310000,9694000,0.243286955742538,-0.437789008575678,0.0786807614954188
10082,311000,9694000,0.172817467620969,-0.420351167622209,0.0543355874191038
10083,312000,9694000,0.166317046001554,-0.403268926915526,0.0564273629498668
10084,313000,9694000,0.182163079762459,-0.415924281996489,0.0582549599176273
10085,314000,9694000,0.17050455686599,-0.413314282992482,0.0526009711549617
10086,315000,9694000,0.168727841579169,-0.39640250004828,0.0460674763485789
10087,316000,9694000,0.175930165665597,-0.403911947745085,0.049943413080601
10088,317000,9694000,0.169144583410025,-0.416451659563184,0.0662684270971455
10089,318000,9694000,0.214343504338711,-0.438416185879707,0.0816672656877898
10090,319000,9694000,0.153491770236939,-0.412181635698676,0.0706259240134852
10091,320000,9694000,0.142852492295951,-0.395627944150567,0.0445343559271656
10092,321000,9694000,0.149759341121465,-0.399287463980913,0.057098442089092
10093,322000,9694000,0.194788646037877,-0.446621533787251,0.118812671066541
10094,323000,9694000,0.180360386440158,-0.451891277039051,0.116003288565949
10095,324000,9694000,0.185139258089662,-0.443435992202163,0.103860006804205
10096,325000,9694000,0.158442698968947,-0.39643125320375,0.0831635096507147
10097,326000,9694000,0.149535367432237,-0.424558543619514,0.0699910088744946
10098,327000,9694000,0.187706000243872,-0.449472592243552,0.0896449531806633
10099,328000,9694000,0.164606627783924,-0.412715624502301,0.0852630692130886
10100,329000,9694000,0.163365393996984,-0.405393751487136,0.0656843653107993
10101,330000,9694000,0.143062295167893,-0.411729063242674,0.0697079992915969
10102,331000,9694000,0.143188344880193,-0.436952197515965,0.0649862996430136
10103,332000,9694000,0.120635362228006,-0.410591429302096,0.0486180055284407
10104,333000,9694000,0.12137045340091,-0.427347801956534,0.0828327190424316
10105,334000,9694000,0.196067679104209,-0.437732049524784,0.0874368440904655
10106,335000,9694000,0.272701297388226,-0.425143550442159,0.072991245686356
10107,336000,9694000,0.283583846228384,-0.459919157304429,0.0859461515178147
10108,337000,9694000,0.247775568640232,-0.484956994920969,0.0851010158028454
10109,338000,9694000,0.239848979832232,-0.474312014171481,0.0833514320708346
10110,339000,9694000,0.22243085179776,-0.476813392570615,0.0937519819168374
10111,340000,9694000,0.234121444817632,-0.464945427846909,0.0716006392088253
10112,341000,9694000,0.227041667103767,-0.442375680169463,0.0986728625874501
10113,342000,9694000,0.13549605592899,-0.365507830624282,0.0623774948728736
10114,343000,9694000,0.116345509881154,-0.381396065555513,0.0375009872029535
10115,344000,9694000,0.135207109740004,-0.39250503064692,0.0617993837117218
10116,345000,9694000,0.150175949029624,-0.426963638010621,0.0990319445483386
10117,346000,9694000,0.162055991159007,-0.425529019927979,0.0974946607249789
10118,347000,9694000,0.153852552976832,-0.431698012590408,0.0687866979148239
10119,348000,9694000,0.153615400243923,-0.419536528348923,0.105287901328132
10120,349000,9694000,0.125294501907378,-0.397312019252777,0.0833252955324482
10121,350000,9694000,0.109394633769616,-0.378240952733159,0.0595861963524483
10122,351000,9694000,0.195953419999406,-0.395871626515687,0.0934912678894587
10123,352000,9694000,0.153568211112544,-0.397597253859043,0.0748082041796297
10124,353000,9694000,0.101531256356835,-0.383843284869194,0.0392120916610584
10125,354000,9694000,0.138576799675822,-0.375379142007232,0.0542446208587848
10126,355000,9694000,0.143589031750709,-0.380449537473917,0.0533678432479734
10127,356000,9694000,0.129737315060571,-0.367028029663861,0.0458626303127501
10128,357000,9694000,0.138727573707886,-0.361951376652718,0.050716713805683
10129,358000,9694000,0.125746141016856,-0.35064906565994,0.0442851956276689
10130,359000,9694000,0.131473869365454,-0.376861983563006,0.0508856217554188
10131,360000,9694000,0.139902173252776,-0.41161659938693,0.0541427927733399
10132,361000,9694000,0.124557485013828,-0.39588891339004,0.0618604554701596
10133,362000,9694000,0.137546563391387,-0.419056675925851,0.0788192736122757
10134,363000,9694000,0.16344463443011,-0.442434418725967,0.106741147096083
10135,364000,9694000,0.170981380875409,-0.423826560138166,0.142917945112567
10136,365000,9694000,0.152433826225623,-0.38075788333267,0.139207886294229
10137,366000,9694000,0.247535366165638,-0.442317414405942,0.0862353545961669
10138,367000,9694000,0.348288220925629,-0.474612374761701,0.0708420348340645
10139,368000,9694000,0.360375207746029,-0.487464606925845,0.0750918558657169
10140,369000,9694000,0.336198294903338,-0.485577920547128,0.0452597059561405
10141,370000,9694000,0.279371579451114,-0.502332913962007,0.120467356816866
10142,371000,9694000,0.243046120412648,-0.505229362201691,0.108902148382366
10143,372000,9694000,0.223672362174094,-0.501800604358315,0.114494672862813
10144,373000,9694000,0.20536898432076,-0.502317679831386,0.130702530279756
10145,374000,9694000,0.233575658065081,-0.527360888198018,0.122002577284724
10146,375000,9694000,0.238183314326135,-0.53822675130584,0.119339415810325
10147,262000,9695000,0.135939364910126,-0.42623111538589,0.0169435313824215
10148,263000,9695000,0.126335480487347,-0.412677555015683,0.0144304446040594
10149,264000,9695000,0.129368052731454,-0.407710846179724,0.00902268984080583
10150,265000,9695000,0.132749109903723,-0.399698754882812,0.0121208289962146
10151,266000,9695000,0.171192114572227,-0.409134932720661,0.0314131220205978
10152,267000,9695000,0.149457436926663,-0.425595235562325,0.0274830271668849
10153,268000,9695000,0.106915496034175,-0.366272340226173,0.0138765453609565
10154,269000,9695000,0.17388498320058,-0.4441030492872,0.025917662046646
10155,270000,9695000,0.163539336396009,-0.456389848321676,0.0261874037383444
10156,271000,9695000,0.150228564497083,-0.440456174054742,0.018198544827482
10157,272000,9695000,0.164311292544007,-0.463250540569425,0.0200601768316148
10158,273000,9695000,0.156142505967617,-0.448027372440696,0.0223280730058963
10159,274000,9695000,0.22517833629325,-0.4862099268049,0.0337044315790874
10160,275000,9695000,0.189237065438926,-0.457995180380344,0.0208225413772307
10161,276000,9695000,0.203868340360373,-0.454656848633289,0.0188662196462392
10162,277000,9695000,0.146569865737855,-0.423297073411942,0.0109672088225605
10163,278000,9695000,0.130473809903115,-0.428260601806641,0.00988448532670736
10164,279000,9695000,0.143569625207782,-0.432021013379097,0.0127043046659965
10165,280000,9695000,0.208761145403981,-0.404026686543226,0.0158543922828365
10166,281000,9695000,0.170965573271737,-0.354394603157789,0.0167377160723263
10167,282000,9695000,0.156213129070774,-0.429003315772861,0.0152250855324877
10168,283000,9695000,0.142763919696212,-0.36436436932683,0.0181889942507551
10169,284000,9695000,0.129891319906712,-0.374875015078485,0.0161652656341204
10170,285000,9695000,0.113610389658064,-0.326406515698135,0.0135009162593982
10171,286000,9695000,0.155482856462523,-0.38444139701277,0.0188413702936145
10172,287000,9695000,0.140143776282668,-0.427672543683648,0.0199337236599589
10173,288000,9695000,0.158744772076607,-0.434104151746631,0.0152836537953553
10174,289000,9695000,0.165087837636471,-0.451514456602931,0.0136166710765945
10175,290000,9695000,0.166945554813743,-0.454081991073489,0.0151882493215904
10176,291000,9695000,0.161963727082312,-0.413649289086461,0.0127325312366011
10177,292000,9695000,0.197054179922491,-0.451123007562757,0.0168086875420238
10178,293000,9695000,0.167162393005937,-0.408840074655414,0.0145369479405752
10179,294000,9695000,0.174861301118881,-0.418683111509681,0.020948644619761
10180,295000,9695000,0.14808808375597,-0.397213763713837,0.021854904937523
10181,296000,9695000,0.146110551254451,-0.397091922581196,0.0214948648086865
10182,297000,9695000,0.161601522170007,-0.43057182289958,0.0257720885371557
10183,298000,9695000,0.16055740654096,-0.427321388366818,0.0280254247820121
10184,299000,9695000,0.161452547122538,-0.430825116804242,0.0245928859986248
10185,3e+05,9695000,0.164101281575859,-0.438441196674109,0.0301441335258074
10186,301000,9695000,0.178540458605438,-0.426061688968539,0.0224826930174779
10187,302000,9695000,0.176733041638136,-0.435623953357339,0.0263993148415349
10188,303000,9695000,0.168597427596897,-0.421233035328984,0.035242357751797
10189,304000,9695000,0.175891357325762,-0.427590673783422,0.0365394717380404
10190,305000,9695000,0.173429183457047,-0.433511318850517,0.0445042690357193
10191,306000,9695000,0.174885859056562,-0.426614553534985,0.0350492160495836
10192,307000,9695000,0.173776147535443,-0.424395090216398,0.035921354716504
10193,308000,9695000,0.173698857741058,-0.451327228286862,0.0367377420269418
10194,309000,9695000,0.199907968939841,-0.440023314705491,0.0426504811059218
10195,310000,9695000,0.200552969324589,-0.439248503500223,0.0535294060735498
10196,311000,9695000,0.166231754591316,-0.425466209539771,0.05059887105776
10197,312000,9695000,0.161796664831042,-0.398119683691859,0.0475736319586635
10198,313000,9695000,0.165232380292565,-0.412449822643399,0.0494187148277648
10199,314000,9695000,0.158368277722597,-0.415369417700171,0.0398273607608397
10200,315000,9695000,0.167504394903779,-0.415660856312513,0.0471371767789125
10201,316000,9695000,0.157990234960616,-0.396822140532732,0.052360306404531
10202,317000,9695000,0.155582303418964,-0.410176887205243,0.0491259836140089
10203,318000,9695000,0.178549454766512,-0.428587709677219,0.0614323769817594
10204,319000,9695000,0.138900522284955,-0.390485949280858,0.0493443724754965
10205,320000,9695000,0.123180510423332,-0.375542486795783,0.0354231157158269
10206,321000,9695000,0.166641705454141,-0.417708805204928,0.0581905473686755
10207,322000,9695000,0.180064908669889,-0.430395292946696,0.0980112548312172
10208,323000,9695000,0.167076585707814,-0.435770265439153,0.118000176532101
10209,324000,9695000,0.156555626804754,-0.391632023543119,0.0943875377245713
10210,325000,9695000,0.138797311419249,-0.36650926168263,0.076792910584854
10211,326000,9695000,0.141561245826632,-0.398488672979176,0.0711078941081883
10212,327000,9695000,0.141876804137975,-0.422444974240661,0.0627155455130152
10213,328000,9695000,0.10848360401541,-0.386007861837745,0.0406698708550073
10214,329000,9695000,0.135431096834689,-0.387294996240735,0.0684729214382358
10215,330000,9695000,0.170848655091226,-0.422194964802265,0.0862071059886366
10216,331000,9695000,0.187573139472632,-0.414446866212785,0.0898763448092155
10217,332000,9695000,0.188579063356668,-0.438444544038177,0.0991643181819469
10218,333000,9695000,0.193423303642869,-0.44689067850709,0.1048772617599
10219,334000,9695000,0.167072821793333,-0.446093048810959,0.0954841265543364
10220,335000,9695000,0.24232954179123,-0.433196749174595,0.100529220573977
10221,336000,9695000,0.189383610135317,-0.433363521811366,0.0798746953692287
10222,337000,9695000,0.212383775277436,-0.472108360998332,0.0846506317948923
10223,338000,9695000,0.259879908594489,-0.487268180379271,0.100313862027973
10224,339000,9695000,0.196357417652756,-0.463801891812682,0.0732627905416302
10225,340000,9695000,0.25285313678626,-0.489350253353268,0.0856582546655321
10226,341000,9695000,0.219031977383047,-0.469948102524877,0.0681743505738676
10227,342000,9695000,0.155066869902611,-0.383273496861756,0.054437783562392
10228,343000,9695000,0.123832099770755,-0.365293080350757,0.0604904467677698
10229,344000,9695000,0.130769111802429,-0.375715115754306,0.0605409369763918
10230,345000,9695000,0.139793389395624,-0.417160946002603,0.0820385347440839
10231,346000,9695000,0.134638677076995,-0.410956081153452,0.0812477473936975
10232,347000,9695000,0.129763303152099,-0.413867594128847,0.0735520096270367
10233,348000,9695000,0.155744369582087,-0.424098157998919,0.100567877654359
10234,349000,9695000,0.145466945929825,-0.407431263676286,0.0739309024921618
10235,350000,9695000,0.127596427200362,-0.36733204998523,0.0582152081604116
10236,351000,9695000,0.15779781990014,-0.374015396162868,0.0914452230030671
10237,352000,9695000,0.254424016995728,-0.418070635774732,0.123785503129475
10238,353000,9695000,0.178809698489681,-0.394291312551498,0.102012982151285
10239,354000,9695000,0.128035085338727,-0.346905718797445,0.0593119161737617
10240,355000,9695000,0.114828421538509,-0.33087231465131,0.0570042266640579
10241,356000,9695000,0.114805921445414,-0.336259433282167,0.0487603390832897
10242,357000,9695000,0.134584943706729,-0.359826297418773,0.0533691708949394
10243,358000,9695000,0.139186198497936,-0.380874571445584,0.0534737327700947
10244,359000,9695000,0.148488142475486,-0.396282440108061,0.0665083873067983
10245,360000,9695000,0.106646521728486,-0.361755410611629,0.0656763363054954
10246,361000,9695000,0.122652012164146,-0.385611023496091,0.0801031196280848
10247,362000,9695000,0.145340541832894,-0.393497027489543,0.0957959451793693
10248,363000,9695000,0.177281166436523,-0.400910104140639,0.131114869439974
10249,364000,9695000,0.216011196922138,-0.429079285426438,0.14087813542583
10250,365000,9695000,0.324481957987696,-0.475198148979247,0.0789131869981065
10251,366000,9695000,0.375984831644595,-0.49189099368453,0.0612254989088513
10252,367000,9695000,0.329651597826183,-0.489022920018435,0.0848242402172182
10253,368000,9695000,0.353580944500864,-0.497547419261932,0.107017449466838
10254,369000,9695000,0.373926259282231,-0.506756084775925,0.0734930555428844
10255,370000,9695000,0.273365797735006,-0.497657954707742,0.107128089520428
10256,371000,9695000,0.275271376751363,-0.515406655216217,0.103266514823958
10257,372000,9695000,0.421810689562559,-0.524069771552086,0.0943400975474156
10258,373000,9695000,0.270999250115454,-0.51438474676609,0.120124117221683
10259,374000,9695000,0.264084715355933,-0.542793280908465,0.123422157913446
10260,375000,9695000,0.250791760872711,-0.541240598451007,0.128285627703775
10261,262000,9696000,0.172364170771092,-0.461652102455497,0.0275537398376036
10262,263000,9696000,0.147532539980859,-0.432857889053226,0.0201553844597482
10263,264000,9696000,0.14546848198548,-0.41663125410378,0.019428886180422
10264,265000,9696000,0.154508517412841,-0.422822179564834,0.0136649010772933
10265,266000,9696000,0.139785383378714,-0.393796220239997,0.0162661211458966
10266,267000,9696000,0.106971457538754,-0.377160383343697,0.0119542667018599
10267,268000,9696000,0.10307420482114,-0.369041686525941,0.0126050797910255
10268,269000,9696000,0.108976710449904,-0.368182681843638,0.010342114006175
10269,270000,9696000,0.0990750323735178,-0.365281156280637,0.0118821011966094
10270,271000,9696000,0.117901626366749,-0.395142334359884,0.0129261703447992
10271,272000,9696000,0.116700515536219,-0.377548251268268,0.0102773553825682
10272,273000,9696000,0.107949730363488,-0.364179978495836,0.0120252658680518
10273,274000,9696000,0.135314151880518,-0.420136412450671,0.0145511731734819
10274,275000,9696000,0.210267186767608,-0.448448472453654,0.0195462262483547
10275,276000,9696000,0.185567450322211,-0.454359644702077,0.017364159040642
10276,277000,9696000,0.144107107872516,-0.428175771155953,0.011376124193758
10277,278000,9696000,0.144140124236047,-0.426059304392338,0.0103228070126628
10278,279000,9696000,0.192825905505568,-0.388905458056927,0.013759905655359
10279,280000,9696000,0.231010761577636,-0.40013782697767,0.0160099737346463
10280,281000,9696000,0.0803358538961038,-0.260115662251413,0.00694815503364662
10281,282000,9696000,0.0814469220090658,-0.287112862058356,0.0078585127485494
10282,283000,9696000,0.152019411655143,-0.415018820478767,0.0162962860330706
10283,284000,9696000,0.159954947935045,-0.410058884231746,0.0176500994200294
10284,285000,9696000,0.139160432165861,-0.358650036993623,0.0154636058497039
10285,286000,9696000,0.167912679754198,-0.397804128074646,0.0178165911992313
10286,287000,9696000,0.197722385147214,-0.431967398104072,0.0195173061957408
10287,288000,9696000,0.191558348570764,-0.427290053546429,0.01926914881923
10288,289000,9696000,0.167176818335056,-0.443765853542089,0.0127314890648122
10289,290000,9696000,0.205933336138725,-0.453436923858523,0.0198326879365472
10290,291000,9696000,0.18542430504337,-0.420682935547829,0.0180683393114188
10291,292000,9696000,0.203795292231441,-0.445781307077408,0.0161719264977553
10292,293000,9696000,0.174706892051548,-0.411928794237971,0.0169163086218789
10293,294000,9696000,0.177343861164898,-0.421658490279317,0.0158685509144823
10294,295000,9696000,0.137926302015781,-0.377453406116366,0.0225028859044774
10295,296000,9696000,0.132945439021289,-0.378910274617374,0.0184047744215
10296,297000,9696000,0.149164610086381,-0.402324902433157,0.0216675508513581
10297,298000,9696000,0.143265220912173,-0.403783991426229,0.0225854803493829
10298,299000,9696000,0.155596752730012,-0.406924681410193,0.0261895962436101
10299,3e+05,9696000,0.14962203068547,-0.398078189742565,0.0236237514105742
10300,301000,9696000,0.169205708652735,-0.41698642757833,0.0165276506883645
10301,302000,9696000,0.169550681575388,-0.419279458594322,0.0209630882075871
10302,303000,9696000,0.169724057397991,-0.410842182442546,0.02426886980657
10303,304000,9696000,0.159161933165789,-0.398821693733335,0.0284734746041941
10304,305000,9696000,0.166763892813027,-0.415499360951781,0.037307289201091
10305,306000,9696000,0.164307369267195,-0.419618109795451,0.0214717981799738
10306,307000,9696000,0.162345455475152,-0.409834801313281,0.0266241737480741
10307,308000,9696000,0.148879852543026,-0.421648246765137,0.0316998263104819
10308,309000,9696000,0.155261137163639,-0.422338490229845,0.0361288114628755
10309,310000,9696000,0.167616676308215,-0.42458798455894,0.0483709838433191
10310,311000,9696000,0.164035523162782,-0.417783674368262,0.0504791159231216
10311,312000,9696000,0.15469300449267,-0.402309741425514,0.0430619456648361
10312,313000,9696000,0.140033892016113,-0.386891928678751,0.0385456734302919
10313,314000,9696000,0.171340930754691,-0.443354203379154,0.0427062724900432
10314,315000,9696000,0.171591608787328,-0.430117943546176,0.0473739516639151
10315,316000,9696000,0.144028036765009,-0.398440894326568,0.0328284395860042
10316,317000,9696000,0.136151750320196,-0.403399364516139,0.0390436876365682
10317,318000,9696000,0.154933522742987,-0.429267151013017,0.057259816464805
10318,319000,9696000,0.211235096518695,-0.424022988454252,0.0715823948129546
10319,320000,9696000,0.171917215077579,-0.407255227205157,0.0660240678489674
10320,321000,9696000,0.138652207766473,-0.385070046177506,0.051601416066708
10321,322000,9696000,0.138947292531282,-0.42156638764441,0.0850104190425947
10322,323000,9696000,0.146183726561069,-0.396028695823252,0.0966314370897599
10323,324000,9696000,0.125329628630914,-0.331637272717059,0.0759723728386685
10324,325000,9696000,0.134214274801314,-0.36845540009737,0.0628521414405201
10325,326000,9696000,0.141887126872689,-0.397157523328066,0.0607056753015146
10326,327000,9696000,0.1241212991409,-0.414446434566379,0.0447250791269005
10327,328000,9696000,0.144063417544961,-0.4103802777946,0.0831012384557165
10328,329000,9696000,0.220194699183106,-0.421716564930975,0.107650167851616
10329,330000,9696000,0.22262188513428,-0.400003405041993,0.0975834828726249
10330,331000,9696000,0.191183725133538,-0.382529973313212,0.111439408165123
10331,332000,9696000,0.164817331031337,-0.378698247742653,0.0912102962886449
10332,333000,9696000,0.291373786420375,-0.388947564376891,0.0863287876747549
10333,334000,9696000,0.343805845450982,-0.424656737536192,0.0700802457168466
10334,335000,9696000,0.358820452224463,-0.475015531238914,0.0978368412112817
10335,336000,9696000,0.174026286835968,-0.42029904833436,0.0941412257165648
10336,337000,9696000,0.162582207515836,-0.447752412688732,0.0909339367147535
10337,338000,9696000,0.203754650183767,-0.469013992068172,0.0854482126170769
10338,339000,9696000,0.196484149955958,-0.457497169214487,0.0645099794195034
10339,340000,9696000,0.18811022464484,-0.455224390283227,0.0526967106164899
10340,341000,9696000,0.147060144237429,-0.403556487491727,0.0462342662591254
10341,342000,9696000,0.160250622225553,-0.394886341653764,0.0622552971872734
10342,343000,9696000,0.13855389287658,-0.361934514214098,0.060940504178917
10343,344000,9696000,0.113132254439965,-0.364625138270855,0.073192873081658
10344,345000,9696000,0.132032376481593,-0.405481641212106,0.0843428165510297
10345,346000,9696000,0.13112647886984,-0.405572977042198,0.10683441073969
10346,347000,9696000,0.137478466530889,-0.381171892637014,0.0826967034753412
10347,348000,9696000,0.1316339574527,-0.398039914286137,0.0751278894572519
10348,349000,9696000,0.127138953239843,-0.407567780992389,0.055082831652509
10349,350000,9696000,0.131993202396482,-0.388668588598073,0.0543859871093649
10350,351000,9696000,0.114499150589481,-0.38358973505199,0.0545072863429785
10351,352000,9696000,0.132129200259969,-0.396556768664718,0.0930934274329571
10352,353000,9696000,0.203142077942938,-0.41014644780457,0.104257253597397
10353,354000,9696000,0.170624814312905,-0.388644575697184,0.099160144752264
10354,355000,9696000,0.126546355422959,-0.344055854956806,0.0641344270812347
10355,356000,9696000,0.141385656483099,-0.364658458727598,0.0659475062191021
10356,357000,9696000,0.17677812413238,-0.387521413482726,0.0650682956648059
10357,358000,9696000,0.174115536505356,-0.384914123937488,0.0640016680441797
10358,359000,9696000,0.126776260216534,-0.353600121857226,0.0706361372296698
10359,360000,9696000,0.131537669854984,-0.364880855420232,0.100477260615863
10360,361000,9696000,0.165803119554371,-0.406553393310308,0.105019426100329
10361,362000,9696000,0.180185607011616,-0.414363144290447,0.110351076595485
10362,363000,9696000,0.166494152504206,-0.390962555122375,0.119037643750198
10363,364000,9696000,0.132518199877068,-0.357703245905042,0.108779521463043
10364,365000,9696000,0.312666904746741,-0.484588490509987,0.0946572615046054
10365,366000,9696000,0.384952178436518,-0.495965648326278,0.0710252308664843
10366,367000,9696000,0.300069757257402,-0.501212036764622,0.122301531616412
10367,368000,9696000,0.336986044049263,-0.498889936682582,0.09977425048328
10368,369000,9696000,0.385287708052993,-0.498359685368836,0.0800166653718334
10369,370000,9696000,0.425885028722882,-0.517743677762151,0.0895134404713288
10370,371000,9696000,0.454786446139216,-0.524346972805262,0.0791464939180762
10371,372000,9696000,0.271804047045112,-0.508357198432088,0.102497363656387
10372,373000,9696000,0.358136322411895,-0.52937851164341,0.0968069950759411
10373,374000,9696000,0.501253445994854,-0.532140099903941,0.0802478165401146
10374,375000,9696000,0.31914801699194,-0.533395815518769,0.11643359397284
10375,262000,9697000,0.179631165225059,-0.470925007298589,0.0306965027481783
10376,263000,9697000,0.167763087505847,-0.454779537948966,0.0272338407499017
10377,264000,9697000,0.156244460730255,-0.432940136253834,0.0262405747151934
10378,265000,9697000,0.166662262847275,-0.43421346809566,0.0259310778353189
10379,266000,9697000,0.143264643665403,-0.407262500166893,0.0180420290695125
10380,267000,9697000,0.123228889540583,-0.390626751729846,0.0118532064084196
10381,268000,9697000,0.110593998356164,-0.377790867635608,0.0154066371593741
10382,269000,9697000,0.112079259694368,-0.376133712860942,0.0137478441486659
10383,270000,9697000,0.111793418193609,-0.417302082076669,0.0193424118512543
10384,271000,9697000,0.140269197742641,-0.417080192225799,0.0170982306794031
10385,272000,9697000,0.151497683341056,-0.418528229185939,0.0177087297590973
10386,273000,9697000,0.150565720519796,-0.407299240383506,0.0196353530895663
10387,274000,9697000,0.103158647074923,-0.351943100950122,0.0100703935142898
10388,275000,9697000,0.18189749224782,-0.446488375130296,0.0152868235781963
10389,276000,9697000,0.145234707383066,-0.412959265649319,0.0108951116712793
10390,277000,9697000,0.280020657067746,-0.446480557562411,0.0170807560750167
10391,278000,9697000,0.190333347631991,-0.418159589764476,0.0133956230332493
10392,279000,9697000,0.298053539700806,-0.424845467182994,0.0185742944048368
10393,280000,9697000,0.170398645815626,-0.376663211131096,0.0124440005953627
10394,281000,9697000,0.144835552945361,-0.280662598767132,0.0106209676580649
10395,282000,9697000,0.101572687941045,-0.320120576470718,0.0095487750755623
10396,283000,9697000,0.145143032119796,-0.441341502954066,0.0122523165480379
10397,284000,9697000,0.136147719018161,-0.422714428971708,0.0098261072695459
10398,285000,9697000,0.152740049336106,-0.454120184347033,0.0124953925733833
10399,286000,9697000,0.147961282682419,-0.442108283899725,0.0120802241528385
10400,287000,9697000,0.164813533512503,-0.433561609783769,0.0124883215667855
10401,288000,9697000,0.183346245540678,-0.445771705722809,0.013869655490882
10402,289000,9697000,0.194730011118948,-0.447906380701065,0.0155549059884477
10403,290000,9697000,0.239670843884349,-0.466921828854084,0.0204764471025264
10404,291000,9697000,0.228697271953523,-0.444189310795069,0.0223017425053811
10405,292000,9697000,0.225215382535756,-0.436404519987106,0.0191962596152327
10406,293000,9697000,0.161072957799584,-0.408810215491056,0.0134333055634343
10407,294000,9697000,0.14996428145729,-0.387374466203153,0.0198353780715959
10408,295000,9697000,0.123821989198402,-0.357743344293535,0.019875184954796
10409,296000,9697000,0.144206513075531,-0.392719964106381,0.0185918834773591
10410,297000,9697000,0.145513675562292,-0.404917082545161,0.0192190472358488
10411,298000,9697000,0.142018807590008,-0.406485512530804,0.0183359304774087
10412,299000,9697000,0.132287949115783,-0.372270303849876,0.0213086339665344
10413,3e+05,9697000,0.129632550719008,-0.367045559082925,0.0186859549967092
10414,301000,9697000,0.152709230910987,-0.398616084986925,0.0188437086368212
10415,302000,9697000,0.154024451741576,-0.401822193303704,0.0211009862656734
10416,303000,9697000,0.16403377989158,-0.419318125349283,0.0207840832818649
10417,304000,9697000,0.159456843344867,-0.410555751475692,0.0330454158286215
10418,305000,9697000,0.148905725868791,-0.400368754121661,0.0319295048675733
10419,306000,9697000,0.154132675039023,-0.399649808347225,0.0217656246588798
10420,307000,9697000,0.137224486337602,-0.393333129805326,0.0231320166409481
10421,308000,9697000,0.133372700516135,-0.403488062930107,0.0229465513119008
10422,309000,9697000,0.139749024481326,-0.406741024237871,0.0291050495418021
10423,310000,9697000,0.149678968973458,-0.400357561177015,0.0354569523632177
10424,311000,9697000,0.153760126336664,-0.398311481571198,0.0399667831247672
10425,312000,9697000,0.150214009452611,-0.389962047818303,0.041446481945971
10426,313000,9697000,0.14183134739399,-0.386950024700165,0.035082638135599
10427,314000,9697000,0.157022854915261,-0.424372784894705,0.0411439475376625
10428,315000,9697000,0.152007014097273,-0.406609027656913,0.0353206149520352
10429,316000,9697000,0.142923559679836,-0.404738656052947,0.0403818795746425
10430,317000,9697000,0.133655802261084,-0.398707336470485,0.0342728415596299
10431,318000,9697000,0.190978407063335,-0.439487889444828,0.0710884321522433
10432,319000,9697000,0.19914492764771,-0.431177045034617,0.0678221789962146
10433,320000,9697000,0.179090083459765,-0.424536447051167,0.0592518053684849
10434,321000,9697000,0.172299058800936,-0.426954429677129,0.0845039454688784
10435,322000,9697000,0.168042580563575,-0.418186600938439,0.0772000075016636
10436,323000,9697000,0.142147522383556,-0.373961764194071,0.0934549367478699
10437,324000,9697000,0.137498787173629,-0.372661278942227,0.0801066545950249
10438,325000,9697000,0.153918728920817,-0.416050731059909,0.0572599007018842
10439,326000,9697000,0.13878894668445,-0.423214328223467,0.0643343868254684
10440,327000,9697000,0.15272399270311,-0.434832919287682,0.0750380005032755
10441,328000,9697000,0.200375819387287,-0.445845813158154,0.0977388237335719
10442,329000,9697000,0.210762640053034,-0.426138779601455,0.0943322694478091
10443,330000,9697000,0.15362590438053,-0.374849593657255,0.101693254505703
10444,331000,9697000,0.126184311845526,-0.367130368231237,0.109649295267835
10445,332000,9697000,0.112334832765535,-0.356283554884791,0.10561442778185
10446,333000,9697000,0.109395051020372,-0.315519503468275,0.0658947076722397
10447,334000,9697000,0.39040144908709,-0.408368612798303,0.0753548417181009
10448,335000,9697000,0.467568390613794,-0.501035733252764,0.0894558695312589
10449,336000,9697000,0.353876808481663,-0.479891443288326,0.113243198700435
10450,337000,9697000,0.264372512215376,-0.464016304633021,0.110302557721827
10451,338000,9697000,0.180186856807023,-0.430117206227779,0.0851618277184665
10452,339000,9697000,0.163615830404311,-0.42901066121161,0.0665921833799221
10453,340000,9697000,0.138888353046402,-0.399099728259444,0.0516522766192909
10454,341000,9697000,0.138090737979859,-0.38820838881135,0.0462380914408714
10455,342000,9697000,0.125830960024148,-0.363483042821288,0.0569340654534753
10456,343000,9697000,0.147825056181103,-0.384637331858277,0.0594292801951058
10457,344000,9697000,0.102803810563684,-0.324855461876839,0.0495188776913565
10458,345000,9697000,0.125843323781714,-0.380138779680431,0.0800033628301229
10459,346000,9697000,0.114779155371711,-0.399755616617203,0.0920232696861029
10460,347000,9697000,0.123590757415816,-0.404534401616454,0.0777250940736383
10461,348000,9697000,0.133599850770459,-0.39642818646431,0.0686877684844658
10462,349000,9697000,0.126648896948248,-0.399728997287154,0.0607015284211375
10463,350000,9697000,0.148399476251379,-0.414087848564982,0.0766833001483232
10464,351000,9697000,0.133927958183363,-0.394975612604618,0.078037811464211
10465,352000,9697000,0.108043073289283,-0.370530586349964,0.0533821653584484
10466,353000,9697000,0.112089709866978,-0.376937186299264,0.0533895018845797
10467,354000,9697000,0.196439093722031,-0.431144072142243,0.075270871084556
10468,355000,9697000,0.201201649793983,-0.431323671078682,0.0817082131309435
10469,356000,9697000,0.153660880644619,-0.405554330061376,0.0637767648516223
10470,357000,9697000,0.136376316713542,-0.387439902786911,0.0572370924985036
10471,358000,9697000,0.143931476313993,-0.390189169627428,0.0749612703774124
10472,359000,9697000,0.125078170523606,-0.358276199498773,0.0944313010399113
10473,360000,9697000,0.146536795409769,-0.365628816208243,0.12491948967725
10474,361000,9697000,0.169829637348652,-0.395388501065969,0.117943928938359
10475,362000,9697000,0.163145164201409,-0.401872462983429,0.0882640913067386
10476,363000,9697000,0.152119681908563,-0.362591863554716,0.0892409058432095
10477,364000,9697000,0.112015600847825,-0.359170402699709,0.0757744321800303
10478,365000,9697000,0.209717246282473,-0.441669495809078,0.0836367418515496
10479,366000,9697000,0.292607334046066,-0.482077376076579,0.0961261270560324
10480,367000,9697000,0.336569110964239,-0.499011758673191,0.0822985955507262
10481,368000,9697000,0.340531998689473,-0.506517649438977,0.0894249394839164
10482,369000,9697000,0.405939784297347,-0.505767936238646,0.0839594983375166
10483,370000,9697000,0.37794060883373,-0.505769414192438,0.0881750491922721
10484,371000,9697000,0.52444685010314,-0.513148418027163,0.0728773416174576
10485,372000,9697000,0.370621121616662,-0.520517584583163,0.0970116223908961
10486,373000,9697000,0.269641034135222,-0.53196064658761,0.10444165381752
10487,374000,9697000,0.305112106272578,-0.534301564604044,0.0973905298132449
10488,375000,9697000,0.305562422573566,-0.542052657197822,0.0993302927098491
10489,262000,9698000,0.174844975024462,-0.466547653079033,0.0303622854407877
10490,263000,9698000,0.180254242271185,-0.471233006715775,0.0310431559896097
10491,264000,9698000,0.155661932900548,-0.441604205667973,0.0291667832154781
10492,265000,9698000,0.15724568426609,-0.427949886322021,0.0280004565417767
10493,266000,9698000,0.126651917770505,-0.393653284013271,0.0189296467823442
10494,267000,9698000,0.114032185524702,-0.388573091626167,0.00835088824154809
10495,268000,9698000,0.114361745715141,-0.380083681941032,0.0140479026222602
10496,269000,9698000,0.137122690081596,-0.407146349549294,0.0178536973125301
10497,270000,9698000,0.0947554861009121,-0.36092559248209,0.012589757044334
10498,271000,9698000,0.142823402956128,-0.407291716635227,0.0194843879318796
10499,272000,9698000,0.111900012120605,-0.372668891251087,0.010943154534325
10500,273000,9698000,0.155627901777625,-0.421163719892502,0.0211202625208534
10501,274000,9698000,0.150388107001781,-0.405321989655495,0.0184409702150151
10502,275000,9698000,0.125129594728351,-0.423126260340214,0.0085800644592382
10503,276000,9698000,0.173241944462061,-0.45101988941431,0.0126855159085244
10504,277000,9698000,0.389303545802832,-0.482124201357365,0.0212753155338578
10505,278000,9698000,0.216751567870378,-0.425914097726345,0.0137039989186451
10506,279000,9698000,0.207878301739693,-0.415417828559875,0.0135628512501717
10507,280000,9698000,0.11749675039202,-0.33406962364912,0.00806052278261632
10508,281000,9698000,0.201150269061327,-0.381937843859196,0.014232204654254
10509,282000,9698000,0.141506688445806,-0.398472645878792,0.0119693307537818
10510,283000,9698000,0.145609796568751,-0.410561467409134,0.0100334641555673
10511,284000,9698000,0.101791245192289,-0.369347021877766,0.00464043316605967
10512,285000,9698000,0.111040385887027,-0.415128196179867,0.00503013636393007
10513,286000,9698000,0.142871357426047,-0.44108809530735,0.0102981163898949
10514,287000,9698000,0.138483548015356,-0.426015875935555,0.0106287719868124
10515,288000,9698000,0.163726374208927,-0.439134915471077,0.0150456532975659
10516,289000,9698000,0.198773184120655,-0.439761950075626,0.0165235311817378
10517,290000,9698000,0.206083727926016,-0.461726535260677,0.0136817309912294
10518,291000,9698000,0.209717167317867,-0.451895922422409,0.020821449207142
10519,292000,9698000,0.207532532215118,-0.415772376954555,0.0217149022128433
10520,293000,9698000,0.171090122759342,-0.426156223714352,0.0181993611017242
10521,294000,9698000,0.131540143415332,-0.354388612508774,0.0234306350769475
10522,295000,9698000,0.0987142811343074,-0.311668485105038,0.0132963891280815
10523,296000,9698000,0.140984903201461,-0.378960098624229,0.0204742875148077
10524,297000,9698000,0.141208443120122,-0.4137759116292,0.0167163070244715
10525,298000,9698000,0.144171451851726,-0.410067103505135,0.018939174618572
10526,299000,9698000,0.137494965419173,-0.361043411493301,0.0202776340954006
10527,3e+05,9698000,0.151439199671149,-0.377847703695297,0.022775022983551
10528,301000,9698000,0.146948932483792,-0.385381383597851,0.0186635978799313
10529,302000,9698000,0.156168365329504,-0.404302743375301,0.0246133183594793
10530,303000,9698000,0.155084913671017,-0.408707344830036,0.0216361778369173
10531,304000,9698000,0.1621363940835,-0.407751599252224,0.0269226264674217
10532,305000,9698000,0.165657605826855,-0.418866326808929,0.032438602023758
10533,306000,9698000,0.161955037117004,-0.416625148952007,0.0247370993625373
10534,307000,9698000,0.132026641890407,-0.391761028170586,0.0195835198112763
10535,308000,9698000,0.138639029935002,-0.399783947765827,0.0214763021189719
10536,309000,9698000,0.132815960124135,-0.39326405197382,0.0218355051847175
10537,310000,9698000,0.137958358004689,-0.39041698127985,0.0317846147809178
10538,311000,9698000,0.143301471993327,-0.40326845407486,0.0345084144640714
10539,312000,9698000,0.138938508108258,-0.372446132302284,0.0302283106092364
10540,313000,9698000,0.147251679524779,-0.389363950192928,0.0341114658489823
10541,314000,9698000,0.145350927188993,-0.405068228542805,0.0391822169162333
10542,315000,9698000,0.132480908185244,-0.381094479262829,0.0345827662292868
10543,316000,9698000,0.182535010129213,-0.436432300806046,0.0515364747028798
10544,317000,9698000,0.159656157270074,-0.412513193190098,0.0448347221780568
10545,318000,9698000,0.181944502443075,-0.439899066984653,0.0962768887355924
10546,319000,9698000,0.190501714646816,-0.434594841003418,0.0752798356674612
10547,320000,9698000,0.197674721777439,-0.447069962322712,0.0754288548231125
10548,321000,9698000,0.196393674910069,-0.457862851917744,0.0928416360169649
10549,322000,9698000,0.142106639742851,-0.375565080344677,0.0629390715993941
10550,323000,9698000,0.153029666095972,-0.399171611368656,0.103270691372454
10551,324000,9698000,0.137147907689214,-0.397866866290569,0.141676114052534
10552,325000,9698000,0.143686197847128,-0.424834232628345,0.0762609651312232
10553,326000,9698000,0.132875525131822,-0.406109728217125,0.0587339251115918
10554,327000,9698000,0.152295212075114,-0.427565147876739,0.0647895853966474
10555,328000,9698000,0.246492652967572,-0.46883892595768,0.122390866316855
10556,329000,9698000,0.169449611753225,-0.394965932220221,0.0878320981469005
10557,330000,9698000,0.110794322863221,-0.338039293289185,0.0775895347073674
10558,331000,9698000,0.125400633886457,-0.385424704253674,0.12610841434449
10559,332000,9698000,0.114056470021605,-0.350126720964909,0.112571812607348
10560,333000,9698000,0.138505767434835,-0.373021119236946,0.112704942077398
10561,334000,9698000,0.45523576438427,-0.384804078936577,0.0724221542105079
10562,335000,9698000,0.578268333673477,-0.474761736094952,0.0621794830076396
10563,336000,9698000,0.402915496230125,-0.490260529220104,0.0998384345322847
10564,337000,9698000,0.240292385518551,-0.449446656405926,0.087676227465272
10565,338000,9698000,0.153638619482517,-0.390560643672943,0.0817263070121407
10566,339000,9698000,0.167721154093742,-0.418234357833862,0.056578525789082
10567,340000,9698000,0.133115898519754,-0.368021265864372,0.0545914872922003
10568,341000,9698000,0.13034413613379,-0.355558266341686,0.0511450684629381
10569,342000,9698000,0.118101931959391,-0.344620947688818,0.0683485631272197
10570,343000,9698000,0.12544404424727,-0.369843998253345,0.0556055607739836
10571,344000,9698000,0.10828842766583,-0.331859086155891,0.0552366414945573
10572,345000,9698000,0.0958883463963866,-0.328321584761143,0.0714799831528217
10573,346000,9698000,0.117082006782293,-0.348935196846724,0.0582653862796724
10574,347000,9698000,0.104987305924296,-0.396857303082943,0.0776006287150085
10575,348000,9698000,0.127784604132175,-0.394260097146034,0.0522724011540413
10576,349000,9698000,0.105944014899433,-0.390571790635586,0.0397590442374349
10577,350000,9698000,0.138916944265366,-0.406587096750736,0.0783513743616641
10578,351000,9698000,0.131129599437118,-0.389772444963455,0.0669780994020402
10579,352000,9698000,0.0966567462310195,-0.366640429496765,0.0544587987754494
10580,353000,9698000,0.112679050676525,-0.376118119359016,0.0439880014397204
10581,354000,9698000,0.233159651532769,-0.441033242642879,0.0870607696846128
10582,355000,9698000,0.159853403195739,-0.436969722211361,0.0663341849856079
10583,356000,9698000,0.149678340479732,-0.415907295644283,0.0601116561889648
10584,357000,9698000,0.133750715851784,-0.391680183112621,0.0576169368810952
10585,358000,9698000,0.156530586704612,-0.401686073243618,0.0702550090104341
10586,359000,9698000,0.135725777260959,-0.380234383791685,0.07852992429398
10587,360000,9698000,0.114312569946051,-0.354988175332546,0.12405888915062
10588,361000,9698000,0.122201291024685,-0.36758399695158,0.1374645293504
10589,362000,9698000,0.164620613530278,-0.360340189039707,0.0730087498761714
10590,363000,9698000,0.139478615373373,-0.370858308970928,0.0731746680103242
10591,364000,9698000,0.150599653273821,-0.398328803181648,0.0934781894087791
10592,365000,9698000,0.139373907744884,-0.415891653895378,0.0945892004668713
10593,366000,9698000,0.184053548723459,-0.447480490803719,0.118793491572142
10594,367000,9698000,0.245618950873613,-0.507505101263523,0.106880898103118
10595,368000,9698000,0.283001714795828,-0.505769986212254,0.103934972770512
10596,369000,9698000,0.425920458436012,-0.516750383973122,0.0872458916157484
10597,370000,9698000,0.364951981008053,-0.507247983217239,0.0955517395958304
10598,371000,9698000,0.482257370650768,-0.522542073130608,0.0906736816465855
10599,372000,9698000,0.342969994395971,-0.52127078384161,0.0917869536206126
10600,373000,9698000,0.316696755588055,-0.536823581457138,0.0935410432517529
10601,374000,9698000,0.314641678780317,-0.537517345845699,0.093368410281837
10602,375000,9698000,0.334787970239466,-0.550555592233484,0.113743423738263
