"cell_id","cell_x","cell_y","VerticalStructuralHeterogeneity","MeanCanopyHeight_m","MaxCanopyHeight_m"
1,262000,9606000,0.905228602501742,2.01673767498478,13
2,263000,9606000,1.01987065919562,4.66671727907683,15
3,264000,9606000,1.04958435233697,5.17575159429092,17
4,265000,9606000,0.629346879849392,7.59300030367446,18
5,266000,9606000,0.593188523106268,8.31688430003037,19
6,267000,9606000,0.703659108276469,10.6276951108412,23
7,268000,9606000,0.801990070099657,10.4405557242636,23
8,269000,9606000,0.74997626882506,10.1422714849681,24
9,270000,9606000,0.548867347595783,10.3181749164895,22
10,271000,9606000,0.653498148510591,8.01860006073489,20
11,272000,9606000,0.77501615077592,8.90912541755238,20
12,273000,9606000,0.608751969572382,9.07918311569997,25
13,274000,9606000,0.450033827405915,9.72547828727604,21
14,275000,9606000,0.896461278453216,4.66762830245976,20
15,276000,9606000,0.782074371199981,1.54980261160036,19
16,277000,9606000,0.886880773481984,1.88847555420589,11
17,278000,9606000,1.09158978549883,4.02535681749165,11
18,279000,9606000,0.890870407727242,1.8507440024294,14
19,280000,9606000,1.02864756111824,2.97889462496204,16
20,281000,9606000,1.09444887255392,3.59019131491042,18
21,282000,9606000,1.08543850494545,4.39940783480109,16
22,283000,9606000,0.942576903831998,5.25151837230489,14
23,284000,9606000,0.893133455439362,7.60135135135135,27
24,285000,9606000,0.719997099607817,6.87868205283936,19
25,286000,9606000,0.718753400891622,6.33017005769815,13
26,287000,9606000,1.01784262766789,4.36365016702095,12
27,288000,9606000,1.02868136223943,2.53818706346796,10
28,289000,9606000,0.533674082273241,0.757212268448224,10
29,290000,9606000,0.0188608130306246,0.0142726996659581,3
30,291000,9606000,0.236561810679534,0.285529911934406,9
31,292000,9606000,0.412612536792804,0.547828727604008,8
32,293000,9606000,0.547656584541622,0.902140904949894,14
33,294000,9606000,0.459954724042408,0.681901002125721,13
34,295000,9606000,0.876094140168253,1.82645004555117,13
35,296000,9606000,1.09538793275851,4.00106286061342,12
36,297000,9606000,0.396193688175151,7.8705587610082,15
37,298000,9606000,0.997002376588275,6.373291831157,25
38,299000,9606000,0.997568102688537,5.68159732766474,21
39,3e+05,9606000,0.899867142742439,8.90783480109323,29
40,301000,9606000,1.026585813694,9.61084117825691,25
41,302000,9606000,0.703270585181688,11.5866231399939,27
42,303000,9606000,0.889631868346064,11.0488915882174,30
43,304000,9606000,0.845971326462665,10.925144245369,32
44,305000,9606000,0.769215430478625,8.61144852717886,32
45,306000,9606000,1.08339348849945,4.04858791375645,16
46,307000,9606000,0.489177487187899,0.715608867294261,13
47,308000,9606000,0.458450087928756,0.696932887944124,12
48,309000,9606000,0.06016426521549,0.0517764955967203,7
49,310000,9606000,0.71877764069554,1.39363802004251,11
50,311000,9606000,1.01332287768276,5.06589735803219,21
51,312000,9606000,1.11395584045224,6.75098694199818,21
52,313000,9606000,0.954351117622054,6.75850288490738,18
53,314000,9606000,0.940992383571726,6.3999392651078,18
54,315000,9606000,0.476298359513472,8.44260552687519,17
55,316000,9606000,0.786759619964515,12.2010324931673,28
56,317000,9606000,0.626566608957644,19.3118736714242,31
57,318000,9606000,0.929403763069845,14.9939265107804,30
58,319000,9606000,0.935797277508599,6.21879744913453,18
59,320000,9606000,0.988942926661175,2.95968721530519,16
60,321000,9606000,1.01018239217294,4.33206802307926,10
61,322000,9606000,0.823663699233934,5.58092924385059,10
62,323000,9606000,0.926146102816327,5.36456119040389,11
63,324000,9606000,0.932794791554376,4.74665958092924,11
64,325000,9606000,0.967517894321526,5.60203461888855,16
65,326000,9606000,0.928532838885496,5.50113877922867,13
66,327000,9606000,1.07212687490449,3.44837534163377,12
67,328000,9606000,1.08496592494896,3.81893410264197,11
68,329000,9606000,0.816808837906941,2.96067415730337,11
69,330000,9606000,0.960047845006356,5.1897206194959,12
70,331000,9606000,1.02344647153903,4.10203461888855,14
71,332000,9606000,1.00355832917475,3.39257515942909,12
72,333000,9606000,1.00134882751313,3.36737017916793,10
73,334000,9606000,0.843170291795176,2.26450045551169,19
74,335000,9606000,0.50220747825506,0.699969632553902,7
75,336000,9606000,0.580906668958105,0.850212572122685,7
76,337000,9606000,0.649095860599396,1.1617066504707,6
77,338000,9606000,0.707115197808197,1.640373519587,7
78,339000,9606000,0.755796514197934,1.61008199210446,7
79,340000,9606000,1.06212860460382,5.19693288794412,16
80,341000,9606000,0.717779806586856,10.1896447008807,22
81,342000,9606000,0.750950011553547,9.71507743698755,30
82,343000,9606000,0.82793226271709,6.22775584573337,17
83,344000,9606000,1.09040654453419,3.32660188278166,11
84,345000,9606000,1.04059167192554,3.02573641056787,9
85,346000,9606000,1.05185918839661,3.150622532645,15
86,347000,9606000,1.04092846983512,3.70923170361373,14
87,348000,9606000,1.08078078771497,4.15100212572123,12
88,349000,9606000,0.7640030734537,7.75417552383845,20
89,350000,9606000,1.00478490354599,13.0767537200121,32
90,351000,9606000,0.960718747922881,11.8975857880352,35
91,352000,9606000,1.05495864345766,12.4535378074704,35
92,353000,9606000,1.17597156344017,17.110233829335,40
93,354000,9606000,0.951610165256734,11.8356361979957,30
94,355000,9606000,0.617530658639179,7.42210750075919,18
95,356000,9606000,0.971082908453415,6.15616459155785,19
96,357000,9606000,1.09386024141692,3.89227148496811,10
97,358000,9606000,0.791659846002258,1.42749772244154,10
98,359000,9606000,1.15801733266868,7.37640449438202,26
99,360000,9606000,0.724651794550381,9.44442757364106,26
100,361000,9606000,0.695523943549752,8.40335560279381,18
101,362000,9606000,0.904995055999666,5.69617370179168,19
102,363000,9606000,0.176220327123082,0.188050409960522,8
103,364000,9606000,0.254112992359963,0.276647433950805,7
104,365000,9606000,0.0673835085370755,0.0526116003644094,8
105,366000,9606000,0.284489135106165,0.298132402064986,8
106,367000,9606000,0.402728017337501,0.456119040388703,8
107,368000,9606000,0.0228125130302669,0.0137412693592469,5
108,369000,9606000,0.335533991637294,0.435772851503189,6
109,370000,9606000,0.408109658288059,0.542590343152141,5
110,371000,9606000,0.456092750046501,0.59945338597024,6
111,372000,9606000,0.572766589130691,0.981324020649863,6
112,373000,9606000,0.29661734844927,0.283783783783784,5
113,374000,9606000,0.495385137420209,0.788338900698451,6
114,375000,9606000,0.166779697173551,0.168554006968641,5
115,262000,9607000,0.862921144605761,4.24384098544233,18
116,263000,9607000,0.776610386336078,11.228527607362,21
117,264000,9607000,0.379550840221641,10.5745259341885,19
118,265000,9607000,0.698564566149559,7.6899051868377,20
119,266000,9607000,0.82263240915065,8.30221695482432,21
120,267000,9607000,0.768180325179133,8.6441717791411,20
121,268000,9607000,0.881929676968925,9.69380925822644,20
122,269000,9607000,0.523802209043236,12.0043223647518,24
123,270000,9607000,0.597213526082036,10.8209704406023,22
124,271000,9607000,0.71525854598176,9.08923591745678,21
125,272000,9607000,0.52056457302693,9.02530674846626,20
126,273000,9607000,0.406292485778671,8.04426938092582,16
127,274000,9607000,0.803692729078337,7.21765197992192,19
128,275000,9607000,0.99160724952369,5.7212771890686,31
129,276000,9607000,0.97275741680011,3.12778862242052,19
130,277000,9607000,0.845607447322747,6.76108477412158,19
131,278000,9607000,1.10841148243256,3.72434467373118,19
132,279000,9607000,1.0290176499789,2.76101505856107,14
133,280000,9607000,1.07232840694359,4.38852481873954,16
134,281000,9607000,1.10442074625532,3.89640267707752,18
135,282000,9607000,1.01158619701348,5.76373396542108,18
136,283000,9607000,1.10558392823588,4.00174288901283,17
137,284000,9607000,1.11024125789412,3.54545454545455,23
138,285000,9607000,0.86712328706515,5.94750418293363,14
139,286000,9607000,0.432381642271657,6.86217233686559,13
140,287000,9607000,1.08098420880112,4.36461238148355,13
141,288000,9607000,0.689860053429983,1.17986614612381,11
142,289000,9607000,1.0165921709637,2.49379531511433,12
143,290000,9607000,1.1403807883788,4.85234244283324,23
144,291000,9607000,0.988159302759707,2.64124372559955,22
145,292000,9607000,1.01154006098047,2.53583379810374,9
146,293000,9607000,0.779555357419166,1.51261851645287,11
147,294000,9607000,0.842301340448559,1.66369213608477,11
148,295000,9607000,0.99377828607866,2.58470440602342,12
149,296000,9607000,0.964125158388813,5.60875627440045,18
150,297000,9607000,0.730980990249937,7.66083379810374,20
151,298000,9607000,1.05564883667615,3.44715560513107,20
152,299000,9607000,1.10829518255964,4.14110429447853,18
153,3e+05,9607000,1.1247214290943,10.630158951478,29
154,301000,9607000,1.06443989293424,9.88657278304518,26
155,302000,9607000,0.453132711373282,10.2415644171779,26
156,303000,9607000,0.883445980710642,12.1511433351924,27
157,304000,9607000,1.00950561624067,9.08763245956498,27
158,305000,9607000,1.15441065246085,5.8851087562744,24
159,306000,9607000,0.495117571434749,0.874233128834356,16
160,307000,9607000,0.126909832979956,0.122490239821528,11
161,308000,9607000,0.231779747862628,0.277467930842164,9
162,309000,9607000,0.114331009738762,0.135457334076966,10
163,310000,9607000,0.496210126250681,0.715072504182934,10
164,311000,9607000,1.20608446203181,8.08965421081986,23
165,312000,9607000,1.03895097289031,8.86286949247072,22
166,313000,9607000,0.740211780866839,8.21514221974345,20
167,314000,9607000,1.01643653824469,5.6095928611266,19
168,315000,9607000,1.13766314786068,9.46360847741216,25
169,316000,9607000,0.52731925495658,20.8232710540993,33
170,317000,9607000,0.307138126388312,23.4815950920245,34
171,318000,9607000,0.670282059739811,13.9530117122142,28
172,319000,9607000,1.07233406715379,6.65490797546012,18
173,320000,9607000,0.820196317991748,5.64577523703291,11
174,321000,9607000,0.486743440317099,7.00801728945901,13
175,322000,9607000,1.01257517618196,4.97776073619632,12
176,323000,9607000,0.509625808303948,6.86893474623536,12
177,324000,9607000,0.418371167249075,7.15832403792527,15
178,325000,9607000,0.952157976220728,5.45858895705521,13
179,326000,9607000,0.67761660668379,6.35729224762967,11
180,327000,9607000,0.761808542279063,5.96081985499163,11
181,328000,9607000,0.800590528823822,5.7111684327942,13
182,329000,9607000,0.727985921455745,5.2212771890686,16
183,330000,9607000,0.725141895652954,6.01192136084774,16
184,331000,9607000,0.917777737178831,5.11865588399331,14
185,332000,9607000,0.9860823208844,3.80256553262688,12
186,333000,9607000,0.967905096554204,2.96625766871166,14
187,334000,9607000,0.818103184570627,2.08226436140547,13
188,335000,9607000,0.84982338487118,1.69283324037925,12
189,336000,9607000,0.872952956450983,3.07173731176799,11
190,337000,9607000,0.716717790945376,1.22434467373118,9
191,338000,9607000,0.599130408446558,0.940950920245399,8
192,339000,9607000,0.851558174076283,1.9500139431121,8
193,340000,9607000,1.09052787418424,5.6138455103179,23
194,341000,9607000,0.584535221086334,10.7044060234244,27
195,342000,9607000,0.678501996381644,8.5228667038483,30
196,343000,9607000,1.07813773380694,4.17617122141662,14
197,344000,9607000,0.979353059754048,2.21409648633575,11
198,345000,9607000,0.94469014275127,2.19234523145566,12
199,346000,9607000,1.000412352999,4.57334076965979,13
200,347000,9607000,0.807821547880793,4.7372420524261,8
201,348000,9607000,0.718923928228695,5.70343000557724,9
202,349000,9607000,0.368688135596941,7.48040992749582,20
203,350000,9607000,0.537170854517887,12.701896263246,25
204,351000,9607000,0.614816784447739,13.5188232013385,26
205,352000,9607000,0.66806392821079,14.3792526491913,29
206,353000,9607000,0.865726367880853,14.9028165086447,32
207,354000,9607000,0.467007678423562,12.0218209704406,30
208,355000,9607000,0.26354078242102,7.28625209146682,16
209,356000,9607000,0.517488303556299,6.48529001673173,14
210,357000,9607000,1.02719330966567,4.68467651979922,11
211,358000,9607000,0.99482602471676,2.86572783045176,20
212,359000,9607000,0.902706333432491,8.04587283881762,20
213,360000,9607000,0.51147310577788,10.8723508087005,24
214,361000,9607000,0.293539071947391,10.3204127161182,24
215,362000,9607000,0.898558712490177,6.01631344116007,18
216,363000,9607000,0.416636154718255,0.533951477969883,8
217,364000,9607000,0.521806966596547,0.73856664807585,8
218,365000,9607000,0.402493339920038,0.505089235917457,8
219,366000,9607000,0.694532149890212,1.48577802565533,11
220,367000,9607000,0.764288598811009,1.44471556051311,10
221,368000,9607000,0.32512734362174,0.342442833240379,9
222,369000,9607000,0.413090507862929,0.495329057445622,6
223,370000,9607000,0.357332129127067,0.393126045733408,5
224,371000,9607000,0.328602033966006,0.340630228667038,7
225,372000,9607000,0.744237819358759,1.95008365867262,7
226,373000,9607000,0.753893150697497,1.82313162297825,6
227,374000,9607000,0.645124406092305,2.98368655883993,6
228,375000,9607000,0.644974137037301,2.56099518459069,6
229,262000,9608000,0.818826604631151,4.4493281075028,18
230,263000,9608000,0.850792606796502,11.6154489682097,24
231,264000,9608000,0.589969312151329,11.4646542108199,31
232,265000,9608000,0.954316405336481,7.66334355828221,20
233,266000,9608000,1.04784319149078,6.26519799219186,20
234,267000,9608000,0.965359914652731,6.45217512548801,18
235,268000,9608000,0.883217843170271,8.64654210819855,23
236,269000,9608000,0.577448984655773,11.3913831567206,23
237,270000,9608000,0.690039497946143,11.4033742331288,23
238,271000,9608000,0.614145434361809,9.41892080312326,22
239,272000,9608000,0.380782965608499,9.03478806469604,20
240,273000,9608000,0.249193572521452,8.91926938092582,16
241,274000,9608000,0.572002897840764,7.41571388733965,16
242,275000,9608000,0.548300225674581,7.76129392080312,18
243,276000,9608000,0.782834151784006,6.92177914110429,18
244,277000,9608000,0.467509365001937,7.88113496932515,19
245,278000,9608000,1.0665350388301,3.06190741773564,16
246,279000,9608000,0.826374263941871,1.56413831567206,10
247,280000,9608000,0.979590554580857,5.08052147239264,12
248,281000,9608000,1.09051505073226,4.24456218627998,15
249,282000,9608000,0.759520272880329,7.28632180702733,18
250,283000,9608000,1.02592791418419,3.40358337981037,15
251,284000,9608000,1.09766369171843,3.51498884551032,9
252,285000,9608000,0.894600378422233,4.94366982710541,10
253,286000,9608000,0.748904746446216,6.36886503067485,14
254,287000,9608000,1.0771062860262,4.54036530953709,13
255,288000,9608000,1.02810050530709,2.64131344116007,12
256,289000,9608000,1.01895615419237,2.48661461238148,11
257,290000,9608000,1.15038219790594,5.111684327942,20
258,291000,9608000,0.628829432038739,1.08665644171779,20
259,292000,9608000,0.548815708857269,0.816857222532069,12
260,293000,9608000,0.947300703704768,2.12967094255438,12
261,294000,9608000,1.01550011772184,2.49755995538204,9
262,295000,9608000,1.09530910492009,3.481385945343,11
263,296000,9608000,0.483638346309514,7.79461795872839,25
264,297000,9608000,1.03831987304962,6.58470440602342,29
265,298000,9608000,0.998288838389814,2.67770496374791,20
266,299000,9608000,1.0992370368959,3.47455382041272,25
267,3e+05,9608000,1.17806601173407,5.28604294478528,25
268,301000,9608000,0.82514585736071,2.16620189626325,15
269,302000,9608000,1.23717890289525,6.80075292805354,30
270,303000,9608000,1.11391785953112,9.6351087562744,26
271,304000,9608000,1.25715159182473,6.00439208031233,27
272,305000,9608000,0.855344357679529,1.69771332961517,13
273,306000,9608000,0.929933184184586,2.3207612939208,12
274,307000,9608000,1.03780491229562,3.2000139431121,25
275,308000,9608000,0.825476317563659,1.71249302844395,12
276,309000,9608000,0.202315729687827,0.241006692693809,10
277,310000,9608000,0.759331446553975,1.74107640825432,22
278,311000,9608000,0.982769469888344,7.88489960959286,25
279,312000,9608000,0.916490881679612,7.89765755716676,22
280,313000,9608000,0.801036555243179,8.08986335750139,19
281,314000,9608000,1.11615257278365,8.84878694924707,23
282,315000,9608000,1.0652466203229,13.3061210262131,27
283,316000,9608000,0.30617020269829,20.9280535415505,32
284,317000,9608000,0.486093535677829,19.9309118795315,34
285,318000,9608000,0.673240650442379,13.4755995538204,24
286,319000,9608000,0.425421056134065,7.46695482431679,17
287,320000,9608000,0.609196801202191,7.14368377021751,13
288,321000,9608000,0.357763245315495,7.81943669827105,13
289,322000,9608000,0.871909530310329,5.48013106525376,13
290,323000,9608000,0.737249885277381,6.35987172336866,13
291,324000,9608000,0.737225443040602,6.35805911879531,13
292,325000,9608000,0.795464213850788,6.38169269380926,13
293,326000,9608000,0.410041788402064,7.53813441160067,13
294,327000,9608000,0.459299795367545,7.33142777467931,16
295,328000,9608000,0.763893456384939,5.55207752370329,27
296,329000,9608000,1.01465757897159,9.53513664249861,30
297,330000,9608000,0.691677760489856,5.89654210819855,12
298,331000,9608000,0.989863561296978,5.47755158951478,16
299,332000,9608000,0.892933326701876,5.96179587283882,16
300,333000,9608000,1.07992176807482,4.63901282766313,15
301,334000,9608000,0.967255364344226,6.64905186837702,19
302,335000,9608000,0.847454924763326,8.93000557724484,24
303,336000,9608000,0.916506286249115,7.88524818739543,21
304,337000,9608000,1.009304649704,5.85687395426659,18
305,338000,9608000,1.05312978388035,5.30458728388176,19
306,339000,9608000,1.11188365165927,3.89668153931958,19
307,340000,9608000,1.03526288544856,7.28213887339654,25
308,341000,9608000,0.656149980554848,9.90414110429448,23
309,342000,9608000,1.0911409501984,4.83798103736754,19
310,343000,9608000,0.864172556497779,1.7585052983826,11
311,344000,9608000,0.898732190391815,2.00801728945901,11
312,345000,9608000,1.04812940253201,2.86823759063023,10
313,346000,9608000,1.05363171219182,3.77593418851088,8
314,347000,9608000,0.986278884973268,3.5606525376464,7
315,348000,9608000,0.751560736575917,5.50857501394311,9
316,349000,9608000,0.320248903294117,6.65504740658115,11
317,350000,9608000,0.375429628914669,8.18209704406023,17
318,351000,9608000,0.202861672750847,9.19276352481874,22
319,352000,9608000,0.551373670658791,11.8174149470162,25
320,353000,9608000,0.399751418860079,9.09404629113218,22
321,354000,9608000,0.484394298528627,6.71569994422755,17
322,355000,9608000,0.684959208372686,6.0313720022309,12
323,356000,9608000,1.09032334870259,3.843070273285,9
324,357000,9608000,1.08196341917955,3.52007808142777,16
325,358000,9608000,1.14773865807367,5.50132459564975,20
326,359000,9608000,0.698629754266832,5.75439208031233,20
327,360000,9608000,0.689085302821696,5.9563580591188,16
328,361000,9608000,0.489785860142375,8.42345231455661,18
329,362000,9608000,0.946233048337712,4.04475738984941,17
330,363000,9608000,0.663816206448622,1.10122699386503,10
331,364000,9608000,0.765356610152038,1.37667317345231,9
332,365000,9608000,0.260093137397244,0.27244841048522,8
333,366000,9608000,0.526095873652478,0.70803123257111,9
334,367000,9608000,0.625887027668894,0.957473508087005,8
335,368000,9608000,0.445568032096924,0.559188510875627,8
336,369000,9608000,0.773806515281311,1.58156720580033,7
337,370000,9608000,0.691440752389533,1.30472671500279,7
338,371000,9608000,0.628398076571956,1.05786391522588,7
339,372000,9608000,0.601706513793917,1.04392080312326,7
340,373000,9608000,0.74799924295589,1.47559955382041,6
341,374000,9608000,0.483649669452163,0.656162855549359,6
342,375000,9608000,0.22749718466991,0.183788121990369,4
343,262000,9609000,0.819458935730254,3.01427771556551,16
344,263000,9609000,0.94440252352613,9.69032348020078,26
345,264000,9609000,1.13399761269273,9.87005019520357,31
346,265000,9609000,0.983672962395247,8.2856246514222,21
347,266000,9609000,0.832060385958866,9.39375348577803,21
348,267000,9609000,0.888196678582215,8.82689626324596,24
349,268000,9609000,0.715334241647416,9.17401003904071,21
350,269000,9609000,0.763120763786508,8.00174288901283,20
351,270000,9609000,0.59299694696377,8.74874511991076,21
352,271000,9609000,0.810709923395226,6.72985220301171,18
353,272000,9609000,0.806643368012687,7.60073898494144,19
354,273000,9609000,0.778420936928816,6.87444227551589,19
355,274000,9609000,0.697615858227418,6.74979085331846,15
356,275000,9609000,0.81270167154126,5.98173452314557,14
357,276000,9609000,1.08491906282859,5.34648633575014,20
358,277000,9609000,0.838773689926829,8.26247908533185,22
359,278000,9609000,1.09068869660388,5.27781650864473,20
360,279000,9609000,1.0780600154982,3.17617122141662,15
361,280000,9609000,0.945800206056901,5.43446737311768,16
362,281000,9609000,0.800777268687174,1.57354991634133,16
363,282000,9609000,0.944966819882682,2.71653653095371,16
364,283000,9609000,0.654121264639254,1.2882738427217,15
365,284000,9609000,1.04942809625014,2.99742052426102,9
366,285000,9609000,0.953958075560208,3.6361544896821,9
367,286000,9609000,1.02148407013009,3.53904071388734,12
368,287000,9609000,0.796846141603738,1.64375348577803,12
369,288000,9609000,0.958779898165662,2.14689068600112,17
370,289000,9609000,0.748359070107945,1.33791132180703,12
371,290000,9609000,0.82925887457326,1.61719185722253,10
372,291000,9609000,0.767202365742847,1.37011991076408,10
373,292000,9609000,0.633154412731326,1.0154071388734,9
374,293000,9609000,1.03928533543537,2.72755158951478,10
375,294000,9609000,0.856409537523383,5.93335192414947,14
376,295000,9609000,0.776852406672763,6.60833798103737,15
377,296000,9609000,0.708481788176816,6.91069436698271,20
378,297000,9609000,0.606390805691401,7.18460680423871,16
379,298000,9609000,1.07441595031205,4.80772448410485,19
380,299000,9609000,0.992737857805265,2.45029280535416,15
381,3e+05,9609000,0.853207676505661,6.1047824874512,17
382,301000,9609000,1.02034141080116,5.18383993307306,21
383,302000,9609000,1.08313444767763,3.26631344116007,13
384,303000,9609000,1.09830565140325,3.83581985499163,14
385,304000,9609000,0.976097306229342,2.29817345231456,12
386,305000,9609000,1.07293641722651,3.04245677635248,12
387,306000,9609000,0.860599587164236,1.92247629670943,12
388,307000,9609000,1.0399057672571,3.01408254322365,28
389,308000,9609000,0.882278559045555,1.97357780256553,15
390,309000,9609000,0.538958768845963,0.906581148912437,11
391,310000,9609000,1.30019618542876,5.40588399330731,33
392,311000,9609000,0.967796910018069,10.6095928611266,33
393,312000,9609000,1.03970654244908,7.57884829894032,21
394,313000,9609000,1.02672873525672,6.3968209704406,21
395,314000,9609000,1.32328483893345,10.0944645844953,25
396,315000,9609000,1.16533675114724,11.2263664249861,28
397,316000,9609000,1.11584455714965,13.3361684327942,32
398,317000,9609000,0.94479978411004,16.4309118795315,32
399,318000,9609000,0.776132296849422,12.231385945343,30
400,319000,9609000,0.0354870608729364,8.36300892359175,14
401,320000,9609000,0.176504081732161,8.64242889012828,16
402,321000,9609000,0.920219456880374,5.99205242610151,15
403,322000,9609000,0.945794111875664,4.39898215281651,11
404,323000,9609000,0.735603653849288,6.08073061907418,12
405,324000,9609000,0.611036656906107,7.42052426101506,23
406,325000,9609000,0.785331678681574,7.97964305633017,26
407,326000,9609000,0.541149276706445,7.01129392080312,14
408,327000,9609000,0.667886683092207,6.36203290574456,20
409,328000,9609000,0.976064123253114,8.23877579475739,29
410,329000,9609000,0.869102263172025,10.3604294478528,29
411,330000,9609000,0.548701789224547,7.55667875069716,20
412,331000,9609000,0.354214999226433,8.1351087562744,13
413,332000,9609000,0.661223264756199,7.106385945343,13
414,333000,9609000,0.753549695121646,6.33289180145008,14
415,334000,9609000,0.605206872813527,7.82117958728388,16
416,335000,9609000,0.301401853588093,9.80451756832125,24
417,336000,9609000,0.651409230342739,11.5257947573898,26
418,337000,9609000,0.415487582132014,8.35680423870608,16
419,338000,9609000,0.486847477168676,8.64542665923034,21
420,339000,9609000,1.01846522843812,8.79155047406581,26
421,340000,9609000,1.07754326854486,4.26721974344674,17
422,341000,9609000,1.17834895272338,5.3303123257111,23
423,342000,9609000,0.890716131841155,2.05716675962075,13
424,343000,9609000,0.726476564708839,1.28130228667038,13
425,344000,9609000,1.00953585425295,4.96800055772448,17
426,345000,9609000,0.903148306096138,5.69666759620747,18
427,346000,9609000,1.07362580460382,3.4393474623536,13
428,347000,9609000,0.837853741555922,1.67916899051868,9
429,348000,9609000,1.07400619564231,4.51226993865031,15
430,349000,9609000,1.09770249964258,3.66194924707195,14
431,350000,9609000,0.886327681095026,5.33979364194088,13
432,351000,9609000,0.643422520152851,6.17540435025098,13
433,352000,9609000,0.448225951671365,7.26673173452315,19
434,353000,9609000,0.338638318367357,6.83344952593419,11
435,354000,9609000,0.848992885007571,5.76345510317903,14
436,355000,9609000,0.97458752567483,5.37709146681539,17
437,356000,9609000,1.05886652291673,5.26882320133854,19
438,357000,9609000,1.06050377350514,5.71353876185165,19
439,358000,9609000,0.724472093094203,5.98640546569994,18
440,359000,9609000,0.733792680922436,8.46102900167317,24
441,360000,9609000,0.858234833422451,7.19527328499721,22
442,361000,9609000,0.52609258203219,7.06030395984384,15
443,362000,9609000,1.085215379886,5.01373396542108,20
444,363000,9609000,0.335541479700039,0.472741215839375,9
445,364000,9609000,0.515395095927119,0.759132738427217,14
446,365000,9609000,0.402611645949858,0.523354712771891,10
447,366000,9609000,0.383886580878203,0.450223089793642,9
448,367000,9609000,0.153310439597221,0.136921360847741,7
449,368000,9609000,0.416877319350192,0.498117679866146,7
450,369000,9609000,0.323806148190603,0.367052426101506,8
451,370000,9609000,0.295271432033891,0.326059676519799,6
452,371000,9609000,0.103715378815319,0.0712493028443949,5
453,372000,9609000,0.0166955084504348,0.0075292805354155,3
454,373000,9609000,0,0,0
455,374000,9609000,0,0,0
456,375000,9609000,0,0,0
457,262000,9610000,0.79579592216168,3.28639417693169,16
458,263000,9610000,0.620756132232912,8.22706358059119,19
459,264000,9610000,0.865604291861273,8.70168711656442,19
460,265000,9610000,0.804262256194949,8.45942554378137,21
461,266000,9610000,0.401456566573699,8.42916899051868,19
462,267000,9610000,0.840914426147502,6.66710819854992,16
463,268000,9610000,0.755189050999455,8.08498326826548,19
464,269000,9610000,0.818635614928255,6.40142219743447,16
465,270000,9610000,0.583472651290041,7.73410485220301,17
466,271000,9610000,0.874623630914727,7.13587562744004,18
467,272000,9610000,0.982609564650279,6.23117679866146,17
468,273000,9610000,0.621394230175097,7.64277746793084,17
469,274000,9610000,0.687635230286379,6.83226436140547,15
470,275000,9610000,0.850377834129247,6.10352760736196,16
471,276000,9610000,1.05631462624142,3.4696737311768,13
472,277000,9610000,0.986681550023461,4.84899609592861,20
473,278000,9610000,0.691258742506336,7.70942554378137,18
474,279000,9610000,0.996226397171874,6.787228109314,21
475,280000,9610000,1.11480988878428,5.28179029559398,21
476,281000,9610000,1.10625431158389,3.83686558839933,17
477,282000,9610000,0.496656227252864,0.871235359732292,14
478,283000,9610000,0.473101727960957,0.710122699386503,11
479,284000,9610000,0.764803298154113,1.47441438929169,10
480,285000,9610000,0.566253142409312,0.93335192414947,8
481,286000,9610000,0.627564665351198,1.14675125488009,9
482,287000,9610000,0.364109290258066,0.536112660345789,6
483,288000,9610000,0.64754519410962,1.16766592303402,17
484,289000,9610000,1.02081083069856,2.58010317902956,10
485,290000,9610000,1.10780204733509,4.75167317345231,20
486,291000,9610000,1.0407105288443,2.80709704406023,17
487,292000,9610000,0.858814029105331,1.9111823759063,9
488,293000,9610000,0.883584208067135,5.19443669827105,11
489,294000,9610000,0.176123448460231,7.14668153931958,14
490,295000,9610000,0.316239621122484,9.04901003904071,21
491,296000,9610000,0.945389546577784,6.99323759063023,22
492,297000,9610000,0.708254262128331,7.70879810373675,22
493,298000,9610000,1.05410548764833,5.04740658114891,19
494,299000,9610000,1.03724519145416,2.72762130507529,12
495,3e+05,9610000,0.691313141531282,6.32173731176799,15
496,301000,9610000,0.77077934813961,6.0787088678193,14
497,302000,9610000,1.04261573033922,4.58930563301729,12
498,303000,9610000,0.979877443904165,2.49602621305075,12
499,304000,9610000,0.726741350001418,1.22796988287786,10
500,305000,9610000,0.848860477820511,1.65790574456219,10
501,306000,9610000,0.610761569410564,0.912576687116564,10
502,307000,9610000,0.555697139300514,0.88824595649749,9
503,308000,9610000,0.724601004385223,1.34460401561629,10
504,309000,9610000,0.500877070360196,0.807097044060234,10
505,310000,9610000,1.11271935120998,3.43614054656999,21
506,311000,9610000,0.900759578564822,8.36049916341327,28
507,312000,9610000,0.914214901349835,6.72734244283324,21
508,313000,9610000,0.894823868790153,6.606385945343,20
509,314000,9610000,0.973672205685806,6.37695203569437,22
510,315000,9610000,0.915013419470085,4.72580870050195,14
511,316000,9610000,1.05556651490686,6.30974623535973,22
512,317000,9610000,0.76501953496763,6.57773284997211,17
513,318000,9610000,0.77225508362615,7.00285833798104,20
514,319000,9610000,0.511083088086192,8.05103179029559,17
515,320000,9610000,0.781951301801492,5.99797824874512,12
516,321000,9610000,0.760571693289809,6.1526770775237,15
517,322000,9610000,0.766659326664835,6.32794199665365,14
518,323000,9610000,0.569409335581644,6.57989403234802,11
519,324000,9610000,0.486659885796458,8.1866982710541,21
520,325000,9610000,0.705755026617206,6.71151701059676,21
521,326000,9610000,0.68650213053077,5.72225320691578,15
522,327000,9610000,0.693146208507755,5.5914668153932,9
523,328000,9610000,0.669094501681272,5.83045175683213,9
524,329000,9610000,0.952247004488082,8.29426938092582,27
525,330000,9610000,0.629562415885252,10.8773703290574,27
526,331000,9610000,0.066005998832746,9.00383435582822,14
527,332000,9610000,0.749480027173409,6.79852203011712,14
528,333000,9610000,0.773865511102323,7.21486335750139,15
529,334000,9610000,0.480568685169424,8.82787228109314,18
530,335000,9610000,0.162344069238672,9.38587562744005,17
531,336000,9610000,0.241342053671891,9.71813998884551,24
532,337000,9610000,0.221266165797968,10.266174010039,18
533,338000,9610000,0.548743843662378,10.5613496932515,21
534,339000,9610000,0.774275966595339,9.09962353597323,21
535,340000,9610000,0.969331409125361,5.72343837144451,15
536,341000,9610000,1.16701497637449,5.79963747908533,28
537,342000,9610000,1.09246574451273,6.85011154489682,25
538,343000,9610000,1.00940128846702,4.62493028443949,16
539,344000,9610000,0.37581944982427,4.65337423312883,14
540,345000,9610000,0.58520095934551,5.60220301171221,18
541,346000,9610000,0.505120811678788,5.16710819854992,15
542,347000,9610000,0.226625005717243,4.20559118795315,9
543,348000,9610000,0.56302312723431,4.87430284439487,15
544,349000,9610000,0.979816982498123,6.49065811489124,20
545,350000,9610000,1.02529478709734,4.74762967094255,15
546,351000,9610000,0.916736380980085,5.25627440044618,12
547,352000,9610000,0.552394434731835,6.28450920245399,13
548,353000,9610000,0.754932969186284,5.71709425543781,14
549,354000,9610000,0.708848083495186,6.89654210819855,23
550,355000,9610000,0.457745273392634,9.88650306748466,25
551,356000,9610000,0.619323890122949,9.07292247629671,20
552,357000,9610000,0.719759746890145,7.76652258784161,19
553,358000,9610000,0.896979498427522,8.30918851087563,29
554,359000,9610000,0.968173490742876,10.3507389849414,26
555,360000,9610000,0.588790856926618,7.78534578918014,22
556,361000,9610000,0.748040085831642,6.43927774679308,26
557,362000,9610000,1.1493716758146,4.42170942554378,26
558,363000,9610000,0.906144821497808,2.02433073061907,11
559,364000,9610000,0.673539334662619,1.18230619074177,10
560,365000,9610000,0.180098068057129,0.18739542665923,10
561,366000,9610000,0.0982781215957994,0.0782905744562186,9
562,367000,9610000,0.11700899609314,0.0965560513106525,5
563,368000,9610000,0.639176637180955,1.19297267150028,6
564,369000,9610000,0.0463415421086691,0.0358337981037368,4
565,370000,9610000,0.0372013206376274,0.0278862242052426,6
566,371000,9610000,0.166456912081522,0.141313441160067,7
567,372000,9610000,0.156529890426686,0.136363636363636,5
568,373000,9610000,0.167775725714361,0.135666480758505,4
569,374000,9610000,0.1418627858388,0.121444506413832,4
570,375000,9610000,0,0,0
571,262000,9611000,0.931314665546335,2.60610302351624,14
572,263000,9611000,0.767341301121912,7.54517568321249,17
573,264000,9611000,0.778106380881995,9.25292805354155,21
574,265000,9611000,1.0866224311711,5.04852203011712,19
575,266000,9611000,0.802021155240515,5.94513385387619,18
576,267000,9611000,0.931476467419563,6.74979085331846,20
577,268000,9611000,1.02464051593626,5.92261572783045,20
578,269000,9611000,1.02631811086386,4.47204406023424,15
579,270000,9611000,0.793060779176746,6.91431957612939,15
580,271000,9611000,0.441332061312411,8.64751812604573,15
581,272000,9611000,0.616554039630176,7.97357780256553,20
582,273000,9611000,0.555469327538017,8.42017568321249,22
583,274000,9611000,0.545012642730681,7.86022030117122,16
584,275000,9611000,0.994946144691662,6.13176240936977,18
585,276000,9611000,0.852171219407799,5.26059676519799,18
586,277000,9611000,1.05668918545023,3.97901561628556,13
587,278000,9611000,1.11017820617559,4.38176240936977,18
588,279000,9611000,0.669006730901082,8.42268544339096,21
589,280000,9611000,0.774011777748148,8.01694088120468,21
590,281000,9611000,1.10777949584476,6.15058561070831,25
591,282000,9611000,0.517770520478851,1.01240936977133,16
592,283000,9611000,0.532078313674695,0.928890128276631,10
593,284000,9611000,0.441178040115839,0.846974344673731,10
594,285000,9611000,0.73036707093173,1.37597601784718,9
595,286000,9611000,0.820323918958502,1.64375348577803,13
596,287000,9611000,0.660033280087794,1.17686837702175,8
597,288000,9611000,0.248782583304583,0.347671500278862,7
598,289000,9611000,0.988482580702283,2.35499163413274,13
599,290000,9611000,0.979414770066103,2.24351645287228,19
600,291000,9611000,0.815922778837287,1.59418572225321,15
601,292000,9611000,0.978254379575369,2.41292526491913,12
602,293000,9611000,0.817764745478542,5.1680842163971,10
603,294000,9611000,0.478467211715576,7.47113775794757,18
604,295000,9611000,0.51008891631377,8.26652258784161,20
605,296000,9611000,1.11608071801944,4.83791132180703,20
606,297000,9611000,0.860290589116067,5.59558003346347,14
607,298000,9611000,1.04967725921041,4.92401003904071,19
608,299000,9611000,0.93421737027903,2.05270496374791,13
609,3e+05,9611000,0.906992752284818,5.05047406581149,12
610,301000,9611000,1.06983128278134,4.22148633575014,12
611,302000,9611000,0.921085618002353,2.16111266034579,11
612,303000,9611000,0.40065774344761,0.507598996095929,11
613,304000,9611000,0.240935391655282,0.253206915783603,9
614,305000,9611000,0.945908603663855,2.45273284997211,14
615,306000,9611000,0.8733879878908,1.93307306190742,13
616,307000,9611000,0.3026722991832,0.386433351924149,9
617,308000,9611000,0.558657293628569,0.976087562744004,12
618,309000,9611000,0.821065634517366,1.58337981037368,12
619,310000,9611000,0.910060660298601,2.27279698828779,11
620,311000,9611000,1.12790373482617,7.09174567763525,22
621,312000,9611000,0.623298118105801,8.83742331288344,20
622,313000,9611000,0.902596234272306,8.17317345231456,22
623,314000,9611000,0.952969094017741,9.50641383156721,22
624,315000,9611000,1.1600217007358,8.90686001115449,29
625,316000,9611000,1.15360783057039,5.75515895147797,29
626,317000,9611000,1.05925087421628,4.95461517010597,18
627,318000,9611000,1.03417194303876,5.87541829336308,20
628,319000,9611000,0.957505300752972,4.87813720022309,13
629,320000,9611000,0.725272002834136,5.82968488566648,12
630,321000,9611000,1.03299843169446,5.64793641940881,15
631,322000,9611000,0.594309425473975,8.5803123257111,16
632,323000,9611000,0.584147077652701,7.84983268265477,15
633,324000,9611000,0.79117066854844,6.98089793641941,18
634,325000,9611000,0.701037132525527,8.93425822643614,19
635,326000,9611000,0.706583949435418,8.90093418851088,19
636,327000,9611000,0.685111415102926,5.83644729503625,13
637,328000,9611000,0.666647200354659,6.07034300055772,12
638,329000,9611000,0.476320620080602,8.96556051310653,22
639,330000,9611000,0.524631754520014,11.077314556609,23
640,331000,9611000,0.405159244512072,8.68049358616843,21
641,332000,9611000,1.08518579672757,4.22922476296709,17
642,333000,9611000,0.866642494650253,6.51157278304518,17
643,334000,9611000,0.339324221364371,8.35554935861684,15
644,335000,9611000,0.350559924897524,8.59230340211935,19
645,336000,9611000,0.344098903229049,10.3360987172337,21
646,337000,9611000,0.320406471686773,9.89633296151701,21
647,338000,9611000,0.578153255742885,7.86614612381484,16
648,339000,9611000,0.753346225547664,6.11475181260457,13
649,340000,9611000,0.940550661942987,5.85882598996096,15
650,341000,9611000,1.04872689073678,4.52635248187395,15
651,342000,9611000,0.814908435868628,6.57996374790853,18
652,343000,9611000,0.775363635240204,5.65699944227552,16
653,344000,9611000,0.443918020925737,4.88685164528723,11
654,345000,9611000,0.230665213671897,4.50250976017847,7
655,346000,9611000,0.0999646796741104,4.29552426101506,7
656,347000,9611000,0.781536565277634,5.50118516452872,17
657,348000,9611000,0.9367637719956,4.44861963190184,17
658,349000,9611000,0.947345901924915,8.287228109314,21
659,350000,9611000,0.646969535071871,8.29782487451199,19
660,351000,9611000,0.831345557308305,6.15748745119911,15
661,352000,9611000,0.971204400649914,5.53646123814835,16
662,353000,9611000,0.815138059410894,7.36551868377022,20
663,354000,9611000,0.460580244657508,9.06839096486336,23
664,355000,9611000,0.610931792960228,8.88657278304518,25
665,356000,9611000,0.643424801126488,7.84927495817066,20
666,357000,9611000,0.593967978620406,8.44506413831567,18
667,358000,9611000,0.655652915687261,10.3614751812605,30
668,359000,9611000,0.797836262662292,8.02663134411601,27
669,360000,9611000,0.823399883395518,11.726087562744,28
670,361000,9611000,0.787250177880878,7.93028443948689,26
671,362000,9611000,1.05648442802886,4.13922197434467,26
672,363000,9611000,0.568224919910904,1.12325711098717,14
673,364000,9611000,0.483301736596601,0.698271054099275,10
674,365000,9611000,0.110805316065785,0.0952314556609035,10
675,366000,9611000,0.446295689721091,0.637409369771333,8
676,367000,9611000,0.875029873656155,1.79287506971556,8
677,368000,9611000,0.607283116948638,0.978248745119911,7
678,369000,9611000,0.53215593585205,0.782696597880647,8
679,370000,9611000,0.268826199943997,0.293711656441718,7
680,371000,9611000,0.0303973746557704,0.0214026770775237,7
681,372000,9611000,0.00576418939170091,0.00153374233128834,2
682,373000,9611000,0.00473584303374559,0.00501952035694367,2
683,374000,9611000,0.0422573986032093,0.0354155047406581,4
684,375000,9611000,0,0.0104333868378812,1
685,262000,9612000,0.935809200916251,2.3446248600224,12
686,263000,9612000,0.802569541590368,7.55556330172895,19
687,264000,9612000,0.685755770400514,7.63824595649749,24
688,265000,9612000,0.783585144182189,6.03388176240937,16
689,266000,9612000,0.932953313167902,4.56448689347462,15
690,267000,9612000,0.968042495523569,4.94806190741774,13
691,268000,9612000,1.01112374314812,5.23013106525376,14
692,269000,9612000,1.04786548599892,4.52363357501394,18
693,270000,9612000,0.773146390746478,6.14744841048522,16
694,271000,9612000,0.922590108761518,6.53890128276631,20
695,272000,9612000,0.883027076241402,6.87869492470719,27
696,273000,9612000,0.882937463544307,6.59802007808143,27
697,274000,9612000,0.735122115484695,6.76226993865031,16
698,275000,9612000,0.55419674041594,7.4372559955382,18
699,276000,9612000,1.08810665191957,4.33951477969883,16
700,277000,9612000,0.70307823257432,1.24511991076408,13
701,278000,9612000,1.0731976450112,4.80444785276074,14
702,279000,9612000,0.922075534421692,7.26254880089236,23
703,280000,9612000,0.532837680596421,8.19325153374233,20
704,281000,9612000,0.408296511097598,8.20970440602342,21
705,282000,9612000,0.901330336991272,6.59781093139989,16
706,283000,9612000,1.16131535540568,4.13252928053542,19
707,284000,9612000,0.764820419100184,1.60492191857223,12
708,285000,9612000,0.6715002716992,1.28813441160067,12
709,286000,9612000,0.799369041188662,1.69896820970441,13
710,287000,9612000,0.69129820625627,1.37200223089794,9
711,288000,9612000,0.948166616024066,2.13531790295594,12
712,289000,9612000,1.01583217876883,2.63273842721695,12
713,290000,9612000,0.939600785832104,2.31267428890128,9
714,291000,9612000,0.855249857934619,1.78053541550474,12
715,292000,9612000,1.08375017737252,3.22971277189069,13
716,293000,9612000,1.0456781400002,5.41431957612939,18
717,294000,9612000,0.810576175596696,7.28653095370887,31
718,295000,9612000,1.13361329375085,5.57891801450084,28
719,296000,9612000,1.03520653859174,5.27969882877858,23
720,297000,9612000,1.08953375871788,4.03743725599554,16
721,298000,9612000,1.09012670224239,3.46109871723369,12
722,299000,9612000,0.948882600180021,4.58435582822086,10
723,3e+05,9612000,0.814209803784937,4.88650306748466,8
724,301000,9612000,0.820841029927195,1.837771890686,7
725,302000,9612000,0.135524270175686,0.121095928611266,7
726,303000,9612000,0.271715893660356,0.315950920245399,10
727,304000,9612000,0.516150059817231,0.852063580591188,12
728,305000,9612000,0.737350478085644,1.56525376464027,15
729,306000,9612000,0.782126750333932,1.6484244283324,15
730,307000,9612000,0.475227567041612,0.809885666480759,12
731,308000,9612000,0.33110338366367,0.566369213608477,13
732,309000,9612000,0.819022268645764,1.65149191299498,16
733,310000,9612000,0.972283587227011,2.3946597880647,17
734,311000,9612000,1.12559043485149,8.23494143892917,28
735,312000,9612000,0.591353535896193,10.664668153932,21
736,313000,9612000,1.18583664023598,7.57069157836029,22
737,314000,9612000,0.963404193403117,5.39877300613497,22
738,315000,9612000,0.998463005369551,5.8515755716676,27
739,316000,9612000,1.07310308386473,3.82006413831567,26
740,317000,9612000,0.981661228598438,5.30925822643614,16
741,318000,9612000,0.945932954414119,5.89591466815393,19
742,319000,9612000,0.674123642896673,6.99804796430563,25
743,320000,9612000,0.8386881367936,5.94332124930284,25
744,321000,9612000,0.956180233327329,4.19854991634133,11
745,322000,9612000,0.651828196041734,5.18976575571668,12
746,323000,9612000,0.879658144732963,5.08386781929727,20
747,324000,9612000,1.13936217035912,6.14305633017289,19
748,325000,9612000,1.19650951003849,4.69541271611824,19
749,326000,9612000,1.08103993968907,5.5260736196319,18
750,327000,9612000,0.856754501251247,5.67373117679866,13
751,328000,9612000,0.752564594065722,5.97615727830452,13
752,329000,9612000,0.250050637050295,9.013315672058,19
753,330000,9612000,0.463286084524951,12.0229364194088,22
754,331000,9612000,0.842425774729864,7.57480479643056,20
755,332000,9612000,1.08059285671695,4.32982431678751,13
756,333000,9612000,0.816523187332372,5.53952872281093,17
757,334000,9612000,0.693126611801234,5.73040992749582,13
758,335000,9612000,0.424975638149048,7.69429726715003,19
759,336000,9612000,0.568990334032326,9.79942833240379,21
760,337000,9612000,0.289474749057948,9.37890407138873,21
761,338000,9612000,0.678951406722505,6.92052426101506,15
762,339000,9612000,0.718844706034112,6.20768265476854,12
763,340000,9612000,0.722253098903679,6.66445900725042,13
764,341000,9612000,0.759690233117037,5.49860568878974,13
765,342000,9612000,0.740996546822003,5.92603179029559,14
766,343000,9612000,0.990339426669829,5.67728667038483,21
767,344000,9612000,1.04799669300102,5.20043223647518,20
768,345000,9612000,0.524009225980973,5.05340211935304,13
769,346000,9612000,0.557898679688066,5.22009202453988,16
770,347000,9612000,1.00862218889726,5.08059118795315,16
771,348000,9612000,1.09538561441099,5.95670663692136,18
772,349000,9612000,1.10095071980572,3.75020914668154,17
773,350000,9612000,0.845661199276217,6.69597044060234,18
774,351000,9612000,0.617085742271618,6.78325432236475,17
775,352000,9612000,0.564201243379533,8.27384272169548,21
776,353000,9612000,0.746035623380676,7.82996374790853,21
777,354000,9612000,0.371894360790752,8.34076965978806,16
778,355000,9612000,0.746315445339228,6.8409788064696,14
779,356000,9612000,0.932941590081308,6.09028165086447,16
780,357000,9612000,0.928860916788075,5.88315672058003,18
781,358000,9612000,0.408186875135092,8.89173173452315,19
782,359000,9612000,0.839258005654237,10.648912437256,27
783,360000,9612000,1.15023528678949,9.30284439486893,27
784,361000,9612000,0.663130220468353,7.03186001115449,20
785,362000,9612000,1.00781046888151,4.58839933073062,12
786,363000,9612000,0.747986311048173,1.66731734523146,13
787,364000,9612000,0.295307877279103,0.355549358616843,8
788,365000,9612000,0.650350741665065,1.16780535415505,10
789,366000,9612000,0.96101400303806,2.16208867819297,10
790,367000,9612000,0.884252995992152,2.2787228109314,8
791,368000,9612000,0.716934793381214,1.4909369771333,8
792,369000,9612000,0.334022839034651,0.389152258784161,9
793,370000,9612000,0.125245240664001,0.100390407138873,7
794,371000,9612000,0.0267009145335637,0.0174986056887897,5
795,372000,9612000,0.10077232183041,0.081776352481874,5
796,373000,9612000,0,6.97155605131065e-05,1
797,374000,9612000,0.152859621180326,0.110290016731735,5
798,375000,9612000,0,0.0104333868378812,1
799,262000,9613000,0.885989316932566,3.27659574468085,14
800,263000,9613000,0.804089847979972,8.75899330730619,22
801,264000,9613000,0.609382804871509,7.54831288343558,24
802,265000,9613000,0.680710481510463,7.90846346904629,20
803,266000,9613000,0.591425907500369,7.17470719464584,18
804,267000,9613000,1.07254446811347,4.44220580033463,14
805,268000,9613000,1.02864155444142,4.77565532626882,14
806,269000,9613000,1.08392864937452,3.68558282208589,13
807,270000,9613000,1.04696885192264,5.30626045733408,22
808,271000,9613000,1.08738015635983,3.23117679866146,26
809,272000,9613000,0.997144002133249,2.48187395426659,26
810,273000,9613000,1.08269903932193,3.81866982710541,16
811,274000,9613000,0.919412314366658,5.36405465699944,17
812,275000,9613000,0.971084583523489,5.33519241494702,18
813,276000,9613000,0.815048993871017,1.69889849414389,11
814,277000,9613000,0.686571282081128,1.29099274958171,12
815,278000,9613000,1.01083315675188,4.22462353597323,15
816,279000,9613000,1.12809258631264,5.45782208588957,17
817,280000,9613000,1.16381020292578,7.79859174567764,23
818,281000,9613000,0.744430229667904,9.65065532626882,22
819,282000,9613000,0.767289981726936,8.22643614054657,19
820,283000,9613000,0.674327102066144,8.53757668711656,21
821,284000,9613000,1.14870386671486,7.84028165086447,21
822,285000,9613000,1.1304817486897,6.84502230897936,21
823,286000,9613000,1.05696793567092,4.97692414947016,17
824,287000,9613000,1.04718216579391,5.13650306748466,18
825,288000,9613000,1.08481354974639,4.3531790295594,16
826,289000,9613000,0.962043301793598,2.46521193530396,11
827,290000,9613000,0.723687075874603,1.33100948131623,8
828,291000,9613000,0.362648309634575,0.485080870050195,9
829,292000,9613000,0.451647019073723,0.666620189626325,11
830,293000,9613000,0.7536095667094,1.42442833240379,10
831,294000,9613000,1.09508212094766,3.28534578918015,31
832,295000,9613000,1.05604789513315,3.40825432236475,28
833,296000,9613000,0.614334497989108,1.00836586726157,14
834,297000,9613000,0.760184374762514,1.51875348577803,15
835,298000,9613000,0.394450185010405,0.677635248187395,13
836,299000,9613000,0.776961227727363,1.593070273285,13
837,3e+05,9613000,1.0690848872931,3.70154768544339,12
838,301000,9613000,1.02908460552522,3.60701338538762,10
839,302000,9613000,0.57901334775314,1.10589793641941,11
840,303000,9613000,0.8533359898941,2.78848298940324,20
841,304000,9613000,0.861566199115417,2.71409648633575,21
842,305000,9613000,0.982037025832245,2.82166759620747,15
843,306000,9613000,0.751737507630566,1.78290574456219,17
844,307000,9613000,0.790508427714181,1.84251254880089,17
845,308000,9613000,0.768800929752749,1.91975738984941,17
846,309000,9613000,1.02679562177047,3.23466257668712,18
847,310000,9613000,1.27293280511327,5.99135527049638,26
848,311000,9613000,0.907177999196967,7.58365867261573,25
849,312000,9613000,0.912345451640741,8.17916899051868,21
850,313000,9613000,1.17340692194296,4.38078639152259,21
851,314000,9613000,0.995122504006804,3.58317066369214,15
852,315000,9613000,0.836646201537371,4.63329615170106,11
853,316000,9613000,1.01496268023188,4.33379810373675,13
854,317000,9613000,0.811572167966735,7.08909648633575,23
855,318000,9613000,0.726883427408257,5.97539040713887,11
856,319000,9613000,0.800485379470029,5.60206358059119,14
857,320000,9613000,0.819152358725613,5.0074595649749,11
858,321000,9613000,0.774103502559939,5.46779141104294,13
859,322000,9613000,0.695092114328579,6.02488845510318,15
860,323000,9613000,0.69199030243171,5.79510596765198,15
861,324000,9613000,0.550310470956257,5.07222532069158,10
862,325000,9613000,0.756332542126542,4.51024818739543,15
863,326000,9613000,1.06083347466501,4.82466536530954,19
864,327000,9613000,0.858659988407275,6.91494701617401,19
865,328000,9613000,0.681018486958962,9.63378416062465,22
866,329000,9613000,0.325589534653419,10.6969464584495,25
867,330000,9613000,0.697031693922927,11.5004880089236,28
868,331000,9613000,0.953714083904187,5.30542387060792,14
869,332000,9613000,0.917953887298165,5.75418293363079,15
870,333000,9613000,0.852376519704646,5.60290016731734,13
871,334000,9613000,0.858683372425504,5.30228667038483,13
872,335000,9613000,0.873231780786647,5.68906860011155,19
873,336000,9613000,0.377792133550919,8.46305075292805,19
874,337000,9613000,0.229447690394464,10.1819576129392,19
875,338000,9613000,0.610380793934475,7.51122420524261,19
876,339000,9613000,0.760976604170787,6.4516174010039,17
877,340000,9613000,0.786729681229699,6.40281650864473,15
878,341000,9613000,0.757869775239202,4.95656720580033,15
879,342000,9613000,0.674959317787592,4.73152537646403,10
880,343000,9613000,0.724786782850861,4.87283881762409,12
881,344000,9613000,0.999139146219376,5.21995259341885,20
882,345000,9613000,0.90211962236367,5.68795315114334,13
883,346000,9613000,0.580558476794735,5.09822922476297,13
884,347000,9613000,1.07420717375945,4.48438371444506,15
885,348000,9613000,0.580631567474458,8.97462353597323,20
886,349000,9613000,1.0895114505172,4.00989960959286,17
887,350000,9613000,0.633459092683912,8.40630228667039,17
888,351000,9613000,0.495918803540337,9.36238148354713,17
889,352000,9613000,0.976800575510198,5.57759341885109,18
890,353000,9613000,1.07577067084768,4.36628555493586,13
891,354000,9613000,0.689085821762446,7.87534857780257,17
892,355000,9613000,0.116864169694071,9.4106246514222,17
893,356000,9613000,0.858680852597071,7.55528443948689,20
894,357000,9613000,1.03901131145934,3.96611823759063,16
895,358000,9613000,0.398777126926978,7.53639152258784,17
896,359000,9613000,0.983751342820102,9.35896542108198,26
897,360000,9613000,1.17286861871054,6.03116285554936,22
898,361000,9613000,1.04483664003454,4.89542665923034,15
899,362000,9613000,1.08214459070211,3.19276352481874,12
900,363000,9613000,0.889568786557716,1.86865588399331,13
901,364000,9613000,0.336958183671073,0.360499163413274,7
902,365000,9613000,0.597403102541299,0.878694924707195,8
903,366000,9613000,0.86514592358009,1.7196737311768,12
904,367000,9613000,0.63570022669887,0.976157278304518,10
905,368000,9613000,0.477761636029889,0.659578918014501,7
906,369000,9613000,0.243452533622415,0.239542665923034,7
907,370000,9613000,0.220075433305709,0.201059676519799,5
908,371000,9613000,0.165397095430087,0.153443948689347,6
909,372000,9613000,0.176759458544531,0.15260736196319,5
910,373000,9613000,0.0274639648745886,0.0244701617401004,2
911,374000,9613000,0.552237546735927,0.815393195761294,5
912,375000,9613000,0.595302738821193,0.924157303370786,4
913,262000,9614000,0.83515235357834,3.68673012318029,15
914,263000,9614000,0.690889138033184,8.40288622420524,21
915,264000,9614000,0.575887371770088,7.99316787506972,19
916,265000,9614000,0.676058558556888,7.24023982152817,20
917,266000,9614000,0.756428561339041,6.14981873954267,18
918,267000,9614000,0.696035887811332,6.28757668711656,14
919,268000,9614000,0.793551266575868,6.40686001115449,14
920,269000,9614000,1.0175109767417,5.6377579475739,27
921,270000,9614000,1.11938196728049,4.33575013943112,22
922,271000,9614000,1.0603361342223,4.54873117679866,22
923,272000,9614000,1.09941247098473,4.08749302844395,27
924,273000,9614000,0.861810453748966,1.93614054656999,12
925,274000,9614000,0.907999888820832,1.94039319576129,11
926,275000,9614000,0.915112869002016,2.02844394868935,14
927,276000,9614000,0.875538311136933,1.75885387618516,11
928,277000,9614000,0.793781664996806,1.58686558839933,10
929,278000,9614000,0.989583394862067,2.44513385387619,14
930,279000,9614000,1.06165205351421,3.43641940881205,13
931,280000,9614000,1.0935054390509,3.71618795315114,17
932,281000,9614000,0.579834466058977,8.41850250976018,18
933,282000,9614000,0.672789864265413,8.48054935861684,21
934,283000,9614000,0.578381111080233,9.93523424428332,21
935,284000,9614000,0.367200454592975,10.6533045175683,19
936,285000,9614000,0.398710501961349,10.9522448410485,21
937,286000,9614000,0.598684952267681,9.46918572225321,22
938,287000,9614000,0.623927226770414,8.26429168990519,18
939,288000,9614000,0.60392812748644,8.26945064138316,19
940,289000,9614000,0.982719016671595,4.70322085889571,19
941,290000,9614000,0.956929639639859,4.58428611266035,14
942,291000,9614000,1.09525934972165,4.12653374233129,14
943,292000,9614000,0.932125164949904,2.78450920245399,17
944,293000,9614000,1.0759397533042,4.47706358059119,16
945,294000,9614000,0.92314381288276,2.06957612939208,16
946,295000,9614000,1.05041003161828,3.14354433909649,10
947,296000,9614000,0.716843426825854,1.55382041271612,12
948,297000,9614000,0.478470512713029,0.825292805354155,12
949,298000,9614000,0.459446344082647,0.884132738427217,7
950,299000,9614000,0.839762750440465,1.83463469046291,9
951,3e+05,9614000,1.01187405866206,2.51226993865031,12
952,301000,9614000,1.00692678805373,3.04224762967094,11
953,302000,9614000,1.07655688131391,4.66006692693809,25
954,303000,9614000,1.08235907422361,6.8766034578918,26
955,304000,9614000,0.887201235828839,2.64173173452315,26
956,305000,9614000,0.473142096105569,0.726924149470162,12
957,306000,9614000,0.107956159965803,0.113427216954824,11
958,307000,9614000,0.302336230335585,0.40281650864473,11
959,308000,9614000,0.273076387395603,0.386503067484663,13
960,309000,9614000,1.14599379018029,3.81853039598438,26
961,310000,9614000,1.27516821837324,6.72706358059119,26
962,311000,9614000,1.11942427121537,5.50899330730619,20
963,312000,9614000,1.0265424044431,7.71946458449526,23
964,313000,9614000,0.884431259975189,4.66243725599554,14
965,314000,9614000,0.985036754158738,3.72295036252091,9
966,315000,9614000,0.734256045197354,3.55939765755717,10
967,316000,9614000,0.665168712635986,4.98040992749582,15
968,317000,9614000,0.784739710328149,7.86719185722253,23
969,318000,9614000,0.781496800988983,6.31999442275516,14
970,319000,9614000,0.988050926666934,5.08463469046291,12
971,320000,9614000,0.916840770920646,5.66906023424428,18
972,321000,9614000,0.924882413442564,5.76854433909649,18
973,322000,9614000,0.739519612215634,6.02586447295036,11
974,323000,9614000,0.657673406796105,6.77774679308422,13
975,324000,9614000,0.614519579477623,9.50376464026771,20
976,325000,9614000,0.908732227692293,7.47329894032348,18
977,326000,9614000,0.747101921320499,7.84641662018963,19
978,327000,9614000,0.512819194634542,10.4730200780814,21
979,328000,9614000,0.810503294674285,14.0981595092025,33
980,329000,9614000,0.597416214750548,12.7916201896263,31
981,330000,9614000,0.620819865029437,7.84641662018963,18
982,331000,9614000,0.95787193774519,5.35554935861684,16
983,332000,9614000,0.822890923612481,6.22671500278862,17
984,333000,9614000,0.573956849781039,7.13552704963748,17
985,334000,9614000,0.755877416736312,6.16369213608477,15
986,335000,9614000,0.80429532339572,5.34704406023424,11
987,336000,9614000,0.664204325858165,6.88399330730619,15
988,337000,9614000,0.729633528093066,7.38524818739543,18
989,338000,9614000,0.623927236876754,8.44924707194646,21
990,339000,9614000,0.63812669327838,7.56511433351924,21
991,340000,9614000,0.601342816492476,7.13469046291132,17
992,341000,9614000,0.736540480034136,6.50592582264361,17
993,342000,9614000,0.723936551816347,6.22999163413274,14
994,343000,9614000,0.709084690410461,5.96186558839933,14
995,344000,9614000,0.972311418447951,5.62262967094255,18
996,345000,9614000,0.938647821411867,6.08303123257111,18
997,346000,9614000,0.490954132757614,5.04928890128277,17
998,347000,9614000,1.06016933655,3.73675404350251,13
999,348000,9614000,1.04711320300022,2.95768265476854,10
1000,349000,9614000,1.10199506237088,3.64912158393753,17
1001,350000,9614000,0.521782787567758,8.10129670942554,17
1002,351000,9614000,0.268101574525376,10.0811489124373,17
1003,352000,9614000,0.947957133392465,5.5707612939208,13
1004,353000,9614000,0.68161455198785,6.49951199107641,14
1005,354000,9614000,0.566788832369419,9.625,21
1006,355000,9614000,0.347859537086763,10.577035694367,21
1007,356000,9614000,0.75604829119971,7.3701896263246,18
1008,357000,9614000,0.718550574596058,7.41578360290017,18
1009,358000,9614000,0.193886924086737,8.98271054099275,16
1010,359000,9614000,1.11522882798383,6.45043223647518,23
1011,360000,9614000,1.04461917871831,4.61056887897379,13
1012,361000,9614000,1.05718145200126,3.23549916341327,12
1013,362000,9614000,0.904785230913249,1.99205242610151,12
1014,363000,9614000,0.626997782006645,1.01066648075851,12
1015,364000,9614000,0.0297533940232773,0.0293502509760178,6
1016,365000,9614000,0.385371506508587,0.448898494143893,8
1017,366000,9614000,0.558817901803856,0.832752370329057,12
1018,367000,9614000,0.138073285990374,0.135596765197992,10
1019,368000,9614000,0.0771775131274864,0.0637897378694925,7
1020,369000,9614000,0.0679024882096085,0.0550055772448411,7
1021,370000,9614000,0.220075433305709,0.20580033463469,5
1022,371000,9614000,0.0603017086227531,0.068739542665923,5
1023,372000,9614000,0.109127727716895,0.0859592861126603,6
1024,373000,9614000,0.230651806839492,0.220649749023982,6
1025,374000,9614000,0.515592511197334,0.726505856107083,5
1026,375000,9614000,0.399181533675977,0.470304975922953,4
1027,262000,9615000,0.928247035508506,3.52911534154535,16
1028,263000,9615000,0.831957231678485,9.70893753485778,25
1029,264000,9615000,0.391538748066031,9.55577244841048,17
1030,265000,9615000,0.765758389944472,7.29677914110429,17
1031,266000,9615000,1.01511943936176,4.52921081985499,14
1032,267000,9615000,0.980519875133419,2.82780256553263,13
1033,268000,9615000,1.0864158077714,3.7297824874512,16
1034,269000,9615000,0.798920500305301,5.50934188510876,16
1035,270000,9615000,0.811524171218305,5.12053820412716,17
1036,271000,9615000,0.723069663291113,6.28416062465142,19
1037,272000,9615000,0.999422724371087,7.43927774679308,28
1038,273000,9615000,1.08184819025283,4.45642777467931,14
1039,274000,9615000,1.07379640677516,4.66013664249861,15
1040,275000,9615000,0.94984066579245,2.16564417177914,11
1041,276000,9615000,0.612051516590696,1.04357222532069,9
1042,277000,9615000,0.395487826749088,0.596974344673731,9
1043,278000,9615000,0.678184323762346,1.32996374790853,14
1044,279000,9615000,0.50340956537786,0.890337423312883,13
1045,280000,9615000,0.972624499406784,2.45259341885109,14
1046,281000,9615000,0.857513913101416,6.44297267150028,17
1047,282000,9615000,0.979620754436131,6.19492470719465,17
1048,283000,9615000,1.05075241848121,5.58860847741216,16
1049,284000,9615000,0.959518046748183,6.55681818181818,18
1050,285000,9615000,1.0956390343029,3.92533463469046,15
1051,286000,9615000,1.07099490645881,3.12346625766871,11
1052,287000,9615000,0.934455017639582,2.23061907417736,13
1053,288000,9615000,1.05240454354608,3.16522587841606,14
1054,289000,9615000,1.04702372416858,5.43885945343001,19
1055,290000,9615000,1.07004111620841,4.66906023424428,14
1056,291000,9615000,1.03914184314287,4.46325989960959,14
1057,292000,9615000,0.903196473715627,2.1239542665923,16
1058,293000,9615000,0.842493059152562,1.75801728945901,16
1059,294000,9615000,0.737162627940704,1.39926101505856,16
1060,295000,9615000,0.433345131312168,0.5819157836029,9
1061,296000,9615000,0.509363216249515,0.892359174567763,11
1062,297000,9615000,0.572837579682717,1.01429168990519,9
1063,298000,9615000,0.236267426696149,0.528234802007808,8
1064,299000,9615000,0.659526775579102,1.13692136084774,9
1065,3e+05,9615000,1.04547819777674,2.62346625766871,10
1066,301000,9615000,1.01264608976636,2.79977691020636,11
1067,302000,9615000,1.04556997857553,4.83205521472393,17
1068,303000,9615000,0.980642355347344,2.65114333519241,20
1069,304000,9615000,0.0885898043472796,0.0954406023424428,9
1070,305000,9615000,0.522478448891999,0.891592303402119,12
1071,306000,9615000,0.155236537349218,0.185303959843837,11
1072,307000,9615000,0.1827849561793,0.234592861126603,12
1073,308000,9615000,0.523171338704554,0.74797824874512,10
1074,309000,9615000,1.21186876991594,4.76735917456776,25
1075,310000,9615000,1.16800477986458,6.2803262688232,25
1076,311000,9615000,0.930501324896968,4.91292526491913,15
1077,312000,9615000,0.742081020095014,5.53646123814835,19
1078,313000,9615000,0.674355997659533,5.19060234244283,12
1079,314000,9615000,0.818686862517706,5.33547127718907,11
1080,315000,9615000,0.634181167842835,5.19102063580591,11
1081,316000,9615000,0.621296764518848,5.04315393195761,16
1082,317000,9615000,0.791094561347297,7.17624093697713,16
1083,318000,9615000,0.569958940791366,8.08658672615728,17
1084,319000,9615000,1.01778439475352,5.75522866703848,17
1085,320000,9615000,0.693562189902014,7.2239263803681,16
1086,321000,9615000,0.825790772168939,6.11084774121584,13
1087,322000,9615000,0.682386655938711,6.3409788064696,12
1088,323000,9615000,0.308692289538405,8.15253764640268,15
1089,324000,9615000,0.29250373849448,9.52063580591188,19
1090,325000,9615000,0.611504083469841,8.77907138873397,22
1091,326000,9615000,0.413792966846102,10.7060094813162,22
1092,327000,9615000,0.589149624162089,13.0971834913553,25
1093,328000,9615000,0.550177190010934,12.8501115448968,24
1094,329000,9615000,0.328618868118425,9.54120189626325,22
1095,330000,9615000,0.60375428782381,7.51213050752928,17
1096,331000,9615000,1.01163182143446,5.85059955382041,17
1097,332000,9615000,0.643502031405466,6.85011154489682,17
1098,333000,9615000,0.369656532536923,8.08463469046291,17
1099,334000,9615000,0.574829251699112,8.79887060791969,18
1100,335000,9615000,1.03298798611627,5.91634132738427,18
1101,336000,9615000,0.910488711081863,4.30333240379253,11
1102,337000,9615000,0.88950774729396,5.61705242610151,12
1103,338000,9615000,0.898920164308353,8.06950641383157,21
1104,339000,9615000,0.588607140720934,8.28004740658115,21
1105,340000,9615000,0.575866275186042,7.00941160066927,17
1106,341000,9615000,0.673460781643761,7.37437255995538,15
1107,342000,9615000,0.770149460823847,6.81246514221974,20
1108,343000,9615000,0.828750558104002,7.19116006692694,21
1109,344000,9615000,0.725343657735545,5.83693530395984,16
1110,345000,9615000,0.798663525958773,5.92212771890686,17
1111,346000,9615000,0.64390762134038,5.34843837144451,15
1112,347000,9615000,1.04089312155665,4.70621862799777,19
1113,348000,9615000,1.09295343513948,4.03269659788065,13
1114,349000,9615000,0.799325089529194,6.53116285554936,17
1115,350000,9615000,0.442805738242566,8.37479085331846,20
1116,351000,9615000,0.163778262833886,8.28959843837144,16
1117,352000,9615000,0.804316510049773,6.05033463469046,13
1118,353000,9615000,0.805881065421366,5.97051031790296,14
1119,354000,9615000,0.701043704312562,8.72441438929169,19
1120,355000,9615000,0.568792138880019,7.99874511991076,18
1121,356000,9615000,0.72630798805722,7.01324595649749,15
1122,357000,9615000,0.418744916408134,8.88113496932515,19
1123,358000,9615000,0.762765425475012,9.08505298382599,19
1124,359000,9615000,1.09892164286785,3.85310931399888,16
1125,360000,9615000,1.05515422931917,4.20440602342443,10
1126,361000,9615000,1.04853580676427,4.47511154489682,12
1127,362000,9615000,0.971309228016858,2.91843279419967,12
1128,363000,9615000,0.501804440589219,0.729503625209147,10
1129,364000,9615000,0.163338465480131,0.168502509760178,10
1130,365000,9615000,0.00774132607714735,0.00829615170105968,2
1131,366000,9615000,0.0471177212217529,0.0285136642498606,6
1132,367000,9615000,0.0704024836939668,0.0493586168432794,8
1133,368000,9615000,0.0355825329096794,0.0240518683770218,4
1134,369000,9615000,0,0,0
1135,370000,9615000,0.256500425208429,0.278583379810374,5
1136,371000,9615000,0.290843383348273,0.328151143335192,7
1137,372000,9615000,0.319030486326869,0.334355828220859,7
1138,373000,9615000,0.322981379626609,0.34850808700502,7
1139,374000,9615000,0.168661338357842,0.144938650306748,5
1140,375000,9615000,0.220828619873308,0.179373996789727,4
1141,262000,9616000,0.841971130721189,3.26567749160134,16
1142,263000,9616000,0.881259562932977,9.27495817066369,25
1143,264000,9616000,0.454045188710985,9.52997769102064,17
1144,265000,9616000,0.613714398248259,7.71953430005577,18
1145,266000,9616000,0.666248678046102,7.17380089235917,15
1146,267000,9616000,1.05722846494818,3.96019241494702,15
1147,268000,9616000,1.07378719843823,3.77990797546012,12
1148,269000,9616000,0.82973605509932,4.36907417735639,15
1149,270000,9616000,0.959377944099236,4.27732849972114,11
1150,271000,9616000,1.0200717756481,3.31155883993307,15
1151,272000,9616000,1.10605917567388,3.83073061907418,18
1152,273000,9616000,0.919957681040476,4.92177914110429,11
1153,274000,9616000,0.958677423257134,4.13754880089236,15
1154,275000,9616000,1.07325980109134,3.08073061907418,12
1155,276000,9616000,0.715819126946124,1.31023424428332,12
1156,277000,9616000,0.647608510006233,1.04873117679866,10
1157,278000,9616000,0.758856947462329,1.37911321807027,9
1158,279000,9616000,0.686795536973821,1.21800055772448,9
1159,280000,9616000,0.746453026414116,1.37883435582822,11
1160,281000,9616000,0.816956375782926,1.7122141662019,12
1161,282000,9616000,0.615710271123088,1.10750139431121,11
1162,283000,9616000,0.483716201208371,0.962493028443949,12
1163,284000,9616000,0.609326076087768,1.11433351924149,10
1164,285000,9616000,0.497411270717128,0.937744004461796,5
1165,286000,9616000,0.264488779486348,0.667108198549916,4
1166,287000,9616000,0.133207239438272,0.457264361405466,3
1167,288000,9616000,0.566410166150973,1.12527886224205,10
1168,289000,9616000,0.547134456613756,1.04663970998327,21
1169,290000,9616000,0.967742681378737,2.38761851645287,12
1170,291000,9616000,1.061179105189,3.27900167317345,13
1171,292000,9616000,0.935220811997671,2.19485499163413,13
1172,293000,9616000,1.06558605127534,3.38852481873954,19
1173,294000,9616000,1.02929067490728,2.82529280535416,16
1174,295000,9616000,1.01827265028234,2.99086726157278,16
1175,296000,9616000,0.624845419599131,1.0771054099275,11
1176,297000,9616000,0.61602420691213,1.06664807585053,12
1177,298000,9616000,0.875418647782195,1.94039319576129,15
1178,299000,9616000,1.03781595794891,2.78646123814835,13
1179,3e+05,9616000,1.09479817997952,3.62297824874512,12
1180,301000,9616000,1.040587263453,2.98501115448968,15
1181,302000,9616000,0.977487632184125,2.43516452872281,15
1182,303000,9616000,0.36318549848893,0.503067484662577,15
1183,304000,9616000,0.177221959396284,0.184118795315114,7
1184,305000,9616000,0.982018017330528,2.77565532626882,14
1185,306000,9616000,0.834120829277025,2.0952314556609,14
1186,307000,9616000,0.475238602732386,0.767219743446737,14
1187,308000,9616000,0.813355730463707,1.51805633017289,10
1188,309000,9616000,1.29637576039611,5.73654489682097,27
1189,310000,9616000,1.27785524205693,6.00334634690463,27
1190,311000,9616000,1.1552899579424,4.06971556051311,21
1191,312000,9616000,1.04651476732062,4.98800892359175,19
1192,313000,9616000,0.946054558445051,5.7617122141662,22
1193,314000,9616000,0.853286585177749,5.5244701617401,11
1194,315000,9616000,0.653126288809318,4.8723508087005,11
1195,316000,9616000,0.864307625159348,4.81950641383157,18
1196,317000,9616000,0.854850590934034,5.89110429447853,16
1197,318000,9616000,1.03116184289192,5.76108477412158,17
1198,319000,9616000,1.02571909311242,5.81957612939208,17
1199,320000,9616000,0.890866586840168,6.11300892359175,15
1200,321000,9616000,0.743221032288438,6.62806748466258,16
1201,322000,9616000,0.636059591450761,6.97336865588399,18
1202,323000,9616000,0.745447550031062,7.60485220301171,20
1203,324000,9616000,0.58780426282783,8.68119074177356,18
1204,325000,9616000,0.369650710998043,8.99295872838818,22
1205,326000,9616000,0.36061734929865,10.9488984941439,22
1206,327000,9616000,0.505241369205678,11.6850250976018,25
1207,328000,9616000,0.539413151502374,9.56657836029002,25
1208,329000,9616000,0.460909347083807,7.21228388176241,16
1209,330000,9616000,0.703842723514805,7.36956218627998,18
1210,331000,9616000,1.09972275407354,3.34334913552705,17
1211,332000,9616000,1.07957523043774,4.6537228109314,15
1212,333000,9616000,0.567325501932487,7.73675404350251,15
1213,334000,9616000,0.520922399415469,7.93913831567206,18
1214,335000,9616000,1.01005833972984,5.15121305075293,18
1215,336000,9616000,0.898555979565691,4.84906581148912,15
1216,337000,9616000,0.858369730393677,6.35290016731734,19
1217,338000,9616000,0.812314739040818,7.31337144450641,21
1218,339000,9616000,0.501442875638056,9.50669269380926,23
1219,340000,9616000,0.869821962210823,6.74121583937535,22
1220,341000,9616000,0.961409236250232,15.4808979364194,35
1221,342000,9616000,1.10670871957526,12.6240239821528,35
1222,343000,9616000,0.665141846807648,6.77697992191857,20
1223,344000,9616000,0.643840328976858,7.0202175125488,16
1224,345000,9616000,0.437980991846006,7.68356107083101,17
1225,346000,9616000,0.689286180200714,6.14995817066369,16
1226,347000,9616000,1.06456050638767,5.47741215839375,22
1227,348000,9616000,0.766902954685891,8.75055772448411,22
1228,349000,9616000,0.497783236970433,9.06385945343001,22
1229,350000,9616000,0.549979974179405,8.24435303959844,22
1230,351000,9616000,0.388834001396928,7.54907975460123,13
1231,352000,9616000,0.511204992790398,7.93237590630229,18
1232,353000,9616000,0.514596155348941,9.13713050752928,20
1233,354000,9616000,0.702878540440395,8.97504182933631,19
1234,355000,9616000,0.646216212334783,6.72636642498606,16
1235,356000,9616000,0.819597539617659,6.12102621305075,17
1236,357000,9616000,0.711002154594455,9.29824316787507,22
1237,358000,9616000,0.601561118749626,9.0303262688232,18
1238,359000,9616000,0.994443343028395,5.1824456218628,16
1239,360000,9616000,0.99298286314207,5.03569436698271,11
1240,361000,9616000,1.07407097632374,4.29489682097044,12
1241,362000,9616000,1.00776185190273,3.91055493586168,14
1242,363000,9616000,1.00387741117008,3.07780256553263,12
1243,364000,9616000,0.412824207928178,0.502300613496933,10
1244,365000,9616000,0.268802139146934,0.278583379810374,6
1245,366000,9616000,0.457650493897799,0.607849972113776,8
1246,367000,9616000,0.383425101560753,0.464584495259342,9
1247,368000,9616000,0.0082220933126644,0.00934188510875627,3
1248,369000,9616000,0.00367224694793965,0.00348577802565533,2
1249,370000,9616000,0,0,0
1250,371000,9616000,0.128241257022394,0.104294478527607,6
1251,372000,9616000,0.0411911127646948,0.0269102063580591,6
1252,373000,9616000,0,0.000557724484104852,1
1253,374000,9616000,0.24266994359365,0.231176798661461,6
1254,375000,9616000,0.319581717913662,0.332664526484751,5
1255,262000,9617000,0.895805121673444,3.13241881298992,16
1256,263000,9617000,0.800651842964561,7.14898215281651,16
1257,264000,9617000,0.541822982782443,8.07675683212493,16
1258,265000,9617000,0.561183017791836,8.33121862799777,17
1259,266000,9617000,0.684366992613983,8.15720858895705,24
1260,267000,9617000,0.95339163329981,6.44136921360848,29
1261,268000,9617000,0.959120699193058,5.54343279419967,17
1262,269000,9617000,0.973724078552883,6.32306190741774,22
1263,270000,9617000,1.07114091377568,3.08958449525934,20
1264,271000,9617000,0.990063587059373,2.97992191857223,13
1265,272000,9617000,1.07205909852255,3.61719185722253,13
1266,273000,9617000,0.989166422081924,4.42038482989403,14
1267,274000,9617000,0.989738784452384,4.40149191299498,12
1268,275000,9617000,1.04750945564357,4.13378416062465,12
1269,276000,9617000,0.843609836317611,1.72852760736196,13
1270,277000,9617000,0.566231796413409,0.8851087562744,10
1271,278000,9617000,0.474233726095709,0.761293920803123,9
1272,279000,9617000,0.5713093593527,0.929726715002789,11
1273,280000,9617000,0.856842322714965,1.768614054657,11
1274,281000,9617000,0.443493970332592,0.814696040156163,10
1275,282000,9617000,0.416540977358847,0.779698828778583,4
1276,283000,9617000,0.288622655098138,0.614751812604573,6
1277,284000,9617000,0.280453530737347,0.611823759063023,6
1278,285000,9617000,0.236995108032241,0.5101087562744,6
1279,286000,9617000,0.0405270326895473,0.314277746793084,2
1280,287000,9617000,0.126820366190126,0.252788622420524,4
1281,288000,9617000,0.118028718552404,0.296639709983268,4
1282,289000,9617000,0.361552893389477,0.546081985499163,8
1283,290000,9617000,0.781185212757591,1.66655047406581,10
1284,291000,9617000,1.0002306824974,2.56532348020078,12
1285,292000,9617000,0.958116777537958,2.47762130507529,21
1286,293000,9617000,1.07203423554935,4.981385945343,16
1287,294000,9617000,1.10988925152326,4.88336586726157,18
1288,295000,9617000,1.0778125199576,4.00843558282209,18
1289,296000,9617000,1.10426297285153,3.83100948131623,19
1290,297000,9617000,1.1322787326287,5.48180423870608,19
1291,298000,9617000,1.11064067870207,5.04670942554378,17
1292,299000,9617000,0.979307912106815,2.38950083658673,17
1293,3e+05,9617000,1.21377513407109,4.14131344116007,22
1294,301000,9617000,1.23062737066946,5.06392916899052,21
1295,302000,9617000,0.955319191875721,2.1606246514222,17
1296,303000,9617000,0.260347499911748,0.32675683212493,9
1297,304000,9617000,0.313090267024439,0.407069157836029,11
1298,305000,9617000,1.13770915780147,6.50230061349693,22
1299,306000,9617000,1.02770637550352,6.70259341885109,20
1300,307000,9617000,1.02476659717234,5.66452872281093,20
1301,308000,9617000,1.0748711909512,4.11698271054099,15
1302,309000,9617000,1.15902375981682,7.67449804796431,26
1303,310000,9617000,1.2702894659239,7.51422197434467,27
1304,311000,9617000,1.00998368277059,5.09781093139989,21
1305,312000,9617000,0.775540456644471,5.6611823759063,14
1306,313000,9617000,0.825974977969406,5.15518683770217,19
1307,314000,9617000,1.25493508088955,5.8574316787507,23
1308,315000,9617000,1.22730400993331,5.53715839375349,23
1309,316000,9617000,1.09215788814145,4.46569994422755,15
1310,317000,9617000,1.09015850780543,4.08331009481316,14
1311,318000,9617000,1.08502256736498,5.03074456218628,20
1312,319000,9617000,0.867650585448045,6.11747071946458,16
1313,320000,9617000,1.01074876411587,5.81295315114334,20
1314,321000,9617000,0.764053593643395,7.2122141662019,15
1315,322000,9617000,0.780972747167675,7.82585052983826,21
1316,323000,9617000,0.898033944261563,6.75522866703848,20
1317,324000,9617000,0.584853878153816,8.16473786949247,20
1318,325000,9617000,0.386024308855754,11.0603736754043,20
1319,326000,9617000,0.455321498721881,8.9803402119353,18
1320,327000,9617000,0.79309238303911,6.71751254880089,16
1321,328000,9617000,1.00497868618628,5.31553262688232,17
1322,329000,9617000,0.718378325503167,6.4824316787507,17
1323,330000,9617000,1.12652005537704,5.66271611823759,20
1324,331000,9617000,0.944448567264851,3.35778025655326,14
1325,332000,9617000,0.97072964124209,4.07919687674289,15
1326,333000,9617000,0.873800738816537,5.98445343000558,15
1327,334000,9617000,0.713327434249987,7.07208588957055,16
1328,335000,9617000,0.869379231682181,8.56351087562744,22
1329,336000,9617000,0.741186068389326,6.40546569994423,17
1330,337000,9617000,0.817899250471469,7.03841327384272,19
1331,338000,9617000,0.670666641824887,7.9154350250976,17
1332,339000,9617000,0.77781021948216,8.00153374233129,19
1333,340000,9617000,1.0231655491843,3.35387618516453,16
1334,341000,9617000,1.33069808654105,10.3153234802008,33
1335,342000,9617000,0.953197228402094,14.6740797546012,35
1336,343000,9617000,0.818841905852342,9.35659509202454,19
1337,344000,9617000,0.632476550181932,7.86928332403793,18
1338,345000,9617000,0.611012555687307,7.12625488008924,16
1339,346000,9617000,0.691177481934399,5.63141383156721,14
1340,347000,9617000,0.674619716838707,8.08093976575572,22
1341,348000,9617000,0.322114743737757,11.3339375348578,22
1342,349000,9617000,0.237309191730339,9.3920105967652,20
1343,350000,9617000,0.289982850779816,8.23006134969325,19
1344,351000,9617000,0.622725052700824,6.99114612381484,19
1345,352000,9617000,0.502444511179379,6.74567763524819,13
1346,353000,9617000,0.194140239707185,7.63824595649749,15
1347,354000,9617000,0.661831693438767,7.02670105967652,16
1348,355000,9617000,0.78868824544118,5.82919687674289,15
1349,356000,9617000,0.884032110291089,7.61349693251534,19
1350,357000,9617000,0.460526357399097,9.17958728388176,20
1351,358000,9617000,0.752400851953403,7.94645844952593,19
1352,359000,9617000,1.0992199145403,4.79928890128277,19
1353,360000,9617000,0.791557421198661,6.52440044617959,14
1354,361000,9617000,0.953641561698914,5.39187116564417,14
1355,362000,9617000,0.976468911780914,4.28095370886782,16
1356,363000,9617000,0.577587745509291,0.940114333519241,15
1357,364000,9617000,0.208695731583883,0.228806469604016,9
1358,365000,9617000,0.0965184804835522,0.105688789737869,9
1359,366000,9617000,0.246505832451656,0.306748466257669,11
1360,367000,9617000,0.0443355584675531,0.0329754601226994,8
1361,368000,9617000,0,0,0
1362,369000,9617000,0.0217868345939534,0.0140825432236475,6
1363,370000,9617000,0,0,0
1364,371000,9617000,0.0909548046777565,0.0699944227551589,6
1365,372000,9617000,0.195549857237207,0.18335192414947,8
1366,373000,9617000,0.0649625304859956,0.0409230340211935,4
1367,374000,9617000,0.0419127296840013,0.0295593976575572,4
1368,375000,9617000,0,0,0
1369,262000,9618000,0.928022656898076,3.17385218365062,15
1370,263000,9618000,0.75588119917993,7.12137479085332,15
1371,264000,9618000,0.333347496349515,9.38824595649749,17
1372,265000,9618000,0.509240085193867,8.76554656999442,17
1373,266000,9618000,0.912414255029829,6.63531790295594,17
1374,267000,9618000,0.972951607334377,5.48689347462354,14
1375,268000,9618000,1.03813381366409,4.80737590630229,15
1376,269000,9618000,1.11061253796453,4.74393474623536,22
1377,270000,9618000,1.09364555481018,3.5952314556609,17
1378,271000,9618000,1.00073528536397,3.3531790295594,12
1379,272000,9618000,1.00804349386085,3.70259341885109,16
1380,273000,9618000,0.924782614705047,5.43425822643614,14
1381,274000,9618000,1.05407110421682,4.01805633017289,12
1382,275000,9618000,0.933165190555047,4.24142498605689,11
1383,276000,9618000,1.03908640045598,4.71325989960959,13
1384,277000,9618000,0.990353882470578,2.46786112660346,14
1385,278000,9618000,0.689748376095547,1.21486335750139,8
1386,279000,9618000,0.953336836869655,2.24714166201896,13
1387,280000,9618000,0.883690199038299,1.82361963190184,11
1388,281000,9618000,0.696172963919932,1.33609871723369,12
1389,282000,9618000,0.405641322719374,0.727830451756832,9
1390,283000,9618000,0.263339165149754,0.683421639709983,6
1391,284000,9618000,0.0664952119243419,0.274888455103179,3
1392,285000,9618000,0.158124433820968,0.481943669827105,5
1393,286000,9618000,0.123581718190826,0.305145008365867,3
1394,287000,9618000,0.0373661130297916,0.138873396542108,4
1395,288000,9618000,0.263176291104295,0.375836586726157,6
1396,289000,9618000,0.0740142527347065,0.140895147796988,4
1397,290000,9618000,0.505863028318405,0.875697155605131,6
1398,291000,9618000,0.503223931005947,1.01735917456776,12
1399,292000,9618000,0.647062181376171,1.29433909648634,13
1400,293000,9618000,0.770987273477568,1.60303959843837,13
1401,294000,9618000,0.800779560875588,1.78395147796988,13
1402,295000,9618000,1.04773272873116,3.1866982710541,16
1403,296000,9618000,1.05938259212302,5.62416341327384,19
1404,297000,9618000,1.10432288642962,5.01673173452315,19
1405,298000,9618000,0.827533143060832,1.93523424428332,15
1406,299000,9618000,1.09786659409419,4.87005019520357,17
1407,3e+05,9618000,1.20050088446484,6.744701617401,22
1408,301000,9618000,0.927168238233817,6.71709425543781,21
1409,302000,9618000,0.887953845781922,5.38685164528723,13
1410,303000,9618000,1.09814026521023,3.93202732849972,14
1411,304000,9618000,1.07554667112646,4.47176519799219,17
1412,305000,9618000,0.557516746289192,9.37674288901283,22
1413,306000,9618000,0.574013145478769,9.06406860011155,21
1414,307000,9618000,0.674708738567437,8.29866146123815,20
1415,308000,9618000,0.949777720284737,5.8165086447295,17
1416,309000,9618000,0.973735937146523,8.92108198549916,22
1417,310000,9618000,0.932472722764406,13.56657836029,26
1418,311000,9618000,0.947372521166798,9.63629392080312,25
1419,312000,9618000,0.899979607095138,6.27349414389292,19
1420,313000,9618000,0.761137929902932,6.1723368655884,19
1421,314000,9618000,1.1058765888174,5.15964863357501,19
1422,315000,9618000,1.06747001210212,4.10276073619632,16
1423,316000,9618000,1.05369395088496,4.81316229782487,15
1424,317000,9618000,1.0544628527553,2.99686279977691,13
1425,318000,9618000,1.10657458082966,4.89033742331288,20
1426,319000,9618000,0.994833199824836,5.9010736196319,18
1427,320000,9618000,1.07850413860246,3.34216397099833,15
1428,321000,9618000,0.956480632397123,6.58651701059676,21
1429,322000,9618000,0.520754536094851,9.16076408254322,19
1430,323000,9618000,0.616619733589517,10.3464166201896,23
1431,324000,9618000,0.509093215518131,10.0686001115449,22
1432,325000,9618000,0.132261294343701,9.97225320691578,21
1433,326000,9618000,0.274156117707504,8.64152258784161,17
1434,327000,9618000,0.848069400019587,6.7085192414947,17
1435,328000,9618000,0.845021489763417,6.45600948131623,17
1436,329000,9618000,0.707825046012589,8.00871444506414,20
1437,330000,9618000,1.06167165943519,4.66334355828221,18
1438,331000,9618000,0.880287208715554,4.70057166759621,16
1439,332000,9618000,0.931671136869152,4.56093139988845,13
1440,333000,9618000,0.933393041277475,4.81964584495259,11
1441,334000,9618000,0.859182767469961,6.48145566090351,16
1442,335000,9618000,0.938726324295403,6.80674846625767,17
1443,336000,9618000,0.733021348603197,7.22260178471835,17
1444,337000,9618000,0.743495011029236,9.36572783045176,23
1445,338000,9618000,0.918670078978875,8.18133017289459,23
1446,339000,9618000,0.983678468041145,5.02990797546012,17
1447,340000,9618000,1.01929576331783,2.61363636363636,11
1448,341000,9618000,0.951710149176873,4.9914947016174,11
1449,342000,9618000,0.963675190533671,8.14403234802008,28
1450,343000,9618000,0.471498205978834,8.75418293363079,19
1451,344000,9618000,0.480710578983771,9.43286391522588,25
1452,345000,9618000,0.765681737143936,11.2615030674847,26
1453,346000,9618000,0.742595600768251,11.0709704406023,29
1454,347000,9618000,0.695603641120433,12.2178611266035,29
1455,348000,9618000,0.409099979433165,10.0888873396542,25
1456,349000,9618000,0.164806932533574,8.18328220858896,15
1457,350000,9618000,0.329302182818562,7.39640267707752,15
1458,351000,9618000,0.492450023372662,6.90839375348578,14
1459,352000,9618000,0.385893410552028,6.96820970440602,14
1460,353000,9618000,0.281058627473998,7.40769659788065,14
1461,354000,9618000,0.486398529080175,7.6053402119353,16
1462,355000,9618000,0.639428830972228,9.3723508087005,21
1463,356000,9618000,0.894508097974706,7.75725041829336,20
1464,357000,9618000,0.712007408133132,9.05681818181818,23
1465,358000,9618000,0.573612430833197,6.64375348577803,17
1466,359000,9618000,0.990282561055363,5.40044617958728,16
1467,360000,9618000,0.99607774367132,5.6037367540435,15
1468,361000,9618000,0.90676875131555,1.9330033463469,11
1469,362000,9618000,0.820472047009111,2.48284997211378,16
1470,363000,9618000,0.91024334620744,3.30807306190742,16
1471,364000,9618000,0.229113669845644,0.258923591745678,9
1472,365000,9618000,0.0480164993983622,0.0670663692136085,4
1473,366000,9618000,0.150074686434423,0.162088678192973,8
1474,367000,9618000,0.048816592306931,0.0339514779698829,7
1475,368000,9618000,0.016273224533551,0.0101087562744004,4
1476,369000,9618000,0.205558821850692,0.201617401003904,8
1477,370000,9618000,0.113108459259303,0.0879113218070273,7
1478,371000,9618000,0.0259331172869151,0.0141522587841606,5
1479,372000,9618000,0.0319506232484717,0.0211238148354713,5
1480,373000,9618000,0.0488866780166184,0.0401561628555494,7
1481,374000,9618000,0.392681378235012,0.486614612381484,7
1482,375000,9618000,0.752979501112717,1.6115569823435,6
1483,262000,9619000,0.831350002748786,5.43812989921613,18
1484,263000,9619000,0.815672625144135,10.3776491912995,23
1485,264000,9619000,0.70713040719329,9.09585889570552,26
1486,265000,9619000,1.05223279782225,5.125,15
1487,266000,9619000,1.06437452955176,4.62778862242052,13
1488,267000,9619000,0.650944761563001,7.81734523145566,16
1489,268000,9619000,0.620244245913916,7.63984941438929,16
1490,269000,9619000,0.813982013749137,6.66731734523146,13
1491,270000,9619000,1.064320569898,4.20489403234802,13
1492,271000,9619000,1.07081818814284,3.67373117679866,13
1493,272000,9619000,1.09015999947853,3.74818739542666,16
1494,273000,9619000,1.03576497653417,4.54217791411043,13
1495,274000,9619000,0.850908194425078,6.49288901282766,18
1496,275000,9619000,1.00757434102077,4.56629949804796,13
1497,276000,9619000,1.09539034431222,3.84857780256553,16
1498,277000,9619000,1.0682436618009,3.45914668153932,12
1499,278000,9619000,0.98554981453215,3.8531790295594,14
1500,279000,9619000,0.984788266033731,3.88713050752928,11
1501,280000,9619000,0.844591630357621,1.67749581706637,11
1502,281000,9619000,0.659550054334554,1.15539598438371,10
1503,282000,9619000,0.620071831790833,1.22239263803681,9
1504,283000,9619000,0.231425234580393,0.625697155605131,5
1505,284000,9619000,0.178863225615699,0.4468070273285,6
1506,285000,9619000,0.189340048541312,0.455312325711099,7
1507,286000,9619000,0.139718549032958,0.390964863357501,4
1508,287000,9619000,0.19908960773883,0.458658672615728,5
1509,288000,9619000,0.374496936316107,0.638315672058003,6
1510,289000,9619000,0.702028513571841,1.31811210262131,10
1511,290000,9619000,0.260293227399357,0.477621305075293,6
1512,291000,9619000,0.38723950513844,0.711586726157278,6
1513,292000,9619000,0.300366157323676,0.589235917456776,7
1514,293000,9619000,0.586174334137965,1.17826268823201,12
1515,294000,9619000,1.02287285675953,3.05953708867819,12
1516,295000,9619000,0.818387968922482,5.3026352481874,11
1517,296000,9619000,0.853446361144665,5.55117122141662,11
1518,297000,9619000,0.885802217360555,1.9207334076966,10
1519,298000,9619000,1.04247459409723,2.97260178471835,12
1520,299000,9619000,1.11719750695644,6.41452872281093,22
1521,3e+05,9619000,0.793634315168026,8.28151143335192,22
1522,301000,9619000,0.639581292802006,7.51582543223648,17
1523,302000,9619000,0.685552207805112,6.72699386503067,18
1524,303000,9619000,1.02989818719795,5.45733407696598,17
1525,304000,9619000,0.600735123904293,9.07940602342443,21
1526,305000,9619000,0.541579797006426,8.9856385945343,17
1527,306000,9619000,0.822769985904694,8.18941717791411,23
1528,307000,9619000,0.807329950191722,7.48103736754044,20
1529,308000,9619000,1.07403027789852,3.90379252649191,17
1530,309000,9619000,0.89023049491307,6.43439765755717,19
1531,310000,9619000,1.09352304974224,11.7165365309537,29
1532,311000,9619000,1.31096407705066,9.53060513106525,25
1533,312000,9619000,0.923435251993513,5.01770775237033,14
1534,313000,9619000,0.870992592148513,5.03792526491913,13
1535,314000,9619000,0.871439741148501,5.36670384829894,13
1536,315000,9619000,0.853121012057837,4.24525934188511,15
1537,316000,9619000,1.05914833089673,3.29238706079197,12
1538,317000,9619000,1.09641206827511,3.86837702175125,13
1539,318000,9619000,1.12043869994662,4.65839375348578,18
1540,319000,9619000,1.01944725874622,6.28660066926938,20
1541,320000,9619000,0.884346439910485,7.13071667596207,16
1542,321000,9619000,0.998841768190181,6.77530674846626,24
1543,322000,9619000,0.948696323703322,8.15895147796988,24
1544,323000,9619000,0.337626195062787,8.95698549916341,19
1545,324000,9619000,0.318322926022912,11.2919687674289,23
1546,325000,9619000,0.311300771678221,10.459913552705,22
1547,326000,9619000,0.394628425851671,9.81880925822644,18
1548,327000,9619000,0.83743716608337,8.32654768544339,20
1549,328000,9619000,0.719895209262542,7.99017010596765,18
1550,329000,9619000,0.827857556206752,8.43621026213051,23
1551,330000,9619000,0.817012054247265,6.0127579475739,18
1552,331000,9619000,0.884389071755842,5.55925822643614,15
1553,332000,9619000,1.04955811485526,4.99909369771333,18
1554,333000,9619000,0.981833165705931,5.03471834913553,13
1555,334000,9619000,1.0398633065343,4.95670663692136,14
1556,335000,9619000,1.07198408347427,6.1361544896821,23
1557,336000,9619000,0.667563366953303,8.47106804238706,23
1558,337000,9619000,0.843845255666625,8.44861963190184,23
1559,338000,9619000,0.850323847063634,9.11022030117122,23
1560,339000,9619000,0.701465668583382,7.1680842163971,18
1561,340000,9619000,0.849331405545839,3.83902677077524,10
1562,341000,9619000,0.773240867306213,5.4941438929169,10
1563,342000,9619000,1.0283004972892,3.73020078081428,13
1564,343000,9619000,0.891022648895087,6.1351087562744,13
1565,344000,9619000,0.879382309529994,7.6005298382599,28
1566,345000,9619000,1.16758137787707,11.2472113775795,29
1567,346000,9619000,1.02353528224289,14.5966954824317,35
1568,347000,9619000,0.58114837916829,11.5494980479643,23
1569,348000,9619000,0.859117390161587,5.96075013943112,13
1570,349000,9619000,1.09346114375296,4.0766174010039,15
1571,350000,9619000,1.06656469302677,4.26777746793084,15
1572,351000,9619000,0.993609315980754,4.89514779698829,14
1573,352000,9619000,0.494620777647373,6.71632738427217,13
1574,353000,9619000,0.46503987531431,6.91850250976018,15
1575,354000,9619000,0.810610764159978,5.87953151143335,16
1576,355000,9619000,0.872597343476486,9.83059118795315,20
1577,356000,9619000,0.997885789166873,11.4341885108756,24
1578,357000,9619000,0.468799023307583,10.8575013943112,20
1579,358000,9619000,0.548172665776728,6.78318460680424,16
1580,359000,9619000,0.846457993004879,6.75355549358617,18
1581,360000,9619000,1.01985512020727,3.15037646402677,18
1582,361000,9619000,0.706372110273812,1.19102063580591,10
1583,362000,9619000,0.077985307006903,0.103388176240937,7
1584,363000,9619000,0.926376506037337,2.55897936419409,13
1585,364000,9619000,1.00854896287684,2.64403234802008,11
1586,365000,9619000,0.746326234942008,1.32257389849414,8
1587,366000,9619000,0.483383580804343,0.644729503625209,8
1588,367000,9619000,0,0,0
1589,368000,9619000,0,0.00230061349693252,1
1590,369000,9619000,0.0200043210713326,0.0128973786949247,5
1591,370000,9619000,0.297665149518948,0.338817624093698,9
1592,371000,9619000,0.4132432869247,0.528792526491913,9
1593,372000,9619000,0.0251604071972737,0.0250278862242052,5
1594,373000,9619000,0.0263176193762259,0.020287228109314,3
1595,374000,9619000,0.168628030485709,0.155047406581149,6
1596,375000,9619000,0.323411777458562,0.376003210272873,6
1597,262000,9620000,0.94861256178853,6.24020156774916,27
1598,263000,9620000,0.604281528444265,11.9820831009481,27
1599,264000,9620000,0.600837921195696,8.78318460680424,20
1600,265000,9620000,0.929967323177708,6.18272448410485,18
1601,266000,9620000,0.657850911843109,6.80409927495817,17
1602,267000,9620000,0.495556468986125,7.17310373675404,16
1603,268000,9620000,0.823027745888944,6.87318739542666,16
1604,269000,9620000,0.963873839011608,5.58846904629113,14
1605,270000,9620000,1.05774098969034,4.78534578918014,15
1606,271000,9620000,1.05596742835221,4.77586447295036,15
1607,272000,9620000,1.08478020766963,4.35115727830452,13
1608,273000,9620000,0.965894155081795,2.25829615170106,13
1609,274000,9620000,1.09543057507522,4.14905186837702,14
1610,275000,9620000,1.03914055065113,4.95252370329057,14
1611,276000,9620000,0.799882458282044,6.16257668711656,14
1612,277000,9620000,1.09159407593767,3.5920245398773,14
1613,278000,9620000,0.923498235053106,2.05842163970998,13
1614,279000,9620000,0.99255337549614,3.32787228109314,12
1615,280000,9620000,1.05044083581257,2.92115170105968,13
1616,281000,9620000,0.916915662397067,1.9994422755159,14
1617,282000,9620000,0.629968943597627,1.08923591745678,16
1618,283000,9620000,0.853664262097709,1.87276910206358,14
1619,284000,9620000,1.05275443133337,3.00934188510876,14
1620,285000,9620000,0.825085713834435,1.68683770217513,10
1621,286000,9620000,0.950827375819938,2.18711656441718,9
1622,287000,9620000,0.880860847314356,1.9510596765198,11
1623,288000,9620000,0.758399588118216,1.67310373675404,7
1624,289000,9620000,0.647570350304015,1.25230061349693,7
1625,290000,9620000,0.293132421809547,0.532278304517568,6
1626,291000,9620000,0.0804207375146681,0.276143335192415,8
1627,292000,9620000,0.906767286945305,2.04399051868377,11
1628,293000,9620000,1.07308475776266,3.3590351366425,13
1629,294000,9620000,0.955911198379974,5.60059955382041,18
1630,295000,9620000,1.0360283800573,5.15455939765756,18
1631,296000,9620000,1.06915774212542,3.64835471277189,11
1632,297000,9620000,1.03683343788286,4.89814556609035,15
1633,298000,9620000,0.994967337942793,5.69889849414389,19
1634,299000,9620000,0.556436362959545,9.05939765755717,20
1635,3e+05,9620000,0.432544752237195,7.65191020635806,17
1636,301000,9620000,0.343493667042431,7.3766034578918,15
1637,302000,9620000,0.743944500881543,6.21402677077524,15
1638,303000,9620000,0.402165267058976,7.92435861684328,16
1639,304000,9620000,0.349052034576294,9.18983547127719,20
1640,305000,9620000,0.511354858624028,8.51526770775237,20
1641,306000,9620000,0.769727330590806,9.06504461795873,21
1642,307000,9620000,1.06864011350889,5.7016174010039,18
1643,308000,9620000,1.08981255013416,4.87346625766871,18
1644,309000,9620000,1.00761698611088,5.52300613496933,16
1645,310000,9620000,0.878665576496537,9.1877440044618,26
1646,311000,9620000,0.992854976106241,12.7380786391523,26
1647,312000,9620000,1.11801704965704,7.33073061907418,24
1648,313000,9620000,0.854531606446471,5.35443390964863,13
1649,314000,9620000,0.70271909508524,6.00606525376464,13
1650,315000,9620000,0.846332022658473,5.09376742889013,15
1651,316000,9620000,1.02900809821612,4.12716118237591,18
1652,317000,9620000,0.855624256931534,6.11726157278305,17
1653,318000,9620000,0.999473749256507,5.67387060791969,17
1654,319000,9620000,1.00687384070276,6.07989403234802,17
1655,320000,9620000,0.928855724719631,7.1521193530396,20
1656,321000,9620000,1.09028725375052,8.55382041271612,29
1657,322000,9620000,0.793187667421719,8.06337144450641,20
1658,323000,9620000,0.344092634000565,10.1579754601227,22
1659,324000,9620000,0.143671323735982,10.0798243167875,18
1660,325000,9620000,0.502549823881904,8.25759899609593,22
1661,326000,9620000,0.66782006719794,7.96305075292805,21
1662,327000,9620000,1.14308011059839,9.39445064138316,25
1663,328000,9620000,1.0493851183988,4.75348577802565,17
1664,329000,9620000,1.1966395069848,4.37527886224205,23
1665,330000,9620000,0.722367034957983,6.44966536530954,15
1666,331000,9620000,0.887803913878401,7.09634690462911,22
1667,332000,9620000,1.03020053650438,6.47943390964863,19
1668,333000,9620000,0.981519037096837,4.89898215281651,14
1669,334000,9620000,1.06388549108959,3.90518683770218,14
1670,335000,9620000,0.877893163128851,6.20496374790853,14
1671,336000,9620000,0.886930149300255,5.76317624093698,13
1672,337000,9620000,1.09344854735508,3.72434467373118,17
1673,338000,9620000,0.957224171485166,9.00474065811489,24
1674,339000,9620000,0.482319706078066,10.9438789737869,21
1675,340000,9620000,0.660933566165889,7.32431678750697,17
1676,341000,9620000,0.603534120757786,6.15588399330731,12
1677,342000,9620000,1.03862114347648,4.25627440044618,11
1678,343000,9620000,1.07755108689178,3.38482989403235,11
1679,344000,9620000,1.09413214728505,3.54698828778583,12
1680,345000,9620000,1.01462681287371,2.92470719464584,12
1681,346000,9620000,0.97365760712193,4.33470440602342,18
1682,347000,9620000,1.11715301799927,4.9138315672058,18
1683,348000,9620000,1.06159695398175,3.06427774679308,12
1684,349000,9620000,1.0709749261121,3.34272169548243,15
1685,350000,9620000,0.96672652498638,2.34969325153374,14
1686,351000,9620000,0.840709150289534,3.14493865030675,10
1687,352000,9620000,0.827662380022643,4.96298103736754,9
1688,353000,9620000,0.641177923862274,7.26610429447853,19
1689,354000,9620000,0.760409484388271,8.96535136642499,21
1690,355000,9620000,0.67420519928612,14.4821528165086,24
1691,356000,9620000,0.583529824794691,13.4239403234802,22
1692,357000,9620000,0.623288700033381,12.4919129949805,20
1693,358000,9620000,0.501058515047523,8.79155047406581,19
1694,359000,9620000,0.914120682032955,7.17770496374791,19
1695,360000,9620000,0.622571730010272,1.04294478527607,17
1696,361000,9620000,0.237962694111315,0.236266034578918,10
1697,362000,9620000,0.0855547220048286,0.0777328499721138,6
1698,363000,9620000,0.63216052070483,1.07912716118238,9
1699,364000,9620000,1.07210108365118,3.04887060791969,10
1700,365000,9620000,0.842219607786303,1.60227272727273,9
1701,366000,9620000,0.183998962575437,0.176798661461238,7
1702,367000,9620000,0,0,0
1703,368000,9620000,0.0132539162227524,0.00494980479643056,3
1704,369000,9620000,0.047077952632458,0.0322085889570552,6
1705,370000,9620000,0.0434802493631503,0.0313720022308979,7
1706,371000,9620000,0.176781600041434,0.180772448410485,8
1707,372000,9620000,0.186387915043919,0.186210262130508,7
1708,373000,9620000,0,0,0
1709,374000,9620000,0.15857878463325,0.127300613496933,4
1710,375000,9620000,0,0.0132423756019262,1
1711,262000,9621000,0.731225381207841,4.46444568868981,16
1712,263000,9621000,0.407686601901283,10.2534857780257,18
1713,264000,9621000,0.44480901088211,9.41348298940324,18
1714,265000,9621000,0.72060494425232,7.08365867261573,18
1715,266000,9621000,0.206741329037271,8.244701617401,17
1716,267000,9621000,0.182185727204125,8.62437255995538,15
1717,268000,9621000,0.426042944535981,7.78904071388734,19
1718,269000,9621000,0.597651993532141,7.35387618516453,19
1719,270000,9621000,0.918001718066262,6.15560513106525,18
1720,271000,9621000,0.983433801879634,6.02628276631344,16
1721,272000,9621000,1.08267059413377,4.61433351924149,14
1722,273000,9621000,1.06741680910977,4.73598717233687,16
1723,274000,9621000,1.06065344597706,4.89967930842164,15
1724,275000,9621000,0.878839967390587,5.39898215281651,15
1725,276000,9621000,0.972148795422531,3.94701617401004,13
1726,277000,9621000,1.02170515684028,3.34558003346347,12
1727,278000,9621000,1.04685828461139,2.83554099274958,13
1728,279000,9621000,0.796494384030438,5.51986893474624,13
1729,280000,9621000,1.03729651407504,4.91522587841606,14
1730,281000,9621000,1.02817025089214,3.05284439486893,14
1731,282000,9621000,1.04994224086551,2.92972671500279,16
1732,283000,9621000,0.85312642285073,2.0973229224763,14
1733,284000,9621000,1.10207720470997,4.5675543781372,16
1734,285000,9621000,1.07536262863542,3.18697713329615,16
1735,286000,9621000,1.03726026448194,3.57243446737312,13
1736,287000,9621000,0.969793670836458,2.28381204684886,9
1737,288000,9621000,0.793095322123321,1.49728109313999,9
1738,289000,9621000,0.553046811470106,0.947364751812605,8
1739,290000,9621000,0.437982978100969,0.777537646402677,12
1740,291000,9621000,0.843406855149465,1.86935303959844,12
1741,292000,9621000,1.03675607391754,2.82564138315672,14
1742,293000,9621000,1.03063265007022,2.96946458449526,17
1743,294000,9621000,1.11241394591796,3.51554656999442,18
1744,295000,9621000,1.09245402184494,3.8250139431121,12
1745,296000,9621000,0.997148010698884,2.52969882877858,11
1746,297000,9621000,0.909872032010891,2.10687395426659,12
1747,298000,9621000,1.19011002832465,5.36042944785276,20
1748,299000,9621000,0.934427946000791,9.17414947016174,22
1749,3e+05,9621000,0.722582125344716,8.82982431678751,22
1750,301000,9621000,0.899395481066592,6.15100390407139,16
1751,302000,9621000,0.621774708315827,8.52649191299498,21
1752,303000,9621000,0.388414014431208,9.02223926380368,17
1753,304000,9621000,0.679598005993939,7.43091187953151,18
1754,305000,9621000,0.550648847332762,8.6047824874512,18
1755,306000,9621000,1.12618694623593,5.38817624093698,19
1756,307000,9621000,0.987365148166587,5.21444506413832,14
1757,308000,9621000,1.06108286813302,3.88838538761852,12
1758,309000,9621000,1.02035814012006,2.79880089235917,14
1759,310000,9621000,0.6293700743237,9.53667038482989,22
1760,311000,9621000,0.714532147053623,11.2127021751255,24
1761,312000,9621000,0.984395305889675,9.80047406581149,25
1762,313000,9621000,0.894175344891354,5.10826826547685,18
1763,314000,9621000,0.76440320280328,5.15679029559398,17
1764,315000,9621000,0.885994074923239,5.34585889570552,16
1765,316000,9621000,1.10535150241086,3.97887618516453,17
1766,317000,9621000,1.11604544571544,4.29273563859453,20
1767,318000,9621000,1.08406003275547,4.55375069715561,20
1768,319000,9621000,1.07436788278221,6.47413552704964,27
1769,320000,9621000,0.969682017059597,6.66550474065811,21
1770,321000,9621000,0.673471584989762,9.38050752928054,22
1771,322000,9621000,0.700601449947855,7.56337144450641,17
1772,323000,9621000,0.740387078362426,6.26868377021751,14
1773,324000,9621000,0.821570836933403,6.30598159509202,15
1774,325000,9621000,0.72166416849581,6.01443112102621,13
1775,326000,9621000,1.00510845652193,4.45649749023982,13
1776,327000,9621000,1.00120597451007,4.47559955382041,11
1777,328000,9621000,0.868771533849714,5.30779419966537,14
1778,329000,9621000,1.0317180505932,3.80716675962075,15
1779,330000,9621000,1.08005070246704,3.43035415504741,16
1780,331000,9621000,1.11709643926313,3.51993865030675,19
1781,332000,9621000,1.08335603745537,5.40783602900167,19
1782,333000,9621000,0.859279732957474,7.4643753485778,22
1783,334000,9621000,1.11370394966915,4.75989960959286,22
1784,335000,9621000,0.977134727277863,5.30172894590072,14
1785,336000,9621000,0.913382941011647,5.4973508087005,14
1786,337000,9621000,0.948607776075222,4.36182375906302,10
1787,338000,9621000,1.06495217436915,7.16418014500837,21
1788,339000,9621000,0.611138812563109,11.4907975460123,22
1789,340000,9621000,0.482180790331219,11.1241634132738,20
1790,341000,9621000,0.467909302379433,7.37827663134412,16
1791,342000,9621000,0.912514497818698,5.18049358616843,13
1792,343000,9621000,0.960554768681234,2.17038482989403,10
1793,344000,9621000,0.983702989123529,2.3133017289459,12
1794,345000,9621000,0.861765469896447,3.75592582264361,12
1795,346000,9621000,0.927927346126883,3.39870329057446,10
1796,347000,9621000,0.978118523783771,2.25773842721695,9
1797,348000,9621000,0.936016486382118,2.13552704963748,9
1798,349000,9621000,0.990053580826643,3.1696876742889,11
1799,350000,9621000,0.926269637641654,4.00041829336308,10
1800,351000,9621000,0.875670720840782,4.324456218628,11
1801,352000,9621000,0.843912237779954,4.92268544339097,11
1802,353000,9621000,0.912168472532563,9.0909788064696,22
1803,354000,9621000,0.58652985864113,10.9228945900725,22
1804,355000,9621000,0.668587952759531,13.9852203011712,27
1805,356000,9621000,0.638556077569367,14.5063441160067,23
1806,357000,9621000,0.633260502853971,14.4025376464027,22
1807,358000,9621000,0.53775161214162,11.4406720580033,22
1808,359000,9621000,1.13284847381338,4.97078918014501,19
1809,360000,9621000,0.882459921358396,1.78478806469604,10
1810,361000,9621000,0.748020827359836,1.52258784160625,11
1811,362000,9621000,0.320514714144932,0.450223089793642,10
1812,363000,9621000,0.111861868006708,0.129670942554378,5
1813,364000,9621000,0.147519050821013,0.13531790295594,8
1814,365000,9621000,0.175496694834368,0.17303402119353,8
1815,366000,9621000,0.1266466312086,0.119910764082543,8
1816,367000,9621000,0.0149333131868996,0.0120607919687674,8
1817,368000,9621000,0,0,0
1818,369000,9621000,0.207740216313596,0.210122699386503,6
1819,370000,9621000,0.224317161477679,0.233128834355828,8
1820,371000,9621000,0.657691538693741,1.04824316787507,10
1821,372000,9621000,0.484496660087581,0.673312883435583,7
1822,373000,9621000,0.146113444278856,0.132459564974902,5
1823,374000,9621000,0.69241188609208,1.52272727272727,4
1824,375000,9621000,0.686821496875124,1.87319422150883,4
1825,262000,9622000,0.889586010869085,5.36814109742441,22
1826,263000,9622000,0.332057973558678,9.69597044060234,24
1827,264000,9622000,0.0854004969412358,10.1616703848299,18
1828,265000,9622000,0.38024668093036,8.34962353597323,17
1829,266000,9622000,0.477805165933548,7.76220022308979,16
1830,267000,9622000,0.543906382092738,7.69290295593977,16
1831,268000,9622000,0.594987052725061,7.6233965421082,16
1832,269000,9622000,0.93022115166431,6.32877858337981,18
1833,270000,9622000,0.922258007606894,6.25439208031233,23
1834,271000,9622000,0.72720280221277,7.44436698271054,26
1835,272000,9622000,0.49543564506804,9.89779698828779,26
1836,273000,9622000,0.795631087728904,7.31323201338539,19
1837,274000,9622000,1.08744222414416,3.55758505298383,15
1838,275000,9622000,1.07097086618252,4.87869492470719,16
1839,276000,9622000,0.850887770727939,1.81609035136643,10
1840,277000,9622000,0.944786615772496,2.37005019520357,10
1841,278000,9622000,1.03230091525077,2.73856664807585,14
1842,279000,9622000,0.672692051389394,6.85283045175683,15
1843,280000,9622000,0.954596662215435,5.36126603457892,14
1844,281000,9622000,0.856071042008913,2.819157836029,10
1845,282000,9622000,0.895751698744912,2.33484383714445,7
1846,283000,9622000,0.969346004103124,2.27398215281651,11
1847,284000,9622000,1.08500737643817,3.87360568878974,12
1848,285000,9622000,0.800073908504723,1.55382041271612,11
1849,286000,9622000,0.822946164366396,1.62151422197434,11
1850,287000,9622000,0.833246735500497,1.7643614054657,9
1851,288000,9622000,0.511510117810906,0.814556609035137,9
1852,289000,9622000,0.456946917664286,0.751742889012828,7
1853,290000,9622000,1.07781574530703,3.41620189626325,13
1854,291000,9622000,1.04449701704028,5.28109313998885,13
1855,292000,9622000,1.23918931844631,5.16013664249861,22
1856,293000,9622000,1.2187583695095,5.36858616843279,21
1857,294000,9622000,1.05958080114355,3.21897657557167,16
1858,295000,9622000,1.09741823702662,3.65762688232013,11
1859,296000,9622000,0.799487884634528,1.58372838817624,11
1860,297000,9622000,0.58733965257108,1.12311767986615,8
1861,298000,9622000,0.719497151465808,1.34843837144451,11
1862,299000,9622000,1.24288417164144,5.65504740658115,22
1863,3e+05,9622000,1.02932617831701,8.34655605131065,23
1864,301000,9622000,1.34473438838811,8.02760736196319,28
1865,302000,9622000,0.780810266200008,8.57431678750697,19
1866,303000,9622000,0.639187725538275,8.39375348577803,23
1867,304000,9622000,1.06664563293312,3.74114612381484,22
1868,305000,9622000,0.933794418267713,3.54580312325711,17
1869,306000,9622000,0.982523014864294,5.93209704406023,17
1870,307000,9622000,1.07163918464589,5.12946179587284,20
1871,308000,9622000,0.924349596497576,2.01721974344674,12
1872,309000,9622000,0.96385153146617,2.24511991076408,16
1873,310000,9622000,0.808019833268423,9.26986893474623,20
1874,311000,9622000,0.62419233623349,10.2414947016174,20
1875,312000,9622000,0.834546751763273,10.9591466815393,25
1876,313000,9622000,1.03495647131862,9.36607640825432,31
1877,314000,9622000,0.67004034052454,5.44178750697156,14
1878,315000,9622000,0.79046735396261,4.71974344673731,13
1879,316000,9622000,1.10138770593548,3.85819854991634,17
1880,317000,9622000,1.10510802224603,4.12409369771333,21
1881,318000,9622000,1.22272929580621,6.24790853318461,27
1882,319000,9622000,1.02184878102425,7.66320412716118,22
1883,320000,9622000,0.798473276622675,8.02460959286113,19
1884,321000,9622000,0.701841296504873,6.33052147239264,17
1885,322000,9622000,0.973226765023781,5.00083658672616,16
1886,323000,9622000,0.846629907285309,4.91215839375349,15
1887,324000,9622000,1.06226257826134,4.56399888455103,16
1888,325000,9622000,1.01961672386805,4.49449247071946,16
1889,326000,9622000,0.921099340667522,2.33554099274958,12
1890,327000,9622000,1.04327581384664,3.44868934746235,12
1891,328000,9622000,0.869753273171854,6.4180842163971,17
1892,329000,9622000,1.03590137269423,5.14870329057446,16
1893,330000,9622000,1.0923142086392,3.7186279977691,16
1894,331000,9622000,1.0360993805155,2.73773006134969,12
1895,332000,9622000,1.02504128511855,5.78729782487451,19
1896,333000,9622000,0.706727532307228,8.31385945343001,23
1897,334000,9622000,1.03580376719075,8.27628276631344,23
1898,335000,9622000,1.01783726826941,4.28443948689347,15
1899,336000,9622000,0.960925619924856,5.24372559955382,12
1900,337000,9622000,0.98026321392787,4.50927216954824,12
1901,338000,9622000,1.09653827384558,6.91153095370887,21
1902,339000,9622000,0.706116032088965,13.5968349135527,24
1903,340000,9622000,0.596309771835725,12.923103736754,22
1904,341000,9622000,0.502181873066004,9.67526491912995,20
1905,342000,9622000,0.814544388162524,6.44569157836029,17
1906,343000,9622000,1.03528981660829,2.83714445064138,10
1907,344000,9622000,0.634778667958932,1.06260457334077,9
1908,345000,9622000,0.9197242815976,2.85192414947016,10
1909,346000,9622000,1.12193635677195,4.32515337423313,20
1910,347000,9622000,1.06281910030489,3.22964305633017,18
1911,348000,9622000,0.91309182829398,2.42861126603458,9
1912,349000,9622000,0.834068779292641,3.93997490239822,10
1913,350000,9622000,0.811161788371117,4.13496932515337,10
1914,351000,9622000,0.731431231188185,3.76512827663134,10
1915,352000,9622000,0.776839055764865,4.93007529280535,10
1916,353000,9622000,1.0101123319516,7.67414947016174,20
1917,354000,9622000,0.920980358951924,12.6956915783603,26
1918,355000,9622000,0.706406233735829,14.8798103736754,29
1919,356000,9622000,0.602025914070429,14.1650167317345,22
1920,357000,9622000,0.698421526151421,15.8074456218628,24
1921,358000,9622000,1.12153918779994,9.62102621305075,22
1922,359000,9622000,0.601264621152428,0.984662576687117,11
1923,360000,9622000,0.179375846495897,0.17324316787507,8
1924,361000,9622000,0.0837059913211254,0.0914668153931958,10
1925,362000,9622000,0.619759522213108,1.20510317902956,11
1926,363000,9622000,0,0.0021611823759063,1
1927,364000,9622000,0.184434881685212,0.173382598996096,6
1928,365000,9622000,0.298819578284419,0.325711098717234,8
1929,366000,9622000,0.559177595064201,0.783742331288344,8
1930,367000,9622000,0.0105074055518081,0.00899330730619074,7
1931,368000,9622000,0.0529759683488932,0.0375069715560513,7
1932,369000,9622000,0,0,0
1933,370000,9622000,0.120297478004342,0.105131065253765,8
1934,371000,9622000,0.519419554076751,0.741146123814835,9
1935,372000,9622000,0.177990150435641,0.188301728945901,6
1936,373000,9622000,0.4866351013787,0.639500836586726,6
1937,374000,9622000,0.612847662133255,2.25,5
1938,375000,9622000,0.623049228113884,2.44181380417335,5
1939,262000,9623000,1.03370097758827,7.15173572228443,24
1940,263000,9623000,0.457519378228171,10.8640546569994,24
1941,264000,9623000,0.253530639875904,11.558700501952,21
1942,265000,9623000,0.564045691939514,9.54280535415505,20
1943,266000,9623000,0.82051861848528,6.58219464584495,17
1944,267000,9623000,0.795878589775999,7.19088120468489,17
1945,268000,9623000,0.633175839006846,9.28590351366425,25
1946,269000,9623000,1.07331226517552,6.74205242610151,26
1947,270000,9623000,1.09555198950807,5.90839375348578,24
1948,271000,9623000,0.756255698200862,7.99379531511433,23
1949,272000,9623000,0.822021984170459,7.3893614054657,17
1950,273000,9623000,1.09510014550733,4.42407975460123,14
1951,274000,9623000,0.984555114906684,2.47852760736196,13
1952,275000,9623000,0.807609467741005,1.5962771890686,11
1953,276000,9623000,0.805905612295829,1.64228945900725,11
1954,277000,9623000,0.838638692220323,1.68272448410485,10
1955,278000,9623000,1.12528102042873,4.8116982710541,19
1956,279000,9623000,0.632075322466922,7.02091466815393,15
1957,280000,9623000,1.07150129404954,4.28443948689347,12
1958,281000,9623000,0.858083316665305,2.86837702175125,8
1959,282000,9623000,0.795814820527075,3.994701617401,11
1960,283000,9623000,1.0970192015802,3.85896542108199,12
1961,284000,9623000,1.0725379912132,3.73647518126046,12
1962,285000,9623000,0.874870425464549,3.73438371444506,11
1963,286000,9623000,0.801765950585511,1.63664249860569,9
1964,287000,9623000,0.548146301947078,1.02203011712214,7
1965,288000,9623000,0.742403495755493,1.48291968767429,10
1966,289000,9623000,0.515993519602113,0.909927495817066,15
1967,290000,9623000,1.0545842138623,3.37325711098717,13
1968,291000,9623000,1.05404748410825,5.42484662576687,16
1969,292000,9623000,1.18205650224022,7.925543781372,26
1970,293000,9623000,1.0967704320581,3.51129392080312,21
1971,294000,9623000,0.517941547690362,1.01519799219186,12
1972,295000,9623000,0.371022614863179,0.69457612939208,12
1973,296000,9623000,0.674647262254169,1.16146123814835,11
1974,297000,9623000,0.530118932476828,0.985080870050195,6
1975,298000,9623000,0.524764171506191,0.984104852203012,9
1976,299000,9623000,0.998851505781472,2.79824316787507,16
1977,3e+05,9623000,1.23462409208343,7.12346625766871,25
1978,301000,9623000,1.13852687577708,8.91187953151143,22
1979,302000,9623000,0.763522064869206,9.34655605131065,25
1980,303000,9623000,1.21216615902251,6.93356107083101,25
1981,304000,9623000,0.826823161025951,1.88280814277747,22
1982,305000,9623000,0.792180084408255,1.59934467373118,11
1983,306000,9623000,0.921726058684951,2.43397936419409,16
1984,307000,9623000,1.16296332037083,4.1510736196319,24
1985,308000,9623000,1.14041039578101,5.94757389849414,21
1986,309000,9623000,1.13607229236444,4.47413552704964,18
1987,310000,9623000,0.876789628992068,8.88057724484105,21
1988,311000,9623000,0.778058115344944,12.5453151143335,26
1989,312000,9623000,0.954169353417982,13.228806469604,28
1990,313000,9623000,0.967840805543227,11.1344813162298,30
1991,314000,9623000,0.732010376291509,5.79092303402119,21
1992,315000,9623000,0.680281196776268,5.47225320691578,10
1993,316000,9623000,0.997090818682035,4.25439208031233,13
1994,317000,9623000,1.15041512778893,5.56797267150028,20
1995,318000,9623000,1.0557297555158,8.13824595649749,27
1996,319000,9623000,0.882245338260811,10.4399749023982,22
1997,320000,9623000,0.732251152784632,6.28750697155605,17
1998,321000,9623000,0.985507149994103,5.57696597880647,15
1999,322000,9623000,1.08290010315075,3.84808979364194,14
2000,323000,9623000,0.693924937437375,6.61523982152817,15
2001,324000,9623000,0.665616141997011,6.53060513106525,16
2002,325000,9623000,0.865039908562347,5.68007529280535,17
2003,326000,9623000,0.890139597712692,4.11133575013943,13
2004,327000,9623000,0.8576899719485,5.3457194645845,13
2005,328000,9623000,0.607363269666242,7.2063580591188,16
2006,329000,9623000,0.650975783249158,7.23703290574456,17
2007,330000,9623000,0.929137443840483,5.39277746793084,17
2008,331000,9623000,0.97153072104872,4.56100111544897,15
2009,332000,9623000,0.819669835343087,6.6031790295594,19
2010,333000,9623000,0.528344716273499,9.04594255437814,21
2011,334000,9623000,1.05378474340689,6.65260736196319,20
2012,335000,9623000,0.976691904559653,4.78450920245399,15
2013,336000,9623000,0.828159284801039,6.15149191299498,15
2014,337000,9623000,0.839389646312469,6.44610987172337,15
2015,338000,9623000,0.936515612777769,8.36956218627998,20
2016,339000,9623000,0.560160000041342,11.6696876742889,21
2017,340000,9623000,0.572774828230637,12.4461098717234,25
2018,341000,9623000,0.533455774914171,10.9386503067485,21
2019,342000,9623000,0.763562694314932,6.61440323480201,17
2020,343000,9623000,1.03752755939641,3.52230897936419,11
2021,344000,9623000,1.02638916876504,2.7085192414947,9
2022,345000,9623000,1.05152617979047,4.73577802565533,17
2023,346000,9623000,1.24919049321613,7.15204963747909,26
2024,347000,9623000,1.06755659015743,3.71088957055215,13
2025,348000,9623000,0.804477079681545,3.31316229782487,9
2026,349000,9623000,0.721114050354878,4.15260736196319,10
2027,350000,9623000,0.770145417770724,4.63608477412158,10
2028,351000,9623000,0.593515707890891,3.8031929726715,8
2029,352000,9623000,0.946159396003349,4.52112381483547,13
2030,353000,9623000,0.951483821123857,4.46953430005577,13
2031,354000,9623000,1.03485870926399,7.13761851645287,26
2032,355000,9623000,0.635500850146132,14.2485359732292,29
2033,356000,9623000,0.616139633931963,12.9370468488567,22
2034,357000,9623000,0.626132383353353,13.0621165644172,25
2035,358000,9623000,0.775932413758193,9.98501115448968,22
2036,359000,9623000,0.872398501151279,1.930842163971,13
2037,360000,9623000,0.737629324866324,1.28938929168991,11
2038,361000,9623000,0.530399344660228,0.764570552147239,11
2039,362000,9623000,0.716713900123294,1.31288343558282,12
2040,363000,9623000,0.209486571024025,0.249233128834356,10
2041,364000,9623000,0.250961580328686,0.268683770217513,9
2042,365000,9623000,0.247521022801019,0.254670942554378,8
2043,366000,9623000,0.247767374873567,0.260666480758505,7
2044,367000,9623000,0.0415673656057163,0.0318600111544897,5
2045,368000,9623000,0.397942976134249,0.470998326826548,7
2046,369000,9623000,0.0743102740777915,0.0518683770217513,4
2047,370000,9623000,0,0,0
2048,371000,9623000,0.0980716699465943,0.0646960401561629,4
2049,372000,9623000,0.269441455879352,0.287228109313999,6
2050,373000,9623000,0.698703235851286,1.49539877300613,6
2051,374000,9623000,0.413089069953928,3.52544617958728,7
2052,375000,9623000,0.665420157842471,3.20264847512039,7
2053,262000,9624000,0.96632480140561,8.61562150055991,24
2054,263000,9624000,0.800092567836041,12.3190881204685,24
2055,264000,9624000,0.207757691657506,10.657069157836,25
2056,265000,9624000,0.484475708745101,9.65658114891244,22
2057,266000,9624000,1.05783305873656,7.68586168432794,25
2058,267000,9624000,0.458206823636707,10.1598577802566,21
2059,268000,9624000,0.513788586036653,9.52119353039599,25
2060,269000,9624000,0.830834923036369,8.0973229224763,25
2061,270000,9624000,0.921829607351302,6.82243446737312,24
2062,271000,9624000,0.963401614228475,6.6282069157836,18
2063,272000,9624000,1.02634499548241,5.3021472392638,21
2064,273000,9624000,1.08357729439088,4.19478527607362,14
2065,274000,9624000,1.02735954142375,2.72469325153374,13
2066,275000,9624000,1.0046440832271,2.52837423312883,12
2067,276000,9624000,1.05736890521575,4.68558282208589,14
2068,277000,9624000,1.10599572610947,3.95684606804239,16
2069,278000,9624000,1.07155453703357,4.3515755716676,13
2070,279000,9624000,0.934124992307632,5.85283045175683,13
2071,280000,9624000,0.968697129487147,2.43314277746793,9
2072,281000,9624000,1.01314898995084,3.8026352481874,11
2073,282000,9624000,0.789150703698914,4.56302286670385,10
2074,283000,9624000,1.01631900638275,3.34920524261015,12
2075,284000,9624000,1.00397798161547,4.45273284997211,13
2076,285000,9624000,0.990024643444399,2.63462074735081,13
2077,286000,9624000,0.553437764740177,1.0861684327942,8
2078,287000,9624000,0.263351196750696,0.531093139988846,7
2079,288000,9624000,0.602071293647269,1.06664807585053,9
2080,289000,9624000,1.00027850589473,2.57006413831567,12
2081,290000,9624000,0.961545396011274,5.77147239263804,16
2082,291000,9624000,1.1781571075461,6.03527607361963,22
2083,292000,9624000,1.18620876200222,5.95475460122699,25
2084,293000,9624000,0.640567575328105,1.35736196319018,12
2085,294000,9624000,0.621811657437419,1.24379531511433,11
2086,295000,9624000,0.506765675165345,0.86356664807585,10
2087,296000,9624000,0.559041373310023,1.08128834355828,15
2088,297000,9624000,0.634630703730584,1.23047964305633,12
2089,298000,9624000,0.580647127130795,1.29022587841606,15
2090,299000,9624000,0.854643241434316,2.01450083658673,15
2091,3e+05,9624000,0.427629196531217,0.688232013385388,18
2092,301000,9624000,1.17656678101616,4.72950362520915,21
2093,302000,9624000,0.869356572279756,7.98612660345789,21
2094,303000,9624000,0.996582181077087,3.47776073619632,14
2095,304000,9624000,1.07144003353892,4.02495817066369,12
2096,305000,9624000,0.998350734547259,5.1830033463469,16
2097,306000,9624000,1.1018338250093,3.74825711098717,19
2098,307000,9624000,1.25321528251078,5.70977412158394,27
2099,308000,9624000,0.739473377070158,1.55375069715561,21
2100,309000,9624000,0.878762362748462,1.83303123257111,16
2101,310000,9624000,1.25487686204283,6.19422755158952,21
2102,311000,9624000,1.01179993059572,12.8540156162856,26
2103,312000,9624000,1.03143491392264,9.82912716118238,26
2104,313000,9624000,1.20997390320564,7.49567763524819,26
2105,314000,9624000,0.902899317639058,6.44771332961517,22
2106,315000,9624000,0.697953455301517,6.2297824874512,12
2107,316000,9624000,1.05596204246326,4.06908812046849,15
2108,317000,9624000,1.08059237773413,4.62109592861127,17
2109,318000,9624000,0.916737478435583,7.55068321249303,24
2110,319000,9624000,1.00897003765839,10.1023424428332,26
2111,320000,9624000,0.797929301865688,6.40888176240937,15
2112,321000,9624000,0.892015587551433,5.89870329057446,15
2113,322000,9624000,0.858167256846936,6.00327663134412,16
2114,323000,9624000,0.564848139284494,8.42882041271612,17
2115,324000,9624000,1.03243549030614,4.51359453430006,12
2116,325000,9624000,0.954715162865303,5.90762688232013,20
2117,326000,9624000,0.748809477832625,7.60310931399888,20
2118,327000,9624000,0.877420487203932,5.27007808142777,13
2119,328000,9624000,0.734650929596913,7.03952872281093,15
2120,329000,9624000,0.707388758228222,7.84453430005577,19
2121,330000,9624000,0.87282397959924,6.41306469604016,15
2122,331000,9624000,0.962373449176408,6.04545454545455,15
2123,332000,9624000,0.926209290328656,5.8335192414947,16
2124,333000,9624000,0.795352659237683,7.09341885108756,16
2125,334000,9624000,0.982368823630356,6.46583937534858,20
2126,335000,9624000,1.00403346782305,5.45573061907418,20
2127,336000,9624000,0.870536845459809,7.037228109314,19
2128,337000,9624000,0.887637988496612,7.86377579475739,19
2129,338000,9624000,1.00581927663152,8.61949247071946,23
2130,339000,9624000,0.813157816241108,8.47985220301171,22
2131,340000,9624000,0.642275147969682,10.0643474623536,22
2132,341000,9624000,0.635663971260546,7.86391522587842,20
2133,342000,9624000,0.555269846257379,6.78423034021194,14
2134,343000,9624000,1.02218612286824,3.39528722810931,11
2135,344000,9624000,0.941159886831211,2.01450083658673,9
2136,345000,9624000,0.998450035157914,5.6866982710541,16
2137,346000,9624000,1.06672177721434,5.80870050195204,17
2138,347000,9624000,1.07545618048543,3.21765197992192,11
2139,348000,9624000,0.777938461676627,5.17617122141662,13
2140,349000,9624000,0.636607272723507,4.76979921918572,9
2141,350000,9624000,0.807100828461157,3.55165923034021,8
2142,351000,9624000,0.860775166381815,4.60513106525376,10
2143,352000,9624000,1.09432510941061,4.10973229224763,14
2144,353000,9624000,1.01427586382712,4.95928611266035,14
2145,354000,9624000,0.64382003180654,7.91982710540993,14
2146,355000,9624000,0.570978396509872,12.2860429447853,25
2147,356000,9624000,0.547394353201328,12.2409369771333,24
2148,357000,9624000,0.514600281291493,11.9873814835471,25
2149,358000,9624000,0.519314463456102,9.16160066926938,21
2150,359000,9624000,1.09673011512842,3.89535694366983,13
2151,360000,9624000,1.05197364069998,2.94534300055772,12
2152,361000,9624000,1.09039229659947,3.93627997769102,13
2153,362000,9624000,0.709343006185904,1.21974344673731,10
2154,363000,9624000,0.48102978297575,0.689974902398215,10
2155,364000,9624000,0.22188673903352,0.235290016731735,9
2156,365000,9624000,0.142957382298137,0.154768544339096,8
2157,366000,9624000,0,0.00411321807027328,1
2158,367000,9624000,0.116242114729276,0.113636363636364,4
2159,368000,9624000,0.379474506423233,0.492470719464584,5
2160,369000,9624000,0.44039006665117,0.554656999442276,6
2161,370000,9624000,0.151473920737574,0.12590630228667,5
2162,371000,9624000,0.427902811499322,0.488845510317903,6
2163,372000,9624000,0.706702587689978,1.962771890686,6
2164,373000,9624000,0.533496709180623,3.19129949804796,8
2165,374000,9624000,0.481562197869102,3.99951199107641,8
2166,375000,9624000,0.591512627166448,3.95786516853933,7
2167,262000,9625000,1.03644073559608,7.751679731243,25
2168,263000,9625000,0.852459612206982,11.8250139431121,25
2169,264000,9625000,0.757486535680851,10.7575292805354,27
2170,265000,9625000,0.929103277978078,11.959913552705,27
2171,266000,9625000,0.981979644910169,8.98842721695482,28
2172,267000,9625000,0.520799650692989,10.4854294478528,21
2173,268000,9625000,0.723578584014709,10.0614891243726,23
2174,269000,9625000,0.347450463221529,10.031929726715,18
2175,270000,9625000,0.615318346345045,8.03395147796988,21
2176,271000,9625000,1.07277804378923,5.20098996095929,25
2177,272000,9625000,1.06396351329286,5.5515895147797,21
2178,273000,9625000,1.08109581053229,4.30012548800892,18
2179,274000,9625000,1.06239197593432,4.99191299498048,15
2180,275000,9625000,1.03047342363341,2.89605409927496,12
2181,276000,9625000,0.995301870002472,2.86042944785276,12
2182,277000,9625000,1.05124135385135,3.5287228109314,12
2183,278000,9625000,1.08859146385188,4.22085889570552,12
2184,279000,9625000,1.06688681502551,4.4744841048522,12
2185,280000,9625000,0.973180795462868,4.0707612939208,11
2186,281000,9625000,1.02897545155378,2.89542665923034,11
2187,282000,9625000,0.924720735350498,3.08825989960959,13
2188,283000,9625000,1.00116637464693,2.56378973786949,11
2189,284000,9625000,1.04579871903813,2.94387897378695,12
2190,285000,9625000,0.612041311591586,1.10101784718349,11
2191,286000,9625000,0.606921823116011,1.22580870050195,7
2192,287000,9625000,0.576261306402788,0.96409648633575,7
2193,288000,9625000,0.756760914783521,1.5228667038483,12
2194,289000,9625000,0.971144727839749,5.52035694366983,14
2195,290000,9625000,0.8290577639726,8.51721974344674,23
2196,291000,9625000,1.10270014205302,3.22413552704964,22
2197,292000,9625000,0.394474186569593,0.808909648633575,12
2198,293000,9625000,0.680417730915115,1.37569715560513,12
2199,294000,9625000,0.461468519823183,0.780535415504741,10
2200,295000,9625000,0.449262794873153,0.793502509760178,9
2201,296000,9625000,0.254434087450636,0.503485778025655,15
2202,297000,9625000,0.387103143455823,0.644729503625209,9
2203,298000,9625000,0.778078310689257,1.65184049079755,15
2204,299000,9625000,0.708660340449741,1.38859453430006,10
2205,3e+05,9625000,0.659527294871307,1.305842163971,15
2206,301000,9625000,0.793799962488639,1.8175543781372,18
2207,302000,9625000,0.965850736904092,6.94708588957055,20
2208,303000,9625000,1.05178721531294,4.21556051310653,21
2209,304000,9625000,0.992523839264983,2.83895705521472,21
2210,305000,9625000,1.23309975413009,5.20621862799777,25
2211,306000,9625000,1.19046882569773,4.77593418851088,21
2212,307000,9625000,0.939313347664103,3.18342163970998,20
2213,308000,9625000,0.462544395143585,0.69366982710541,11
2214,309000,9625000,1.01327754944515,3.57919687674289,19
2215,310000,9625000,1.09212425386188,7.67108198549916,21
2216,311000,9625000,0.88420111038826,10.1715699944228,24
2217,312000,9625000,1.15295619312213,7.21918572225321,24
2218,313000,9625000,1.08136003717,5.23535973229225,18
2219,314000,9625000,1.00498572611677,5.51610429447853,19
2220,315000,9625000,1.10262694384698,3.56720580033463,18
2221,316000,9625000,1.09330425317501,4.38531790295594,16
2222,317000,9625000,1.31635271839353,10.5731316229782,40
2223,318000,9625000,1.26618304425853,14.5127579475739,40
2224,319000,9625000,0.946297972140456,9.87137479085332,31
2225,320000,9625000,0.880094553012256,6.94980479643056,18
2226,321000,9625000,0.826636052595276,5.97385666480759,15
2227,322000,9625000,0.688896999555974,6.34125766871166,16
2228,323000,9625000,0.685648540044501,6.56706636921361,16
2229,324000,9625000,0.956166625036589,5.84069994422755,14
2230,325000,9625000,0.964822562325154,6.04357222532069,18
2231,326000,9625000,0.805345525931187,7.85324874511991,23
2232,327000,9625000,0.849470672120774,6.88685164528723,15
2233,328000,9625000,0.844442287445587,6.79594255437814,15
2234,329000,9625000,0.852333006244171,7.91404071388734,19
2235,330000,9625000,0.86105577826478,8.14849414389292,20
2236,331000,9625000,0.985169216382712,5.58156720580033,14
2237,332000,9625000,0.950660395591116,5.35122699386503,13
2238,333000,9625000,0.869076108350977,5.96005298382599,13
2239,334000,9625000,0.705986672958721,8.46075013943112,23
2240,335000,9625000,1.13528961074515,6.03220858895706,23
2241,336000,9625000,0.805725999247677,8.34000278862242,20
2242,337000,9625000,0.809423510094433,11.5264221974345,22
2243,338000,9625000,1.01827339032013,6.37778862242052,23
2244,339000,9625000,0.944458413921943,7.31720580033463,20
2245,340000,9625000,1.05141345120033,9.00620468488567,28
2246,341000,9625000,0.822511828193595,6.72260178471835,16
2247,342000,9625000,1.02534909225621,4.26680145008366,12
2248,343000,9625000,0.885627315895102,2.56483547127719,11
2249,344000,9625000,1.07908802582363,3.39326547685443,13
2250,345000,9625000,0.932215270463543,6.43418851087563,16
2251,346000,9625000,1.0595450130603,2.95719464584495,13
2252,347000,9625000,1.09367015441929,3.7409369771333,15
2253,348000,9625000,1.05967883245776,3.7063580591188,14
2254,349000,9625000,0.808931173294463,3.35136642498606,12
2255,350000,9625000,0.828871632358693,4.54650027886224,11
2256,351000,9625000,0.890740596819367,5.0627440044618,10
2257,352000,9625000,1.09033005870088,3.68425822643614,14
2258,353000,9625000,0.802458145223782,6.7516034578918,14
2259,354000,9625000,0.346917310645793,8.59153653095371,14
2260,355000,9625000,0.112161616330712,9.861684327942,17
2261,356000,9625000,0.645072348249539,12.2425404350251,26
2262,357000,9625000,0.639863640740653,11.422824874512,25
2263,358000,9625000,0.995945767165284,5.39668153931958,16
2264,359000,9625000,1.0966391033739,3.78876185164529,13
2265,360000,9625000,0.984956154616775,2.3026352481874,12
2266,361000,9625000,1.01337360051337,4.89668153931958,13
2267,362000,9625000,1.03683295396267,2.67791411042945,10
2268,363000,9625000,0.447549365413886,0.596207473508087,9
2269,364000,9625000,0.0755440836894125,0.0792665923034021,8
2270,365000,9625000,0.0632204316552445,0.0658114891243726,7
2271,366000,9625000,0.0213235884146388,0.0349972113775795,7
2272,367000,9625000,0.484457889552967,0.637409369771333,7
2273,368000,9625000,0.467641897251192,0.615727830451757,8
2274,369000,9625000,0.335585696824344,0.363984941438929,6
2275,370000,9625000,0.196120511214679,0.184188510875627,7
2276,371000,9625000,0.235404931975217,0.221068042387061,7
2277,372000,9625000,0.769746100058786,1.94067205800335,7
2278,373000,9625000,0.683166917371825,2.14298661461238,7
2279,374000,9625000,0.785727145673021,2.7882738427217,7
2280,375000,9625000,0.316894665856519,3.03130016051364,5
2281,262000,9626000,0.995953544876315,6.6486562150056,22
2282,263000,9626000,0.914590115597781,11.6367819297267,25
2283,264000,9626000,1.10136049915995,9.88162297824874,28
2284,265000,9626000,1.04018599446434,13.0215421081986,30
2285,266000,9626000,0.700418506192108,11.1493307306191,26
2286,267000,9626000,0.562463434650675,11.1350390407139,21
2287,268000,9626000,0.525390728323949,11.3432794199665,23
2288,269000,9626000,0.960601705473151,9.40916062465142,31
2289,270000,9626000,1.10929448036148,8.13329615170106,27
2290,271000,9626000,1.13946766941599,5.61767986614612,21
2291,272000,9626000,0.714142125813029,7.55277467930842,18
2292,273000,9626000,0.573875912157602,8.21263245956498,20
2293,274000,9626000,0.845002421599773,7.48842721695482,20
2294,275000,9626000,1.0049319981693,5.94339096486336,19
2295,276000,9626000,1.0909150184489,3.74456218627998,14
2296,277000,9626000,1.07371996222669,3.47148633575014,14
2297,278000,9626000,0.960722261573175,3.42247629670943,11
2298,279000,9626000,1.0458417711016,4.86747071946458,14
2299,280000,9626000,1.09336527809265,3.71353876185165,14
2300,281000,9626000,1.07945838448085,3.25969046291132,14
2301,282000,9626000,1.00419977243685,3.63204127161182,16
2302,283000,9626000,1.10609717300037,3.57278304517568,19
2303,284000,9626000,1.05002433876381,2.75920245398773,19
2304,285000,9626000,0.540751336558882,0.924637479085332,11
2305,286000,9626000,0.862641405629361,1.73089793641941,9
2306,287000,9626000,0.824419756629254,2.93572225320692,8
2307,288000,9626000,0.760699728493642,1.54238706079197,14
2308,289000,9626000,1.0865435355335,3.87095649749024,17
2309,290000,9626000,1.14815275275401,6.39814556609035,22
2310,291000,9626000,0.932204464033047,2.18112102621305,12
2311,292000,9626000,0.720669452589265,1.45510317902956,12
2312,293000,9626000,0.541386010671962,1.02314556609035,8
2313,294000,9626000,0.439909141925487,0.721068042387061,10
2314,295000,9626000,0.46936411457107,0.76547685443391,11
2315,296000,9626000,0.283149117075702,0.446388733965421,10
2316,297000,9626000,0.852841184553631,1.90253764640268,14
2317,298000,9626000,0.947192636511539,2.51610429447853,15
2318,299000,9626000,0.498690679719737,0.789528722810931,10
2319,3e+05,9626000,1.06724621263329,4.49693251533742,15
2320,301000,9626000,1.04935208733024,4.2526491912995,15
2321,302000,9626000,0.831915852615656,2.01959007250418,15
2322,303000,9626000,0.695213108568313,1.61342721695482,16
2323,304000,9626000,1.18383863207215,5.26059676519799,27
2324,305000,9626000,1.00117941018619,2.89981873954267,22
2325,306000,9626000,0.600987682439035,1.02684049079755,13
2326,307000,9626000,0.463776487098797,0.661391522587842,12
2327,308000,9626000,0.387727768211828,0.56441717791411,10
2328,309000,9626000,1.18223333852178,5.59558003346347,22
2329,310000,9626000,1.11792519913607,10.7669408812047,24
2330,311000,9626000,0.980957787546402,9.85046012269939,23
2331,312000,9626000,0.958378188059058,8.10394590072504,21
2332,313000,9626000,1.09548772768235,6.49567763524819,19
2333,314000,9626000,1.10208188337751,4.4228945900725,19
2334,315000,9626000,0.899027713330349,2.78158114891244,17
2335,316000,9626000,1.1900726992783,7.63964026770775,33
2336,317000,9626000,1.27420213635062,22.3522030117122,40
2337,318000,9626000,1.34925635680009,19.5459425543781,40
2338,319000,9626000,0.948774384110536,10.9996514221974,31
2339,320000,9626000,0.606467582581319,8.97218349135527,18
2340,321000,9626000,0.652425853432196,5.06232571109872,12
2341,322000,9626000,0.817032570234972,4.70768265476854,13
2342,323000,9626000,1.07525375083759,3.87214166201896,15
2343,324000,9626000,0.992902861177166,5.94004461795873,17
2344,325000,9626000,0.784764727950386,7.91027607361963,18
2345,326000,9626000,0.84784872280655,7.18648912437256,20
2346,327000,9626000,0.871710370526531,6.72441438929169,20
2347,328000,9626000,0.73973407279706,7.29475738984941,15
2348,329000,9626000,0.27180767771644,9.78046569994423,18
2349,330000,9626000,0.912096147181391,8.68286391522588,19
2350,331000,9626000,0.867471717215253,6.17310373675404,17
2351,332000,9626000,0.500375593490573,7.65665086447295,17
2352,333000,9626000,0.909369603305162,5.85171500278862,16
2353,334000,9626000,0.782222649003796,7.28220858895706,19
2354,335000,9626000,0.84097251786403,9.61788901282766,22
2355,336000,9626000,0.873569191795821,8.72302007808143,22
2356,337000,9626000,0.804983634111522,11.6599972113776,25
2357,338000,9626000,1.05568580238539,10.2291550474066,25
2358,339000,9626000,1.03132072068753,11.4365588399331,25
2359,340000,9626000,0.989049965717686,7.29315393195761,21
2360,341000,9626000,0.788184972940909,6.27279698828779,13
2361,342000,9626000,0.817617654418108,6.38448131622978,15
2362,343000,9626000,1.08802635491138,4.18544339096486,16
2363,344000,9626000,1.07961420524144,4.32633853876185,15
2364,345000,9626000,1.01425381928386,5.11182375906302,16
2365,346000,9626000,1.05481540435667,4.18809258226436,14
2366,347000,9626000,1.09813369973279,4.00920245398773,15
2367,348000,9626000,1.09390325138696,3.54440881204685,15
2368,349000,9626000,1.04070164881739,3.54622141662019,14
2369,350000,9626000,0.880432957068138,3.51345510317903,13
2370,351000,9626000,0.764597331668308,4.45043223647518,10
2371,352000,9626000,0.991283987975166,4.32466536530954,15
2372,353000,9626000,0.847564178164841,6.52914110429448,15
2373,354000,9626000,0.878844339734702,6.12283881762409,14
2374,355000,9626000,0.525737106224642,8.11656441717791,14
2375,356000,9626000,0.580480882705865,9.51680145008366,23
2376,357000,9626000,0.543982151914176,10.3874093697713,23
2377,358000,9626000,1.05495292568758,3.11335750139431,13
2378,359000,9626000,0.719075972067362,1.25083658672616,10
2379,360000,9626000,0.781081701364519,1.40748745119911,9
2380,361000,9626000,1.05584105401111,4.31873954266592,11
2381,362000,9626000,0.977455883327757,2.22929447852761,11
2382,363000,9626000,0.836018388321839,1.72211377579476,10
2383,364000,9626000,0.76844975653046,1.53074456218628,9
2384,365000,9626000,0.21339654110924,0.211586726157278,6
2385,366000,9626000,0.0246301138235008,0.0221695482431679,6
2386,367000,9626000,0.0082220933126644,0.00738984941438929,4
2387,368000,9626000,0.292221293449266,0.284718349135527,7
2388,369000,9626000,0.394776805888452,0.463259899609593,7
2389,370000,9626000,0.138705241040927,0.118098159509202,8
2390,371000,9626000,0.261190193565421,0.269938650306748,8
2391,372000,9626000,0.205371066739639,0.192275515895148,7
2392,373000,9626000,0.401929691254238,0.49191299498048,6
2393,374000,9626000,0.690518270541906,1.23605688789738,7
2394,375000,9626000,0.497601401035481,3.06661316211878,7
2395,262000,9627000,1.01447847436024,7.00811870100784,22
2396,263000,9627000,1.02987693562957,13.7084495259342,30
2397,264000,9627000,1.08131178667477,10.3729085331846,27
2398,265000,9627000,0.982431552946794,9.47037088678193,30
2399,266000,9627000,0.901492896711191,12.1602760736196,31
2400,267000,9627000,0.572944984027215,11.1462632459565,19
2401,268000,9627000,0.398897507022179,10.2011991076408,26
2402,269000,9627000,0.952220821773781,8.90225878416062,31
2403,270000,9627000,0.969286716278261,9.63301728945901,28
2404,271000,9627000,0.916583053550097,8.43683770217513,28
2405,272000,9627000,1.01606006074578,6.22441438929169,25
2406,273000,9627000,0.659642996001713,8.67665923034021,25
2407,274000,9627000,0.491604984993211,11.3028443948689,24
2408,275000,9627000,0.459567352563923,8.90232849972114,19
2409,276000,9627000,0.921207953320784,5.93411879531511,14
2410,277000,9627000,1.02017511076567,3.10115727830452,14
2411,278000,9627000,0.918615184990206,2.16292526491913,13
2412,279000,9627000,1.06037171035809,4.47420524261015,13
2413,280000,9627000,1.04668871728049,2.90804517568321,13
2414,281000,9627000,0.922122011582892,2.15497769102064,14
2415,282000,9627000,1.00502658508531,2.98633575013943,18
2416,283000,9627000,1.10130444780822,3.268614054657,19
2417,284000,9627000,0.986754715655076,2.41229782487451,19
2418,285000,9627000,0.825855042490303,1.57849972113776,12
2419,286000,9627000,0.922281156747757,2.54336307863915,12
2420,287000,9627000,0.484948080958596,2.63726993865031,7
2421,288000,9627000,0.665261895307221,1.28269659788065,7
2422,289000,9627000,1.10770123097602,3.3271054099275,20
2423,290000,9627000,1.03428753363852,3.15100390407139,20
2424,291000,9627000,0.752134552908356,2.5515895147797,10
2425,292000,9627000,0.96609480294949,2.4457612939208,11
2426,293000,9627000,0.729000567274895,1.45349972113776,11
2427,294000,9627000,0.866381413647672,1.86105688789738,12
2428,295000,9627000,1.05644195320206,3.18000557724484,15
2429,296000,9627000,1.04433727236191,3.36370607919688,17
2430,297000,9627000,1.06105487862665,3.25752928053542,15
2431,298000,9627000,0.967080630964547,2.56504461795873,12
2432,299000,9627000,0.239818124978582,0.338120468488567,8
2433,3e+05,9627000,0.994822108131429,2.88225041829336,15
2434,301000,9627000,0.849282568681105,2.04524539877301,13
2435,302000,9627000,0.369685175312671,0.555354155047407,13
2436,303000,9627000,0.703969125963378,1.45510317902956,22
2437,304000,9627000,1.17156015314539,4.72413552704964,24
2438,305000,9627000,1.11299364391292,3.62778862242052,18
2439,306000,9627000,0.717486515297124,1.49344673731177,19
2440,307000,9627000,1.01737422129979,2.5675543781372,16
2441,308000,9627000,0.735576845288612,1.38106525376464,12
2442,309000,9627000,1.02984911193074,4.31023424428332,21
2443,310000,9627000,0.891353782313264,11.5103876185165,24
2444,311000,9627000,0.944040966907088,12.1268823201339,24
2445,312000,9627000,0.9700802860058,11.6050613496933,24
2446,313000,9627000,0.97897784392204,7.30465699944228,20
2447,314000,9627000,1.09891816029485,4.51833519241495,18
2448,315000,9627000,0.936808544603468,2.55877021751255,17
2449,316000,9627000,1.52134542769133,14.2107501394311,40
2450,317000,9627000,0.749817609716273,30.3618934746235,41
2451,318000,9627000,0.741121272483415,25.7651979921919,38
2452,319000,9627000,1.0468395976036,13.9599832682655,32
2453,320000,9627000,0.792084249750382,8.20607919687674,21
2454,321000,9627000,0.944683073674905,4.86356664807585,11
2455,322000,9627000,0.824794693466269,5.16076408254322,13
2456,323000,9627000,1.08431546830283,4.58310094813162,14
2457,324000,9627000,0.827759324718681,8.29622141662019,19
2458,325000,9627000,0.618391566794014,7.79517568321249,16
2459,326000,9627000,0.791167321095928,6.76059676519799,17
2460,327000,9627000,0.546602321275029,8.01387339654211,16
2461,328000,9627000,0.321985058644622,8.50153374233129,16
2462,329000,9627000,0.272286883695229,8.49951199107641,20
2463,330000,9627000,0.223117965589315,9.72887618516453,20
2464,331000,9627000,0.354069006585838,7.92770496374791,16
2465,332000,9627000,0.410497459731413,8.65149191299498,18
2466,333000,9627000,0.753373817996154,7.41411042944785,21
2467,334000,9627000,0.64452282795919,9.71374790853318,21
2468,335000,9627000,0.602595237233323,9.05870050195204,21
2469,336000,9627000,0.69017890135136,7.05465699944228,16
2470,337000,9627000,0.811999845250501,13.7493725599554,30
2471,338000,9627000,0.863027085499382,12.4220580033463,30
2472,339000,9627000,0.874182339643867,11.0989263803681,25
2473,340000,9627000,0.880266551335856,8.48054935861684,23
2474,341000,9627000,0.775257022010643,6.75982989403235,16
2475,342000,9627000,0.315397055486885,8.41362242052426,15
2476,343000,9627000,0.610316172170661,7.97302007808143,17
2477,344000,9627000,1.09338973739707,4.11523982152817,14
2478,345000,9627000,1.07306694564625,4.88866424986057,14
2479,346000,9627000,1.06354191753924,4.49860568878974,14
2480,347000,9627000,0.98549242784617,5.96367819297267,17
2481,348000,9627000,1.05604424909217,5.01882320133854,14
2482,349000,9627000,1.04027682962193,4.2324316787507,15
2483,350000,9627000,1.00921507145776,3.43697713329615,14
2484,351000,9627000,0.914405648293472,2.44638873396542,12
2485,352000,9627000,1.0335310407272,3.8234104852203,12
2486,353000,9627000,1.08039240568747,4.43962632459565,13
2487,354000,9627000,1.08666707365971,4.29336307863915,12
2488,355000,9627000,0.905321292611825,5.35303959843837,13
2489,356000,9627000,1.09059716586137,3.6664807585053,12
2490,357000,9627000,1.08775024025293,5.12778862242052,18
2491,358000,9627000,1.11363433070128,4.44562186279978,18
2492,359000,9627000,0.771634165376983,1.38050752928054,10
2493,360000,9627000,1.02524933953546,2.48368655883993,10
2494,361000,9627000,1.05675223777936,4.47796988287786,11
2495,362000,9627000,0.714757633393081,1.14375348577803,8
2496,363000,9627000,0.727207543458674,1.21953430005577,10
2497,364000,9627000,0.575579968370517,0.807097044060234,9
2498,365000,9627000,0.491895545295621,0.688998884551032,9
2499,366000,9627000,0.214905466500823,0.207891801450084,7
2500,367000,9627000,0.217724160663595,0.189138315672058,6
2501,368000,9627000,0.0950722848878313,0.0764779698828779,5
2502,369000,9627000,0.174470993309608,0.146472392638037,6
2503,370000,9627000,0.140723274109237,0.116146123814835,6
2504,371000,9627000,0.0175339680174116,0.00732013385387619,4
2505,372000,9627000,0.179569638878781,0.157487451199108,7
2506,373000,9627000,0.10977968815362,0.0858895705521472,5
2507,374000,9627000,0.616424031510763,0.945970440602342,8
2508,375000,9627000,0.832684308871768,2.18739967897271,7
2509,262000,9628000,1.0005810318018,8.18924972004479,26
2510,263000,9628000,1.01759092557167,13.4765058561071,29
2511,264000,9628000,0.69204356960121,10.3206915783603,22
2512,265000,9628000,0.784641690270123,11.0257250418293,30
2513,266000,9628000,0.610043602787719,12.808700501952,22
2514,267000,9628000,0.687759530292898,11.3183909648634,23
2515,268000,9628000,0.585418401893141,12.6670384829894,27
2516,269000,9628000,0.423605539921025,12.1508644729504,23
2517,270000,9628000,0.515190839342991,11.4956776352482,21
2518,271000,9628000,0.904586636039542,9.38392359174568,22
2519,272000,9628000,1.10664027056188,11.5847741215839,23
2520,273000,9628000,0.63259336525832,12.3268265476854,23
2521,274000,9628000,0.485543425300784,11.9184327941997,20
2522,275000,9628000,0.514515103715259,9.89298661461238,18
2523,276000,9628000,0.945981644369373,5.93795315114334,14
2524,277000,9628000,1.08435211091243,4.07222532069158,12
2525,278000,9628000,1.00367850462542,5.24811767986615,15
2526,279000,9628000,0.952997382796694,5.78952872281093,13
2527,280000,9628000,1.06672542131643,3.83491355270496,14
2528,281000,9628000,1.09817873816297,3.92345231455661,13
2529,282000,9628000,1.07960951381867,3.94220580033463,13
2530,283000,9628000,0.938042546274981,2.21869771332962,12
2531,284000,9628000,0.997351491769804,2.50787785833798,11
2532,285000,9628000,0.926092143389501,2.1776352481874,12
2533,286000,9628000,0.976423086537984,2.81344116006693,12
2534,287000,9628000,0.921135603508159,2.49916341327384,12
2535,288000,9628000,1.07879157153869,3.21388733965421,13
2536,289000,9628000,0.767788380397143,1.91536530953709,10
2537,290000,9628000,0.81456535946712,1.75446179587284,17
2538,291000,9628000,0.853397780318367,2.06685722253207,14
2539,292000,9628000,0.913632966914543,2.1308561070831,14
2540,293000,9628000,0.890939151497912,2.10227272727273,10
2541,294000,9628000,0.99165543116297,2.66097322922476,13
2542,295000,9628000,0.991015337138304,5.68481595092025,16
2543,296000,9628000,0.905300859722596,6.83170663692136,17
2544,297000,9628000,0.982363208181576,2.97385666480759,15
2545,298000,9628000,0.741722618034937,1.61642498605689,12
2546,299000,9628000,0.329900004386734,0.66292526491913,7
2547,3e+05,9628000,0.801791274838455,1.63294757389849,15
2548,301000,9628000,0.616408696232845,1.03534578918014,11
2549,302000,9628000,0.976870228618426,2.56316229782487,13
2550,303000,9628000,1.239822002579,5.40204963747909,26
2551,304000,9628000,1.08268420033212,3.37967094255438,24
2552,305000,9628000,1.07684473189461,3.43007529280535,17
2553,306000,9628000,0.997845423386889,2.99010039040714,19
2554,307000,9628000,0.768901373226585,1.64584495259342,16
2555,308000,9628000,0.954287786857318,2.50257947573898,19
2556,309000,9628000,1.21098759228537,5.9569157836029,27
2557,310000,9628000,0.78639207808111,13.468070273285,26
2558,311000,9628000,1.03893270211823,10.3344952593419,23
2559,312000,9628000,0.949531434267951,10.9728806469604,21
2560,313000,9628000,0.921770690794583,5.66599274958171,16
2561,314000,9628000,1.07955599195371,4.52488845510318,17
2562,315000,9628000,0.983239321993228,3.11530953708868,20
2563,316000,9628000,1.36751421334869,9.62527886224205,36
2564,317000,9628000,1.43281052287048,18.3816926938093,42
2565,318000,9628000,1.12376648022325,13.3437674288901,35
2566,319000,9628000,0.863151681328487,11.9575432236475,32
2567,320000,9628000,0.833840206853067,10.7360568878974,22
2568,321000,9628000,0.756718865049799,8.60875627440045,22
2569,322000,9628000,0.926663463390472,6.85338817624094,22
2570,323000,9628000,0.714617462120718,7.86705242610151,16
2571,324000,9628000,0.37626194719362,9.29099274958171,17
2572,325000,9628000,0.355479674319353,8.12716118237591,16
2573,326000,9628000,0.197195224445832,9.26512827663134,18
2574,327000,9628000,0.426793389995706,10.6404071388734,22
2575,328000,9628000,0.288794025238595,10.9031650864473,18
2576,329000,9628000,0.506646742891986,10.755577244841,20
2577,330000,9628000,0.623884792975429,11.63587562744,25
2578,331000,9628000,0.777657810582831,10.4944924707195,25
2579,332000,9628000,0.598904145138653,8.94638873396542,20
2580,333000,9628000,0.648790347622699,11.7359174567764,25
2581,334000,9628000,0.766171490645045,14.6253485778026,26
2582,335000,9628000,0.581732327050407,9.5872141662019,21
2583,336000,9628000,0.796318013712524,7.93467651979922,22
2584,337000,9628000,0.658331885600321,9.4233825989961,23
2585,338000,9628000,0.665170139553436,12.3835052983826,25
2586,339000,9628000,0.284705026663272,11.2680563301729,23
2587,340000,9628000,0.480012131853367,9.41201896263246,19
2588,341000,9628000,0.764795451545576,6.93802286670385,17
2589,342000,9628000,0.776806731997566,6.54594255437814,17
2590,343000,9628000,1.04476774359617,3.4196876742889,15
2591,344000,9628000,1.01705231370042,3.39472950362521,14
2592,345000,9628000,0.824099805872142,6.96472392638037,15
2593,346000,9628000,0.576160233387269,7.75759899609593,14
2594,347000,9628000,1.00396165519815,5.98961238148355,17
2595,348000,9628000,1.06198078617853,5.0212632459565,15
2596,349000,9628000,0.821229929372353,6.15218906860011,20
2597,350000,9628000,1.0628876874207,3.37569715560513,17
2598,351000,9628000,0.979943176507156,2.50711098717234,14
2599,352000,9628000,1.05356417842766,3.43760457334077,13
2600,353000,9628000,1.00866326426814,3.35708310094813,13
2601,354000,9628000,0.979130222466946,3.12465142219743,13
2602,355000,9628000,1.00388784092012,4.33658672615728,12
2603,356000,9628000,1.01356356013803,2.55946737311768,12
2604,357000,9628000,0.987413340908316,2.63824595649749,17
2605,358000,9628000,1.05644108806679,3.17463747908533,18
2606,359000,9628000,0.38372688343884,0.512200223089794,11
2607,360000,9628000,1.09222684608523,3.38873396542108,10
2608,361000,9628000,1.07762072276074,4.22706358059119,11
2609,362000,9628000,0.40595422267671,0.513733965421082,8
2610,363000,9628000,0.520299080346613,0.746026213050753,9
2611,364000,9628000,0.52796848836098,0.791341327384272,10
2612,365000,9628000,0.274871055401245,0.330660903513664,10
2613,366000,9628000,0.398261130174008,0.479991634132738,8
2614,367000,9628000,0.0429446779016678,0.0225878416062465,4
2615,368000,9628000,0.515017178283127,0.754880089235917,7
2616,369000,9628000,0.500175912557016,0.689208031232571,8
2617,370000,9628000,0.200759589363628,0.173940323480201,7
2618,371000,9628000,0.690847049378352,1.19492470719465,10
2619,372000,9628000,0.148430416337763,0.131553262688232,6
2620,373000,9628000,0.00963758895601344,0.00578639152258784,5
2621,374000,9628000,0.617858649686323,0.992749581706637,7
2622,375000,9628000,0.838454023073363,2.81902086677368,7
2623,262000,9629000,1.05771397021321,8.46192609182531,26
2624,263000,9629000,0.777268211000747,11.4505019520357,29
2625,264000,9629000,0.551258381863833,11.2345231455661,26
2626,265000,9629000,0.680176014976877,12.3767428890128,27
2627,266000,9629000,0.847317383724183,13.848229224763,28
2628,267000,9629000,0.708844357207669,14.696597880647,23
2629,268000,9629000,0.573008240363723,13.5080870050195,27
2630,269000,9629000,0.302784501520381,11.7679866146124,21
2631,270000,9629000,0.565767793721443,11.9795733407697,26
2632,271000,9629000,1.05034716187662,12.9466675962075,33
2633,272000,9629000,0.876070991833954,13.0361823759063,30
2634,273000,9629000,0.830772184112722,9.22532069157836,25
2635,274000,9629000,0.633846688989005,11.5897936419409,30
2636,275000,9629000,0.51149661166519,9.39689068600112,19
2637,276000,9629000,0.528152264494059,7.78792526491913,15
2638,277000,9629000,0.782827251956236,6.86607640825432,17
2639,278000,9629000,0.635400331925363,7.42693809258226,15
2640,279000,9629000,0.289679222998079,8.02265755716676,15
2641,280000,9629000,0.610703342183712,7.36049916341327,17
2642,281000,9629000,0.77282552573307,6.88225041829336,17
2643,282000,9629000,1.07828695618696,4.66271611823759,14
2644,283000,9629000,0.962272116559283,2.28534578918015,14
2645,284000,9629000,1.076365245264,3.35408533184607,11
2646,285000,9629000,0.923128599696011,2.04350250976018,10
2647,286000,9629000,0.89313998804712,1.99274958170664,12
2648,287000,9629000,0.815189302545933,1.67373117679866,12
2649,288000,9629000,0.834183395748417,1.74365588399331,10
2650,289000,9629000,0.858672887975356,2.01003904071389,10
2651,290000,9629000,1.02927747983569,3.63747908533185,13
2652,291000,9629000,0.977122542137665,2.3962632459565,14
2653,292000,9629000,0.78071264131248,1.40218906860011,14
2654,293000,9629000,0.780594620617948,1.37716118237591,12
2655,294000,9629000,1.04559866179485,2.78492749581707,13
2656,295000,9629000,0.900745712004835,5.91153095370887,14
2657,296000,9629000,0.51063284259673,8.02196040156163,19
2658,297000,9629000,0.86676898842902,2.00885387618516,14
2659,298000,9629000,0.545096220843726,0.997420524261015,4
2660,299000,9629000,0.520244988224632,1.04705800334635,6
2661,3e+05,9629000,0.822268121878358,1.72155605131065,13
2662,301000,9629000,0.801443591681253,1.90323480200781,14
2663,302000,9629000,1.1130019786025,3.68641940881205,28
2664,303000,9629000,1.22631556183627,5.37193251533742,28
2665,304000,9629000,1.08591387144315,5.41508644729504,19
2666,305000,9629000,0.987496357702138,7.2526491912995,21
2667,306000,9629000,1.07854291574125,4.92484662576687,18
2668,307000,9629000,1.17754754288715,5.64375348577803,27
2669,308000,9629000,1.23513395798883,9.38824595649749,29
2670,309000,9629000,1.13417215771815,11.8274539877301,31
2671,310000,9629000,0.849506688915165,12.4640964863357,26
2672,311000,9629000,0.771161744800372,8.49156441717791,22
2673,312000,9629000,1.04624757420128,11.9828499721138,27
2674,313000,9629000,1.00997185100686,6.2712632459565,20
2675,314000,9629000,0.996401126385467,7.13434188510876,17
2676,315000,9629000,1.009379097331,6.02209983268266,18
2677,316000,9629000,1.09709723573163,5.74491076408254,26
2678,317000,9629000,1.00520730644194,4.46995259341885,21
2679,318000,9629000,1.14949510747233,10.1121723368656,26
2680,319000,9629000,0.89835891738702,15.7856246514222,31
2681,320000,9629000,0.906646353974029,9.96827941996654,24
2682,321000,9629000,0.658173923578104,9.67275515895148,22
2683,322000,9629000,0.848533273503965,10.050404350251,23
2684,323000,9629000,0.433532454646036,9.8659369771333,19
2685,324000,9629000,0.246549266556726,10.7257389849414,19
2686,325000,9629000,0.194481264783788,9.67401003904071,20
2687,326000,9629000,0.109764920328297,9.43683770217513,18
2688,327000,9629000,0.516333060566363,11.7933630786392,24
2689,328000,9629000,0.716022276358028,15.1044339096486,26
2690,329000,9629000,0.683101544575811,16.7203708867819,26
2691,330000,9629000,0.518344980468547,18.1254182933631,27
2692,331000,9629000,0.707817198053693,13.9916341327384,27
2693,332000,9629000,0.319226693636105,10.6664807585053,22
2694,333000,9629000,0.288700398639268,10.5274679308422,23
2695,334000,9629000,0.727353425011881,14.0948131622978,25
2696,335000,9629000,0.904742623032976,7.71576965978806,20
2697,336000,9629000,0.968648829419365,14.4791550474066,27
2698,337000,9629000,0.848578490527235,14.342930842164,26
2699,338000,9629000,0.520801834901281,11.9575432236475,25
2700,339000,9629000,0.292555890303301,10.5705521472393,18
2701,340000,9629000,0.413588229698111,9.31636921360848,20
2702,341000,9629000,0.547313240527177,9.25766871165644,23
2703,342000,9629000,0.721740769469664,8.62416341327384,18
2704,343000,9629000,1.07363444770852,4.26505856107083,16
2705,344000,9629000,1.0010818181379,4.87228109313999,14
2706,345000,9629000,0.968134744051795,6.17156999442276,15
2707,346000,9629000,0.545659078403077,7.81936698271054,16
2708,347000,9629000,0.84748148555405,6.47085889570552,15
2709,348000,9629000,1.06591460313936,5.01659230340212,13
2710,349000,9629000,1.09411380600467,4.05535415504741,13
2711,350000,9629000,1.0397396897599,4.24672336865588,10
2712,351000,9629000,1.09242468296372,3.77175125488009,11
2713,352000,9629000,1.08758767731679,3.41160066926938,13
2714,353000,9629000,1.07017928557438,3.36475181260457,15
2715,354000,9629000,0.982718013899426,2.3782069157836,15
2716,355000,9629000,0.742603429341359,1.45126882320134,15
2717,356000,9629000,0.752411578933101,1.33686558839933,9
2718,357000,9629000,1.1217853415485,4.04552426101506,17
2719,358000,9629000,0.826229242305202,2.29942833240379,17
2720,359000,9629000,0.151003605214816,0.2212771890686,11
2721,360000,9629000,1.04970215876015,2.68133017289459,9
2722,361000,9629000,1.01583936281785,2.43377021751255,9
2723,362000,9629000,0.74332802044671,1.2361963190184,9
2724,363000,9629000,0.997150979889338,2.39933073061907,9
2725,364000,9629000,0.757437251117485,1.38329615170106,8
2726,365000,9629000,0.8329565285485,1.65553541550474,8
2727,366000,9629000,0.0352524964874788,0.0211238148354713,6
2728,367000,9629000,0.0377204005955934,0.0264221974344674,4
2729,368000,9629000,0.0377204005955934,0.0253067484662577,4
2730,369000,9629000,0.202184991338156,0.18941717791411,7
2731,370000,9629000,0.303461318424552,0.329824316787507,8
2732,371000,9629000,0.245383172620013,0.242401003904071,10
2733,372000,9629000,0.266944574641565,0.263803680981595,5
2734,373000,9629000,0.11289788309984,0.0812186279977691,5
2735,374000,9629000,0.998627466216525,2.87932236475181,8
2736,375000,9629000,0.952789808494083,4.39406099518459,7
2737,262000,9630000,1.00360516477716,8.72872340425532,25
2738,263000,9630000,0.879470033247879,13.8122559955382,31
2739,264000,9630000,0.724097545867803,13.6499581706637,31
2740,265000,9630000,0.483962619307577,12.7743307306191,22
2741,266000,9630000,0.585947273475201,13.9671639709983,26
2742,267000,9630000,0.59262215877474,13.7449804796431,25
2743,268000,9630000,0.294048153503277,12.4425543781372,19
2744,269000,9630000,0.540964377912731,13.0408533184607,25
2745,270000,9630000,1.10669013297638,11.242122141662,32
2746,271000,9630000,1.13727161748122,12.8192275515895,35
2747,272000,9630000,0.732693746374607,11.9898215281651,30
2748,273000,9630000,0.996417928695518,11.9676519799219,35
2749,274000,9630000,0.887590579738397,14.6336447295036,35
2750,275000,9630000,0.633091592851836,11.3272448410485,24
2751,276000,9630000,0.703087402111422,7.30967651979922,19
2752,277000,9630000,0.610331518272369,7.53604294478528,17
2753,278000,9630000,0.115429446395427,9.11405465699944,17
2754,279000,9630000,0.544770249708543,7.9297964305633,17
2755,280000,9630000,0.562932705831419,7.69994422755159,15
2756,281000,9630000,0.789914562954728,6.04050474065811,15
2757,282000,9630000,0.956320519927778,5.91592303402119,15
2758,283000,9630000,1.04281005363784,4.00055772448411,12
2759,284000,9630000,0.961717211053347,2.41473786949247,11
2760,285000,9630000,0.713101058730787,1.20112939208031,9
2761,286000,9630000,0.648372824284762,1.09878694924707,7
2762,287000,9630000,0.5856401413706,0.965421081985499,9
2763,288000,9630000,0.878546688720747,2.01659230340212,13
2764,289000,9630000,0.781539947617764,1.54852203011712,12
2765,290000,9630000,1.00511717400992,3.36530953708868,11
2766,291000,9630000,1.00568921890892,2.56964584495259,14
2767,292000,9630000,0.874241244464445,1.75453151143335,14
2768,293000,9630000,0.832229324745072,1.57619910764083,13
2769,294000,9630000,0.82626922815885,1.96827941996654,13
2770,295000,9630000,1.03458468080089,5.54747629670943,20
2771,296000,9630000,0.966469946648989,6.88169269380926,20
2772,297000,9630000,0.868842012576016,1.87960122699387,11
2773,298000,9630000,0.238765818173418,0.666271611823759,4
2774,299000,9630000,0.530746438058839,1.09920524261015,9
2775,3e+05,9630000,0.97359814847971,2.15950920245399,11
2776,301000,9630000,1.02750537620594,4.79796430563302,13
2777,302000,9630000,1.18943244106215,6.69116006692694,28
2778,303000,9630000,1.05562543913269,2.81567205800335,28
2779,304000,9630000,1.11567828016604,5.16445900725042,19
2780,305000,9630000,0.917707208471534,7.51645287228109,19
2781,306000,9630000,1.00328848199371,7.07731455660903,20
2782,307000,9630000,1.02620346256165,10.0416899051868,25
2783,308000,9630000,0.918262394129605,13.0158254322365,28
2784,309000,9630000,0.977790534705542,13.6810513106525,29
2785,310000,9630000,0.870350076574266,9.47699386503067,21
2786,311000,9630000,0.93988468070753,10.2389152258784,20
2787,312000,9630000,1.04004686918161,11.7442833240379,28
2788,313000,9630000,0.902535722348577,13.6118934746235,24
2789,314000,9630000,0.864645545072403,12.7925962074735,23
2790,315000,9630000,1.00119425468781,11.6873257110987,21
2791,316000,9630000,1.18339714429005,9.06866982710541,26
2792,317000,9630000,1.24221018101393,9.3186001115449,33
2793,318000,9630000,1.10584872435528,12.5633017289459,31
2794,319000,9630000,1.09325711111376,10.4376742889013,30
2795,320000,9630000,0.607080988488506,9.52433073061907,20
2796,321000,9630000,0.582774087096203,11.6111963190184,22
2797,322000,9630000,0.702310661362104,13.5271890686001,23
2798,323000,9630000,0.431953261652684,11.9871723368656,20
2799,324000,9630000,0.700647770139664,15.026631344116,33
2800,325000,9630000,0.520114095857904,12.388315672058,28
2801,326000,9630000,0.395019358408258,10.747141662019,21
2802,327000,9630000,0.564241088391257,12.8347044060234,31
2803,328000,9630000,0.681870313238967,16.7404489682097,31
2804,329000,9630000,0.543801373522851,20.2971974344674,35
2805,330000,9630000,0.381445357601031,19.8457194645845,31
2806,331000,9630000,0.753047460372921,15.7477691020636,34
2807,332000,9630000,0.728125843082007,15.8555493586168,29
2808,333000,9630000,0.42307746289167,12.1837702175125,22
2809,334000,9630000,0.550559444147368,12.0499163413274,25
2810,335000,9630000,1.08793545195394,8.98891522587842,27
2811,336000,9630000,0.849192510924071,14.396054099275,27
2812,337000,9630000,0.8053822694161,12.62771890686,25
2813,338000,9630000,0.71326574175221,12.9642359174568,24
2814,339000,9630000,0.514281460390168,11.1355270496375,20
2815,340000,9630000,0.58909665305879,11.2869492470719,20
2816,341000,9630000,0.424267830598037,11.6196319018405,19
2817,342000,9630000,0.630478992653361,9.79189905186838,18
2818,343000,9630000,0.88553932072424,6.98529001673173,19
2819,344000,9630000,0.890123725205205,6.35554935861684,16
2820,345000,9630000,0.885128729912621,6.07752370329057,16
2821,346000,9630000,0.7339358456081,6.98222253206916,16
2822,347000,9630000,0.553992521971387,7.16180981595092,15
2823,348000,9630000,1.06062584978986,4.84578918014501,13
2824,349000,9630000,1.02009238569157,2.88294757389849,13
2825,350000,9630000,1.0530543816028,4.69652816508645,14
2826,351000,9630000,1.0766774977813,3.20628834355828,12
2827,352000,9630000,1.00147090749688,2.53436977133296,12
2828,353000,9630000,0.992553118741559,2.31887897378695,12
2829,354000,9630000,1.06417766105823,3.30493586168433,21
2830,355000,9630000,1.05643696460551,3.01415225878416,15
2831,356000,9630000,1.00536017507858,2.88050752928054,10
2832,357000,9630000,1.05433639865672,6.48187395426659,19
2833,358000,9630000,1.10548947892597,3.65874233128834,19
2834,359000,9630000,0.452605476619889,0.661182375906302,14
2835,360000,9630000,1.08216208143287,3.0851226993865,9
2836,361000,9630000,0.456853335007835,0.699944227551589,9
2837,362000,9630000,0.71302204588944,1.25090630228667,8
2838,363000,9630000,0.85627901903763,3.77481873954267,8
2839,364000,9630000,0.939998694763906,2.11049916341327,9
2840,365000,9630000,0.812908679322293,2.02209983268265,7
2841,366000,9630000,0.0909745409976404,0.0718070273284997,6
2842,367000,9630000,0,0.00264919129949805,1
2843,368000,9630000,0,0,0
2844,369000,9630000,0,0.000836586726157278,1
2845,370000,9630000,0,0.00278862242052426,1
2846,371000,9630000,0.103981526591925,0.0681121026213051,4
2847,372000,9630000,0.0599874962506631,0.0383435582822086,4
2848,373000,9630000,0.610736342631318,0.920245398773006,7
2849,374000,9630000,0.950647362440099,2.84843837144451,7
2850,375000,9630000,0.953011296101773,3.17977528089888,7
2851,262000,9631000,1.0360301430121,9.44204927211646,29
2852,263000,9631000,0.920692174702345,13.0325571667596,31
2853,264000,9631000,0.869747310770159,10.5262827663134,31
2854,265000,9631000,0.484163115651009,12.2274818739543,20
2855,266000,9631000,0.571628896480765,14.1470998326827,25
2856,267000,9631000,0.566066561758221,13.8954266592303,25
2857,268000,9631000,0.561771746163507,13.7923173452315,24
2858,269000,9631000,0.555483991742648,12.4559397657557,24
2859,270000,9631000,0.837052980504364,17.2804656999442,32
2860,271000,9631000,0.993287866022307,13.8114891243726,31
2861,272000,9631000,1.10978473798868,11.7290853318461,37
2862,273000,9631000,1.05854658403555,16.2007808142777,38
2863,274000,9631000,0.950717596975903,14.3257808142777,37
2864,275000,9631000,0.316916229967735,9.93697713329615,22
2865,276000,9631000,0.665388106038535,6.976087562744,15
2866,277000,9631000,0.512653863730052,7.76610429447853,16
2867,278000,9631000,0.696193780677853,6.89117401003904,17
2868,279000,9631000,0.539615915408744,7.73354712771891,17
2869,280000,9631000,0.638500374353127,7.12493028443949,15
2870,281000,9631000,0.694963570879556,7.18913831567206,15
2871,282000,9631000,0.749269817057993,6.98047964305633,15
2872,283000,9631000,0.975411322410242,5.11314835471277,13
2873,284000,9631000,1.03066051671245,4.82334076965979,12
2874,285000,9631000,1.05301768313151,4.54538482989403,11
2875,286000,9631000,0.949957113690849,2.10554935861684,10
2876,287000,9631000,0.869298065397683,2.57417735638595,9
2877,288000,9631000,0.879261252337847,1.90881204684886,13
2878,289000,9631000,0.627374729309093,1.09244283324038,9
2879,290000,9631000,0.805227908183628,1.59585889570552,11
2880,291000,9631000,0.846282124482532,1.78994701617401,15
2881,292000,9631000,0.796103983130894,1.45831009481316,12
2882,293000,9631000,0.966444146019676,2.14263803680982,14
2883,294000,9631000,0.988189185724226,2.75718070273285,16
2884,295000,9631000,1.10909601296081,5.31121026213051,19
2885,296000,9631000,1.02833011452015,3.29371165644172,19
2886,297000,9631000,0.557956982352217,1.06629949804796,8
2887,298000,9631000,0.336660626815067,0.793502509760178,3
2888,299000,9631000,0.496541908988137,0.952244841048522,9
2889,3e+05,9631000,0.732730119462572,1.28430005577245,10
2890,301000,9631000,0.912307711632926,2.60499163413274,19
2891,302000,9631000,0.780429272401186,8.15239821528165,23
2892,303000,9631000,0.883073874138613,5.74797824874512,14
2893,304000,9631000,1.13760264704508,5.08665644171779,20
2894,305000,9631000,0.822424383003429,10.1222113775795,22
2895,306000,9631000,0.921062631249639,12.1754740658115,24
2896,307000,9631000,1.06951515179021,13.0429447852761,28
2897,308000,9631000,0.887197950980838,16.319018404908,31
2898,309000,9631000,0.910974434628858,14.6800055772448,29
2899,310000,9631000,0.807159021510902,12.0844952593419,26
2900,311000,9631000,0.842368229540433,10.7282487451199,22
2901,312000,9631000,1.09869219505231,11.2617122141662,28
2902,313000,9631000,0.902075119991862,14.4250557724484,25
2903,314000,9631000,0.959260690018458,11.3544339096486,21
2904,315000,9631000,0.898276752957284,9.86893474623536,20
2905,316000,9631000,1.07792219819798,11.3197155605131,33
2906,317000,9631000,0.972639760711242,15.5952314556609,33
2907,318000,9631000,1.15864240138467,10.2027328499721,23
2908,319000,9631000,1.02181529187835,10.6104294478528,25
2909,320000,9631000,0.712232989241169,13.4822922476297,23
2910,321000,9631000,0.725673869167507,15.2520914668154,27
2911,322000,9631000,0.693215190204701,14.9399749023982,23
2912,323000,9631000,0.701253865377896,15.6929726715003,26
2913,324000,9631000,0.661858582502449,17.5570970440602,30
2914,325000,9631000,0.680300991438899,15.1855828220859,30
2915,326000,9631000,0.202559768446182,11.7350808700502,23
2916,327000,9631000,0.704270079981923,15.2742610150586,28
2917,328000,9631000,0.618014417364399,18.1519799219186,36
2918,329000,9631000,0.337734030949944,20.4715560513107,35
2919,330000,9631000,0.520455285440259,18.6249302844395,31
2920,331000,9631000,0.50628269490335,19.6369910764083,34
2921,332000,9631000,0.358030174411373,19.7030117122142,32
2922,333000,9631000,0.61009638043815,13.1019241494702,26
2923,334000,9631000,0.801092526093996,12.3565950920245,24
2924,335000,9631000,0.884673956313469,14.353945900725,29
2925,336000,9631000,0.872725589094875,15.5932794199665,28
2926,337000,9631000,0.965172314093692,12.8823898494144,28
2927,338000,9631000,0.662185317761973,16.56657836029,25
2928,339000,9631000,0.639321978222456,13.9472950362521,24
2929,340000,9631000,0.827143009161491,13.6700362520915,22
2930,341000,9631000,0.730382572343868,13.4704406023424,21
2931,342000,9631000,0.703299543799549,12.8050752928054,23
2932,343000,9631000,0.710752539618503,11.4359313998885,23
2933,344000,9631000,0.574896538093604,8.81127997769102,20
2934,345000,9631000,0.585539233390146,8.36844673731177,18
2935,346000,9631000,0.764630808231117,7.44122978248745,18
2936,347000,9631000,1.05196866498908,5.82117958728388,17
2937,348000,9631000,0.951846823598941,6.40943948689347,15
2938,349000,9631000,1.03915441532451,5.01721974344674,14
2939,350000,9631000,1.09649596240044,3.84578918014501,12
2940,351000,9631000,0.939131681772849,5.72887618516453,15
2941,352000,9631000,0.946880985994813,2.28674010039041,12
2942,353000,9631000,0.765020955448825,1.40204963747909,12
2943,354000,9631000,1.07586077520017,3.61196319018405,15
2944,355000,9631000,0.68109233229878,1.22539040713887,15
2945,356000,9631000,0.727647816343819,1.21590909090909,10
2946,357000,9631000,1.22685640411735,6.81141940881205,20
2947,358000,9631000,1.12606388652115,3.58498326826548,20
2948,359000,9631000,0.839726315059046,2.27056609035137,17
2949,360000,9631000,0.449028943113251,0.568390964863357,7
2950,361000,9631000,0.352313265135456,0.411740100390407,8
2951,362000,9631000,0.263982111062117,0.299079754601227,7
2952,363000,9631000,0.615694766253498,0.954266592303402,8
2953,364000,9631000,0.257216716684009,0.305633017289459,8
2954,365000,9631000,0.331145576923106,0.376742889012828,6
2955,366000,9631000,0.521387252285636,0.719813162297825,8
2956,367000,9631000,0.981381418388647,2.39919129949805,10
2957,368000,9631000,0.905295350990363,1.96047127718907,10
2958,369000,9631000,0.26514586251462,0.291411042944785,7
2959,370000,9631000,0.0627994765317319,0.0406441717791411,4
2960,371000,9631000,0.130042874126361,0.112939208031233,7
2961,372000,9631000,0.240691998132261,0.231455660903514,7
2962,373000,9631000,0.741157200430777,1.1850948131623,8
2963,374000,9631000,0.0923668859659756,0.0911182375906302,7
2964,375000,9631000,0.116465512665827,0.115569823434992,5
2965,262000,9632000,0.838727045948975,12.3297872340426,29
2966,263000,9632000,0.854123699259043,14.6899051868377,29
2967,264000,9632000,0.708390896080122,11.561419408812,22
2968,265000,9632000,0.488612145297617,13.5625348577803,20
2969,266000,9632000,0.697306469394314,14.9781093139989,25
2970,267000,9632000,0.725811560575066,14.412088678193,25
2971,268000,9632000,0.748602114256916,15.5617679866146,25
2972,269000,9632000,0.941272532885095,14.7306190741774,35
2973,270000,9632000,1.27285811747616,16.7783045175683,43
2974,271000,9632000,1.04493498845227,14.6398494143893,41
2975,272000,9632000,1.07430172989878,22.5435025097602,43
2976,273000,9632000,0.613657422300645,26.5041829336308,39
2977,274000,9632000,0.726451812887046,15.1366424986057,31
2978,275000,9632000,0.545412120841021,10.7025934188511,25
2979,276000,9632000,0.332956187813956,9.06622978248745,21
2980,277000,9632000,0.716219401664054,8.64716954824317,25
2981,278000,9632000,0.951126768024177,5.37632459564975,16
2982,279000,9632000,0.823721721532258,6.61628555493586,15
2983,280000,9632000,0.41178515968054,8.55737590630229,15
2984,281000,9632000,0.58118817337139,7.97866703848299,17
2985,282000,9632000,0.416475391906492,6.99790853318461,13
2986,283000,9632000,0.92028671701348,5.43000557724484,12
2987,284000,9632000,0.800870755022329,6.05598159509202,13
2988,285000,9632000,0.909853236980741,5.10994143892917,11
2989,286000,9632000,0.781923905873789,5.26833519241495,11
2990,287000,9632000,0.753448564021736,4.41850250976018,9
2991,288000,9632000,1.01441200247646,3.05521472392638,10
2992,289000,9632000,0.544380084482258,0.892359174567763,9
2993,290000,9632000,0.459363590301684,0.739821528165086,11
2994,291000,9632000,0.528800501019521,0.814486893474624,11
2995,292000,9632000,1.1093122148545,3.79705800334635,19
2996,293000,9632000,1.12455792181619,4.2095649749024,19
2997,294000,9632000,0.898636341692249,1.96409648633575,14
2998,295000,9632000,1.04039974397228,6.85094813162298,20
2999,296000,9632000,1.1182354358343,5.90386224205243,19
3000,297000,9632000,0.64179769139771,1.30653931957613,12
3001,298000,9632000,0.497659292354608,1.00125488008924,11
3002,299000,9632000,0.476675587085306,0.838399330730619,8
3003,3e+05,9632000,0.995540929217369,2.56685722253207,14
3004,301000,9632000,1.0447578921,4.93551310652538,19
3005,302000,9632000,0.876847492200023,6.84195482431679,20
3006,303000,9632000,0.943286937228925,8.5803123257111,26
3007,304000,9632000,1.00840542130896,5.43195761293921,19
3008,305000,9632000,0.799068813764791,9.45621862799777,24
3009,306000,9632000,1.06359019645056,14.8393056330173,32
3010,307000,9632000,0.93095300575152,9.30179866146124,24
3011,308000,9632000,0.8527125031009,14.010596765198,30
3012,309000,9632000,1.14832575323113,12.9333519241495,29
3013,310000,9632000,1.0517779862006,11.9617261572783,27
3014,311000,9632000,0.915278519540606,14.6758923591746,29
3015,312000,9632000,0.856851501899142,16.2211377579476,35
3016,313000,9632000,0.893681684396361,15.2808839933073,28
3017,314000,9632000,1.0447226900347,8.80082264361405,21
3018,315000,9632000,1.0510427043989,10.7790016731735,25
3019,316000,9632000,1.07415835153036,13.0901422197434,30
3020,317000,9632000,0.755261533242999,16.9577523703291,30
3021,318000,9632000,0.862402251671183,13.0319994422755,25
3022,319000,9632000,0.858956381822649,14.3427914110429,25
3023,320000,9632000,0.600322735445573,17.2155605131065,27
3024,321000,9632000,0.536441608147334,17.7566229782487,29
3025,322000,9632000,0.755977253639632,16.1515616285555,32
3026,323000,9632000,0.533056129265933,18.1779141104294,29
3027,324000,9632000,0.241329661152438,20.914807585053,32
3028,325000,9632000,0.70393326582808,16.0384829894032,29
3029,326000,9632000,0.671257133284976,14.9540574456219,28
3030,327000,9632000,0.672517593003121,16.9489682097044,30
3031,328000,9632000,0.501604943283656,19.7362660345789,36
3032,329000,9632000,0.511311867618268,19.56657836029,32
3033,330000,9632000,0.492662202975326,19.1261154489682,30
3034,331000,9632000,0.352008725848809,19.5135248187395,30
3035,332000,9632000,0.570512869658354,18.1772866703848,29
3036,333000,9632000,0.709851455355294,16.505298382599,33
3037,334000,9632000,0.84810568558031,15.9548243167875,30
3038,335000,9632000,0.576949904411934,18.313720022309,30
3039,336000,9632000,0.659071127431923,17.2336865588399,30
3040,337000,9632000,0.65352523724542,17.0272587841606,28
3041,338000,9632000,0.545329513712422,17.4448549916341,28
3042,339000,9632000,0.749424877037529,15.055981595092,25
3043,340000,9632000,0.713731867840284,15.7399609592861,24
3044,341000,9632000,0.732217149242512,14.4976993865031,25
3045,342000,9632000,0.728069550623735,14.4981873954267,24
3046,343000,9632000,0.692174710663641,12.5458031232571,23
3047,344000,9632000,0.53938234537249,9.52865309537089,20
3048,345000,9632000,0.644775023125481,8.44666759620747,20
3049,346000,9632000,0.708219093145117,7.93230619074177,17
3050,347000,9632000,0.906871187439178,7.12827663134412,18
3051,348000,9632000,0.920167924272985,7.38127440044618,19
3052,349000,9632000,0.927401951735644,6.67122141662019,19
3053,350000,9632000,1.00464647169055,5.69004461795873,15
3054,351000,9632000,0.839512233729387,6.16536530953709,14
3055,352000,9632000,1.08504768211524,4.39152258784161,14
3056,353000,9632000,1.05851059975553,2.87737032905745,11
3057,354000,9632000,0.932816576948468,3.47350808700502,19
3058,355000,9632000,0.64497801114127,1.85185443390965,17
3059,356000,9632000,0.69234642730834,1.9350948131623,16
3060,357000,9632000,1.29069211646417,5.69729503625209,26
3061,358000,9632000,0.960459097792756,2.34090909090909,14
3062,359000,9632000,1.03715412663379,3.02168153931958,18
3063,360000,9632000,0.190425385252713,0.263315672058003,10
3064,361000,9632000,0.0154222372873578,0.032696597880647,5
3065,362000,9632000,0.245148173103662,0.237869492470719,7
3066,363000,9632000,0.239138906507658,0.233825989960959,5
3067,364000,9632000,0.257216447502552,0.229921918572225,5
3068,365000,9632000,0.212591199096263,0.195552147239264,6
3069,366000,9632000,0.443236031105285,0.622629670942554,8
3070,367000,9632000,0.89397273617929,1.73264082543224,8
3071,368000,9632000,0.801590605742848,1.48940323480201,8
3072,369000,9632000,0.544043880195983,0.816299498047964,7
3073,370000,9632000,0.0875837600560454,0.0672755158951478,8
3074,371000,9632000,0.42535288431455,0.49372559955382,8
3075,372000,9632000,0.168661574980165,0.150167317345231,8
3076,373000,9632000,0.115940839913831,0.0950223089793642,8
3077,374000,9632000,0.304656251120937,0.397518126045733,11
3078,375000,9632000,0.0616067104727896,0.0537720706260032,4
3079,262000,9633000,1.06999759674906,9.74132138857783,27
3080,263000,9633000,0.772775686139872,14.2245538204127,27
3081,264000,9633000,0.296956008955465,10.3109313998885,19
3082,265000,9633000,0.220579302064101,11.0732710540993,20
3083,266000,9633000,0.334214374167897,11.0971137757948,23
3084,267000,9633000,0.701910648706633,13.7808839933073,28
3085,268000,9633000,0.761068132839938,18.92526491913,36
3086,269000,9633000,1.06591829525508,20.5409927495817,43
3087,270000,9633000,1.10081398474509,22.6821667596207,39
3088,271000,9633000,0.977163236229325,25.7635248187395,38
3089,272000,9633000,0.714449945454512,30.8851784718349,40
3090,273000,9633000,0.858422585213406,25.7303402119353,39
3091,274000,9633000,0.713562578435464,15.0683909648634,31
3092,275000,9633000,0.36866172164882,10.6019241494702,31
3093,276000,9633000,0.596357319317098,11.2087283881762,31
3094,277000,9633000,0.541485947868572,9.22950362520915,25
3095,278000,9633000,0.47462977621559,8.52328499721138,17
3096,279000,9633000,0.462528161213615,8.91947852760736,26
3097,280000,9633000,0.297341958165166,8.89821528165086,26
3098,281000,9633000,0.597718438471745,6.99616564417178,14
3099,282000,9633000,0.184182824850183,7.58867819297267,12
3100,283000,9633000,0.456130452752828,6.78646123814835,11
3101,284000,9633000,0.804993380194027,5.86238148354713,12
3102,285000,9633000,1.04617530683439,4.61795872838818,12
3103,286000,9633000,1.07541165555252,4.20175683212493,11
3104,287000,9633000,1.07166224117343,3.27600390407139,11
3105,288000,9633000,1.0963548474317,4.03381204684886,12
3106,289000,9633000,0.699686960847261,1.40351366424986,12
3107,290000,9633000,0.552477781975786,0.881901840490798,11
3108,291000,9633000,0.734577878992234,1.38761851645287,12
3109,292000,9633000,1.0332917960204,6.31246514221974,19
3110,293000,9633000,1.07771049125425,3.2159788064696,19
3111,294000,9633000,0.715719192233124,1.53158114891244,16
3112,295000,9633000,0.957328469146501,7.56853039598438,22
3113,296000,9633000,0.967800222865996,6.56030395984384,19
3114,297000,9633000,0.992672367439305,2.39117401003904,12
3115,298000,9633000,0.866322937201587,1.85527049637479,12
3116,299000,9633000,0.964626270331515,2.4431121026213,16
3117,3e+05,9633000,1.14950013311216,4.731385945343,20
3118,301000,9633000,0.896587637356604,7.04914947016174,20
3119,302000,9633000,0.762156344357948,7.6276491912995,26
3120,303000,9633000,0.552285435851715,8.53290574456219,26
3121,304000,9633000,0.548732822935586,7.12520914668154,17
3122,305000,9633000,0.899853651592214,12.0747350808701,36
3123,306000,9633000,0.971481056586682,20.2988008923592,42
3124,307000,9633000,1.06537865211345,9.226087562744,26
3125,308000,9633000,1.16658719542723,10.7428890128277,25
3126,309000,9633000,1.15118562417422,7.96869771332962,28
3127,310000,9633000,1.23711147903763,10.2330591187953,28
3128,311000,9633000,0.637703093414741,17.710192414947,29
3129,312000,9633000,0.837790175078369,16.8595231455661,31
3130,313000,9633000,0.853111027849052,16.3130925822644,30
3131,314000,9633000,1.06030118911806,12.7567624093698,34
3132,315000,9633000,0.848677221979618,15.4359313998885,26
3133,316000,9633000,0.732511297902546,16.8390267707752,28
3134,317000,9633000,0.625270001090288,17.6785415504741,27
3135,318000,9633000,0.555233803502397,18.6685722253207,31
3136,319000,9633000,0.62175762924982,17.0575153374233,26
3137,320000,9633000,0.427961204523062,18.9340490797546,28
3138,321000,9633000,0.479190947297514,18.5029280535415,30
3139,322000,9633000,0.590925594539703,18.6019241494702,33
3140,323000,9633000,0.491366690715832,18.6466815393196,29
3141,324000,9633000,0.153047175008546,20.989403234802,31
3142,325000,9633000,0.693422946614457,16.63587562744,30
3143,326000,9633000,0.704627578233328,16.5713190184049,30
3144,327000,9633000,0.53712853382913,18.1409648633575,30
3145,328000,9633000,0.557770976553968,18.1606943669827,30
3146,329000,9633000,0.464170916493874,18.9463887339654,30
3147,330000,9633000,0.504290305086555,18.848508087005,29
3148,331000,9633000,0.535471803073881,18.5224484104852,29
3149,332000,9633000,0.677410944866864,16.8621723368656,30
3150,333000,9633000,0.582292512234958,18.8096068042387,36
3151,334000,9633000,0.430028577101983,18.8099553820413,28
3152,335000,9633000,0.631817909068998,17.4651422197434,28
3153,336000,9633000,0.723111949874937,15.8999581706637,26
3154,337000,9633000,0.557569555820196,17.2559955382041,26
3155,338000,9633000,0.631960777537232,16.9486196319018,27
3156,339000,9633000,0.759773444305008,15.6667596207474,28
3157,340000,9633000,0.704754725887355,15.8683770217513,24
3158,341000,9633000,0.727915801085459,16.0524261015059,25
3159,342000,9633000,0.737473538838791,14.8614751812605,24
3160,343000,9633000,0.655236470352763,12.8577105409928,22
3161,344000,9633000,0.395464411290375,11.3435582822086,20
3162,345000,9633000,0.44697545902449,11.3222253206916,21
3163,346000,9633000,0.779568249678466,7.81616006692694,18
3164,347000,9633000,0.646687612590661,9.55953708867819,18
3165,348000,9633000,0.800989163942699,8.19304238706079,18
3166,349000,9633000,1.0503549904344,5.09774121583938,15
3167,350000,9633000,1.06670259640161,3.36307863915226,14
3168,351000,9633000,0.889417756856237,5.58442554378137,12
3169,352000,9633000,1.00247803827008,4.94004461795873,14
3170,353000,9633000,1.09391025087614,3.81804238706079,11
3171,354000,9633000,0.714315887897781,2.40950920245399,19
3172,355000,9633000,0.0456065426661314,0.141940881204685,21
3173,356000,9633000,0.579281628663345,1.80723647518126,22
3174,357000,9633000,1.13222216823768,3.90281650864473,26
3175,358000,9633000,0.970884516084979,2.64570552147239,15
3176,359000,9633000,1.13158322924699,3.99714166201896,18
3177,360000,9633000,0.557059279039415,1.04768544339096,17
3178,361000,9633000,0.0259331172869151,0.0319994422755159,5
3179,362000,9633000,0.00137728250361463,0.0127579475738985,2
3180,363000,9633000,0.42850876492741,0.573340769659788,8
3181,364000,9633000,0.441403507629138,0.573340769659788,6
3182,365000,9633000,1.0006078115188,2.90309537088678,9
3183,366000,9633000,0.978853608005384,2.22580870050195,8
3184,367000,9633000,1.07624355452152,3.54078360290017,8
3185,368000,9633000,0.0850312633333482,0.0538901282766313,4
3186,369000,9633000,0.171118231285353,0.148703290574456,6
3187,370000,9633000,0.30743993300741,0.339026770775237,8
3188,371000,9633000,0.0472081762616607,0.0335331846068042,7
3189,372000,9633000,0.203042822365019,0.19659788064696,8
3190,373000,9633000,0.219930923031343,0.234104852203012,8
3191,374000,9633000,0.349651152187915,0.461238148354713,9
3192,375000,9633000,0.0367763342164623,0.0248796147672552,3
3193,262000,9634000,1.02188663406932,8.6494960806271,26
3194,263000,9634000,0.666241948395068,13.3870607919688,26
3195,264000,9634000,0.527419747768458,12.2834634690463,32
3196,265000,9634000,0.573112331041656,11.6554656999442,32
3197,266000,9634000,0.132389149069763,9.38308700501952,22
3198,267000,9634000,0.871843336511677,16.7934327941997,37
3199,268000,9634000,0.852385726581407,23.1047127718907,41
3200,269000,9634000,1.02693581095371,24.8535973229225,41
3201,270000,9634000,0.963042511813649,27.3905465699944,41
3202,271000,9634000,0.824824113726181,29.3489263803681,41
3203,272000,9634000,0.690012156764524,29.374860568879,39
3204,273000,9634000,0.571236741309563,26.9223368655884,37
3205,274000,9634000,0.698513340373443,16.0656023424428,32
3206,275000,9634000,0.34197691792926,10.446597880647,25
3207,276000,9634000,0.924402177936211,8.62667317345231,26
3208,277000,9634000,0.419878331364875,9.12430284439487,18
3209,278000,9634000,0.535566374165158,9.54594255437814,31
3210,279000,9634000,0.544753895274354,9.47295036252092,31
3211,280000,9634000,0.18054410584233,9.78513664249861,17
3212,281000,9634000,0.324481209652247,8.58254322364752,16
3213,282000,9634000,0.414337311548072,7.69088120468489,16
3214,283000,9634000,0.447338317312157,7.03416062465142,15
3215,284000,9634000,0.839675666203752,5.95189626324596,12
3216,285000,9634000,0.954634636722122,5.58407696597881,13
3217,286000,9634000,1.06215476008691,4.7696597880647,14
3218,287000,9634000,0.810710389931441,1.57124930284439,14
3219,288000,9634000,0.963506471672576,2.46388733965421,14
3220,289000,9634000,0.769746579769222,1.4840351366425,13
3221,290000,9634000,0.963555877749542,2.20140825432236,11
3222,291000,9634000,0.984094807268099,6.380298382599,18
3223,292000,9634000,0.671112347972214,7.62967094255438,19
3224,293000,9634000,0.954748931637088,5.24637479085332,14
3225,294000,9634000,1.01945915685975,2.77307585052984,13
3226,295000,9634000,0.993781151228643,9.99442275515895,24
3227,296000,9634000,0.817371787465337,8.51359453430006,22
3228,297000,9634000,0.922246632274291,2.09502230897936,12
3229,298000,9634000,0.888033731373898,2.06950641383157,12
3230,299000,9634000,1.03647966764658,2.77426101505856,16
3231,3e+05,9634000,1.07966985109413,5.78151143335192,20
3232,301000,9634000,0.603630722708272,8.11963190184049,22
3233,302000,9634000,1.00217668780531,11.4109732292248,30
3234,303000,9634000,0.869306151780637,8.8282208588957,26
3235,304000,9634000,0.510098166632333,9.93544339096486,27
3236,305000,9634000,0.833650764366549,15.2890407138873,32
3237,306000,9634000,0.758278700178653,18.7302007808143,36
3238,307000,9634000,1.16210701540206,9.70098996095929,31
3239,308000,9634000,1.11225435467021,10.0660206358059,27
3240,309000,9634000,0.860889971989163,9.73145566090351,27
3241,310000,9634000,1.12919831361016,14.1849553820413,30
3242,311000,9634000,0.537359293150009,19.4534997211378,38
3243,312000,9634000,0.941841926999201,16.5016731734523,33
3244,313000,9634000,1.21682849992936,11.2218349135527,25
3245,314000,9634000,1.13791090048561,12.1366424986057,34
3246,315000,9634000,0.712520082122067,17.4200362520915,32
3247,316000,9634000,0.524680870674763,18.5322085889571,29
3248,317000,9634000,0.410929152487018,19.0232152816509,30
3249,318000,9634000,0.219944743350366,21.4019799219186,31
3250,319000,9634000,0.247495585880724,20.8072364751813,32
3251,320000,9634000,0.267877098090869,20.6233268265477,32
3252,321000,9634000,0.365432012688401,19.9686279977691,31
3253,322000,9634000,0.344274363255209,19.1849553820413,33
3254,323000,9634000,0.120156380186354,21.0883296151701,32
3255,324000,9634000,0.324934295980355,20.3411182375906,32
3256,325000,9634000,0.638627786837578,17.5308142777468,29
3257,326000,9634000,0.647805875040284,17.3996793084216,30
3258,327000,9634000,0.493225811049517,18.9924707194646,35
3259,328000,9634000,0.716378223234203,16.4242889012828,27
3260,329000,9634000,0.647683964784408,17.0306748466258,28
3261,330000,9634000,0.644277067064349,16.9982571109872,28
3262,331000,9634000,0.587181722576534,19.0689486893475,32
3263,332000,9634000,0.517775230828728,19.4811767986615,33
3264,333000,9634000,0.642676803444707,17.9157138873397,33
3265,334000,9634000,0.461525656705468,18.7404489682097,31
3266,335000,9634000,0.306925476046918,19.2016174010039,27
3267,336000,9634000,0.535860452150175,17.7240658114891,28
3268,337000,9634000,0.42157384350571,18.1207473508087,28
3269,338000,9634000,0.488346466371399,17.9192693809258,29
3270,339000,9634000,0.490340888406785,18.1907417735639,29
3271,340000,9634000,0.604504475170583,17.5224484104852,32
3272,341000,9634000,0.627946456684904,16.8234104852203,29
3273,342000,9634000,0.711305521573559,15.49456218628,23
3274,343000,9634000,0.542538541535862,12.630298382599,20
3275,344000,9634000,0.397095386261948,12.6217930842164,20
3276,345000,9634000,0.421362961102645,11.6291829336308,19
3277,346000,9634000,0.682320816408757,10.063720022309,19
3278,347000,9634000,0.271425450998038,11.4268683770218,19
3279,348000,9634000,0.888250615341851,6.80612102621305,17
3280,349000,9634000,1.04848750201606,3.9930981595092,15
3281,350000,9634000,1.08994029309547,3.91285554935862,14
3282,351000,9634000,1.04344046772733,4.84376742889013,12
3283,352000,9634000,1.09639458252301,3.49672336865588,12
3284,353000,9634000,1.08702887973903,4.19046291132181,12
3285,354000,9634000,0.968364745470256,2.67254601226994,27
3286,355000,9634000,0.967516533859664,2.77119353039598,27
3287,356000,9634000,0.895420042290526,2.26903234802008,23
3288,357000,9634000,0.915028458378361,2.13392359174568,12
3289,358000,9634000,0.566492600808748,0.96834913552705,13
3290,359000,9634000,1.01819346039279,2.87479085331846,20
3291,360000,9634000,0.825931718181139,2.31880925822644,20
3292,361000,9634000,0.193256560014664,0.191717791411043,10
3293,362000,9634000,0.114521350817998,0.116982710540993,8
3294,363000,9634000,0.170672229998055,0.159090909090909,8
3295,364000,9634000,0.206931561859245,0.211726157278305,6
3296,365000,9634000,0.60347079168336,0.858895705521472,7
3297,366000,9634000,0.767399162413281,1.46019241494702,8
3298,367000,9634000,0.342018573069352,0.407138873396542,7
3299,368000,9634000,0.000736966826317306,0.00146402677077524,2
3300,369000,9634000,0.335546117472718,0.407069157836029,7
3301,370000,9634000,0.0187772185301801,0.0158254322364752,5
3302,371000,9634000,0.0166955084504348,0.00934188510875627,3
3303,372000,9634000,0.192382887287999,0.193739542665923,8
3304,373000,9634000,0.451372575866897,0.626185164528723,10
3305,374000,9634000,0.32921462546906,0.414598438371444,9
3306,375000,9634000,0,0.000802568218298555,1
3307,262000,9635000,0.7997230821077,7.39333706606943,18
3308,263000,9635000,0.745411040430334,14.486823759063,30
3309,264000,9635000,0.665423088611732,14.0279559397658,26
3310,265000,9635000,0.377907073492161,10.6807724484105,23
3311,266000,9635000,0.626169339523284,13.5393195761294,31
3312,267000,9635000,0.543738701578816,23.9093000557724,39
3313,268000,9635000,0.646858786233508,28.1521193530396,46
3314,269000,9635000,0.923623006943795,15.3382598996096,34
3315,270000,9635000,1.21752517230555,10.0433630786392,34
3316,271000,9635000,1.32432914395614,17.2958728388176,45
3317,272000,9635000,1.08829939580557,20.0858895705521,40
3318,273000,9635000,0.835730002263848,27.2584355828221,40
3319,274000,9635000,0.761782017877753,15.6721974344674,36
3320,275000,9635000,0.44443487717096,10.9261712214166,23
3321,276000,9635000,0.458575405051677,9.30653931957613,19
3322,277000,9635000,0.206513953999924,9.93600111544897,16
3323,278000,9635000,0.245161323596835,10.0090630228667,16
3324,279000,9635000,0.303903480902548,9.5032069157836,17
3325,280000,9635000,0.0926265840437738,10.6564417177914,17
3326,281000,9635000,0.300990334854638,8.94854991634133,15
3327,282000,9635000,0.403840685658358,8.31971556051311,14
3328,283000,9635000,0.417978107690345,7.93683770217513,15
3329,284000,9635000,0.673168052019286,6.94924707194646,13
3330,285000,9635000,0.791853722645418,6.28897099832683,13
3331,286000,9635000,1.08171448821229,4.28520635805912,12
3332,287000,9635000,0.774197325701044,1.47831846068042,11
3333,288000,9635000,0.767061668602485,1.46270217512549,12
3334,289000,9635000,0.977624583706424,2.37569715560513,11
3335,290000,9635000,1.06200728107505,2.93390964863358,15
3336,291000,9635000,1.02926297244152,6.57348020078081,20
3337,292000,9635000,0.945198777173269,5.69046291132181,15
3338,293000,9635000,1.07658875198673,4.03590351366425,14
3339,294000,9635000,0.836449386050423,6.36747071946458,20
3340,295000,9635000,0.755540077070931,10.5206358059119,26
3341,296000,9635000,0.759972903293153,8.6856525376464,20
3342,297000,9635000,1.05689803657193,3.47546012269939,18
3343,298000,9635000,0.967542262748095,2.34090909090909,14
3344,299000,9635000,0.9288649581205,5.67491634132738,15
3345,3e+05,9635000,1.26076812579948,6.23793920803123,25
3346,301000,9635000,0.99684998299071,12.7944088120468,38
3347,302000,9635000,0.782565071326334,14.9389291689905,38
3348,303000,9635000,0.759017320270947,12.8425822643614,32
3349,304000,9635000,0.966007715282921,15.5017428890128,43
3350,305000,9635000,0.940890623785795,16.6055493586168,34
3351,306000,9635000,0.829882419304709,16.138455103179,33
3352,307000,9635000,0.921894025718554,16.3687255995538,33
3353,308000,9635000,1.01604471936245,13.0959983268265,30
3354,309000,9635000,1.12839940605542,10.9405326268823,30
3355,310000,9635000,0.619624456369677,18.4883575013943,31
3356,311000,9635000,0.349649807675821,21.5329754601227,34
3357,312000,9635000,0.556122643913681,21.1931121026213,35
3358,313000,9635000,1.05850588728664,16.3344255437814,36
3359,314000,9635000,1.06462240191711,15.0719464584495,36
3360,315000,9635000,0.508283737070584,18.7662437255996,32
3361,316000,9635000,0.378649295600027,21.5016731734523,37
3362,317000,9635000,0.164674390443685,22.1428471834914,33
3363,318000,9635000,0.187464179481461,22.6998745119911,33
3364,319000,9635000,0.17383444398854,22.8544339096486,35
3365,320000,9635000,0.185014148345274,22.5862381483547,32
3366,321000,9635000,0.209852280471997,20.1968070273285,30
3367,322000,9635000,0.174660522134306,20.7535554935862,32
3368,323000,9635000,0.26424812757407,20.8692833240379,33
3369,324000,9635000,0.417596820809486,20.1614612381484,33
3370,325000,9635000,0.49194032827479,19.4939347462354,34
3371,326000,9635000,0.384129992947604,19.3066090351366,31
3372,327000,9635000,0.684559470612128,18.4118795315114,34
3373,328000,9635000,0.841771137102382,14.4390686001115,27
3374,329000,9635000,0.703733509549909,14.2543223647518,27
3375,330000,9635000,0.64393890429098,17.0633714445064,29
3376,331000,9635000,0.497365437391244,20.0185443390965,32
3377,332000,9635000,0.476630155813254,18.2428890128277,29
3378,333000,9635000,0.338216196979455,19.9850808700502,35
3379,334000,9635000,0.31265139611052,21.7151422197434,38
3380,335000,9635000,0.320573818163663,19.3277328499721,35
3381,336000,9635000,0.439656351107163,18.7755158951478,32
3382,337000,9635000,0.43818842898495,18.0117122141662,29
3383,338000,9635000,0.547840737077543,16.8976575571668,25
3384,339000,9635000,0.455946902844449,17.7429587283882,26
3385,340000,9635000,0.578714999517093,17.4997908533185,30
3386,341000,9635000,0.558282292939116,17.8310094813162,29
3387,342000,9635000,0.672867577970569,16.2541132180703,23
3388,343000,9635000,0.69965888233913,16.1335052983826,28
3389,344000,9635000,0.687072176224463,14.7374511991076,25
3390,345000,9635000,0.630383071792906,13.7812325711099,22
3391,346000,9635000,0.450154061356204,11.6674567763525,20
3392,347000,9635000,0.40715035135508,11.3870607919688,19
3393,348000,9635000,0.554352702234967,8.74707194645845,18
3394,349000,9635000,0.820382561650069,6.49065811489124,15
3395,350000,9635000,0.880360861239605,5.70607919687674,14
3396,351000,9635000,0.987689991967977,4.92909927495817,12
3397,352000,9635000,0.950604569413652,4.95991355270496,11
3398,353000,9635000,1.08676817742242,3.27140267707752,12
3399,354000,9635000,0.837420872308917,1.64249860568879,10
3400,355000,9635000,0.874873071700069,1.95712493028444,12
3401,356000,9635000,0.696836986741692,1.26554656999442,11
3402,357000,9635000,0.709799722956058,1.3707473508087,12
3403,358000,9635000,0.387847610904752,0.617749581706637,9
3404,359000,9635000,1.04534557742219,2.73396542108199,22
3405,360000,9635000,0.974844715801201,3.3351226993865,23
3406,361000,9635000,0.396826473035235,0.592791411042945,9
3407,362000,9635000,0.447643575898198,0.762548800892359,19
3408,363000,9635000,0.448940333834053,0.829475738984941,21
3409,364000,9635000,0.0429446779016678,0.0390407138873397,5
3410,365000,9635000,0.0473483240079547,0.0398075850529838,5
3411,366000,9635000,0.641836059018217,1.09592861126603,7
3412,367000,9635000,0.4627142487549,0.570970440602342,7
3413,368000,9635000,0.1811421380139,0.17638036809816,7
3414,369000,9635000,0.509457448197756,0.676031790295594,8
3415,370000,9635000,0.131793394013978,0.116843279419967,8
3416,371000,9635000,0.231339138269786,0.267847183491355,8
3417,372000,9635000,0.363059261454766,0.463678192972671,11
3418,373000,9635000,0.335997037560272,0.406511433351924,11
3419,374000,9635000,0.432783238331001,0.567205800334635,9
3420,375000,9635000,0.901660148076243,1.83788121990369,8
3421,262000,9636000,1.04316137178822,9.97900335946249,23
3422,263000,9636000,0.735801142073853,17.2009202453988,30
3423,264000,9636000,0.692953914475657,16.2359174567764,30
3424,265000,9636000,0.387746810611733,12.5023703290574,24
3425,266000,9636000,0.572147832752027,14.4803402119353,30
3426,267000,9636000,0.486156316386328,21.8775097601785,40
3427,268000,9636000,0.58866679354132,23.9823619631902,39
3428,269000,9636000,0.974467718422113,16.3444645844953,38
3429,270000,9636000,1.44303731523689,13.1482152816509,48
3430,271000,9636000,0.999640676694721,28.4463887339654,48
3431,272000,9636000,0.816087164958642,29.3059118795315,42
3432,273000,9636000,0.517395522932347,27.9380228667038,38
3433,274000,9636000,0.775679068619295,15.8674707194646,31
3434,275000,9636000,0.490582543997898,11.8744422755159,25
3435,276000,9636000,0.195181202704161,10.6866982710541,17
3436,277000,9636000,0.154868872908586,10.683700501952,18
3437,278000,9636000,0.0919281153567437,10.9439486893475,18
3438,279000,9636000,0.0483714928598613,10.5628137200223,17
3439,280000,9636000,0.0082220933126644,9.75397378694925,15
3440,281000,9636000,0.204449362318853,9.65839375348578,16
3441,282000,9636000,0.276567242361963,8.59990239821528,16
3442,283000,9636000,0.395845151621325,7.65407138873397,16
3443,284000,9636000,0.348236517602811,8.40386224205243,20
3444,285000,9636000,0.687725874575919,6.82759341885109,16
3445,286000,9636000,1.09226993049366,3.83184606804239,16
3446,287000,9636000,1.04343948724503,3.09021193530396,13
3447,288000,9636000,1.08085925360385,3.73898494143893,12
3448,289000,9636000,1.03460778094203,2.76296709425544,12
3449,290000,9636000,1.1090857992559,3.71144729503625,18
3450,291000,9636000,1.13314076461952,4.8169966536531,20
3451,292000,9636000,0.850888383563496,1.8127440044618,14
3452,293000,9636000,0.712501779530491,1.38162297824875,14
3453,294000,9636000,1.07657942847829,7.93558282208589,21
3454,295000,9636000,0.979579503369091,10.2230200780814,22
3455,296000,9636000,1.20112937178011,6.04684885666481,22
3456,297000,9636000,1.00560577941883,7.90895147796988,22
3457,298000,9636000,1.10912205631944,8.03799498047964,24
3458,299000,9636000,0.999822828414486,10.0055075292805,29
3459,3e+05,9636000,0.802752612239026,17.3269659788065,35
3460,301000,9636000,0.361202616494849,21.5971834913553,35
3461,302000,9636000,0.698172138817677,18.3832961517011,33
3462,303000,9636000,0.880714366342583,14.8785554935862,32
3463,304000,9636000,1.02033874743788,18.7539737869492,42
3464,305000,9636000,0.880008155055035,16.0643474623536,34
3465,306000,9636000,0.726304327725681,21.6694785276074,37
3466,307000,9636000,0.524931934959518,22.7146542108199,35
3467,308000,9636000,0.662033968066739,20.0591187953151,35
3468,309000,9636000,1.28562349250838,11.4384411600669,35
3469,310000,9636000,1.1185870224182,13.6366424986057,34
3470,311000,9636000,0.387473580464104,22.6825153374233,35
3471,312000,9636000,0.69444951018524,21.521472392638,35
3472,313000,9636000,0.498779146507503,21.2829754601227,36
3473,314000,9636000,0.572404956744813,19.1138455103179,36
3474,315000,9636000,0.351757020184986,21.6633435582822,33
3475,316000,9636000,0.187629251271116,22.7440741773564,37
3476,317000,9636000,0.354869757364108,24.2426798661461,36
3477,318000,9636000,0.408745974713152,26.1192136084774,35
3478,319000,9636000,0.212720386447673,23.5656720580033,35
3479,320000,9636000,0.015211303186706,23.1372002230898,31
3480,321000,9636000,0.138047227948249,22.4274261015059,33
3481,322000,9636000,0.234579967511381,22.6415225878416,35
3482,323000,9636000,0.30513802376078,19.7344534300056,34
3483,324000,9636000,0.487763654796022,20.3998187395427,35
3484,325000,9636000,0.530949276390854,22.9568460680424,37
3485,326000,9636000,0.381374814374781,22.8927077523703,36
3486,327000,9636000,0.717447533200285,15.5993446737312,26
3487,328000,9636000,0.439806270535119,12.6706636921361,22
3488,329000,9636000,0.682977472066141,14.7622699386503,28
3489,330000,9636000,0.690015360618059,16.8840630228667,30
3490,331000,9636000,0.70835655580302,18.8106525376464,34
3491,332000,9636000,0.446432905032588,20.3768823201339,34
3492,333000,9636000,0.394231705533417,20.6470301171221,35
3493,334000,9636000,0.213237442502747,20.2902955939766,35
3494,335000,9636000,0.496360553095092,19.2343139988846,35
3495,336000,9636000,0.512828201392484,17.7849972113776,31
3496,337000,9636000,0.565203146694521,17.4443669827105,26
3497,338000,9636000,0.645406925806844,17.0714584495259,25
3498,339000,9636000,0.60548717589244,16.8278722810931,25
3499,340000,9636000,0.534364107374143,17.5223786949247,28
3500,341000,9636000,0.583301146666775,17.4092303402119,29
3501,342000,9636000,0.709867317174977,15.6583937534858,25
3502,343000,9636000,0.688218136908709,16.6004601226994,27
3503,344000,9636000,0.670816790691289,14.728806469604,22
3504,345000,9636000,0.709691280676508,15.1351784718349,22
3505,346000,9636000,0.518131302025318,12.6528165086447,23
3506,347000,9636000,0.606612859280902,8.9664668153932,18
3507,348000,9636000,0.727379021904576,7.61314835471277,17
3508,349000,9636000,0.853786515688695,6.10492191857223,15
3509,350000,9636000,0.742631072528588,6.79622141662019,15
3510,351000,9636000,0.995277002893333,5.24728109313999,13
3511,352000,9636000,1.09467998685335,3.50125488008924,11
3512,353000,9636000,1.06689544544546,3.63218070273285,9
3513,354000,9636000,0.663597391689476,1.03680981595092,9
3514,355000,9636000,0.214108854228531,0.282836029001673,8
3515,356000,9636000,0.73486497743771,1.38538761851645,11
3516,357000,9636000,0.717273031267248,1.32856943669827,12
3517,358000,9636000,0.441920587423243,0.646332961517011,12
3518,359000,9636000,1.07843401181281,4.13294757389849,13
3519,360000,9636000,1.36035041590702,8.71179587283882,29
3520,361000,9636000,0.615180293231693,1.05382041271612,14
3521,362000,9636000,0.874451084208145,2.12249023982153,23
3522,363000,9636000,0.949079650409006,2.82452593418851,23
3523,364000,9636000,0.303597125006771,0.34334913552705,6
3524,365000,9636000,0.0334142247704826,0.0349274958170664,3
3525,366000,9636000,0.494588057201201,0.714933073061907,6
3526,367000,9636000,0.874905386551154,1.80633017289459,8
3527,368000,9636000,0,0,0
3528,369000,9636000,0,0.000697155605131065,1
3529,370000,9636000,0,0,0
3530,371000,9636000,0.0904627279689084,0.0862381483547128,7
3531,372000,9636000,0.0072555700506393,0.00620468488566648,5
3532,373000,9636000,0.0242811750590523,0.0227969882877858,7
3533,374000,9636000,0.599309633336349,0.874233128834356,8
3534,375000,9636000,0.999135202137194,2.86677367576244,8
3535,262000,9637000,0.77866444618837,13.2390817469205,29
3536,263000,9637000,0.329879431877621,22.7291550474066,41
3537,264000,9637000,0.652385223917052,17.4513385387619,34
3538,265000,9637000,0.677905567178023,15.2350808700502,24
3539,266000,9637000,0.689060709619274,16.2172336865588,30
3540,267000,9637000,0.288161027893883,25.4562883435583,37
3541,268000,9637000,0.737502190758266,29.3675404350251,45
3542,269000,9637000,0.945507143969944,25.5145705521472,42
3543,270000,9637000,0.772146166313819,25.9545454545455,38
3544,271000,9637000,0.845932231979648,26.9583798103737,43
3545,272000,9637000,0.89521673802315,25.2612939208031,42
3546,273000,9637000,0.25689745376883,25.9343279419967,36
3547,274000,9637000,0.761243372278798,15.0548661461238,31
3548,275000,9637000,0.435686865220265,12.800543781372,22
3549,276000,9637000,0.181579039035585,11.9086726157278,19
3550,277000,9637000,0.114079505990788,11.1027607361963,19
3551,278000,9637000,0.0870239107835392,10.8482989403235,18
3552,279000,9637000,0.0699997577205621,10.6300195203569,21
3553,280000,9637000,0.14090047461423,10.2826965978806,18
3554,281000,9637000,0.110634097262919,9.90686001115449,17
3555,282000,9637000,0.715710692459358,7.04350250976018,15
3556,283000,9637000,0.514383758613518,8.11844673731177,14
3557,284000,9637000,0.737279435803999,6.85164528722811,15
3558,285000,9637000,0.927402656474219,5.52258784160625,14
3559,286000,9637000,1.09824429169622,3.77237869492471,14
3560,287000,9637000,1.08974263138636,4.33665644171779,14
3561,288000,9637000,1.04706270481588,4.85262130507529,12
3562,289000,9637000,1.08556435502597,3.34843837144451,12
3563,290000,9637000,1.08856420799562,4.53604294478528,17
3564,291000,9637000,1.09310500279501,4.34795036252091,17
3565,292000,9637000,1.00653758004096,2.50571667596207,14
3566,293000,9637000,0.83128097606487,2.3165086447295,18
3567,294000,9637000,0.916883525034403,10.9622141662019,25
3568,295000,9637000,1.26131543467162,7.60945343000558,27
3569,296000,9637000,1.07480430652926,3.55542387060792,15
3570,297000,9637000,1.20990584096309,10.6279977691021,24
3571,298000,9637000,0.723941619523861,15.1093837144451,25
3572,299000,9637000,0.870404101690417,17.0447573898494,34
3573,3e+05,9637000,0.371121768799979,21.4076268823201,36
3574,301000,9637000,0.336355167400805,21.3530395984384,41
3575,302000,9637000,0.36110593291111,21.6590211935304,36
3576,303000,9637000,0.905900914320206,16.94701617401,35
3577,304000,9637000,0.637163046416358,19.6901143335192,36
3578,305000,9637000,0.160786820740237,21.5248187395427,32
3579,306000,9637000,0.298525315690138,23.2139570552147,38
3580,307000,9637000,0.362812154075052,23.4652816508645,38
3581,308000,9637000,0.356924246698387,23.0706915783603,35
3582,309000,9637000,0.678239999281036,19.8416062465142,32
3583,310000,9637000,0.998958566241844,15.6672476296709,34
3584,311000,9637000,0.559023567967279,22.5701338538762,36
3585,312000,9637000,0.636200125309656,21.1374790853318,38
3586,313000,9637000,0.675098700223129,22.3867819297267,37
3587,314000,9637000,0.490596739474926,20.4288204127161,37
3588,315000,9637000,0.32363880257361,21.9381622978249,34
3589,316000,9637000,0.120307694087541,22.6238845510318,34
3590,317000,9637000,0.14249562293118,24.385736196319,34
3591,318000,9637000,0.350980338996474,25.3443251533742,36
3592,319000,9637000,0.151052594367077,24.3197155605131,35
3593,320000,9637000,0.395355090611958,23.6325989960959,35
3594,321000,9637000,0.262554783731945,21.3596625766871,32
3595,322000,9637000,0.0856358862252857,22.0533324037925,31
3596,323000,9637000,0.255809655344926,20.6093139988846,34
3597,324000,9637000,0.513483591249867,21.470928611266,36
3598,325000,9637000,0.632050492238067,27.0987869492471,40
3599,326000,9637000,0.638461249941155,27.9482013385388,39
3600,327000,9637000,0.632186283888516,19.1856525376464,36
3601,328000,9637000,0.693192617438907,15.0992749581707,27
3602,329000,9637000,0.814276918186535,15.8775097601785,33
3603,330000,9637000,0.911845723615898,17.7677774679308,36
3604,331000,9637000,0.547731067118791,19.2983825989961,34
3605,332000,9637000,0.474710273525247,19.6392916899052,34
3606,333000,9637000,0.369960671350519,18.8232013385388,31
3607,334000,9637000,0.249306754858452,19.343349135527,31
3608,335000,9637000,0.524445998811787,19.6393614054657,36
3609,336000,9637000,0.568126620429148,18.0218209704406,34
3610,337000,9637000,0.486505491762639,19.3912437255996,37
3611,338000,9637000,0.555593800896788,17.8984244283324,31
3612,339000,9637000,0.570647809436482,17.6908812046849,33
3613,340000,9637000,0.645812181159211,16.6511433351924,25
3614,341000,9637000,0.779697413212633,15.8717930842164,25
3615,342000,9637000,0.861540630702153,14.9799916341327,30
3616,343000,9637000,0.729556758362418,15.4150167317345,23
3617,344000,9637000,0.650708076410837,14.6220719464584,27
3618,345000,9637000,0.595678434167605,13.7313162297825,23
3619,346000,9637000,0.58628527473989,12.4774121583938,24
3620,347000,9637000,0.643794695420993,8.02893195761294,17
3621,348000,9637000,0.788398835263353,8.27886224205243,21
3622,349000,9637000,0.703969251546687,8.06518404907975,18
3623,350000,9637000,0.774587984485826,7.83735359732292,18
3624,351000,9637000,0.950801443729762,5.97615727830452,14
3625,352000,9637000,1.09786524076684,3.68049358616843,12
3626,353000,9637000,0.946058391750765,2.18899888455103,11
3627,354000,9637000,0.311486781653538,0.347462353597323,8
3628,355000,9637000,0.0988429432494274,0.0892359174567764,8
3629,356000,9637000,0.333520067813982,0.573759063022867,12
3630,357000,9637000,0.593522135342888,1.15776631344116,15
3631,358000,9637000,0.987643803119968,2.66954824316787,16
3632,359000,9637000,0.788758789573166,5.34341885108756,15
3633,360000,9637000,1.07118891717444,7.40121305075293,28
3634,361000,9637000,0.983841015153457,2.45893753485778,23
3635,362000,9637000,1.04521317739599,2.87541829336308,20
3636,363000,9637000,0.394910325966833,0.492191857222532,7
3637,364000,9637000,0.208945936055465,0.237520914668154,6
3638,365000,9637000,0.0315823549003336,0.0387618516452872,3
3639,366000,9637000,0.055218407356777,0.0335331846068042,5
3640,367000,9637000,0.298651892826498,0.318181818181818,7
3641,368000,9637000,0,0.00334634690462911,1
3642,369000,9637000,0.0341272419945001,0.0278165086447295,11
3643,370000,9637000,0.0171157367421217,0.0245398773006135,4
3644,371000,9637000,0.0930458699747279,0.0665783602900167,6
3645,372000,9637000,0.189443269369275,0.179935861684328,10
3646,373000,9637000,0.0319506232484717,0.0230061349693252,5
3647,374000,9637000,0.081034199662211,0.0683909648633575,6
3648,375000,9637000,0.0144670928683237,0.0128410914927769,2
3649,262000,9638000,0.674262537872634,13.8115901455767,28
3650,263000,9638000,0.172722453643576,21.3992610150586,30
3651,264000,9638000,0.462730486716118,18.4261015058561,30
3652,265000,9638000,0.470978838693762,17.5191717791411,25
3653,266000,9638000,0.59377795348888,17.0518683770218,30
3654,267000,9638000,0.588388681602794,21.1220022308979,34
3655,268000,9638000,0.739028640599567,25.7035694366983,41
3656,269000,9638000,1.01638775152699,24.5582124930284,41
3657,270000,9638000,0.943173229482556,23.5061349693252,38
3658,271000,9638000,0.592369546200535,27.2067763524819,43
3659,272000,9638000,0.333503951486595,24.4991634132738,37
3660,273000,9638000,0.605598177057235,20.8745119910764,32
3661,274000,9638000,0.528489030287313,14.0342303402119,31
3662,275000,9638000,0.286154334936702,12.7479782487451,22
3663,276000,9638000,0.252468857197079,11.8578499721138,19
3664,277000,9638000,0.205696449185336,12.1017847183491,19
3665,278000,9638000,0.0549081769412233,11.1243725599554,17
3666,279000,9638000,0.213212407885259,10.7040574456219,22
3667,280000,9638000,0.202350569374408,10.0540992749582,22
3668,281000,9638000,0.389031299178161,9.18788343558282,20
3669,282000,9638000,0.492240971700429,8.33575013943112,25
3670,283000,9638000,0.73444308545181,7.81141940881205,25
3671,284000,9638000,0.563325972574349,7.43955660903514,15
3672,285000,9638000,0.798160132163658,6.45238427216955,15
3673,286000,9638000,0.884701936312972,6.39716954824317,17
3674,287000,9638000,1.0425218119638,5.10450362520915,17
3675,288000,9638000,0.980321273105386,5.42805354155047,14
3676,289000,9638000,1.05030236915881,4.83637757947574,15
3677,290000,9638000,0.972139584994494,4.64284718349136,17
3678,291000,9638000,0.654180454926757,1.06316229782487,11
3679,292000,9638000,1.00684578137238,2.88692136084774,13
3680,293000,9638000,1.0415638399513,3.83107919687674,19
3681,294000,9638000,1.15444619490901,9.50013943112103,25
3682,295000,9638000,1.02714464092873,9.40699944227552,28
3683,296000,9638000,1.14407570662957,6.92177914110429,23
3684,297000,9638000,1.03513960433561,14.7309676519799,29
3685,298000,9638000,0.643058513193451,17.1767289459007,28
3686,299000,9638000,0.738973050864081,18.0367401003904,34
3687,3e+05,9638000,0.348159141510961,22.3876185164529,38
3688,301000,9638000,0.573434121628921,20.6421500278862,37
3689,302000,9638000,0.409962972140921,22.9977691020636,37
3690,303000,9638000,0.413163287875007,22.0837981037368,39
3691,304000,9638000,0.341096306215006,23.0201477969883,40
3692,305000,9638000,0.200058231043044,22.3802286670385,33
3693,306000,9638000,0.447761043736749,25.1247211377579,43
3694,307000,9638000,0.379332407034586,25.494841048522,38
3695,308000,9638000,0.720287004132455,21.0469882877858,37
3696,309000,9638000,0.484954179069666,22.4180145008366,34
3697,310000,9638000,0.861589729353361,15.4115309537089,34
3698,311000,9638000,0.357965054618954,21.3289180145008,34
3699,312000,9638000,0.567321903210836,21.7444924707195,40
3700,313000,9638000,0.725984252256985,25.6995259341885,40
3701,314000,9638000,0.336837271089556,23.4651422197434,37
3702,315000,9638000,0.179337228285488,22.2702175125488,34
3703,316000,9638000,0.160756416073201,22.2045454545455,34
3704,317000,9638000,0.145460094312577,22.7440044617959,34
3705,318000,9638000,0.259683971259165,24.5110847741216,36
3706,319000,9638000,0.153591439551332,24.0900725041829,34
3707,320000,9638000,0.413764181277819,23.5999023982153,37
3708,321000,9638000,0.310246272870991,21.4453430005577,33
3709,322000,9638000,0.143519669581209,22.489542665923,33
3710,323000,9638000,0.421687052663968,22.1567205800335,37
3711,324000,9638000,0.46131809516096,26.3363775794757,40
3712,325000,9638000,0.585952618303551,28.4769938650307,40
3713,326000,9638000,0.468748868234903,27.2889709983268,41
3714,327000,9638000,0.272302739731835,23.0430842163971,41
3715,328000,9638000,0.661918326506061,16.5075989960959,27
3716,329000,9638000,0.675389640714745,13.9208031232571,32
3717,330000,9638000,0.787886378144144,17.7678471834914,34
3718,331000,9638000,0.537340158939383,18.4663970998327,31
3719,332000,9638000,0.585054080565965,18.0085052983826,31
3720,333000,9638000,0.595098077147355,17.1602063580591,26
3721,334000,9638000,0.41533472865938,18.9399051868377,32
3722,335000,9638000,0.627951099620088,17.7656860011154,30
3723,336000,9638000,0.649649319308229,17.3149749023982,28
3724,337000,9638000,0.766298060623473,16.9882180702733,37
3725,338000,9638000,0.694184100518555,17.936419408812,32
3726,339000,9638000,0.669215778395584,18.3089793641941,33
3727,340000,9638000,0.710047765663752,15.8591745677635,27
3728,341000,9638000,0.742295206515963,15.5864472950363,32
3729,342000,9638000,0.721554752123072,15.8074456218628,30
3730,343000,9638000,0.721163508111193,16.1374790853318,28
3731,344000,9638000,0.588639404532336,13.9353736754043,25
3732,345000,9638000,0.368341666340267,13.2019659788065,22
3733,346000,9638000,0.647268612277296,12.5598856664808,27
3734,347000,9638000,0.485914346492409,9.64598438371445,21
3735,348000,9638000,0.512899650258225,9.68823201338539,21
3736,349000,9638000,0.694802826642063,8.44053262688232,20
3737,350000,9638000,0.495802888468848,9.07452593418851,17
3738,351000,9638000,0.888594705033165,6.41034578918014,15
3739,352000,9638000,1.08243066661892,3.49762967094255,14
3740,353000,9638000,0.690821382520183,1.34955382041272,12
3741,354000,9638000,0.289560856189912,0.316996653653095,7
3742,355000,9638000,0.0304716557862012,0.0331846068042387,3
3743,356000,9638000,0.467726257399276,0.74797824874512,11
3744,357000,9638000,0.434360163592776,0.631553262688232,12
3745,358000,9638000,1.06887634439537,3.34502230897936,16
3746,359000,9638000,0.791392043640773,5.71953430005577,16
3747,360000,9638000,0.918641314228347,5.85575850529838,23
3748,361000,9638000,1.28440889214776,5.13713050752928,23
3749,362000,9638000,1.05435908513406,3.12479085331846,19
3750,363000,9638000,0.371609295120371,0.47016174010039,7
3751,364000,9638000,0.536177294021217,0.794408812046849,6
3752,365000,9638000,0.207409898442273,0.15665086447295,5
3753,366000,9638000,0.0114712841999987,0.0101784718349136,4
3754,367000,9638000,0.0105614295341362,0.00815672058003346,4
3755,368000,9638000,0.00312377119133266,0.00167317345231456,5
3756,369000,9638000,0.444139589478081,0.568112102621305,7
3757,370000,9638000,0.177977058642882,0.183212493028444,7
3758,371000,9638000,0.0304627770395503,0.0186140546569994,6
3759,372000,9638000,0.125196854409038,0.108477412158394,7
3760,373000,9638000,0.0743469743530893,0.0637897378694925,7
3761,374000,9638000,0.0960735247056242,0.0945343000557724,10
3762,375000,9638000,0.18028687923182,0.204253611556982,10
3763,262000,9639000,0.685805059481927,12.1181410974244,25
3764,263000,9639000,0.192648033751918,19.4036530953709,25
3765,264000,9639000,0.54006414734221,18.1040156162856,26
3766,265000,9639000,0.698219264908598,14.5285136642499,26
3767,266000,9639000,0.570981515947503,14.2671500278862,22
3768,267000,9639000,0.650873202068328,14.7393335192415,26
3769,268000,9639000,0.583944323816809,14.2443530395984,26
3770,269000,9639000,0.567826187181853,14.1668293363079,24
3771,270000,9639000,0.579758801185901,13.7936419408812,29
3772,271000,9639000,0.854610815548075,18.2359174567764,33
3773,272000,9639000,0.741794031130211,16.9012827663134,33
3774,273000,9639000,0.430606638257255,13.3556887897379,33
3775,274000,9639000,0.375611851650416,13.2585750139431,20
3776,275000,9639000,0.338762375571206,13.074456218628,20
3777,276000,9639000,0.378985513162277,13.1047824874512,20
3778,277000,9639000,0.211284793241346,11.7045454545455,19
3779,278000,9639000,0.17826527424003,11.2609453430006,19
3780,279000,9639000,0.337624228207712,10.43614054657,22
3781,280000,9639000,0.254719756986251,10.9306330172895,22
3782,281000,9639000,0.117541071246319,9.97671500278862,19
3783,282000,9639000,0.461698523614765,8.78799498047964,19
3784,283000,9639000,0.683365354947817,7.76938092582264,18
3785,284000,9639000,0.606781099150134,7.59111823759063,19
3786,285000,9639000,0.730153961726373,7.07780256553263,16
3787,286000,9639000,0.573479148640222,7.40595370886782,17
3788,287000,9639000,0.576106762425945,7.91473786949247,19
3789,288000,9639000,0.936744935989788,6.81448689347462,19
3790,289000,9639000,1.06242106467648,3.95140825432236,18
3791,290000,9639000,0.752623473321528,1.58149749023982,14
3792,291000,9639000,0.998306016541614,2.51924149470162,13
3793,292000,9639000,1.06101725937732,4.82145844952593,19
3794,293000,9639000,0.934301104873973,2.60422476296709,21
3795,294000,9639000,0.941145540220889,8.91243725599554,23
3796,295000,9639000,0.865520793617127,14.1776352481874,30
3797,296000,9639000,0.744113312557695,15.9909369771333,26
3798,297000,9639000,0.501686298284285,17.9192693809258,28
3799,298000,9639000,0.62663455106004,17.0013943112103,28
3800,299000,9639000,0.636856783325382,17.5857501394311,33
3801,3e+05,9639000,0.239039956454883,22.0656720580033,36
3802,301000,9639000,0.360787385603377,20.2329894032348,33
3803,302000,9639000,0.546108647695377,24.0415504740658,38
3804,303000,9639000,0.512055010772921,21.4825013943112,35
3805,304000,9639000,0.361791266739773,22.4985359732292,37
3806,305000,9639000,0.423213204151213,22.5513106525376,40
3807,306000,9639000,0.446370029127851,22.7116564417178,38
3808,307000,9639000,0.497302369642875,21.7196040156163,38
3809,308000,9639000,0.590136609321054,19.8720719464585,37
3810,309000,9639000,0.616272293159993,19.5489403234802,36
3811,310000,9639000,1.05748141154328,13.8894311210262,31
3812,311000,9639000,0.549920136724591,21.3282905744562,35
3813,312000,9639000,0.313062850038949,22.7071249302844,38
3814,313000,9639000,0.60140273468879,23.7237869492471,38
3815,314000,9639000,0.347333578210323,22.039807585053,37
3816,315000,9639000,0.39603617833303,23.9346068042387,37
3817,316000,9639000,0.560536821340562,24.5048800892359,44
3818,317000,9639000,0.286429861485723,22.8360987172337,36
3819,318000,9639000,0.147358127949158,23.6048522030117,35
3820,319000,9639000,0.175488556680628,24.1081985499163,35
3821,320000,9639000,0.295852314762787,22.6588817624094,35
3822,321000,9639000,0.267537215005352,22.1590211935304,34
3823,322000,9639000,0.260299554111547,23.1323201338539,38
3824,323000,9639000,0.633825202065052,28.1850250976018,42
3825,324000,9639000,0.669791685340686,32.5477551589515,48
3826,325000,9639000,0.626496846278684,31.6580451756832,44
3827,326000,9639000,0.684161805738882,30.8726993865031,40
3828,327000,9639000,0.524454697965525,26.9722532069158,39
3829,328000,9639000,0.718721714746047,18.1162855549359,34
3830,329000,9639000,0.672878987008305,14.8227830451757,27
3831,330000,9639000,0.64804261902718,19.3232710540993,34
3832,331000,9639000,0.663737992312274,17.4050474065812,33
3833,332000,9639000,0.703646362894536,16.5181260457334,28
3834,333000,9639000,0.663592426435479,16.6662018962632,26
3835,334000,9639000,0.6660106914367,17.2550195203569,28
3836,335000,9639000,0.670294697895001,17.3542944785276,31
3837,336000,9639000,0.644700012928691,17.4468070273285,31
3838,337000,9639000,0.718412149796384,15.632877858338,32
3839,338000,9639000,0.747397134308108,17.3306609035137,34
3840,339000,9639000,0.72256928988583,16.7898773006135,32
3841,340000,9639000,0.697134490645096,15.5581427774679,30
3842,341000,9639000,0.604680783772229,14.3411879531511,27
3843,342000,9639000,0.488294326177298,13.9021890686001,25
3844,343000,9639000,0.719319262605945,16.3467651979922,28
3845,344000,9639000,0.534172467404231,13.1975041829336,22
3846,345000,9639000,0.497527222177569,13.4438789737869,22
3847,346000,9639000,0.529198949014179,13.4965142219743,23
3848,347000,9639000,0.371061069058631,10.0736196319018,19
3849,348000,9639000,0.362162171604234,9.88050752928054,18
3850,349000,9639000,0.429920214182271,9.10994143892917,20
3851,350000,9639000,0.643752134686736,7.91975738984941,17
3852,351000,9639000,0.986488861600728,5.93802286670385,15
3853,352000,9639000,1.09844628055182,4.03792526491913,13
3854,353000,9639000,1.04227738349936,3.56351087562744,13
3855,354000,9639000,0.24212022346438,0.285415504740658,10
3856,355000,9639000,0.0637290142539793,0.0593279419966537,5
3857,356000,9639000,0.0945624364457469,0.18446737311768,10
3858,357000,9639000,0.293730013941653,0.48047964305633,10
3859,358000,9639000,0.74448995232621,1.47727272727273,12
3860,359000,9639000,1.02393880387325,5.33637757947574,15
3861,360000,9639000,1.06905831380185,6.35492191857223,30
3862,361000,9639000,1.23002953974371,5.06846068042387,30
3863,362000,9639000,0.99509403202125,2.5345789180145,16
3864,363000,9639000,0.930871108593157,2.17163970998327,12
3865,364000,9639000,0.437040724798578,0.509481316229782,7
3866,365000,9639000,0.176976029463564,0.142428890128277,5
3867,366000,9639000,0.035876867876924,0.0273284997211378,8
3868,367000,9639000,0.053336374710291,0.040574456218628,8
3869,368000,9639000,0.0114712841999987,0.00815672058003346,5
3870,369000,9639000,0.189704675566261,0.18335192414947,6
3871,370000,9639000,0,0.00230061349693252,1
3872,371000,9639000,0.101546325849219,0.08505298382599,6
3873,372000,9639000,0.0145622287509984,0.0105967651979922,5
3874,373000,9639000,0.0902141338346933,0.0838678192972672,8
3875,374000,9639000,0.20579923963006,0.233407696597881,9
3876,375000,9639000,0.110522800282047,0.0922953451043339,5
3877,262000,9640000,1.01024832247684,9.77015677491601,21
3878,263000,9640000,0.728129212233494,14.0974623535973,24
3879,264000,9640000,0.616871633526136,14.6552565532627,24
3880,265000,9640000,0.219215664462895,11.3142777467931,21
3881,266000,9640000,0.512336641205489,13.4874511991076,21
3882,267000,9640000,0.541488481561776,14.0384829894032,26
3883,268000,9640000,0.469353696945048,13.2826268823201,20
3884,269000,9640000,0.426460417315741,13.2582264361405,23
3885,270000,9640000,0.755212695144898,13.050683212493,22
3886,271000,9640000,0.507489904714054,13.0421779141104,22
3887,272000,9640000,0.357852192297914,12.8852481873954,25
3888,273000,9640000,0.300989621294855,12.6800752928054,20
3889,274000,9640000,0.528763210080489,13.7066369213608,21
3890,275000,9640000,0.611575709283994,14.0412716118238,21
3891,276000,9640000,0.548837947812041,13.6764500836587,22
3892,277000,9640000,0.549578517576942,13.5811489124373,24
3893,278000,9640000,0.323841939342752,10.8784160624651,21
3894,279000,9640000,0.166187119531345,10.9005158951478,22
3895,280000,9640000,0.16580619076583,10.9125069715561,22
3896,281000,9640000,0.167108891838379,9.49491076408254,16
3897,282000,9640000,0.293845288898446,9.31762409369771,16
3898,283000,9640000,0.419056794155794,8.72720301171221,18
3899,284000,9640000,0.341629516123296,8.98647518126046,19
3900,285000,9640000,0.123328313503515,9.04371165644172,16
3901,286000,9640000,0.320570523466101,8.59069994422755,18
3902,287000,9640000,0.809649910084709,7.3962632459565,20
3903,288000,9640000,1.05677755876522,4.7696597880647,16
3904,289000,9640000,1.10604869041973,4.20607919687674,17
3905,290000,9640000,1.08463735303479,4.61252091466815,15
3906,291000,9640000,0.791408254111567,6.27844394868935,17
3907,292000,9640000,1.14912800598607,6.81455660903514,27
3908,293000,9640000,1.06457957046763,11.5807306190742,27
3909,294000,9640000,0.968595543934306,14.5917456776352,31
3910,295000,9640000,0.736102801500073,15.8994004461796,30
3911,296000,9640000,0.648125102032138,17.180981595092,25
3912,297000,9640000,0.717465156817121,16.2683351924149,25
3913,298000,9640000,0.708266374153375,16.6157975460123,28
3914,299000,9640000,0.578467637975485,18.0698549916341,31
3915,3e+05,9640000,0.271807180870009,20.5480340211935,32
3916,301000,9640000,0.590706502668012,19.6072922476297,39
3917,302000,9640000,0.715876913968771,22.8374233128834,41
3918,303000,9640000,0.461856302769647,22.4407417735639,36
3919,304000,9640000,0.591051380454493,20.9465281650864,38
3920,305000,9640000,0.724126188595499,21.0382738427217,40
3921,306000,9640000,0.488662487772803,23.7175125488009,40
3922,307000,9640000,0.376668451123095,22.4765058561071,35
3923,308000,9640000,0.445653577128403,21.2444924707195,34
3924,309000,9640000,0.438429443494267,24.1684327941997,38
3925,310000,9640000,0.611860836297507,19.8305214723926,35
3926,311000,9640000,0.402552169582447,22.3052147239264,36
3927,312000,9640000,0.554282576536443,23.6260457334077,39
3928,313000,9640000,0.825581072123304,24.0343000557724,39
3929,314000,9640000,0.870562091051648,23.9957473508087,38
3930,315000,9640000,0.47707135085621,23.6194924707195,37
3931,316000,9640000,0.660581131702141,25.4809676519799,45
3932,317000,9640000,0.375297218621997,21.6789598438371,36
3933,318000,9640000,0.37526820263511,23.1986196319018,35
3934,319000,9640000,0.674083414283402,19.1425683212493,38
3935,320000,9640000,0.540368620392392,19.9605409927496,38
3936,321000,9640000,0.295008624379062,21.3647518126046,36
3937,322000,9640000,0.310824115244591,22.5256553262688,40
3938,323000,9640000,0.721763966224921,30.2328499721138,41
3939,324000,9640000,0.574767917646163,32.8308003346347,44
3940,325000,9640000,0.405701872353021,33.24728109314,42
3941,326000,9640000,0.492889795892668,32.9265197992192,41
3942,327000,9640000,0.690980038555132,30.1345510317903,38
3943,328000,9640000,0.595536159887994,26.1986893474624,38
3944,329000,9640000,0.584660825958575,19.3211098717234,32
3945,330000,9640000,0.578345885709267,20.2186977133296,33
3946,331000,9640000,0.673555052219584,17.7152816508645,32
3947,332000,9640000,0.717585235263713,15.8702593418851,30
3948,333000,9640000,0.712507268970892,15.8533184606804,30
3949,334000,9640000,0.722323133530703,15.8434885666481,30
3950,335000,9640000,0.640138121550542,17.6571388733965,31
3951,336000,9640000,0.785514472948771,15.9713469046291,32
3952,337000,9640000,0.754729560447863,15.8062604573341,29
3953,338000,9640000,0.705156195350311,16.7095649749024,31
3954,339000,9640000,0.750129694939494,16.2268544339096,32
3955,340000,9640000,0.696314974282274,15.5326268823201,29
3956,341000,9640000,0.68542350783334,16.6980619074177,28
3957,342000,9640000,0.712673387161287,17.0828220858896,33
3958,343000,9640000,0.743581731413895,17.1659230340212,33
3959,344000,9640000,0.450744235509949,13.4459704406023,22
3960,345000,9640000,0.741129477437781,14.2257389849414,25
3961,346000,9640000,0.523785388211589,13.5473368655884,23
3962,347000,9640000,0.2339164257093,11.4261712214166,19
3963,348000,9640000,0.328818900984749,10.8981455660904,19
3964,349000,9640000,0.491208958465705,9.0649051868377,18
3965,350000,9640000,0.657279381426651,8.39933073061907,18
3966,351000,9640000,0.853480841434799,7.05186837702175,16
3967,352000,9640000,1.02902761619945,5.52495817066369,15
3968,353000,9640000,1.09339372768592,3.85603736754044,13
3969,354000,9640000,0.641246458169807,1.05382041271612,12
3970,355000,9640000,0.106044244887252,0.103597322922476,6
3971,356000,9640000,0.229110660821804,0.319645844952593,7
3972,357000,9640000,0.419023218883766,0.723229224762967,11
3973,358000,9640000,0.423341770652646,0.692972671500279,10
3974,359000,9640000,0.711687427127734,1.33735359732292,14
3975,360000,9640000,1.22572640778375,6.44527328499721,30
3976,361000,9640000,1.15489559388077,6.80493586168433,30
3977,362000,9640000,0.854426627707482,4.01087562744004,19
3978,363000,9640000,0.915167497079088,2.03499721137758,12
3979,364000,9640000,0.0707183067559517,0.0480340211935304,6
3980,365000,9640000,0,0,0
3981,366000,9640000,0.035876867876924,0.0306748466257669,8
3982,367000,9640000,0.0547544713706833,0.0416899051868377,8
3983,368000,9640000,0.00676444112278765,0.00488008923591746,2
3984,369000,9640000,0.0072555700506393,0.00341606246514222,4
3985,370000,9640000,0,0.00237032905744562,1
3986,371000,9640000,0.00256125298663735,0.00278862242052426,2
3987,372000,9640000,0,0,0
3988,373000,9640000,0.10427685366408,0.10143614054657,11
3989,374000,9640000,0.22690618039343,0.267916899051868,11
3990,375000,9640000,0.042810304607805,0.0947030497592295,3
3991,262000,9641000,0.658710873581293,6.39137737961926,14
3992,263000,9641000,0.494964785711642,12.8917317345231,20
3993,264000,9641000,0.321087703087065,11.5538901282766,18
3994,265000,9641000,0.102220019368476,8.78534578918014,17
3995,266000,9641000,0.200166089195202,10.742122141662,19
3996,267000,9641000,0.308889174256959,12.5757808142777,20
3997,268000,9641000,0.250958440260096,12.234244283324,19
3998,269000,9641000,0.254194986456476,12.4636781929727,18
3999,270000,9641000,0.56216629308115,11.9678611266035,19
4000,271000,9641000,0.384387223204365,12.3205521472393,19
4001,272000,9641000,0.437781104917695,13.1256971556051,21
4002,273000,9641000,0.469024263745171,13.186419408812,21
4003,274000,9641000,0.66200552528632,14.297824874512,22
4004,275000,9641000,0.687549864975616,14.8797406581149,23
4005,276000,9641000,0.609824513040364,13.9562186279978,22
4006,277000,9641000,0.535420331164066,11.4976993865031,22
4007,278000,9641000,0.81991117577927,9.19241494701617,25
4008,279000,9641000,0.286897768165928,11.7023842721695,21
4009,280000,9641000,0.221173984349428,10.6747071946458,20
4010,281000,9641000,0.442251591337374,9.21430563301729,18
4011,282000,9641000,0.281232268530472,9.4281929726715,16
4012,283000,9641000,0.249549935433744,9.8202035694367,18
4013,284000,9641000,0.267136377395848,9.93160903513664,17
4014,285000,9641000,0.626480990721891,8.10129670942554,18
4015,286000,9641000,0.610163686616123,7.41313441160067,16
4016,287000,9641000,0.962122094497636,6.34195482431679,19
4017,288000,9641000,1.00534151433983,6.57348020078081,19
4018,289000,9641000,0.758285638419073,8.1590211935304,17
4019,290000,9641000,1.08860140409756,4.99972113775795,17
4020,291000,9641000,0.92537824963192,6.61844673731177,18
4021,292000,9641000,0.769400242928889,13.4217791411043,28
4022,293000,9641000,0.565640079080179,18.0888873396542,28
4023,294000,9641000,0.530819585922451,18.5439208031233,29
4024,295000,9641000,0.564158419813002,17.5913273842722,28
4025,296000,9641000,0.498498641764951,17.8847601784718,25
4026,297000,9641000,0.749220393930306,15.912228109314,28
4027,298000,9641000,0.824585723132635,15.1971556051311,24
4028,299000,9641000,0.684374639052936,16.8561070831009,28
4029,3e+05,9641000,0.457076872237934,22.0950920245399,39
4030,301000,9641000,0.49576247671839,19.93614054657,37
4031,302000,9641000,0.46587400651258,23.619701617401,39
4032,303000,9641000,0.323394051866424,22.7487451199108,35
4033,304000,9641000,0.570639340473534,21.1769380925823,38
4034,305000,9641000,0.893542024240776,19.1961098717234,37
4035,306000,9641000,0.763188593027564,18.7773982152817,37
4036,307000,9641000,0.364132098052693,23.2648494143893,35
4037,308000,9641000,0.293465033498469,21.4056748466258,34
4038,309000,9641000,0.357433250269899,22.4871723368656,37
4039,310000,9641000,0.320570920985635,22.7485359732292,36
4040,311000,9641000,0.288107186944305,23.9577523703291,35
4041,312000,9641000,0.346378743208799,24.630298382599,39
4042,313000,9641000,0.663879476365147,26.1216536530954,39
4043,314000,9641000,0.737562966469656,23.1389431121026,37
4044,315000,9641000,0.491863434939446,24.8372141662019,39
4045,316000,9641000,0.30209745114983,24.9386503067485,36
4046,317000,9641000,0.435946253533441,21.0893753485778,35
4047,318000,9641000,0.570492916118346,19.3793920803123,33
4048,319000,9641000,0.940025349443787,19.5783602900167,38
4049,320000,9641000,0.738676993714235,20.9885666480758,40
4050,321000,9641000,0.749017734029289,21.2941996653653,40
4051,322000,9641000,0.701132877612069,28.8020078081428,43
4052,323000,9641000,0.341406829665447,34.2444924707195,43
4053,324000,9641000,0.281058627473998,34.6966675962075,41
4054,325000,9641000,0.0606154720296393,36.2434467373118,44
4055,326000,9641000,0.495453421326425,33.4298661461238,44
4056,327000,9641000,0.662762086970773,31.3895705521472,40
4057,328000,9641000,0.69261937044953,30.4516174010039,40
4058,329000,9641000,0.550713210744972,26.975948131623,39
4059,330000,9641000,0.719104044025531,23.4927495817066,38
4060,331000,9641000,0.782532763165292,18.5375069715561,38
4061,332000,9641000,0.68218772950197,16.3664947016174,26
4062,333000,9641000,0.474694858565847,12.5760596765198,26
4063,334000,9641000,0.781910613165448,17.1823759063023,36
4064,335000,9641000,0.834518736008356,20.9581009481316,36
4065,336000,9641000,0.491162400750629,22.4629810373675,36
4066,337000,9641000,0.671008088006995,18.6153792526492,34
4067,338000,9641000,0.604422487154647,19.2628276631344,32
4068,339000,9641000,0.559653807180114,17.8022169548243,30
4069,340000,9641000,0.586362451742663,17.6849553820413,29
4070,341000,9641000,0.575173007448712,18.8521332961517,33
4071,342000,9641000,0.708565269364264,16.11956218628,31
4072,343000,9641000,0.710809527168901,15.7199525934189,28
4073,344000,9641000,0.621387535476437,14.4629810373675,28
4074,345000,9641000,0.701373794319241,14.5641383156721,22
4075,346000,9641000,0.486302465407194,13.5301868377022,20
4076,347000,9641000,0.361900273535533,12.6399888455103,21
4077,348000,9641000,0.317694477913198,11.1246514221974,20
4078,349000,9641000,0.445355663063008,10.0068321249303,20
4079,350000,9641000,0.817310985364481,7.82536252091467,18
4080,351000,9641000,0.867494423538906,7.04942833240379,16
4081,352000,9641000,0.915180143107159,6.52865309537089,16
4082,353000,9641000,1.0390167064618,2.94192693809258,13
4083,354000,9641000,0.59548712491113,1.06183770217513,12
4084,355000,9641000,0.29188410161802,0.429796430563302,8
4085,356000,9641000,0.400395051452363,0.682515337423313,13
4086,357000,9641000,0.513485836966265,0.948201338538762,11
4087,358000,9641000,0.540929587472806,0.964863357501394,13
4088,359000,9641000,0.938444385900887,2.1526770775237,13
4089,360000,9641000,1.17773939246687,5.63964026770775,26
4090,361000,9641000,0.951625038667824,6.51429168990519,28
4091,362000,9641000,1.06794009306157,5.25237032905745,23
4092,363000,9641000,0.986028802358433,2.76031790295594,10
4093,364000,9641000,0.555218901556919,1.05549358616843,14
4094,365000,9641000,0.274020128091192,0.352900167317345,14
4095,366000,9641000,0,0,0
4096,367000,9641000,0,0,0
4097,368000,9641000,0.0488695274165681,0.0309537088678193,6
4098,369000,9641000,0.00869820452992111,0.00341606246514222,2
4099,370000,9641000,0,0.000139431121026213,1
4100,371000,9641000,0.0871799314028488,0.0842861126603458,10
4101,372000,9641000,0.0577434136420537,0.0594673731176799,9
4102,373000,9641000,0.116733196052804,0.129461795872839,10
4103,374000,9641000,0.119643721623193,0.133575013943112,7
4104,375000,9641000,0.13037016494531,0.12239165329053,6
4105,262000,9642000,0.794939041055046,5.18337066069429,13
4106,263000,9642000,0.773480561400407,12.5540295593977,21
4107,264000,9642000,0.773938440973008,8.98773006134969,20
4108,265000,9642000,0.298017428523413,7.06525376464027,15
4109,266000,9642000,0.852553397215834,6.648912437256,19
4110,267000,9642000,0.965455151677964,7.19269380925823,18
4111,268000,9642000,0.37184835851231,11.0709007250418,17
4112,269000,9642000,0.308931759330021,13.1139152258784,18
4113,270000,9642000,0.334804811288637,13.0252370329057,18
4114,271000,9642000,0.299908307460024,12.7612939208031,19
4115,272000,9642000,0.571962018979587,12.2894590072504,20
4116,273000,9642000,0.578395477610472,11.8815532626882,22
4117,274000,9642000,0.559072692991898,13.2665923034021,22
4118,275000,9642000,0.683576619518912,14.3511572783045,24
4119,276000,9642000,0.69800039997079,13.1527467930842,26
4120,277000,9642000,0.478978892000912,10.3872699386503,23
4121,278000,9642000,0.349307662341323,11.3803680981595,18
4122,279000,9642000,0.128405228403555,11.0816369213608,18
4123,280000,9642000,0.316334316234557,11.1981316229782,25
4124,281000,9642000,0.641738593157856,9.68593139988845,31
4125,282000,9642000,0.18004310837419,9.80145008365867,18
4126,283000,9642000,0.453777462432132,9.37262967094255,17
4127,284000,9642000,0.533477757049847,8.35687395426659,16
4128,285000,9642000,0.51084528470379,7.83198549916341,17
4129,286000,9642000,0.588728364031082,7.95231455660903,17
4130,287000,9642000,0.672961917832391,9.55995538204127,21
4131,288000,9642000,0.528672101456599,10.7384969325153,19
4132,289000,9642000,0.594251653827357,9.9510596765198,21
4133,290000,9642000,0.978684189912958,7.9478527607362,21
4134,291000,9642000,0.961516200392351,6.6282069157836,18
4135,292000,9642000,0.548898682218444,11.1487032905745,21
4136,293000,9642000,0.759300248794721,16.2325013943112,29
4137,294000,9642000,0.551724381850817,17.773773006135,28
4138,295000,9642000,0.626511905409864,17.5563301728946,29
4139,296000,9642000,0.55016259125749,18.2461656441718,29
4140,297000,9642000,0.738836852734127,15.641174010039,27
4141,298000,9642000,0.744736861688994,15.5928611266035,25
4142,299000,9642000,0.660922454339947,16.8752091466815,30
4143,3e+05,9642000,0.552485774349385,20.3137897378695,36
4144,301000,9642000,0.379481947347106,20.7430284439487,40
4145,302000,9642000,0.310295488883233,22.7461656441718,40
4146,303000,9642000,0.35697454219053,22.7053123257111,40
4147,304000,9642000,0.510011562878482,21.2222532069158,37
4148,305000,9642000,0.77568353186267,16.5172894590073,33
4149,306000,9642000,0.479358231498758,21.4997908533185,37
4150,307000,9642000,0.370450300891058,22.917805354155,36
4151,308000,9642000,0.42379069540793,22.0922336865588,37
4152,309000,9642000,0.294962213160365,24.6078499721138,39
4153,310000,9642000,0.443989254645188,23.0161042944785,38
4154,311000,9642000,0.471182554598859,22.9669548243168,41
4155,312000,9642000,0.545397326955775,24.3954963747909,38
4156,313000,9642000,0.862483793908447,25.6061767986615,41
4157,314000,9642000,0.638259771236525,22.3792526491913,41
4158,315000,9642000,0.402176006688402,22.0920245398773,35
4159,316000,9642000,0.636944450063382,23.1436837702175,41
4160,317000,9642000,0.891229569743588,23.6521193530396,44
4161,318000,9642000,1.03839329135116,24.3501812604573,43
4162,319000,9642000,0.772323716370194,24.6663413273843,42
4163,320000,9642000,0.706334204203281,30.0657417735639,42
4164,321000,9642000,0.713856535142225,31.4754601226994,42
4165,322000,9642000,0.385353206223942,33.9950501952036,43
4166,323000,9642000,0.325021696773668,34.2542526491913,43
4167,324000,9642000,0.394557884744644,34.1488427216955,43
4168,325000,9642000,0.142574701072614,36.1452175125488,43
4169,326000,9642000,0.311326813313106,33.9088817624094,42
4170,327000,9642000,0.58765444754733,31.9347462353597,39
4171,328000,9642000,0.677930089049126,30.9699525934188,38
4172,329000,9642000,0.645155852366313,31.5740379252649,41
4173,330000,9642000,0.71357052523972,28.3126742889013,38
4174,331000,9642000,0.64603381490236,25.8716536530954,38
4175,332000,9642000,0.672035356862985,22.1757529280535,35
4176,333000,9642000,0.891965990707315,21.5221695482432,37
4177,334000,9642000,0.931856927387644,26.0947434467373,37
4178,335000,9642000,0.725201660675921,28.4777607361963,37
4179,336000,9642000,0.661882910944394,29.6238845510318,38
4180,337000,9642000,0.396372218309608,27.2671500278862,36
4181,338000,9642000,0.167997318442455,25.3808561070831,35
4182,339000,9642000,0.176976029463564,24.5937674288901,35
4183,340000,9642000,0.423964687344514,20.2149330730619,29
4184,341000,9642000,0.70496720636113,15.9353736754043,28
4185,342000,9642000,0.658382032663469,13.7605270496375,30
4186,343000,9642000,0.689098022661048,15.228527607362,29
4187,344000,9642000,0.644659706044315,14.5938371444506,28
4188,345000,9642000,0.568471295152547,13.8030535415505,22
4189,346000,9642000,0.609727464947976,14.24456218628,23
4190,347000,9642000,0.586607696670675,13.7013385387619,24
4191,348000,9642000,0.369886896339503,12.6988287785834,20
4192,349000,9642000,0.443186218596902,10.680981595092,20
4193,350000,9642000,0.675648199182638,8.35401561628555,17
4194,351000,9642000,1.01379424048286,6.10924428332404,18
4195,352000,9642000,1.08268377132824,4.23215281650864,16
4196,353000,9642000,0.967662043167992,2.50829615170106,13
4197,354000,9642000,0.991585036854488,2.48556887897379,14
4198,355000,9642000,0.749586633414256,1.5,13
4199,356000,9642000,0.628348169102279,1.10736196319018,13
4200,357000,9642000,0.522671960112142,0.987799776910206,11
4201,358000,9642000,0.897110741809307,2.08149749023982,13
4202,359000,9642000,1.05850353024472,3.95336029001673,13
4203,360000,9642000,1.27020137143201,5.91167038482989,26
4204,361000,9642000,1.08985281558171,3.18586168432794,26
4205,362000,9642000,1.18521886655504,4.04301450083659,28
4206,363000,9642000,0.782873356427533,3.96486335750139,17
4207,364000,9642000,0.861302845453107,1.86761015058561,14
4208,365000,9642000,0.500995418608277,0.812674288901283,14
4209,366000,9642000,0.0149933975956767,0.0100390407138873,3
4210,367000,9642000,0.0527904109605859,0.0380646960401562,7
4211,368000,9642000,0.00525389974000501,0.00257947573898494,2
4212,369000,9642000,0,0,0
4213,370000,9642000,0,0.000278862242052426,1
4214,371000,9642000,0.111869705220588,0.111963190184049,10
4215,372000,9642000,0.0641524312199704,0.052356385945343,9
4216,373000,9642000,0.0388102045173622,0.0441996653653095,6
4217,374000,9642000,0.0110180198229499,0.0220998326826548,2
4218,375000,9642000,0.0119321725855757,0.0232744783306581,2
4219,262000,9643000,0.797831411085849,6.28135498320269,15
4220,263000,9643000,0.757912331395556,9.91794478527607,21
4221,264000,9643000,0.968930489328399,7.38608477412158,20
4222,265000,9643000,0.727484044150523,5.84906581148912,12
4223,266000,9643000,1.00177044917861,4.59383714445064,13
4224,267000,9643000,0.8623926411719,3.18000557724484,12
4225,268000,9643000,0.8192711077733,9.28771611823759,18
4226,269000,9643000,0.225250341002851,12.5865170105968,18
4227,270000,9643000,0.259143119434639,12.5248884551032,18
4228,271000,9643000,0.25345792148848,11.7247629670943,18
4229,272000,9643000,0.514254941311486,10.8190881204685,23
4230,273000,9643000,0.764514440761222,11.6423591745678,31
4231,274000,9643000,0.591530485736241,11.0663692136085,22
4232,275000,9643000,0.740147158011154,12.2663831567206,27
4233,276000,9643000,0.513525495665275,11.867261572783,27
4234,277000,9643000,0.288790693047658,11.4065114333519,19
4235,278000,9643000,0.378817580479471,11.0518683770218,18
4236,279000,9643000,0.312614809786436,11.8322643614055,20
4237,280000,9643000,0.550984419865581,11.0914668153932,28
4238,281000,9643000,0.472121906716081,10.3699804796431,31
4239,282000,9643000,0.113543343364898,10.2962214166202,18
4240,283000,9643000,0.693197466169976,7.66919966536531,19
4241,284000,9643000,0.907508217841079,5.82431678750697,16
4242,285000,9643000,0.86004025836142,6.38908254322365,15
4243,286000,9643000,0.938975026655039,6.36070831009481,15
4244,287000,9643000,0.946475990908989,10.2880646960402,24
4245,288000,9643000,0.745186186103535,10.8581288343558,23
4246,289000,9643000,0.794650928553186,11.0330451756832,23
4247,290000,9643000,0.796899793370812,13.7934327941997,25
4248,291000,9643000,0.84392370148003,14.0236335750139,25
4249,292000,9643000,0.685175817513403,17.4242889012828,31
4250,293000,9643000,0.628763611457064,18.5328360290017,34
4251,294000,9643000,0.45158373832484,18.8766731734523,29
4252,295000,9643000,0.652932171656213,17.1717791411043,29
4253,296000,9643000,0.742012215846765,16.1111266034579,28
4254,297000,9643000,0.738502171682014,15.9618655883993,26
4255,298000,9643000,0.58090827738057,17.4776213050753,31
4256,299000,9643000,0.519753714934434,19.1431957612939,34
4257,3e+05,9643000,0.277333410612866,22.0932794199665,36
4258,301000,9643000,0.336141873056671,21.8233407696598,35
4259,302000,9643000,0.403113136091123,21.1908114891244,36
4260,303000,9643000,0.433806905763732,19.9003764640268,36
4261,304000,9643000,0.62884724239909,22.9486196319018,37
4262,305000,9643000,0.734475392541933,21.6401979921919,39
4263,306000,9643000,0.308553071108251,23.25271890686,37
4264,307000,9643000,0.70872591561925,18.8632180702733,36
4265,308000,9643000,0.779770330303559,18.7130507529281,34
4266,309000,9643000,0.46811669165149,23.3131622978249,39
4267,310000,9643000,0.590164935522469,23.2032905744562,39
4268,311000,9643000,0.792435034176164,21.9051868377022,38
4269,312000,9643000,0.824144755998303,20.252858337981,38
4270,313000,9643000,0.847402423715578,21.462911321807,41
4271,314000,9643000,0.80891666331289,18.5410624651422,37
4272,315000,9643000,0.761340620166182,21.7108895705521,41
4273,316000,9643000,0.863062522533209,29.2201617401004,44
4274,317000,9643000,0.730662121718372,30.5605131065254,44
4275,318000,9643000,0.567411558432549,33.066438929169,44
4276,319000,9643000,0.5817032922136,33.5992749581707,45
4277,320000,9643000,0.47299284012506,33.9259620747351,47
4278,321000,9643000,0.183205795855704,35.6972950362521,47
4279,322000,9643000,0.267469029254735,34.5418990518684,43
4280,323000,9643000,0.125578389363051,35.2117261572783,44
4281,324000,9643000,0.237270229249992,36.3382598996096,47
4282,325000,9643000,0.260424091857875,35.3981455660903,46
4283,326000,9643000,0.15538678554909,34.0992052426102,42
4284,327000,9643000,0.457047220392807,32.8096068042387,42
4285,328000,9643000,0.684588420966295,30.8278025655326,40
4286,329000,9643000,0.650022777352188,31.4085331846068,40
4287,330000,9643000,0.692898314634375,30.2566926938093,38
4288,331000,9643000,0.679388049682222,30.9850808700502,37
4289,332000,9643000,0.561875135631308,28.9649330730619,35
4290,333000,9643000,0.66444779106957,30.9826408254322,40
4291,334000,9643000,0.687387779447841,30.7345928611266,38
4292,335000,9643000,0.571561143261818,29.0891662018963,37
4293,336000,9643000,0.65894529080354,29.6786112660346,39
4294,337000,9643000,0.538422445677199,28.7868795315114,36
4295,338000,9643000,0.516026969047228,27.6883714445064,35
4296,339000,9643000,0.29473302345542,26.5752928053542,38
4297,340000,9643000,0.406436536249891,23.5583519241495,33
4298,341000,9643000,0.568884144893705,12.9419966536531,28
4299,342000,9643000,0.820111077875521,16.1289040713887,34
4300,343000,9643000,0.70866616178504,15.0628137200223,25
4301,344000,9643000,0.727543331073683,15.8501812604573,27
4302,345000,9643000,0.750850657585279,15.6005995538204,27
4303,346000,9643000,0.707773106646543,15.6401979921919,23
4304,347000,9643000,0.579601426960698,14.0329754601227,21
4305,348000,9643000,0.379013596014084,12.1559537088678,19
4306,349000,9643000,0.396737144077669,9.92052426101506,17
4307,350000,9643000,0.545184442231065,9.07069157836029,17
4308,351000,9643000,1.0748177263287,5.0281650864473,16
4309,352000,9643000,0.995335071395701,3.71793084216397,14
4310,353000,9643000,1.08029404702891,3.65323480200781,17
4311,354000,9643000,1.17132824398331,4.79419966536531,18
4312,355000,9643000,0.810398928478685,2.30458728388176,16
4313,356000,9643000,0.518792622689827,0.835262130507529,10
4314,357000,9643000,0.816514275887856,1.79475738984941,11
4315,358000,9643000,0.668429013543402,1.19032348020078,8
4316,359000,9643000,1.16955578058991,3.63754880089236,24
4317,360000,9643000,1.26957958752839,6.16557445621863,28
4318,361000,9643000,0.996222933392276,2.59376742889013,19
4319,362000,9643000,0.724130976762422,1.75578639152259,19
4320,363000,9643000,1.18937445806827,4.18920803123257,25
4321,364000,9643000,0.718465042657178,1.45977412158394,18
4322,365000,9643000,0.382893604780071,0.52356385945343,17
4323,366000,9643000,0.392836562051845,0.604433909648634,15
4324,367000,9643000,0.0503830372238488,0.0360429447852761,7
4325,368000,9643000,0,0,0
4326,369000,9643000,0.0330315639164961,0.0336726157278305,6
4327,370000,9643000,0,0.00306748466257669,1
4328,371000,9643000,0.143571074574666,0.179099274958171,6
4329,372000,9643000,0.101464075881319,0.148982152816509,6
4330,373000,9643000,0.0072555700506393,0.0237730061349693,2
4331,374000,9643000,0,0.00188232013385388,1
4332,375000,9643000,0,0,0
4333,262000,9644000,1.07940369192279,4.14053751399776,15
4334,263000,9644000,0.991597059192077,6.23410485220301,17
4335,264000,9644000,0.999525975043749,5.04949804796431,15
4336,265000,9644000,0.733673605912865,6.37151422197435,17
4337,266000,9644000,0.861092057099258,5.57801171221417,17
4338,267000,9644000,1.0586235075665,4.8717930842164,14
4339,268000,9644000,0.493039961209392,9.23535973229225,19
4340,269000,9644000,0.281418302417572,11.8612660345789,20
4341,270000,9644000,0.221172536469765,11.3425125488009,19
4342,271000,9644000,0.286020641844979,11.0377161182376,20
4343,272000,9644000,0.357331632511776,11.8330312325711,19
4344,273000,9644000,0.415412627099036,12.1626464026771,19
4345,274000,9644000,0.131938491583336,11.3163692136085,18
4346,275000,9644000,0.179630754547904,11.7258784160625,18
4347,276000,9644000,0.169856472730023,9.99344673731177,18
4348,277000,9644000,0.256130460585678,9.56100111544897,18
4349,278000,9644000,0.492222991431666,9.31114054656999,22
4350,279000,9644000,0.28002840589942,11.4453430005577,22
4351,280000,9644000,0.536960065747941,11.3971695482432,21
4352,281000,9644000,0.301836084882189,10.6473786949247,22
4353,282000,9644000,0.268595315317204,11.0418293363079,22
4354,283000,9644000,0.239427486333812,9.83679587283882,19
4355,284000,9644000,0.575029187214201,10.9404629113218,22
4356,285000,9644000,1.04077531364755,7.42038482989403,22
4357,286000,9644000,0.975321725133255,8.15462911321807,20
4358,287000,9644000,0.831063216638722,9.77314556609035,23
4359,288000,9644000,0.697390535626488,10.0911182375906,20
4360,289000,9644000,0.814531911704174,11.8224344673731,25
4361,290000,9644000,0.751467102981501,16.3566648075851,27
4362,291000,9644000,0.366543031751207,18.8860847741216,27
4363,292000,9644000,0.308238895601008,19.8845510317903,31
4364,293000,9644000,0.397523616811745,19.8464166201896,32
4365,294000,9644000,0.681562155016683,17.6899749023982,32
4366,295000,9644000,0.726703051568342,16.3606385945343,27
4367,296000,9644000,0.623632522572144,16.8975181260457,28
4368,297000,9644000,0.546316894335432,17.5725041829336,26
4369,298000,9644000,0.445004280017636,18.3842721695482,31
4370,299000,9644000,0.433278013347592,19.1824456218628,31
4371,3e+05,9644000,0.260755595857569,21.9721137757948,32
4372,301000,9644000,0.511870165143066,24.7853457891801,38
4373,302000,9644000,0.48757748340855,24.1909509202454,36
4374,303000,9644000,0.387649256026331,23.1346207473508,36
4375,304000,9644000,0.644704027441274,21.9836865588399,37
4376,305000,9644000,0.743690628458534,25.6218627997769,43
4377,306000,9644000,0.64648130882045,22.3312883435583,43
4378,307000,9644000,0.209096936402328,22.0204266592303,35
4379,308000,9644000,0.528942150154813,19.316717791411,33
4380,309000,9644000,0.538299926488453,19.7857640825432,34
4381,310000,9644000,0.886156123552383,19.3374930284439,38
4382,311000,9644000,1.0295863974145,18.7124233128834,38
4383,312000,9644000,1.03247833774612,18.1445203569437,39
4384,313000,9644000,1.04195740581554,21.8561070831009,42
4385,314000,9644000,0.953188093598126,27.7727272727273,42
4386,315000,9644000,0.647853287159899,32.0533324037925,42
4387,316000,9644000,0.712552054988652,31.4258226436141,42
4388,317000,9644000,0.499514698324291,33.9503625209147,46
4389,318000,9644000,0.541712916974322,33.7371723368656,44
4390,319000,9644000,0.315417972031071,35.5059955382041,46
4391,320000,9644000,0.485245727870148,34.0847741215839,47
4392,321000,9644000,0.215173211167761,36.0393195761294,47
4393,322000,9644000,0.140911371893475,36.4244283324038,44
4394,323000,9644000,0.0101013471463895,37.3771611823759,44
4395,324000,9644000,0.214383546074178,35.5867958728388,44
4396,325000,9644000,0.233319416173255,34.4861963190184,44
4397,326000,9644000,0.0490143438373676,34.9086029001673,42
4398,327000,9644000,0.149152854727056,33.6634132738427,41
4399,328000,9644000,0.279531517643213,34.2452593418851,42
4400,329000,9644000,0.374730246880688,33.8520635805912,41
4401,330000,9644000,0.692081812414389,30.4912855549359,40
4402,331000,9644000,0.621003897483383,31.3489960959286,39
4403,332000,9644000,0.692042824371325,30.6791689905187,39
4404,333000,9644000,0.532179101831371,32.2005019520357,40
4405,334000,9644000,0.689210100019076,30.2854155047407,38
4406,335000,9644000,0.200726254844428,26.3908254322365,34
4407,336000,9644000,0.294075766306955,26.6370607919688,36
4408,337000,9644000,0.790001778188058,19.4518265476854,34
4409,338000,9644000,0.676120762360022,18.3477412158394,34
4410,339000,9644000,0.221826430388215,25.6073619631902,38
4411,340000,9644000,0.335669565466949,22.0348577802566,33
4412,341000,9644000,0.613315831022601,13.61956218628,34
4413,342000,9644000,0.737741965919337,16.8278025655326,29
4414,343000,9644000,0.56214493902231,17.3630089235917,28
4415,344000,9644000,0.662832860858235,16.7282487451199,26
4416,345000,9644000,0.653410777197463,16.5322783045176,26
4417,346000,9644000,0.53305510763165,17.6447295036252,28
4418,347000,9644000,0.628731686636438,14.3442554378137,26
4419,348000,9644000,0.286243119945708,12.6579057445622,20
4420,349000,9644000,0.316849400009536,12.1110568878974,19
4421,350000,9644000,0.320140469208765,10.2432375906302,18
4422,351000,9644000,0.856084933452707,7.21995259341885,17
4423,352000,9644000,0.884922865667317,5.66271611823759,15
4424,353000,9644000,1.03202986782443,3.64152258784161,16
4425,354000,9644000,0.813072535691264,1.80138036809816,13
4426,355000,9644000,0.578427750318901,1.10680423870608,6
4427,356000,9644000,0.9398250530088,2.18321249302844,12
4428,357000,9644000,1.11324447332236,4.25355549358617,21
4429,358000,9644000,1.16838085422041,5.5835192414947,21
4430,359000,9644000,1.15252661689915,6.83024261015059,23
4431,360000,9644000,1.08554883374518,3.25446179587284,19
4432,361000,9644000,0.46845472609621,0.762827663134412,15
4433,362000,9644000,0.676670803647014,1.70768265476854,21
4434,363000,9644000,0.903668752771704,3.15044617958728,28
4435,364000,9644000,0.122076412434101,0.13218070273285,4
4436,365000,9644000,0.392343748075335,0.563859453430006,5
4437,366000,9644000,0.846185703811699,1.83317066369214,22
4438,367000,9644000,0.443455121670417,0.961656441717791,20
4439,368000,9644000,0.419563787017983,0.750766871165644,17
4440,369000,9644000,0.00420904418254762,0.0370886781929727,2
4441,370000,9644000,0.0114712841999987,0.0679726715002789,2
4442,371000,9644000,0.308596540839668,0.363496932515337,9
4443,372000,9644000,0.328318802198216,0.410206358059119,6
4444,373000,9644000,0,0.00934188510875627,1
4445,374000,9644000,0,0,0
4446,375000,9644000,0,0,0
4447,262000,9645000,1.0790472925163,3.96444568868981,12
4448,263000,9645000,0.710647681856066,7.28911042944785,19
4449,264000,9645000,0.743734422987073,7.34648633575014,18
4450,265000,9645000,0.419416383073489,8.14312604573341,17
4451,266000,9645000,0.424841838275757,8.33477412158394,17
4452,267000,9645000,0.394659661051138,8.01777746793084,16
4453,268000,9645000,0.111333380359896,9.81086168432794,15
4454,269000,9645000,0.0711319015378343,10.9802704963748,18
4455,270000,9645000,0.206664176647807,11.4306330172895,17
4456,271000,9645000,0.188812805862311,11.5190323480201,18
4457,272000,9645000,0.310754265108366,12.2403095370887,20
4458,273000,9645000,0.474429863581933,11.8932654768544,20
4459,274000,9645000,0.252907310298305,11.1629949804796,19
4460,275000,9645000,0.378435472465738,10.0438510875627,16
4461,276000,9645000,0.213194331101882,11.135457334077,20
4462,277000,9645000,0.579957320382767,10.4521054099275,25
4463,278000,9645000,0.617877823565222,10.4486893474624,25
4464,279000,9645000,0.3283552723026,10.199316787507,22
4465,280000,9645000,0.358096228026852,12.0189626324596,21
4466,281000,9645000,0.370767813761866,10.8738148354713,22
4467,282000,9645000,0.63431935008145,11.186279977691,21
4468,283000,9645000,0.820622871984883,8.68760457334077,25
4469,284000,9645000,0.951525148372656,9.92777467930842,25
4470,285000,9645000,0.856469525538112,9.45663692136085,22
4471,286000,9645000,1.22524490520658,6.95029280535416,22
4472,287000,9645000,1.16578535691956,6.94854991634133,23
4473,288000,9645000,0.996358534998655,12.915086447295,24
4474,289000,9645000,0.776690376397259,16.0789877300613,26
4475,290000,9645000,0.618372477030632,17.7374511991076,29
4476,291000,9645000,0.360624412669231,18.9383714445064,30
4477,292000,9645000,0.683099569684504,16.3020078081428,29
4478,293000,9645000,0.513323144811952,17.9319576129392,29
4479,294000,9645000,0.690478857124672,17.0674846625767,31
4480,295000,9645000,0.555505471276956,18.0653234802008,29
4481,296000,9645000,0.529690383268145,17.6174707194646,26
4482,297000,9645000,0.540388663372147,17.4276352481874,29
4483,298000,9645000,0.45048875883946,18.6075711098717,32
4484,299000,9645000,0.484502072190487,21.297824874512,40
4485,3e+05,9645000,0.363884518375273,24.0798243167875,40
4486,301000,9645000,0.50600319798313,23.3468349135527,38
4487,302000,9645000,0.693063028773649,24.5391801450084,43
4488,303000,9645000,0.441207027094762,22.8620329057446,35
4489,304000,9645000,0.775754690482058,26.4570552147239,41
4490,305000,9645000,0.649325908038286,22.9439486893475,38
4491,306000,9645000,0.629678898546195,24.1186558839933,39
4492,307000,9645000,0.386397775505282,21.8821109871723,35
4493,308000,9645000,0.541127223466022,19.4379531511433,35
4494,309000,9645000,0.819032943005794,21.2741215839375,40
4495,310000,9645000,0.953442235977963,18.7145844952593,38
4496,311000,9645000,1.04068297388027,18.0639291689905,41
4497,312000,9645000,0.985578691949886,19.880577244841,41
4498,313000,9645000,0.896619722644041,28.0232849972114,43
4499,314000,9645000,0.557407661983346,33.4408114891244,47
4500,315000,9645000,0.415486571047239,34.8304517568321,45
4501,316000,9645000,0.235581463691239,36.2171639709983,45
4502,317000,9645000,0.199499378514372,36.9783184606804,45
4503,318000,9645000,0.489051619536438,34.117122141662,46
4504,319000,9645000,0.414693447183214,34.385596765198,44
4505,320000,9645000,0.351321516519585,34.861823759063,46
4506,321000,9645000,0.28728154528726,35.3038901282766,43
4507,322000,9645000,0.0615540963843889,36.8153931957613,44
4508,323000,9645000,0.0208139940747914,36.6747071946458,44
4509,324000,9645000,0.466730835430814,33.7902955939766,41
4510,325000,9645000,0.66973139005272,31.7825571667596,39
4511,326000,9645000,0.584304454685725,31.9223368655884,39
4512,327000,9645000,0.21180685136567,33.515755716676,41
4513,328000,9645000,0.0858819139859911,34.9438092582264,42
4514,329000,9645000,0.079870334343736,35.4054656999442,44
4515,330000,9645000,0.372543236305499,33.8052844394869,42
4516,331000,9645000,0.597995599590817,32.2688232013385,40
4517,332000,9645000,0.408094674164694,33.0798243167875,41
4518,333000,9645000,0.46746803590796,32.7833937534858,39
4519,334000,9645000,0.657557948151439,31.0616982710541,38
4520,335000,9645000,0.432073894384024,27.0142219743447,36
4521,336000,9645000,0.337299654839685,26.2159090909091,35
4522,337000,9645000,0.640678407506397,19.4836168432794,32
4523,338000,9645000,0.681789567409853,25.1374093697713,36
4524,339000,9645000,0.197145237769996,23.524051868377,35
4525,340000,9645000,0.224760194805151,21.0465699944228,33
4526,341000,9645000,0.678374461128423,14.0959983268265,34
4527,342000,9645000,0.905865937122181,18.4541271611824,38
4528,343000,9645000,0.698586868264964,15.5207055214724,24
4529,344000,9645000,0.789890848237925,15.9101366424986,27
4530,345000,9645000,0.730437531041558,16.0384132738427,26
4531,346000,9645000,0.65549674937303,16.3912437255996,26
4532,347000,9645000,0.64174142069803,14.4519659788065,23
4533,348000,9645000,0.341878440477469,12.8812046848857,20
4534,349000,9645000,0.360674653580822,11.2288761851645,21
4535,350000,9645000,0.668478609430162,8.31183770217513,18
4536,351000,9645000,0.988803170961672,5.76380368098159,16
4537,352000,9645000,0.963847900701417,5.25348577802565,16
4538,353000,9645000,0.780860910589297,3.02558561070831,15
4539,354000,9645000,0.698900569309088,2.37646402677078,13
4540,355000,9645000,0.623402108022997,1.19687674288901,5
4541,356000,9645000,0.990640438600972,2.55577244841049,15
4542,357000,9645000,1.08593334282853,7.06553262688232,22
4543,358000,9645000,0.531244185043952,8.59592861126603,22
4544,359000,9645000,1.06776227414191,3.1217930842164,17
4545,360000,9645000,0.355151266009181,0.479852203011712,8
4546,361000,9645000,0.764331341933702,1.73856664807585,18
4547,362000,9645000,0.977360787900872,2.53911042944785,18
4548,363000,9645000,0.636329133837575,1.11705242610151,8
4549,364000,9645000,0.300928361043426,0.470022308979364,4
4550,365000,9645000,0.66997428258463,1.43676798661461,5
4551,366000,9645000,0.664640812484398,2.10527049637479,6
4552,367000,9645000,0.365355227453966,0.472113775794757,4
4553,368000,9645000,0.40992048850725,0.691857222532069,14
4554,369000,9645000,0.261096422026624,0.335262130507529,10
4555,370000,9645000,0,0.03074456218628,1
4556,371000,9645000,0.0242963059879809,0.0301868377021751,8
4557,372000,9645000,0.124222973194411,0.144868934746235,10
4558,373000,9645000,0.0513284056440836,0.04712771890686,9
4559,374000,9645000,0,0.000418293363078639,1
4560,375000,9645000,0,0,0
4561,262000,9646000,0.885555759488521,5.03135498320269,13
4562,263000,9646000,0.746710859044538,7.18851087562744,19
4563,264000,9646000,0.747370360301696,7.10227272727273,20
4564,265000,9646000,0.511777762535748,7.08491355270496,14
4565,266000,9646000,0.41129800388141,7.28785554935862,15
4566,267000,9646000,0.341531999262156,7.38399330730619,14
4567,268000,9646000,0.264637453012233,8.06839096486336,15
4568,269000,9646000,0.219341984375337,9.20496374790853,16
4569,270000,9646000,0.310903910609037,9.95775237032906,18
4570,271000,9646000,0.150819571963032,11.8756274400446,18
4571,272000,9646000,0.36917705198989,10.9856385945343,17
4572,273000,9646000,0.385758665611867,10.7364751812605,18
4573,274000,9646000,0.350190846040749,9.71339933073062,18
4574,275000,9646000,0.397547904823953,10.048103736754,16
4575,276000,9646000,0.294575979102423,11.2997769102064,20
4576,277000,9646000,0.471078441661768,10.3162297824875,21
4577,278000,9646000,0.309943427630663,10.8841327384272,21
4578,279000,9646000,0.376510927970945,11.9685582822086,21
4579,280000,9646000,0.28976698209917,11.5336029001673,21
4580,281000,9646000,0.322912141316741,10.9303541550474,19
4581,282000,9646000,0.402592482571226,11.1439626324596,19
4582,283000,9646000,0.541541720633602,9.29684885666481,18
4583,284000,9646000,0.96462069697483,6.93314277746793,18
4584,285000,9646000,1.02925333377189,5.80911879531511,16
4585,286000,9646000,1.11183819238398,4.31413831567206,18
4586,287000,9646000,1.06739741254974,11.5576547685443,27
4587,288000,9646000,0.32511544962816,19.1299498047964,28
4588,289000,9646000,0.661797008654714,17.4208031232571,26
4589,290000,9646000,0.507259010462332,18.3098856664808,28
4590,291000,9646000,0.279255162776865,19.7893892916899,31
4591,292000,9646000,0.437458714107834,19.1793781372002,31
4592,293000,9646000,0.430694125393136,18.4460401561629,29
4593,294000,9646000,0.518600622440493,17.7542526491913,29
4594,295000,9646000,0.472191982706833,18.8636363636364,32
4595,296000,9646000,0.488163575091746,17.6774958170664,27
4596,297000,9646000,0.572575538816417,18.4843837144451,33
4597,298000,9646000,0.604350254788125,17.6668990518684,32
4598,299000,9646000,0.685061441099808,19.4283324037925,39
4599,3e+05,9646000,0.62831324799256,25.6612520914668,39
4600,301000,9646000,0.689037609620942,22.276770775237,40
4601,302000,9646000,0.688933608156446,23.7525097601785,43
4602,303000,9646000,0.496297262809974,20.4474344673731,35
4603,304000,9646000,0.493918950446332,24.7659648633575,40
4604,305000,9646000,0.565069520915418,22.5621165644172,37
4605,306000,9646000,0.640994747017258,25.6475878416062,40
4606,307000,9646000,0.600487593177765,19.1598577802566,37
4607,308000,9646000,0.620456774488296,17.7009202453988,34
4608,309000,9646000,0.754522508183949,20.2895984383714,38
4609,310000,9646000,0.810859293008294,21.3803680981595,40
4610,311000,9646000,0.799238839049536,23.3886642498606,43
4611,312000,9646000,1.06464712009579,21.4997211377579,42
4612,313000,9646000,0.773498972843832,30.4987451199108,44
4613,314000,9646000,0.512834985787748,33.4919129949805,44
4614,315000,9646000,0.218904071725519,35.5236335750139,45
4615,316000,9646000,0.213592397323788,35.6017150027886,45
4616,317000,9646000,0.207409898442273,35.2270635805912,45
4617,318000,9646000,0.220854546442232,35.9104155047407,44
4618,319000,9646000,0.193725082144937,34.9846625766871,44
4619,320000,9646000,0.270255566471433,34.6762409369771,44
4620,321000,9646000,0.486893495032242,33.5644868934746,43
4621,322000,9646000,0.311483088075679,34.3517847183491,43
4622,323000,9646000,0.219685339180744,34.8620329057446,41
4623,324000,9646000,0.948568006463415,25.7437953151143,38
4624,325000,9646000,1.05037859705126,21.7826268823201,38
4625,326000,9646000,0.873374459016161,29.0196597880647,37
4626,327000,9646000,0.345078678341019,32.9003067484663,40
4627,328000,9646000,0.120816799433072,33.9673731176799,41
4628,329000,9646000,0.496335973621933,33.2407975460123,43
4629,330000,9646000,0.46510737556379,32.9074874511991,42
4630,331000,9646000,0.581176622815404,32.6091745677635,42
4631,332000,9646000,0.213592397323788,34.5641383156721,41
4632,333000,9646000,0.451383089707169,32.6784718349136,39
4633,334000,9646000,0.724874458006003,30.0772448410485,38
4634,335000,9646000,0.710546992207606,26.007877858338,37
4635,336000,9646000,0.743458253069853,24.4477133296152,36
4636,337000,9646000,0.468139338606379,21.9545454545455,34
4637,338000,9646000,0.324073068209216,25.9671639709983,35
4638,339000,9646000,0.105838145077934,24.2852760736196,35
4639,340000,9646000,0.483204102288846,20.8471834913553,32
4640,341000,9646000,0.646088342102387,14.4701617401004,34
4641,342000,9646000,0.813238599824983,16.8644729503625,38
4642,343000,9646000,0.696282547642924,15.3760457334077,27
4643,344000,9646000,0.773800425577972,15.156790295594,27
4644,345000,9646000,0.769981499271774,15.9307724484105,24
4645,346000,9646000,0.892850899637538,14.6721974344674,23
4646,347000,9646000,0.706788748035836,14.8093976575572,22
4647,348000,9646000,0.477078363837514,12.9859174567764,21
4648,349000,9646000,0.336964152729448,9.64570552147239,21
4649,350000,9646000,0.679108735416244,9.18181818181818,18
4650,351000,9646000,0.66650210221648,8.1201896263246,18
4651,352000,9646000,0.765816207824344,5.96549079754601,14
4652,353000,9646000,0.50492222238203,3.47727272727273,11
4653,354000,9646000,0.677478231018902,2.59230340211935,17
4654,355000,9646000,0.886725143120411,1.95552147239264,17
4655,356000,9646000,1.25861248815402,7.63469046291132,31
4656,357000,9646000,0.672485597779194,9.33100948131623,30
4657,358000,9646000,0.929569003352678,7.24783881762409,22
4658,359000,9646000,1.06172057035734,2.82159788064696,20
4659,360000,9646000,0.751714711405391,1.97406581148912,19
4660,361000,9646000,0.922163588788866,2.20559118795315,16
4661,362000,9646000,0.748532326738838,1.62123535973229,8
4662,363000,9646000,0.741153075912314,1.91292526491913,8
4663,364000,9646000,0.622208463794806,2.17533463469046,5
4664,365000,9646000,0.534052095521258,2.48591745677635,6
4665,366000,9646000,0.690129725885986,2.0095510317903,6
4666,367000,9646000,0.671493993014103,1.54601226993865,6
4667,368000,9646000,0.27702129938034,0.387757947573898,6
4668,369000,9646000,0.389233754198663,0.546988287785834,11
4669,370000,9646000,0.42581187717456,0.907278304517568,18
4670,371000,9646000,0,0.00174288901282766,1
4671,372000,9646000,0.0158488228290157,0.025515895147797,4
4672,373000,9646000,0.108733443906937,0.164668153931958,3
4673,374000,9646000,0.270429138159495,0.337283881762409,5
4674,375000,9646000,0,0,0
4675,262000,9647000,0.955804052141424,5.11450167973124,15
4676,263000,9647000,0.893285327208198,6.2196737311768,16
4677,264000,9647000,0.804706801172021,5.90943948689347,12
4678,265000,9647000,0.691809321264834,6.20336029001673,11
4679,266000,9647000,0.599870191604383,6.35220301171221,12
4680,267000,9647000,0.551506013769767,6.71674567763525,14
4681,268000,9647000,0.690190962416727,6.59990239821528,15
4682,269000,9647000,0.553123721030741,7.22455382041272,16
4683,270000,9647000,0.635022810986134,7.22685443390965,16
4684,271000,9647000,0.573907428331706,8.78750697155605,17
4685,272000,9647000,0.369513105361242,9.5228667038483,17
4686,273000,9647000,0.413913183567219,8.98793920803123,16
4687,274000,9647000,0.676636609655138,7.7388455103179,16
4688,275000,9647000,0.573099046034314,9.11747071946458,17
4689,276000,9647000,0.517243364401107,10.0935582822086,20
4690,277000,9647000,0.661365012413378,10.100948131623,20
4691,278000,9647000,0.535911112941035,11.3552704963748,20
4692,279000,9647000,0.251948005687585,11.7102621305075,18
4693,280000,9647000,0.322754298412735,10.5756413831567,19
4694,281000,9647000,0.630749701038901,8.52732849972114,20
4695,282000,9647000,0.826110086640886,8.2218349135527,20
4696,283000,9647000,0.666927056244279,8.39459007250418,17
4697,284000,9647000,0.827455113818945,7.33805075292805,17
4698,285000,9647000,0.988397316682358,7.0686001115449,19
4699,286000,9647000,0.955846900773297,7.93607083100948,18
4700,287000,9647000,0.707882967467993,17.2109592861127,27
4701,288000,9647000,0.307444166161929,19.3067484662577,27
4702,289000,9647000,0.403950645283357,18.3719325153374,26
4703,290000,9647000,0.535914659124146,17.9684885666481,28
4704,291000,9647000,0.343182805304961,18.9470858895706,28
4705,292000,9647000,0.423554991148937,18.7488148354713,29
4706,293000,9647000,0.511058403653627,17.9767847183491,29
4707,294000,9647000,0.704062317684018,16.1510039040714,30
4708,295000,9647000,0.587947863776641,18.9765755716676,33
4709,296000,9647000,0.575198116315105,20.4291689905187,36
4710,297000,9647000,0.493040855710309,20.9636781929727,37
4711,298000,9647000,0.729364111933214,15.3367958728388,33
4712,299000,9647000,0.693703879929601,15.9933073061907,27
4713,3e+05,9647000,0.461511303700212,21.0798243167875,38
4714,301000,9647000,0.810696310767532,22.8150446179587,40
4715,302000,9647000,0.696214577789734,24.1521193530396,43
4716,303000,9647000,0.698598189350348,23.5270496374791,39
4717,304000,9647000,0.615390957076816,22.537367540435,40
4718,305000,9647000,0.580913233445706,20.3248047964306,37
4719,306000,9647000,0.753793389494865,27.5199386503067,42
4720,307000,9647000,0.928864227616017,25.2323619631902,43
4721,308000,9647000,0.751240598329856,28.1533742331288,38
4722,309000,9647000,0.723984736964743,24.6121026213051,39
4723,310000,9647000,0.886250115618324,25.8506692693809,42
4724,311000,9647000,0.682535131974432,29.5593279419967,44
4725,312000,9647000,0.807900925265237,30.773773006135,43
4726,313000,9647000,0.647986314946418,32.9046291132181,45
4727,314000,9647000,0.407340616138673,33.7824177356386,44
4728,315000,9647000,0.285943500335364,35.0536112660346,43
4729,316000,9647000,0.313062365392494,34.704894032348,44
4730,317000,9647000,0.412588939351447,33.7736335750139,41
4731,318000,9647000,0.522758106467905,32.9211517010597,44
4732,319000,9647000,0.337405677270994,33.8912437255996,42
4733,320000,9647000,0.334867238252881,33.9086029001673,44
4734,321000,9647000,0.507867906880214,33.1051310652538,43
4735,322000,9647000,0.146348141921793,35.3413273842722,42
4736,323000,9647000,0.110040708624667,35.486684327942,42
4737,324000,9647000,1.07692720466158,23.034648633575,41
4738,325000,9647000,0.45483271490121,11.040086447295,25
4739,326000,9647000,1.06039476334228,20.3891522587842,37
4740,327000,9647000,1.05732004968363,25.7750976017847,38
4741,328000,9647000,1.0935865470822,22.8371444506414,38
4742,329000,9647000,1.07958589407037,24.5060652537646,39
4743,330000,9647000,0.730325989381885,30.9891940881205,40
4744,331000,9647000,1.1599780344933,21.0437813720022,40
4745,332000,9647000,1.18263667388096,22.3319157836029,38
4746,333000,9647000,1.05490842449704,26.6162158393754,39
4747,334000,9647000,0.894458555400983,25.1117540435025,36
4748,335000,9647000,0.739357374282281,17.7548103736754,34
4749,336000,9647000,0.577228555189302,25.5547267150028,35
4750,337000,9647000,0.217694403964101,26.316438929169,34
4751,338000,9647000,0.308797398920821,26.1889291689905,35
4752,339000,9647000,0.384298068723228,28.3335889570552,34
4753,340000,9647000,0.241723891500101,22.6324595649749,33
4754,341000,9647000,0.724861275143969,18.1912297824875,35
4755,342000,9647000,0.675281719855811,15.0791968767429,31
4756,343000,9647000,0.709838404563504,15.9187813720022,31
4757,344000,9647000,0.767351934328396,15.0970440602342,26
4758,345000,9647000,0.799335160077256,15.5417596207474,24
4759,346000,9647000,0.99864860405581,12.350808700502,23
4760,347000,9647000,0.787379886047794,14.9995817066369,23
4761,348000,9647000,0.534320844012313,13.5707612939208,21
4762,349000,9647000,0.382213708031138,10.880577244841,21
4763,350000,9647000,0.452804499222082,11.1135666480759,21
4764,351000,9647000,0.396163991187517,10.0180563301729,19
4765,352000,9647000,0.812847138558158,5.69917735638595,15
4766,353000,9647000,0.751434116736631,2.68272448410485,15
4767,354000,9647000,0.971998816657347,2.49240100390407,18
4768,355000,9647000,1.03524312774876,2.98577802565533,17
4769,356000,9647000,1.12014487747575,5.13538761851645,24
4770,357000,9647000,0.882315743908164,6.42198828778583,17
4771,358000,9647000,1.06342127103727,6.94813162297825,23
4772,359000,9647000,1.20680193797737,6.06372002230898,22
4773,360000,9647000,0.96433554665793,6.83860847741216,22
4774,361000,9647000,1.22749702465376,5.03478806469604,22
4775,362000,9647000,0.940816879333132,3.26282766313441,20
4776,363000,9647000,0.340901554478209,3.1377579475739,7
4777,364000,9647000,0.386873782134247,2.9191299498048,7
4778,365000,9647000,0.434063049544138,3.05716675962075,7
4779,366000,9647000,0.673795210608007,2.52495817066369,7
4780,367000,9647000,0.454718243397516,2.77133296151701,6
4781,368000,9647000,0.683763142083611,1.45154768544339,5
4782,369000,9647000,0.425612800525744,0.495189626324596,16
4783,370000,9647000,0.994102431189797,2.57578081427775,19
4784,371000,9647000,0.845338619446034,1.85094813162298,17
4785,372000,9647000,0.415392198289955,0.720231455660904,17
4786,373000,9647000,0.00420904418254762,0.0315811489124373,2
4787,374000,9647000,0,0.0292108198549916,1
4788,375000,9647000,0,0,0
4789,262000,9648000,0.957909970071149,4.72928331466965,13
4790,263000,9648000,1.06484623943589,3.47664528722811,14
4791,264000,9648000,1.07473653615639,4.26652258784161,11
4792,265000,9648000,0.803547567249406,5.85150585610708,10
4793,266000,9648000,1.05156587009088,4.50920245398773,10
4794,267000,9648000,1.00569430524724,4.9707194645845,12
4795,268000,9648000,1.09712038188104,3.98396542108199,13
4796,269000,9648000,1.06419854415384,4.66229782487451,14
4797,270000,9648000,1.07545523981713,4.33916620189626,16
4798,271000,9648000,1.07332797042571,3.56134969325153,14
4799,272000,9648000,0.860943154023191,6.33763245956497,15
4800,273000,9648000,0.77149991656292,6.83372838817624,15
4801,274000,9648000,0.644309258079843,7.68119074177356,15
4802,275000,9648000,0.523027347674363,8.65755716675962,17
4803,276000,9648000,0.635946368906521,8.67052426101506,20
4804,277000,9648000,0.876804461939785,8.58365867261573,20
4805,278000,9648000,0.428972693511308,8.83275237032906,17
4806,279000,9648000,0.483868846843593,9.5973229224763,17
4807,280000,9648000,0.592789161704417,10.2283184606804,19
4808,281000,9648000,0.674010579759068,10.0604433909649,23
4809,282000,9648000,0.934134050175955,8.27732849972114,23
4810,283000,9648000,0.821035784284901,7.23264082543224,16
4811,284000,9648000,1.05489226878203,5.11293920803123,15
4812,285000,9648000,1.12114746845223,7.61977133296152,24
4813,286000,9648000,0.89974511650155,12.3727691020636,23
4814,287000,9648000,0.775313635957823,15.1857222532069,25
4815,288000,9648000,0.526016772097486,17.5446876742889,27
4816,289000,9648000,0.291047248639667,19.4689765755717,30
4817,290000,9648000,0.477115419038633,18.1568600111545,30
4818,291000,9648000,0.345864133797139,19.039807585053,30
4819,292000,9648000,0.326532146493497,19.3812744004462,31
4820,293000,9648000,0.635408090490165,16.9654210819855,27
4821,294000,9648000,0.697734241098744,16.8878276631344,31
4822,295000,9648000,0.616859592717352,21.8400725041829,37
4823,296000,9648000,0.351753674971149,26.7196040156163,36
4824,297000,9648000,0.425368422072576,26.7879252649191,37
4825,298000,9648000,0.743939609227539,16.3400725041829,37
4826,299000,9648000,0.694642738449757,15.2029419966537,32
4827,3e+05,9648000,0.628615310978158,20.92798382599,37
4828,301000,9648000,0.870097014717381,19.8964026770775,42
4829,302000,9648000,0.853472206622149,21.0183351924149,42
4830,303000,9648000,0.69418399472284,30.5336726157278,42
4831,304000,9648000,0.755648560759644,30.0994143892917,45
4832,305000,9648000,0.771194619782182,29.7909230340212,41
4833,306000,9648000,0.556831602576096,32.6639012827663,46
4834,307000,9648000,0.622317427797417,32.6785415504741,46
4835,308000,9648000,0.690753867491876,30.7840909090909,42
4836,309000,9648000,0.687431970967337,31.4848020078081,42
4837,310000,9648000,0.487095189544063,33.130298382599,42
4838,311000,9648000,0.504147537424907,33.2424010039041,44
4839,312000,9648000,0.351465618051466,34.4142498605689,42
4840,313000,9648000,0.37581944982427,34.423103736754,45
4841,314000,9648000,0.532697837557128,32.9514082543224,43
4842,315000,9648000,0.310535642705141,34.3050055772448,42
4843,316000,9648000,0.431837852647789,33.7521611823759,42
4844,317000,9648000,0.485579404158258,33.1271611823759,41
4845,318000,9648000,0.501867942649776,32.9327941996654,41
4846,319000,9648000,0.233697251717273,34.3327523703291,42
4847,320000,9648000,0.345955263034562,33.7671500278862,43
4848,321000,9648000,0.57799719538081,32.0127579475739,40
4849,322000,9648000,1.05303197523824,25.6440323480201,42
4850,323000,9648000,1.02422027990421,20.8077941996654,41
4851,324000,9648000,0.856692539187056,14.1263245956497,41
4852,325000,9648000,0.376308901014334,8.46576965978806,26
4853,326000,9648000,0.267538842246792,9.54315393195761,24
4854,327000,9648000,0.291966951885384,10.1083379810374,32
4855,328000,9648000,0.369926945862531,10.2859732292248,28
4856,329000,9648000,0.697109179789057,13.5669269380926,36
4857,330000,9648000,1.03445033544257,21.9511991076408,39
4858,331000,9648000,0.967722557489777,16.8417456776352,37
4859,332000,9648000,0.689089724926617,9.82194645844953,35
4860,333000,9648000,0.907274125190685,9.24302844394869,27
4861,334000,9648000,1.26576231749333,16.9558700501952,35
4862,335000,9648000,0.932390389334982,20.6823061907418,37
4863,336000,9648000,0.762976338734769,29.6051310652538,38
4864,337000,9648000,0.378259739920566,27.5704824316788,35
4865,338000,9648000,0.320865433573323,27.2147936419409,34
4866,339000,9648000,0.595935961101612,29.0955800334635,37
4867,340000,9648000,0.395601937276747,23.0698549916341,34
4868,341000,9648000,0.695610753726721,17.1140546569994,31
4869,342000,9648000,0.698567132117313,14.9220580033463,24
4870,343000,9648000,0.700311404258464,15.4103457891801,25
4871,344000,9648000,0.736743460769459,15.9030953708868,30
4872,345000,9648000,0.714462306049219,16.0703430005577,26
4873,346000,9648000,0.81252998753242,16.1695482431679,27
4874,347000,9648000,0.759688581672324,13.9695343000558,25
4875,348000,9648000,0.310687356785867,12.5465002788622,19
4876,349000,9648000,0.614049585730987,14.0196597880647,22
4877,350000,9648000,0.632230135545523,13.2683351924149,22
4878,351000,9648000,0.791686659459601,10.2815114333519,20
4879,352000,9648000,0.990856054430056,6.17631065253765,18
4880,353000,9648000,1.02373455967933,4.37841606246514,19
4881,354000,9648000,0.694901157780147,2.27077523703291,13
4882,355000,9648000,0.895228854668122,2.79691857222532,16
4883,356000,9648000,0.807503403965195,2.58470440602342,15
4884,357000,9648000,0.980968267981235,2.53360290016732,11
4885,358000,9648000,1.07578579702831,5.46569994422755,20
4886,359000,9648000,1.22149105326674,7.37402398215282,27
4887,360000,9648000,1.06468061257191,7.00153374233129,27
4888,361000,9648000,1.2160157644061,4.44903792526492,22
4889,362000,9648000,1.14223648576772,3.57166759620747,20
4890,363000,9648000,0.770950641204177,3.69771332961517,26
4891,364000,9648000,0.749396620021294,4.26805633017289,23
4892,365000,9648000,0.705804078328491,4.45245398773006,25
4893,366000,9648000,0.465912266876852,3.70656720580033,25
4894,367000,9648000,0.458342444452114,2.70970440602342,6
4895,368000,9648000,0.366610644555285,3.72134690462911,15
4896,369000,9648000,0.975660878835985,2.81797267150028,16
4897,370000,9648000,0.691123342281431,1.14661182375906,16
4898,371000,9648000,0.58920857788098,0.968627997769102,8
4899,372000,9648000,0.969560084580078,2.42101226993865,19
4900,373000,9648000,0.0220166667151604,0.0271890686001115,5
4901,374000,9648000,0.0136925771576734,0.051031790295594,5
4902,375000,9648000,0,0.0160513643659711,1
4903,262000,9649000,1.13925254289254,6.33482642777156,20
4904,263000,9649000,1.01522042212397,3.42101226993865,20
4905,264000,9649000,0.719092974738302,1.29970719464584,11
4906,265000,9649000,0.870672150714397,1.79015616285555,9
4907,266000,9649000,0.787609344631226,1.4334913552705,12
4908,267000,9649000,1.03303547227229,3.14577523703291,12
4909,268000,9649000,0.824662003549948,1.71151701059677,13
4910,269000,9649000,0.773308304957644,1.4579615170106,10
4911,270000,9649000,0.465941305288695,0.620817066369214,10
4912,271000,9649000,0.771503200886842,1.41438929168991,11
4913,272000,9649000,1.08424664978767,3.7196737311768,12
4914,273000,9649000,1.07497268396401,4.69290295593977,14
4915,274000,9649000,0.89246029889936,5.99023982152817,15
4916,275000,9649000,0.730586708146265,6.42805354155047,15
4917,276000,9649000,0.781825951099757,6.82222532069158,17
4918,277000,9649000,0.838372019157766,7.8250139431121,21
4919,278000,9649000,0.624286083235532,8.41411042944785,18
4920,279000,9649000,0.373074720921579,9.66529559397658,17
4921,280000,9649000,0.381788025363821,9.5473368655884,16
4922,281000,9649000,0.894503314979543,6.6542805354155,17
4923,282000,9649000,1.05739193213938,5.14835471277189,16
4924,283000,9649000,0.960863376379674,6.17777467930842,16
4925,284000,9649000,1.08497139669283,5.0600948131623,19
4926,285000,9649000,1.1466276091833,12.7837423312883,27
4927,286000,9649000,0.84648348683931,14.7962214166202,25
4928,287000,9649000,0.674109248754416,16.5725041829336,25
4929,288000,9649000,0.358994489544956,18.281650864473,26
4930,289000,9649000,0.364818145059287,18.9064417177914,30
4931,290000,9649000,0.414340827489645,18.3050752928054,30
4932,291000,9649000,0.474034425174835,18.0893056330173,30
4933,292000,9649000,0.376982407930021,21.5456636921361,36
4934,293000,9649000,0.815925196107248,25.143474623536,39
4935,294000,9649000,0.793061977797636,24.2123535973229,38
4936,295000,9649000,0.108634397226179,24.0692275515895,35
4937,296000,9649000,0.268516058470767,27.1856525376464,35
4938,297000,9649000,0.625341280998585,28.7762827663134,42
4939,298000,9649000,0.716675224317647,20.2772587841606,40
4940,299000,9649000,0.617393683790757,13.7611544896821,26
4941,3e+05,9649000,0.833839980352926,17.465211935304,41
4942,301000,9649000,1.01952587348527,23.1871165644172,45
4943,302000,9649000,0.832212627778784,26.7976157278305,43
4944,303000,9649000,0.61704158187844,32.4751812604573,47
4945,304000,9649000,0.693843003046735,31.2141662018963,45
4946,305000,9649000,0.643005697954161,31.6606246514222,41
4947,306000,9649000,0.405449154797211,33.6393614054657,43
4948,307000,9649000,0.270602641148559,35.5813580591188,51
4949,308000,9649000,0.667700973041503,31.6231873954267,46
4950,309000,9649000,0.583682743392897,32.6883017289459,45
4951,310000,9649000,0.549287553914249,33.2424707194646,46
4952,311000,9649000,0.629700485612948,31.8142777467931,46
4953,312000,9649000,0.322717565805532,34.0233547127719,41
4954,313000,9649000,0.50682886277117,32.6434049079755,40
4955,314000,9649000,0.606219106987057,32.1625766871166,41
4956,315000,9649000,0.377583323460543,33.9286809815951,42
4957,316000,9649000,0.274918054402341,34.5817066369214,42
4958,317000,9649000,0.489805760125284,33.1155186837702,43
4959,318000,9649000,0.657784865226231,31.4316090351366,39
4960,319000,9649000,0.868000790467113,29.1933212493028,40
4961,320000,9649000,1.0297317922877,25.0034857780257,40
4962,321000,9649000,1.04412628986562,17.4803402119353,42
4963,322000,9649000,0.729276476783631,8.10255158951478,34
4964,323000,9649000,0.656987361073516,6.08107919687674,12
4965,324000,9649000,0.678076799301057,5.75996932515337,9
4966,325000,9649000,0.716211088984342,5.9281929726715,18
4967,326000,9649000,0.691399539196345,6.48173452314557,18
4968,327000,9649000,0.511056764680628,6.30005577244841,13
4969,328000,9649000,0.603100257692612,6.05946737311768,10
4970,329000,9649000,0.730754078040176,6.32557166759621,20
4971,330000,9649000,0.951841865557041,8.7329894032348,35
4972,331000,9649000,1.026085160905,7.18028443948689,35
4973,332000,9649000,1.04781901584011,4.93648912437256,14
4974,333000,9649000,1.28080581317189,6.23061907417736,30
4975,334000,9649000,1.15708818272105,7.18279419966537,23
4976,335000,9649000,0.977735759471446,16.731385945343,34
4977,336000,9649000,0.605337147659619,26.9268683770218,38
4978,337000,9649000,0.394687751059322,27.1582543223648,36
4979,338000,9649000,0.293746768388086,26.7147936419409,35
4980,339000,9649000,0.562028575710341,28.2800474065812,37
4981,340000,9649000,0.555652419202204,20.8041689905187,34
4982,341000,9649000,0.707199042452728,16.2545315114334,32
4983,342000,9649000,0.617713774796741,17.5196597880647,30
4984,343000,9649000,0.700596116875279,16.6250697155605,31
4985,344000,9649000,0.664058090740419,16.7818600111545,29
4986,345000,9649000,0.666837434359421,16.4967233686559,26
4987,346000,9649000,0.70476507095077,15.7131204684886,24
4988,347000,9649000,0.761330280790563,11.9827105409928,21
4989,348000,9649000,0.645452558094659,12.1306469604016,23
4990,349000,9649000,0.5450509214573,12.7376603457892,22
4991,350000,9649000,0.404048749874531,11.0392498605689,21
4992,351000,9649000,0.577412816603016,8.33226436140547,16
4993,352000,9649000,0.838875709300653,5.91013664249861,15
4994,353000,9649000,0.715883061662527,4.92951756832125,14
4995,354000,9649000,0.620064685183016,2.94109035136642,12
4996,355000,9649000,0.818383066650437,2.07243446737312,10
4997,356000,9649000,0.746168700989042,1.77900167317345,7
4998,357000,9649000,0.845191485903194,3.39061628555494,8
4999,358000,9649000,0.911624191556063,4.08289180145008,12
5000,359000,9649000,1.06960892177058,3.39082543223648,17
5001,360000,9649000,1.06383910569037,3.10812883435583,16
5002,361000,9649000,0.973751301842148,2.59802007808143,16
5003,362000,9649000,1.01943861661668,2.73654489682097,18
5004,363000,9649000,1.17284672985996,3.88462074735081,22
5005,364000,9649000,1.02846542441263,3.91257668711656,23
5006,365000,9649000,0.963963998872277,4.22943390964863,25
5007,366000,9649000,0.890378148540609,4.08491355270496,23
5008,367000,9649000,0.934565123785407,3.38894311210262,23
5009,368000,9649000,0.907896631166844,2.52000836586726,20
5010,369000,9649000,0.764092936709131,1.76972950362521,8
5011,370000,9649000,0.622988509693718,0.930284439486893,9
5012,371000,9649000,0.0141286505747286,0.036670384829894,3
5013,372000,9649000,0.712106197187415,1.56476575571668,23
5014,373000,9649000,0.700979630586831,2.0436419408812,23
5015,374000,9649000,0.167233495776775,0.310094813162298,15
5016,375000,9649000,0,0,0
5017,262000,9650000,1.06327381497096,3.29787234042553,14
5018,263000,9650000,1.0626414705642,5.33073061907418,16
5019,264000,9650000,0.980427765883084,2.41599274958171,13
5020,265000,9650000,0.543016041201084,0.871374790853318,10
5021,266000,9650000,0.513154371254352,0.78367261572783,10
5022,267000,9650000,0.331891514705114,0.396472392638037,9
5023,268000,9650000,0.446897694763922,0.632668711656442,10
5024,269000,9650000,0.686371389878133,1.24484104852203,10
5025,270000,9650000,0.678861651603899,1.09516174010039,9
5026,271000,9650000,0.637543285506074,1.00780814277747,9
5027,272000,9650000,0.688621607974394,1.1925543781372,11
5028,273000,9650000,0.911545440503871,2.08888733965421,14
5029,274000,9650000,1.04762221188428,2.89347462353597,15
5030,275000,9650000,1.07532151303342,3.14068600111545,12
5031,276000,9650000,1.10444720381537,4.93363078639152,17
5032,277000,9650000,0.815017980055325,7.36816787506972,17
5033,278000,9650000,0.719179644132417,7.88322643614055,18
5034,279000,9650000,0.61391149430437,7.93342163970998,17
5035,280000,9650000,0.703629957899537,8.17993586168433,17
5036,281000,9650000,0.920980451063462,6.04740658114891,16
5037,282000,9650000,0.599221260285093,9.0138036809816,18
5038,283000,9650000,0.970572770397341,6.26533742331288,17
5039,284000,9650000,1.33482089709384,9.00083658672616,25
5040,285000,9650000,0.788564691965237,12.4392777467931,27
5041,286000,9650000,0.726948852694454,14.4771332961517,27
5042,287000,9650000,0.347964227998627,19.3697713329615,30
5043,288000,9650000,0.527287808795965,17.7412158393754,28
5044,289000,9650000,0.597662656023968,17.4189208031233,26
5045,290000,9650000,0.442899098254484,18.0890267707752,28
5046,291000,9650000,0.398210642668007,18.665086447295,31
5047,292000,9650000,0.962032381607097,25.4697434467373,39
5048,293000,9650000,0.626074468124824,31.7595510317903,41
5049,294000,9650000,0.59253670382152,28.2814417177914,41
5050,295000,9650000,0.121824869663655,25.4541968767429,35
5051,296000,9650000,0.415679888310406,27.8649609592861,37
5052,297000,9650000,0.690961620599371,30.3160903513664,41
5053,298000,9650000,0.414007299017712,26.446876742889,34
5054,299000,9650000,0.519948057994674,22.9525237032906,35
5055,3e+05,9650000,0.843293247621164,26.9537088678193,41
5056,301000,9650000,0.723505587956101,32.1298103736754,45
5057,302000,9650000,0.55055219487774,33.5984383714445,48
5058,303000,9650000,0.550229842928966,32.8921500278862,47
5059,304000,9650000,0.669943900663504,31.1698271054099,40
5060,305000,9650000,0.482014836578607,33.2507668711656,45
5061,306000,9650000,0.290277325447033,35.1075013943112,45
5062,307000,9650000,0.195176293815745,35.8364472950363,45
5063,308000,9650000,0.467248486387702,34.2734941438929,48
5064,309000,9650000,0.473299405939057,33.5588399330731,45
5065,310000,9650000,0.501168992612805,34.0397378694925,46
5066,311000,9650000,0.418745357355202,33.4154350250976,41
5067,312000,9650000,0.159485855113411,34.736684327942,42
5068,313000,9650000,0.187446387667328,34.4642359174568,41
5069,314000,9650000,0.593339630668994,32.3871305075293,41
5070,315000,9650000,0.45550131510481,33.5547964305633,42
5071,316000,9650000,0.215173211167761,35.018474623536,42
5072,317000,9650000,0.660174612557948,31.6832124930284,42
5073,318000,9650000,1.02852945856683,19.4939347462354,39
5074,319000,9650000,0.455405810013202,10.3614751812605,30
5075,320000,9650000,0.516488735938927,6.94959564974902,16
5076,321000,9650000,0.597590181894326,6.19394868934746,16
5077,322000,9650000,0.686516484095462,5.23703290574456,8
5078,323000,9650000,0.472036879960629,4.21848856664808,9
5079,324000,9650000,0.601714891467898,4.07055214723926,9
5080,325000,9650000,0.72923031264844,4.78834355828221,14
5081,326000,9650000,0.590545679777957,4.73047964305633,10
5082,327000,9650000,0.718549229760364,5.27161182375906,11
5083,328000,9650000,0.689234854958238,5.32348020078081,10
5084,329000,9650000,0.607507935425997,4.90839375348578,10
5085,330000,9650000,0.787972176665881,4.67275515895148,9
5086,331000,9650000,0.982408460330585,3.1936001115449,9
5087,332000,9650000,1.05321585306107,3.09655605131065,10
5088,333000,9650000,1.02668037371733,3.80939765755717,24
5089,334000,9650000,1.09432609961346,4.2085192414947,24
5090,335000,9650000,1.18929268623624,13.9168293363079,33
5091,336000,9650000,1.00131488503137,20.6692693809258,36
5092,337000,9650000,0.561711613280428,27.529350250976,36
5093,338000,9650000,0.120816799433072,26.5238427216955,33
5094,339000,9650000,0.452165861029464,27.3524818739543,36
5095,340000,9650000,0.433828398385002,23.3341466815393,35
5096,341000,9650000,0.599590836120089,18.372420524261,32
5097,342000,9650000,0.515821713720211,17.7912018962632,28
5098,343000,9650000,0.624610143322562,16.9105549358617,26
5099,344000,9650000,0.703709650921411,16.3393753485778,27
5100,345000,9650000,0.67702686943243,16.5400167317345,26
5101,346000,9650000,0.694774281159368,16.0356246514222,26
5102,347000,9650000,0.691359631830594,13.4504322364752,23
5103,348000,9650000,0.72380915059737,12.7248326826548,23
5104,349000,9650000,0.798680952243414,13.5,22
5105,350000,9650000,0.501145909735521,10.6047824874512,21
5106,351000,9650000,0.485981346468989,8.29245677635248,16
5107,352000,9650000,0.86937017780517,5.58219464584495,14
5108,353000,9650000,0.681852215762181,3.82438650306748,13
5109,354000,9650000,0.860620257589325,2.06086168432794,11
5110,355000,9650000,0.845819854446758,1.5851226993865,10
5111,356000,9650000,0.852830355301009,2.05883993307306,11
5112,357000,9650000,0.963490817860081,3.38204127161182,11
5113,358000,9650000,1.08788362878188,3.55995538204127,14
5114,359000,9650000,0.928317419630137,4.77398215281651,14
5115,360000,9650000,1.0148605356617,4.08407696597881,13
5116,361000,9650000,1.0841326787238,3.69938650306748,12
5117,362000,9650000,1.07795137635031,4.2585052983826,15
5118,363000,9650000,1.07827479442825,4.49274958170664,16
5119,364000,9650000,0.937044342560454,2.43516452872281,12
5120,365000,9650000,0.914496756677527,2.6005298382599,10
5121,366000,9650000,0.835358807104072,2.14047685443391,14
5122,367000,9650000,0.863893422480836,2.44185722253207,14
5123,368000,9650000,0.844653188342257,2.86029001673173,8
5124,369000,9650000,0.553224031474232,0.948410485220301,7
5125,370000,9650000,0.230094312100354,0.281441717791411,4
5126,371000,9650000,0.604394735091421,0.908184606804239,6
5127,372000,9650000,0.720523387706992,1.4292387060792,6
5128,373000,9650000,1.03205210206446,2.86816787506972,22
5129,374000,9650000,0.960690864420226,2.88573619631902,22
5130,375000,9650000,0.325787770433531,0.318619582664527,4
5131,262000,9651000,1.12164916242264,4.68589025755879,17
5132,263000,9651000,0.981631222935277,5.53911042944785,17
5133,264000,9651000,1.087746961416,4.61015058561071,15
5134,265000,9651000,1.06512193905206,3.99226157278305,13
5135,266000,9651000,0.688902734599825,1.30925822643614,12
5136,267000,9651000,0.258777040720447,0.296639709983268,8
5137,268000,9651000,0.215302996142827,0.213608477412158,8
5138,269000,9651000,0.088129073669254,0.0753625209146681,6
5139,270000,9651000,0.351838350965959,0.45085052983826,9
5140,271000,9651000,0.327135685347551,0.405674846625767,9
5141,272000,9651000,0.284082241737635,0.324804796430563,10
5142,273000,9651000,0.38870533844011,0.505646960401562,9
5143,274000,9651000,0.74420826171308,1.33728388176241,13
5144,275000,9651000,0.634503453368844,1.0574456218628,11
5145,276000,9651000,0.906607641493971,2.35303959843837,15
5146,277000,9651000,1.06517664217488,3.24323759063023,15
5147,278000,9651000,1.08097038735641,3.48689347462354,14
5148,279000,9651000,0.901116229918148,5.92163970998327,16
5149,280000,9651000,0.881452282413138,6.54454824316787,17
5150,281000,9651000,0.847291038300017,7.15016731734523,17
5151,282000,9651000,0.734642186356796,9.15539598438371,20
5152,283000,9651000,1.21850558127707,6.62200223089794,20
5153,284000,9651000,0.758528917716033,16.7248326826548,26
5154,285000,9651000,0.554149318069586,18.095789180145,28
5155,286000,9651000,0.477762512298014,20.1748466257669,31
5156,287000,9651000,0.0748092911283279,22.6160066926938,31
5157,288000,9651000,0.756216927778842,21.2152816508645,35
5158,289000,9651000,0.491537400743134,21.3888036809816,32
5159,290000,9651000,0.357560835240168,18.7858337981037,28
5160,291000,9651000,0.658749624086705,17.0775237032906,27
5161,292000,9651000,0.953533943442039,23.1944366982711,37
5162,293000,9651000,0.653544842875601,29.4746235359732,39
5163,294000,9651000,0.388802128924435,27.0589793641941,39
5164,295000,9651000,0.406963046624719,27.8579894032348,35
5165,296000,9651000,0.601603958044186,29.0036252091467,40
5166,297000,9651000,0.687986577747016,30.3973089793642,40
5167,298000,9651000,0.533043103179806,28.6576965978806,36
5168,299000,9651000,0.590879250323677,28.2361266034579,40
5169,3e+05,9651000,0.553434192717804,32.9126464026771,42
5170,301000,9651000,0.355908728360151,35.1373396542108,46
5171,302000,9651000,0.261665175589275,35.2593418851088,46
5172,303000,9651000,0.319471146006881,34.425404350251,44
5173,304000,9651000,0.465645310307692,33.2734244283324,43
5174,305000,9651000,0.308630974441133,34.837911321807,44
5175,306000,9651000,0.390117442302067,35.311419408812,45
5176,307000,9651000,0.127068219293759,37.2117958728388,45
5177,308000,9651000,0.202762991876668,35.9171081985499,47
5178,309000,9651000,0.35662102617286,34.1759620747351,43
5179,310000,9651000,0.392865812815168,34.1159369771333,42
5180,311000,9651000,0.471084664383365,33.7110290016732,42
5181,312000,9651000,0.441165078773282,33.292805354155,41
5182,313000,9651000,0.326856245366586,33.6285554935862,40
5183,314000,9651000,0.646430919879322,31.5247490239822,41
5184,315000,9651000,0.534455396346331,33.351087562744,42
5185,316000,9651000,0.908676028840704,28.0068321249303,39
5186,317000,9651000,1.04942492068755,17.4967930842164,38
5187,318000,9651000,0.259550319752347,8.19346068042387,20
5188,319000,9651000,0.529281893705372,6.89981873954267,16
5189,320000,9651000,1.07821626119353,4.20914668153932,10
5190,321000,9651000,0.9606776514215,2.44129949804796,7
5191,322000,9651000,1.00401884056365,2.67317345231456,8
5192,323000,9651000,0.798113244962075,1.66271611823759,9
5193,324000,9651000,0.622051294899543,1.10791968767429,9
5194,325000,9651000,0.989849823589677,2.90992749581707,10
5195,326000,9651000,0.857240251603544,2.7601087562744,11
5196,327000,9651000,0.632537235707292,3.34739263803681,11
5197,328000,9651000,0.756780801415337,2.41452872281093,8
5198,329000,9651000,0.910440841790114,4.08470440602342,14
5199,330000,9651000,0.864918437289212,2.60199386503067,8
5200,331000,9651000,0.675768495074287,1.29064417177914,9
5201,332000,9651000,0.888217227643295,1.83644729503625,10
5202,333000,9651000,1.05186157141495,3.54189905186838,13
5203,334000,9651000,1.09262352685765,4.31929726715003,15
5204,335000,9651000,0.87719303571787,7.86635527049638,24
5205,336000,9651000,0.811559681353964,14.0246793084216,33
5206,337000,9651000,0.56970661919765,27.771472392638,34
5207,338000,9651000,0.0239917374432033,25.62228109314,33
5208,339000,9651000,0.381491201689176,27.6443112102621,36
5209,340000,9651000,0.504128170615734,20.4034439486893,35
5210,341000,9651000,0.706336813231653,15.9953290574456,28
5211,342000,9651000,0.613343710786216,17.1250697155605,27
5212,343000,9651000,0.654095594557607,16.6890686001115,26
5213,344000,9651000,0.624542319497651,17.1000418293363,27
5214,345000,9651000,0.733542742876164,16.2397518126046,26
5215,346000,9651000,0.693986801618875,16.2216954824317,26
5216,347000,9651000,0.861800435491002,12.9012130507529,23
5217,348000,9651000,0.847582098273256,12.7641522587842,21
5218,349000,9651000,0.602467636633724,12.281790295594,21
5219,350000,9651000,0.455596422316769,10.5536809815951,19
5220,351000,9651000,0.720751983264486,7.79824316787507,17
5221,352000,9651000,0.965216039967184,4.93537367540435,16
5222,353000,9651000,0.968666757193277,4.91829336307864,17
5223,354000,9651000,0.918198221712978,3.51903234802008,11
5224,355000,9651000,0.91466145660371,2.7696597880647,10
5225,356000,9651000,0.781516104697287,2.80235638594534,14
5226,357000,9651000,0.596126278205094,4.15302565532627,7
5227,358000,9651000,0.863112948531515,4.42575292805354,14
5228,359000,9651000,0.865883463026558,5.71479364194088,19
5229,360000,9651000,1.04890608045879,4.5446876742889,19
5230,361000,9651000,0.83659779977801,5.47601784718349,15
5231,362000,9651000,0.962643495411551,4.90992749581707,15
5232,363000,9651000,1.11126356234909,4.26624372559955,18
5233,364000,9651000,1.01269588467881,2.66194924707195,14
5234,365000,9651000,0.880851467862336,1.94548243167875,10
5235,366000,9651000,0.866513437529562,2.08923591745678,9
5236,367000,9651000,0.817249225795728,2.30716675962075,8
5237,368000,9651000,0.582446501988498,2.53701896263246,7
5238,369000,9651000,0.687915322259955,1.44011433351924,5
5239,370000,9651000,0.533043103179806,0.980131065253765,5
5240,371000,9651000,0.718788100919784,1.59007250418293,6
5241,372000,9651000,0.68970191546913,1.56720580033463,5
5242,373000,9651000,0.734066992928819,1.8446737311768,6
5243,374000,9651000,1.1540884446645,3.67561349693252,24
5244,375000,9651000,0.363836442686708,0.825040128410915,19
5245,262000,9652000,1.13275102497182,3.85358342665174,17
5246,263000,9652000,1.05091340672752,5.02007808142777,17
5247,264000,9652000,1.02606594865884,5.56100111544897,17
5248,265000,9652000,1.0656267063137,4.97329894032348,15
5249,266000,9652000,0.5190995866187,0.8648912437256,12
5250,267000,9652000,0.0652698779726184,0.19659788064696,5
5251,268000,9652000,0.169559154588902,0.231873954266592,7
5252,269000,9652000,0.136854356448685,0.132598996095929,7
5253,270000,9652000,0.0767018750956274,0.056260457334077,7
5254,271000,9652000,0,0.00327663134411601,1
5255,272000,9652000,0,0.00257947573898494,1
5256,273000,9652000,0.0542089472628763,0.0403653095370887,6
5257,274000,9652000,0.0187772185301801,0.00941160066926938,3
5258,275000,9652000,0.0480164993983622,0.0323480200780814,5
5259,276000,9652000,0.364421724269666,0.517428890128277,12
5260,277000,9652000,0.634269750915093,1.00815672058003,12
5261,278000,9652000,0.690377310671686,1.12967094255438,11
5262,279000,9652000,0.947549376571542,2.10290016731735,11
5263,280000,9652000,0.996400758804122,2.38943112102621,11
5264,281000,9652000,1.09747688090451,4.10659509202454,14
5265,282000,9652000,0.716789613078122,8.01087562744005,15
5266,283000,9652000,0.554584698587204,8.20503346346905,15
5267,284000,9652000,0.788556961380742,15.1787506971556,31
5268,285000,9652000,0.558862258772933,19.2990100390407,28
5269,286000,9652000,0.253663616894327,22.6443112102621,32
5270,287000,9652000,0.103182388575571,25.0527049637479,32
5271,288000,9652000,0.0315823549003336,25.3073759063023,32
5272,289000,9652000,0.182565829036576,26.6049219185722,33
5273,290000,9652000,0.209465624690224,21.6705242610151,31
5274,291000,9652000,0.703226282162524,18.7107501394311,33
5275,292000,9652000,0.665119895129958,24.7694506413832,37
5276,293000,9652000,0.448460645908308,27.4597044060234,35
5277,294000,9652000,0.471718926758339,28.2547406581149,35
5278,295000,9652000,0.551356207824448,28.9259620747351,34
5279,296000,9652000,0.576424777860362,29.0085052983826,40
5280,297000,9652000,0.65563766160699,29.7818600111545,40
5281,298000,9652000,0.598761666652486,29.0575153374233,36
5282,299000,9652000,0.67446509532778,30.9279141104294,40
5283,3e+05,9652000,0.133207239438272,35.9313301728946,44
5284,301000,9652000,0.26006884814107,35.4168990518684,45
5285,302000,9652000,0.206806714175281,36.4135527049637,47
5286,303000,9652000,0.0719322043665736,37.3479503625209,47
5287,304000,9652000,0.537066663349489,33.3379810373675,43
5288,305000,9652000,0.591411279919127,32.4245677635248,43
5289,306000,9652000,0.475186257079004,34.8542944785276,44
5290,307000,9652000,0.0312131133646106,36.0036252091467,44
5291,308000,9652000,0.451383089707169,34.4721137757948,44
5292,309000,9652000,0.653664883530982,32.2167456776352,44
5293,310000,9652000,0.551504631278628,32.8823898494144,44
5294,311000,9652000,0.562051763727627,32.6973647518126,43
5295,312000,9652000,0.340084610308711,33.6140546569994,42
5296,313000,9652000,0.936576181659182,28.2457473508087,40
5297,314000,9652000,1.01862559219903,20.3826687116564,37
5298,315000,9652000,0.975157486333851,17.2145147796988,39
5299,316000,9652000,0.694210227853694,10.6576268823201,34
5300,317000,9652000,0.737373457327776,6.09390686001115,15
5301,318000,9652000,0.956189453037154,5.57633853876185,18
5302,319000,9652000,1.11038991072055,4.4500139431121,16
5303,320000,9652000,0.857556019079536,1.88385387618516,9
5304,321000,9652000,0.560643874888408,1.21883714445064,4
5305,322000,9652000,0.691536120991645,1.81141940881205,4
5306,323000,9652000,0.699253118741111,1.55883993307306,7
5307,324000,9652000,0.686238671057011,1.43634969325153,7
5308,325000,9652000,0.864853748367221,2.21674567763525,12
5309,326000,9652000,0.990131432812353,2.74198271054099,17
5310,327000,9652000,0.84402298422289,2.4659788064696,11
5311,328000,9652000,0.841259148567282,2.27565532626882,12
5312,329000,9652000,1.04962857532503,3.25815672058003,13
5313,330000,9652000,0.953742862775126,2.606385945343,10
5314,331000,9652000,0.889720329408346,2.07299219185722,9
5315,332000,9652000,1.05510177521261,3.19994422755159,12
5316,333000,9652000,1.01623907931525,3.21779141104294,13
5317,334000,9652000,1.04205091126638,2.85422476296709,15
5318,335000,9652000,0.799296786620393,7.12632459564975,15
5319,336000,9652000,1.0281170197093,18.0819854991634,38
5320,337000,9652000,0.548497884881674,27.4634690462911,36
5321,338000,9652000,0.144937686791363,25.6568600111545,36
5322,339000,9652000,0.437462203925042,27.6003206915784,36
5323,340000,9652000,0.615004683707348,18.5330451756832,32
5324,341000,9652000,0.699098339788679,15.5905605131065,26
5325,342000,9652000,0.543382834732012,17.1642498605689,27
5326,343000,9652000,0.703350229242672,16.1749163413274,29
5327,344000,9652000,0.790828980054016,15.4211517010597,27
5328,345000,9652000,0.858006040990941,15.2875766871166,25
5329,346000,9652000,0.723977238892403,14.3318460680424,24
5330,347000,9652000,0.757600548475421,13.5023006134969,22
5331,348000,9652000,0.372159078964964,13.0854712771891,19
5332,349000,9652000,0.24843134941403,11.6705939765756,17
5333,350000,9652000,0.321630328464949,9.33819018404908,17
5334,351000,9652000,0.372231250798411,9.41815393195761,17
5335,352000,9652000,0.616779254711005,7.8994701617401,17
5336,353000,9652000,0.884633527017178,4.40128276631344,15
5337,354000,9652000,0.98258640606019,2.85812883435583,13
5338,355000,9652000,0.968233534897607,2.49233128834356,14
5339,356000,9652000,0.799793382891753,2.09244283324038,14
5340,357000,9652000,0.723665026558039,4.16836307863915,10
5341,358000,9652000,0.697460594198726,5.55619074177356,11
5342,359000,9652000,0.689896564931461,5.64173173452315,11
5343,360000,9652000,0.709442691662427,6.29887060791969,15
5344,361000,9652000,0.778197973062604,6.02467930842164,15
5345,362000,9652000,0.591274617483668,7.19067205800335,15
5346,363000,9652000,0.857688905845879,6.07452593418851,16
5347,364000,9652000,1.04695361099036,4.63427216954824,15
5348,365000,9652000,1.00573946190704,3.76972950362521,15
5349,366000,9652000,0.783145443309191,2.56239542665923,7
5350,367000,9652000,0.643324141640216,2.43467651979922,6
5351,368000,9652000,0.677926649206859,1.88155326268823,6
5352,369000,9652000,0.648927085210405,1.93251533742331,5
5353,370000,9652000,0.694926614475382,1.74525934188511,6
5354,371000,9652000,0.778602698431347,1.60938371444506,15
5355,372000,9652000,0.728078133155851,2.67226715002789,15
5356,373000,9652000,0.81413049279715,2.23312883435583,6
5357,374000,9652000,1.12203937131431,3.05228667038483,24
5358,375000,9652000,1.1421285293473,4.2800963081862,20
5359,262000,9653000,0.902765049254081,2.02295632698768,13
5360,263000,9653000,1.06336747988659,3.19889849414389,17
5361,264000,9653000,1.09117145962961,3.72573898494144,16
5362,265000,9653000,1.05543237670069,4.6968070273285,15
5363,266000,9653000,1.06272494663618,3.35352760736196,13
5364,267000,9653000,0.205022583169657,0.327314556609035,8
5365,268000,9653000,0.150128931240139,0.171430563301729,8
5366,269000,9653000,0.040566611513667,0.0285136642498606,7
5367,270000,9653000,0.000736966826317306,0.000418293363078639,2
5368,271000,9653000,0.0114712841999987,0.00669269380925823,3
5369,272000,9653000,0.0171157367421217,0.00808700501952036,3
5370,273000,9653000,0,0,0
5371,274000,9653000,0.0596728320671947,0.0409927495817066,5
5372,275000,9653000,0.0149933975956767,0.00878416062465142,4
5373,276000,9653000,0.0216173076149295,0.0110150585610708,4
5374,277000,9653000,0.0123684263210852,0.0174288901282766,3
5375,278000,9653000,0.040420499994389,0.0486614612381484,6
5376,279000,9653000,0.228653303958911,0.228179029559398,7
5377,280000,9653000,0.256775573129838,0.278443948689347,8
5378,281000,9653000,0.967349977397835,2.26875348577803,13
5379,282000,9653000,0.972457310163301,7.1797964305633,22
5380,283000,9653000,0.629301657605727,8.64389291689905,22
5381,284000,9653000,0.662610692875169,17.3088399330731,31
5382,285000,9653000,0,22.8557585052984,28
5383,286000,9653000,0.00256125298663735,23.1396402677078,31
5384,287000,9653000,0.049676683726487,24.7518126045733,32
5385,288000,9653000,0.0394801862475502,25.3493446737312,32
5386,289000,9653000,0.235769431733985,27.1894171779141,34
5387,290000,9653000,0.267294280818252,26.9225460122699,34
5388,291000,9653000,0.417522746846455,27.2976157278305,35
5389,292000,9653000,0.501290284881928,27.6444506413832,35
5390,293000,9653000,0.371582793345072,27.9059537088678,35
5391,294000,9653000,0.617324372642778,29.1006692693809,37
5392,295000,9653000,0.480680905623212,28.2192554378137,37
5393,296000,9653000,0.355766125136466,27.7606664807585,35
5394,297000,9653000,0.692524850766096,30.1952035694367,39
5395,298000,9653000,0.585884226989853,31.9607501394311,40
5396,299000,9653000,0.664650799232266,31.3092582264361,40
5397,3e+05,9653000,0.221049101337156,37.1682933630786,44
5398,301000,9653000,0.202966115717713,37.0892359174568,45
5399,302000,9653000,0.270949441258674,35.9897518126046,47
5400,303000,9653000,0.0380738999334037,37.4817345231456,47
5401,304000,9653000,0.279531517643213,35.3494143892917,43
5402,305000,9653000,0.485579404158258,33.8268265476854,43
5403,306000,9653000,0.62006559708509,32.6661321807027,43
5404,307000,9653000,0.315104624295197,34.3805075292805,43
5405,308000,9653000,0.488804512046439,33.5329057445622,45
5406,309000,9653000,0.639687220420704,32.2453290574456,45
5407,310000,9653000,0.616406073441803,32.3646123814835,44
5408,311000,9653000,0.678610740332748,31.5215421081985,41
5409,312000,9653000,0.689296399416931,30.9564974902398,42
5410,313000,9653000,1.00516628858662,18.5272587841606,40
5411,314000,9653000,0.060456259399942,8.95642777467931,18
5412,315000,9653000,0.125769594303894,8.24630507529281,18
5413,316000,9653000,0.920913409612423,5.44820133853876,13
5414,317000,9653000,0.876707288940687,2.26059676519799,13
5415,318000,9653000,0.982352453445075,2.89291689905187,14
5416,319000,9653000,0.947190480357598,3.55877021751255,12
5417,320000,9653000,0.774766488541604,1.77349414389292,12
5418,321000,9653000,0.605686163528465,1.3505298382599,5
5419,322000,9653000,0.690309993063178,1.89221974344674,5
5420,323000,9653000,0.752668623947253,1.57654768544339,7
5421,324000,9653000,0.595418064629765,2.662228109314,6
5422,325000,9653000,0.797067367003693,2.99051868377022,12
5423,326000,9653000,0.711849544564254,4.20684606804239,14
5424,327000,9653000,0.647183697324852,2.72790016731735,9
5425,328000,9653000,0.65119116704297,3.14703011712214,10
5426,329000,9653000,0.734728691856936,3.71346904629113,10
5427,330000,9653000,0.848189269311032,3.30179866146124,9
5428,331000,9653000,0.881856937296228,2.42212771890686,10
5429,332000,9653000,1.06473157000969,3.28367261572783,11
5430,333000,9653000,1.07185756634617,4.26561628555494,15
5431,334000,9653000,1.02402354605799,4.84293084216397,15
5432,335000,9653000,0.495713754709022,8.52056609035137,34
5433,336000,9653000,1.07721703711597,25.6227691020636,39
5434,337000,9653000,0.551596892222342,28.0064138315672,39
5435,338000,9653000,0.458320486500276,27.3982152816509,37
5436,339000,9653000,0.527816539964956,26.8882459564975,37
5437,340000,9653000,0.656618550635513,22.2693112102621,38
5438,341000,9653000,0.772059330271599,16.1312046848857,33
5439,342000,9653000,0.694408877655468,16.2043363078639,28
5440,343000,9653000,0.669400927954537,16.4919129949805,29
5441,344000,9653000,0.714439280434219,15.4012130507529,22
5442,345000,9653000,0.68697787738128,14.5848438371445,22
5443,346000,9653000,0.694799816348008,15.1960401561629,23
5444,347000,9653000,0.77573369834012,12.9645147796988,22
5445,348000,9653000,0.328925844438582,13.316717791411,18
5446,349000,9653000,0.201880632991322,11.3438371444506,17
5447,350000,9653000,0.334393516447617,8.85687395426659,19
5448,351000,9653000,0.533913561907283,9.92198828778583,20
5449,352000,9653000,1.01282777842257,4.76289737869492,17
5450,353000,9653000,0.578983918105059,2.89898215281651,11
5451,354000,9653000,1.04980458241116,3.36447295036252,16
5452,355000,9653000,0.933204104349956,2.20698549916341,17
5453,356000,9653000,1.02969702706257,2.80702732849972,10
5454,357000,9653000,0.738227911422916,5.37151422197435,12
5455,358000,9653000,0.65579321337064,5.88901282766313,14
5456,359000,9653000,0.668739522428663,5.83693530395984,13
5457,360000,9653000,0.678392196603001,5.41418014500837,14
5458,361000,9653000,0.637206760179113,6.05835192414947,13
5459,362000,9653000,0.600957654864455,7.37095649749024,18
5460,363000,9653000,1.02676690111686,6.25780814277747,19
5461,364000,9653000,1.00722930528034,6.68627997769102,19
5462,365000,9653000,1.0903581533128,6.29747629670943,20
5463,366000,9653000,0.880494406410111,2.98654489682097,12
5464,367000,9653000,0.714166838715805,2.04092303402119,12
5465,368000,9653000,0.522466381613628,2.62506971556051,6
5466,369000,9653000,0.577713998938056,2.41906023424428,6
5467,370000,9653000,0.553434192717804,2.33435582822086,5
5468,371000,9653000,0.629020318283917,1.99804796430563,6
5469,372000,9653000,0.816552776389021,2.32145844952593,8
5470,373000,9653000,0.758599731641996,2.05988566648076,6
5471,374000,9653000,0.880666263885334,1.96758226436141,7
5472,375000,9653000,0.970292845851934,2.56340288924559,6
5473,262000,9654000,0.689880429643699,1.73936170212766,17
5474,263000,9654000,0.832890816666422,2.00146402677078,18
5475,264000,9654000,1.04947601669735,3.25,24
5476,265000,9654000,1.08800892608275,5.02356385945343,17
5477,266000,9654000,0.945765430072187,2.35262130507529,13
5478,267000,9654000,0.00198111478234492,0.0162437255995538,2
5479,268000,9654000,0.100871433702663,0.0872141662018963,6
5480,269000,9654000,0.0562428672286152,0.0376464026770775,6
5481,270000,9654000,0,6.97155605131065e-05,1
5482,271000,9654000,0.0880650446120827,0.0684606804238706,6
5483,272000,9654000,0.0322860838279583,0.0296988287785834,6
5484,273000,9654000,0.0157302184564302,0.00829615170105968,6
5485,274000,9654000,0.160662642477808,0.151422197434467,6
5486,275000,9654000,0.0175339680174116,0.0102481873954267,5
5487,276000,9654000,0,0.000697155605131065,1
5488,277000,9654000,0,0.0167317345231456,1
5489,278000,9654000,0,0.0167317345231456,1
5490,279000,9654000,0.232562746409041,0.21834913552705,4
5491,280000,9654000,0.222017942113271,0.212911321807027,8
5492,281000,9654000,0.715212730542276,1.28576408254322,12
5493,282000,9654000,1.11501860275807,6.24609592861127,22
5494,283000,9654000,0.673225234703206,7.37869492470719,22
5495,284000,9654000,0.813159523704313,13.2935025097602,27
5496,285000,9654000,0.00137728250361463,23.2626185164529,29
5497,286000,9654000,0.00137728250361463,21.186001115449,27
5498,287000,9654000,0.0072555700506393,23.5780117122142,31
5499,288000,9654000,0.0710344970870008,25.3159509202454,32
5500,289000,9654000,0.137561383958584,26.8531093139989,33
5501,290000,9654000,0.263255695043869,26.5511712214166,35
5502,291000,9654000,0.477893090538506,27.5577244841049,35
5503,292000,9654000,0.558317285696142,28.9312604573341,36
5504,293000,9654000,0.623779618105177,29.5732013385388,36
5505,294000,9654000,0.308790013845213,28.1430563301729,35
5506,295000,9654000,0.353764634028275,27.3939626324596,36
5507,296000,9654000,0.686676600768242,29.9490379252649,40
5508,297000,9654000,0.653264009806498,31.3845510317903,39
5509,298000,9654000,0.412837117632886,33.210331846068,41
5510,299000,9654000,0.411719074228882,33.0131065253765,41
5511,3e+05,9654000,0.149152854727056,37.7215560513106,45
5512,301000,9654000,0.461427121684538,35.5566090351366,46
5513,302000,9654000,0.572805921858672,33.8667038482989,47
5514,303000,9654000,0.310852282728118,35.7217651979922,47
5515,304000,9654000,0.319936404542873,34.9745538204127,44
5516,305000,9654000,0.252360317580462,35.2948968209704,43
5517,306000,9654000,0.475186257079004,33.6157278304518,44
5518,307000,9654000,0.468109050397714,33.3575711098717,41
5519,308000,9654000,0.266069085485521,34.3368655883993,43
5520,309000,9654000,0.644165342953326,31.8897796988288,41
5521,310000,9654000,0.782215589222331,30.2619213608477,42
5522,311000,9654000,0.789928558926157,28.6035973229225,42
5523,312000,9654000,0.81081006945745,27.6544199665365,45
5524,313000,9654000,1.04526858299062,19.3008226436141,45
5525,314000,9654000,0.124581527507165,8.18286391522588,14
5526,315000,9654000,0.681094017036443,7.03757668711656,17
5527,316000,9654000,1.05352218973073,3.26310652537646,17
5528,317000,9654000,0.957387967887703,2.3186001115449,10
5529,318000,9654000,1.07474111395748,4.27990797546012,14
5530,319000,9654000,0.955406095944566,5.15086447295036,14
5531,320000,9654000,0.904767991226769,2.86210262130508,10
5532,321000,9654000,0.69791135432492,2.34802007808143,6
5533,322000,9654000,0.736551073463625,3.28736754043502,8
5534,323000,9654000,0.991545891552374,3.2898773006135,8
5535,324000,9654000,0.816254132165471,3.17059397657557,8
5536,325000,9654000,0.779340564130049,3.27955939765756,12
5537,326000,9654000,0.936232181584276,3.55549358616843,11
5538,327000,9654000,0.924757148133291,3.25711098717234,13
5539,328000,9654000,0.678413674338459,3.76972950362521,13
5540,329000,9654000,0.67159462896848,4.09648633575014,11
5541,330000,9654000,0.423986554768948,3.80270496374791,8
5542,331000,9654000,0.854725944555011,3.39940044617959,11
5543,332000,9654000,1.03749382089138,3.39793641940881,11
5544,333000,9654000,1.0727453411897,4.46284160624651,15
5545,334000,9654000,0.814090162143412,5.80047406581149,15
5546,335000,9654000,0.540070672360924,8.87904350250976,30
5547,336000,9654000,1.0704544012715,24.8172058003346,39
5548,337000,9654000,0.551276119443767,28.0232152816509,36
5549,338000,9654000,0.192151868886909,25.6457752370329,35
5550,339000,9654000,0.128744161549853,23.8045872838818,31
5551,340000,9654000,0.18539685586361,22.8159509202454,32
5552,341000,9654000,0.584434990932383,18.6929029559398,32
5553,342000,9654000,0.697658098701924,16.2704266592303,29
5554,343000,9654000,0.643087806435085,16.4157138873397,25
5555,344000,9654000,0.681883449772229,16.2527886224205,25
5556,345000,9654000,0.666067867439234,14.6559537088678,22
5557,346000,9654000,0.614721526340178,13.6021332961517,20
5558,347000,9654000,0.597926199529796,10.6740797546012,19
5559,348000,9654000,0.272747451382639,11.7792805354155,19
5560,349000,9654000,0.285607904836311,9.85778025655326,16
5561,350000,9654000,0.658230294060666,7.46130786391523,18
5562,351000,9654000,0.981581719569796,6.60687395426659,20
5563,352000,9654000,0.98261300792992,4.07508365867262,13
5564,353000,9654000,0.818824226398102,2.6079894032348,12
5565,354000,9654000,1.00377077793897,2.8648912437256,15
5566,355000,9654000,0.913683077352506,2.1239542665923,15
5567,356000,9654000,0.856226503286242,3.22783045175683,10
5568,357000,9654000,0.604323734707942,4.76896263245956,12
5569,358000,9654000,0.514856787252123,5.13747908533185,12
5570,359000,9654000,0.584543739244926,5.17986614612381,11
5571,360000,9654000,0.645111562777298,5.356385945343,11
5572,361000,9654000,0.582363685480536,5.95824037925265,13
5573,362000,9654000,0.896529480972923,5.40895147796988,13
5574,363000,9654000,1.12053278091844,3.95698549916341,19
5575,364000,9654000,1.09035489238789,3.5835192414947,19
5576,365000,9654000,0.907659924538839,3.65421081985499,17
5577,366000,9654000,0.779393850949014,3.75599553820413,14
5578,367000,9654000,0.910789923932151,2.90595370886782,16
5579,368000,9654000,0.440421917281194,3.53966815393196,16
5580,369000,9654000,0.517638797579313,2.66160066926938,9
5581,370000,9654000,0.477265255468725,2.52007808142777,6
5582,371000,9654000,0.654815500731061,2.02293641940881,5
5583,372000,9654000,0.762364430670189,1.81455660903514,7
5584,373000,9654000,0.57130140898487,1.01896263245956,6
5585,374000,9654000,0.615234154943385,1.21688510875627,6
5586,375000,9654000,0.611339560888165,0.991573033707865,5
5587,262000,9655000,0.171271872420174,0.160974244120941,6
5588,263000,9655000,0.31621614322148,0.398424428332404,18
5589,264000,9655000,1.19752248521907,5.14445064138316,24
5590,265000,9655000,1.06104447268204,5.25822643614055,19
5591,266000,9655000,0.985764570265489,2.37918293363079,19
5592,267000,9655000,0.0845669826620396,0.124442275515895,9
5593,268000,9655000,0.102650773023538,0.112730061349693,7
5594,269000,9655000,0.00367224694793965,0.00955103179029559,3
5595,270000,9655000,0.0818892083539001,0.0685303959843837,5
5596,271000,9655000,0.509731506744241,0.76143335192415,12
5597,272000,9655000,0.200015554652,0.188301728945901,6
5598,273000,9655000,0.0969070163761904,0.0768962632459565,7
5599,274000,9655000,0.328215383116162,0.384132738427217,6
5600,275000,9655000,0.0850312633333482,0.0663692136084774,5
5601,276000,9655000,0.0082220933126644,0.00488008923591746,2
5602,277000,9655000,0,0.00892359174567764,1
5603,278000,9655000,0.00256125298663735,0.0188232013385388,2
5604,279000,9655000,0.156986162180608,0.13622420524261,4
5605,280000,9655000,0.214396494281871,0.233268265476854,7
5606,281000,9655000,0.859785867552218,1.72016174010039,11
5607,282000,9655000,1.07192797930419,3.71054099274958,19
5608,283000,9655000,1.05557575162967,7.31107083100948,22
5609,284000,9655000,0.884311654719991,10.2436558839933,23
5610,285000,9655000,0.209264528359028,19.3420942554378,25
5611,286000,9655000,0.224342975505753,20.9778304517568,27
5612,287000,9655000,0.447556652942851,20.2285973229225,27
5613,288000,9655000,0.0335481672584146,23.1006692693809,31
5614,289000,9655000,0.0509945934117966,25.6528165086447,32
5615,290000,9655000,0.188727048460813,26.0420384829894,35
5616,291000,9655000,0.501386636890149,27.4505716675962,35
5617,292000,9655000,0.658871029836006,29.6534439486893,40
5618,293000,9655000,0.629052744067615,29.3331009481316,38
5619,294000,9655000,0.531138611240312,28.6135666480758,37
5620,295000,9655000,0.489194044750491,27.904071388734,40
5621,296000,9655000,0.66355951004529,31.154350250976,40
5622,297000,9655000,0.470024922741628,32.648912437256,39
5623,298000,9655000,0.646474566292838,31.6425683212493,39
5624,299000,9655000,0.491798884189888,32.5714584495259,40
5625,3e+05,9655000,0.593523932712742,33.0773842721695,43
5626,301000,9655000,0.639544021806836,32.2922476296709,44
5627,302000,9655000,0.653202954915669,32.6215142219743,47
5628,303000,9655000,0.355985892391115,35.4876603457892,47
5629,304000,9655000,0.386556304890979,34.3814138315672,45
5630,305000,9655000,0.244880961787515,34.8008923591746,43
5631,306000,9655000,0.5881721795752,32.3311489124373,42
5632,307000,9655000,0.497486764246838,33.4992331288344,45
5633,308000,9655000,0.486489727675226,32.9263803680982,42
5634,309000,9655000,0.842400539014381,29.1438929168991,46
5635,310000,9655000,1.08251870200413,22.9914947016174,46
5636,311000,9655000,0.95423716005194,20.9097183491355,39
5637,312000,9655000,0.903322530101801,21.2734941438929,41
5638,313000,9655000,0.794729685053782,17.5600250976018,41
5639,314000,9655000,0.888406827625024,10.497420524261,25
5640,315000,9655000,1.16300499290664,4.82131901840491,24
5641,316000,9655000,1.0134714826489,2.86928332403793,17
5642,317000,9655000,1.08613894009694,3.55012548800892,11
5643,318000,9655000,0.992284192873211,4.58958449525934,20
5644,319000,9655000,0.777388853099689,5.4707194645845,16
5645,320000,9655000,0.835518346998648,4.98417456776352,15
5646,321000,9655000,0.704046554970978,4.60931399888455,9
5647,322000,9655000,0.618819274537368,5.9728806469604,10
5648,323000,9655000,0.466485437101898,7.32271332961517,16
5649,324000,9655000,0.799461343900741,4.92958728388176,10
5650,325000,9655000,1.03357683705803,3.59125766871166,9
5651,326000,9655000,0.906251432620578,3.85840769659788,10
5652,327000,9655000,0.909120126059755,5.80925822643614,12
5653,328000,9655000,0.719840694692828,6.90713887339654,19
5654,329000,9655000,0.839116278181985,6.47845789180145,24
5655,330000,9655000,0.779765544536683,4.05005577244841,14
5656,331000,9655000,0.988196543631505,4.08791132180703,18
5657,332000,9655000,0.913161848270639,2.13622420524261,12
5658,333000,9655000,1.03670133101261,4.30284439486893,12
5659,334000,9655000,0.890046887570528,7.06762409369771,30
5660,335000,9655000,1.12221203708893,14.7110987172337,36
5661,336000,9655000,0.811434462630555,26.829615170106,38
5662,337000,9655000,0.341952968126454,26.07201617401,37
5663,338000,9655000,0.369187533829996,25.92526491913,39
5664,339000,9655000,0.62187368881112,24.3954266592303,39
5665,340000,9655000,0.571774310762233,22.2882738427217,38
5666,341000,9655000,0.818917514844781,18.0411321807027,40
5667,342000,9655000,0.674615860358954,16.2760039040714,28
5668,343000,9655000,0.690155214067193,14.7280395984384,23
5669,344000,9655000,0.6966471697305,15.5228667038483,25
5670,345000,9655000,0.516605181090936,13.3952175125488,20
5671,346000,9655000,0.434237830327405,12.3263385387619,19
5672,347000,9655000,0.320015718396295,11.2483965421082,18
5673,348000,9655000,0.27073611075408,11.4979782487451,19
5674,349000,9655000,0.692158447935758,8.67359174567764,17
5675,350000,9655000,1.0315747742573,6.29071388733965,19
5676,351000,9655000,0.791597690399574,6.44234523145566,14
5677,352000,9655000,0.984506440744636,5.555842163971,18
5678,353000,9655000,1.00243836054519,2.76220022308979,15
5679,354000,9655000,1.0294262487125,3.88915225878416,14
5680,355000,9655000,0.791090998043224,3.08805075292805,14
5681,356000,9655000,0.724030194925974,2.53130228667038,8
5682,357000,9655000,0.639905703794329,4.89047685443391,7
5683,358000,9655000,0.630051315020022,4.89633296151701,9
5684,359000,9655000,0.709460186018425,5.55730619074177,11
5685,360000,9655000,0.703836628991314,5.62723089793642,12
5686,361000,9655000,0.792795603074457,5.46137757947574,13
5687,362000,9655000,0.85018267691839,4.31079196876743,13
5688,363000,9655000,0.8028150531327,4.77795593976576,16
5689,364000,9655000,0.937715396767263,4.86761015058561,16
5690,365000,9655000,0.805493759570289,5.49923312883436,17
5691,366000,9655000,0.77681811070224,4.2590630228667,8
5692,367000,9655000,0.814088204244859,4.46158672615728,16
5693,368000,9655000,0.954906927042272,3.97009202453988,19
5694,369000,9655000,0.593560050223857,2.48054935861684,9
5695,370000,9655000,0.630131773018539,2.12304796430563,5
5696,371000,9655000,0.700915998772339,1.69903792526492,6
5697,372000,9655000,0.885295070457064,2.06567205800335,7
5698,373000,9655000,0.775245199958409,1.61761015058561,7
5699,374000,9655000,0.73306227362164,1.51875348577803,7
5700,375000,9655000,0.609649962346608,1.09149277688604,6
5701,262000,9656000,0.10510289301357,0.11030235162374,5
5702,263000,9656000,0.432241569991312,0.586029001673173,12
5703,264000,9656000,1.09119456534874,5.2558561070831,17
5704,265000,9656000,1.02478718939421,5.87437255995538,19
5705,266000,9656000,1.09264978016649,4.44081148912437,18
5706,267000,9656000,0.390835684556326,0.731037367540435,12
5707,268000,9656000,0.0477177119682847,0.0404350250976018,6
5708,269000,9656000,0.129538570739495,0.110847741215839,6
5709,270000,9656000,0.19143413663837,0.200362520914668,5
5710,271000,9656000,0.117593694878296,0.102900167317345,8
5711,272000,9656000,0.0345023232538111,0.0185443390964863,4
5712,273000,9656000,0.0593577131894437,0.0398773006134969,5
5713,274000,9656000,0.128315287211725,0.108825989960959,6
5714,275000,9656000,0.0640380170508897,0.0486614612381484,5
5715,276000,9656000,0.0380738999334037,0.0239821528165086,5
5716,277000,9656000,0.00963758895601344,0.00711098717233687,4
5717,278000,9656000,0.00198111478234492,0.0103179029559398,2
5718,279000,9656000,0.0689268753789877,0.0589793641940881,4
5719,280000,9656000,0.661274719656367,1.03367261572783,8
5720,281000,9656000,0.836315042512523,1.61370607919688,12
5721,282000,9656000,0.938227550289998,2.35422476296709,11
5722,283000,9656000,1.11330767403909,7.95419687674289,25
5723,284000,9656000,0.875061151005038,9.24993028443949,22
5724,285000,9656000,0.966487261123745,14.4157836029002,24
5725,286000,9656000,0.0900963863627005,20.5646263245957,28
5726,287000,9656000,0.172094657750964,22.0349274958171,31
5727,288000,9656000,0.311642881181907,20.8269659788065,28
5728,289000,9656000,0.0391297546662293,25.0448968209704,31
5729,290000,9656000,0.30926678556516,27.6134272169548,33
5730,291000,9656000,0.654776118980249,29.3567345231456,39
5731,292000,9656000,0.530964804193275,32.6749860568879,42
5732,293000,9656000,0.685906916673106,31.3102342442833,41
5733,294000,9656000,0.684329988760231,30.2459564974902,38
5734,295000,9656000,0.689584995949589,30.8140686001115,40
5735,296000,9656000,0.38456439093985,33.3066090351366,40
5736,297000,9656000,0.423482251334393,33.287088678193,41
5737,298000,9656000,0.586635184376034,32.2801868377022,39
5738,299000,9656000,0.650106466020296,31.3620329057446,41
5739,3e+05,9656000,0.683839751398866,31.0682515337423,42
5740,301000,9656000,0.601865722233682,32.3037506971556,44
5741,302000,9656000,0.684206021059741,31.0723647518126,42
5742,303000,9656000,0.176386988991985,35.8346346904629,46
5743,304000,9656000,0.338743531058424,34.0898633575014,42
5744,305000,9656000,0.571193638547163,32.2268544339097,41
5745,306000,9656000,0.700935021190498,30.6213747908533,39
5746,307000,9656000,0.844510793584312,28.497141662019,45
5747,308000,9656000,0.950629057538449,23.4764361405466,39
5748,309000,9656000,0.941763484922574,20.2224623535973,39
5749,310000,9656000,0.934324914398065,18.2628973786949,39
5750,311000,9656000,0.843124715456162,16.6841885108756,37
5751,312000,9656000,0.777411710892021,15.7699386503067,34
5752,313000,9656000,0.785310192157127,11.7672894590072,29
5753,314000,9656000,1.22214026887827,9.48738148354713,29
5754,315000,9656000,0.957021831767999,2.94931678750697,20
5755,316000,9656000,0.912562588269654,5.74274958170664,17
5756,317000,9656000,0.63961864277417,7.07961517010597,18
5757,318000,9656000,0.77020747832559,5.05870050195204,15
5758,319000,9656000,0.717090396152192,5.81232571109872,20
5759,320000,9656000,0.909861628713496,4.66459843837144,15
5760,321000,9656000,0.894703274923139,4.82849972113776,11
5761,322000,9656000,0.548460148224766,5.90567484662577,17
5762,323000,9656000,0.835175875292234,6.19401840490798,18
5763,324000,9656000,0.996304860758265,2.70071109871723,9
5764,325000,9656000,1.07587412607946,3.91097322922476,9
5765,326000,9656000,0.923893549635301,3.6919966536531,9
5766,327000,9656000,0.596330625742057,8.26568600111545,20
5767,328000,9656000,0.55590467031699,11.5322085889571,25
5768,329000,9656000,0.73079192978002,10.0589096486336,24
5769,330000,9656000,0.874726117492144,6.06281372002231,20
5770,331000,9656000,0.830173716304743,4.44708588957055,17
5771,332000,9656000,0.951675263653417,3.57124930284439,12
5772,333000,9656000,1.01371483855397,4.60011154489682,12
5773,334000,9656000,0.894135786290783,7.12939208031233,30
5774,335000,9656000,1.07374128781463,16.6854433909649,35
5775,336000,9656000,0.579073311376138,26.9208728388176,36
5776,337000,9656000,0.276939145234343,25.8148354712772,37
5777,338000,9656000,0.994446217937727,19.0239821528165,37
5778,339000,9656000,0.605104808243423,22.8952175125488,37
5779,340000,9656000,0.885021197420282,22.9207334076966,38
5780,341000,9656000,0.89946490085315,17.0196597880647,40
5781,342000,9656000,0.678680256721211,15.0752230897936,30
5782,343000,9656000,0.602586287637692,14.3215281650864,25
5783,344000,9656000,0.646958917392758,14.6624372559955,22
5784,345000,9656000,0.455723660754053,13.3599414389292,21
5785,346000,9656000,0.568166234632946,13.7004322364752,21
5786,347000,9656000,0.578013491385445,12.122420524261,21
5787,348000,9656000,0.411406260206521,11.1091745677635,21
5788,349000,9656000,0.769447912615805,8.07243446737312,16
5789,350000,9656000,0.889290949128263,6.57473508087005,19
5790,351000,9656000,0.92725171802543,5.15386224205243,13
5791,352000,9656000,0.967297862274049,4.50027886224205,13
5792,353000,9656000,0.989855524522595,2.61307863915226,15
5793,354000,9656000,0.987226737820687,2.85966257668712,15
5794,355000,9656000,0.797983863558743,2.32571109871723,13
5795,356000,9656000,0.72673064805028,2.19380925822644,6
5796,357000,9656000,0.755004476886148,4.71200501952036,10
5797,358000,9656000,0.805010521746071,4.28060513106525,10
5798,359000,9656000,0.877194445565961,4.3319157836029,14
5799,360000,9656000,0.948694173312187,4.13636363636364,14
5800,361000,9656000,0.655632299058295,3.66111266034579,12
5801,362000,9656000,0.669580334789857,3.6670384829894,13
5802,363000,9656000,0.593798501410728,4.42693809258226,16
5803,364000,9656000,0.711595920489462,4.4478527607362,14
5804,365000,9656000,0.81380893297466,5.2473508087005,13
5805,366000,9656000,0.864644792527984,5.02175125488009,18
5806,367000,9656000,0.843044345404792,4.33344952593419,15
5807,368000,9656000,0.974841108081745,3.68174846625767,16
5808,369000,9656000,0.874964954874681,2.17847183491355,14
5809,370000,9656000,0.669270340126866,1.84411600669269,5
5810,371000,9656000,0.773878427667933,1.96270217512549,7
5811,372000,9656000,0.934366783217694,2.71549079754601,7
5812,373000,9656000,0.754646695946406,1.6031790295594,7
5813,374000,9656000,0.913871571047107,1.97190462911322,7
5814,375000,9656000,0.872110123008123,1.80818619582665,7
5815,262000,9657000,0.652078002083138,1.95744680851064,13
5816,263000,9657000,0.648072103183396,1.75195203569437,14
5817,264000,9657000,0.820083379407453,2.0377858337981,17
5818,265000,9657000,0.990574256965256,5.9436001115449,17
5819,266000,9657000,1.07808007721918,5.2271332961517,17
5820,267000,9657000,0.810993983394335,1.78597322922476,13
5821,268000,9657000,0.0326842930831004,0.0946040156162856,4
5822,269000,9657000,0.0158488228290157,0.0962771890686001,3
5823,270000,9657000,0.0224145375174216,0.0727133296151701,3
5824,271000,9657000,0.0232059366013629,0.0151282766313441,4
5825,272000,9657000,0.0149933975956767,0.00738984941438929,5
5826,273000,9657000,0.025547387175196,0.0129670942554378,5
5827,274000,9657000,0.0836075873007998,0.0587702175125488,5
5828,275000,9657000,0.0443111837487668,0.027467930842164,5
5829,276000,9657000,0.0671054770826686,0.0492889012827663,5
5830,277000,9657000,0.0334142247704826,0.0192414947016174,4
5831,278000,9657000,0.0110180198229499,0.0109453430005577,2
5832,279000,9657000,0.331698493028481,0.383435582822086,7
5833,280000,9657000,0.577355688947223,0.860429447852761,9
5834,281000,9657000,0.846330034679323,1.95789180145008,12
5835,282000,9657000,0.726172075376812,1.34620747350809,12
5836,283000,9657000,1.11634154920029,4.0521472392638,20
5837,284000,9657000,1.03159213554013,5.79643056330173,19
5838,285000,9657000,1.06682248851817,9.94206636921361,27
5839,286000,9657000,0.469068329096788,18.8266871165644,28
5840,287000,9657000,0.0128125683895561,20.9776213050753,29
5841,288000,9657000,0.1624189831639,21.4785973229225,30
5842,289000,9657000,0.0419127296840013,24.3844813162298,32
5843,290000,9657000,0.221243567078643,26.7374511991076,38
5844,291000,9657000,0.603286340264026,29.1771472392638,38
5845,292000,9657000,0.534762747667772,32.4959564974902,41
5846,293000,9657000,0.689009238476659,30.9436698271054,41
5847,294000,9657000,0.684292753297494,29.9903792526492,39
5848,295000,9657000,0.575345723687379,32.1802147239264,41
5849,296000,9657000,0.586362451742663,32.3198549916341,41
5850,297000,9657000,0.668898781156529,31.6945064138316,41
5851,298000,9657000,0.63306121048435,31.5497071946458,39
5852,299000,9657000,0.620893848860122,28.6829336307864,38
5853,3e+05,9657000,0.716845755665742,28.1351784718349,43
5854,301000,9657000,0.687043204444968,29.9911461238148,46
5855,302000,9657000,0.684070935576202,31.8906860011154,44
5856,303000,9657000,0.496042066244106,34.7932236475181,46
5857,304000,9657000,0.37459389532789,34.0899330730619,43
5858,305000,9657000,0.664682441436561,30.8858059118795,39
5859,306000,9657000,0.976823555393719,21.7201617401004,37
5860,307000,9657000,1.00070202071838,18.6501673173452,39
5861,308000,9657000,0.828698874255447,20.6400585610708,39
5862,309000,9657000,0.786471241737615,15.1207473508087,40
5863,310000,9657000,0.831309488983201,11.3614054656999,31
5864,311000,9657000,1.04997883014236,10.8947295036252,30
5865,312000,9657000,1.16145830876626,10.9590769659788,31
5866,313000,9657000,1.12567441823333,4.99323759063023,21
5867,314000,9657000,1.1917251216182,8.09481316229783,28
5868,315000,9657000,1.02292793996222,5.52893195761294,25
5869,316000,9657000,0.384291493809564,7.82891801450084,18
5870,317000,9657000,0.29997260576721,9.85652537646403,21
5871,318000,9657000,0.634652984146038,8.78806469604016,21
5872,319000,9657000,0.786564594514434,7.44834076965979,19
5873,320000,9657000,1.03379045190878,4.49623535973229,17
5874,321000,9657000,0.998046845935953,4.20566090351366,15
5875,322000,9657000,1.05552077054829,3.68816229782487,17
5876,323000,9657000,0.804382223866591,1.95782208588957,17
5877,324000,9657000,0.966031113376218,3.04343279419967,11
5878,325000,9657000,0.60876384640514,6.662228109314,11
5879,326000,9657000,0.649771806609316,4.66285554935862,9
5880,327000,9657000,0.814613041805048,6.99010039040714,19
5881,328000,9657000,0.650869979930338,12.970510317903,24
5882,329000,9657000,0.855834802686662,10.9339096486336,23
5883,330000,9657000,1.08812461735915,9.80326268823201,30
5884,331000,9657000,1.17277651581206,5.30444785276074,28
5885,332000,9657000,0.990329478067757,4.2095649749024,19
5886,333000,9657000,0.681415024396209,6.77795593976576,15
5887,334000,9657000,0.891006082166872,8.5032069157836,27
5888,335000,9657000,1.01921562736423,14.8665644171779,32
5889,336000,9657000,0.284900782584022,25.8204824316788,33
5890,337000,9657000,0.189466811240745,25.8268265476854,33
5891,338000,9657000,0.840631823919531,15.3257808142777,32
5892,339000,9657000,0.494743884737496,22.478806469604,32
5893,340000,9657000,0.682487117970314,18.955033463469,32
5894,341000,9657000,0.52589247550979,13.0465002788622,24
5895,342000,9657000,0.521872079100601,13.7511851645287,23
5896,343000,9657000,0.656272673637841,14.7619910764083,29
5897,344000,9657000,0.638408537505454,14.4430423870608,29
5898,345000,9657000,0.618489576199505,14.3874790853318,21
5899,346000,9657000,0.534177502970059,13.8753485778026,20
5900,347000,9657000,0.667709918231862,10.4860568878974,19
5901,348000,9657000,0.542549484854781,8.92582264361405,17
5902,349000,9657000,0.673154174911538,8.11161461238148,17
5903,350000,9657000,0.97117621059361,5.59878694924707,15
5904,351000,9657000,0.861310734894112,5.22329894032348,13
5905,352000,9657000,0.8879270343475,4.6409648633575,13
5906,353000,9657000,0.881238647163573,1.91738706079197,13
5907,354000,9657000,0.852575436421634,2.58428611266035,13
5908,355000,9657000,0.867523539470566,2.81295315114333,11
5909,356000,9657000,0.634245232298039,2.90672058003346,8
5910,357000,9657000,0.569397231289738,3.74616564417178,11
5911,358000,9657000,0.748828823875647,5.14716954824317,14
5912,359000,9657000,0.78103341194592,5.97511154489682,19
5913,360000,9657000,1.03989752784586,5.47343837144451,20
5914,361000,9657000,0.799397453046005,4.09704406023424,18
5915,362000,9657000,0.474322381080834,4.27830451756832,16
5916,363000,9657000,0.709923250058547,3.19422755158951,16
5917,364000,9657000,0.812244735577155,3.25801728945901,14
5918,365000,9657000,0.260174282503916,3.54594255437814,6
5919,366000,9657000,0.553139258901133,4.47385666480759,18
5920,367000,9657000,0.575616255411742,4.57452593418851,14
5921,368000,9657000,0.834385869515871,3.76715002788622,14
5922,369000,9657000,0.856229647878018,2.04782487451199,14
5923,370000,9657000,0.702717811784416,1.66947852760736,6
5924,371000,9657000,0.908163094395697,2.53492749581707,7
5925,372000,9657000,0.856710225172658,2.68523424428332,7
5926,373000,9657000,0.715840366566599,2.24295872838818,6
5927,374000,9657000,1.01120572283344,2.98180423870608,7
5928,375000,9657000,1.08959311188626,2.98996789727127,7
5929,262000,9658000,0.549051967263501,1.005039193729,11
5930,263000,9658000,0.303310432527755,0.442066369213608,12
5931,264000,9658000,1.0574013605345,3.96953430005577,14
5932,265000,9658000,0.538831268124108,7.68913831567206,15
5933,266000,9658000,1.07903518136981,3.44136921360848,15
5934,267000,9658000,0.747998623589763,1.46130786391523,12
5935,268000,9658000,0.0782578756444833,0.0986475181260457,6
5936,269000,9658000,0.00420904418254762,0.0403653095370887,2
5937,270000,9658000,0.00774132607714735,0.0522169548243168,2
5938,271000,9658000,0,0.00160345789180145,1
5939,272000,9658000,0,0,0
5940,273000,9658000,0.0631097464939392,0.0410624651422197,4
5941,274000,9658000,0,0.00174288901282766,1
5942,275000,9658000,0,0,0
5943,276000,9658000,0,0,0
5944,277000,9658000,0,0,0
5945,278000,9658000,0,0,0
5946,279000,9658000,0.721837100783077,1.34049079754601,8
5947,280000,9658000,0.854698233052333,1.76268823201339,10
5948,281000,9658000,0.917839612628494,1.98877579475739,12
5949,282000,9658000,0.870416258666415,2.05019520356944,15
5950,283000,9658000,1.08785826170458,3.82327105409927,17
5951,284000,9658000,1.08414938033795,5.21137757947574,17
5952,285000,9658000,1.1402904619833,7.73773006134969,25
5953,286000,9658000,0.78058418180265,16.3864333519242,30
5954,287000,9658000,0.255424182998155,20.0662297824875,29
5955,288000,9658000,0.0173247028918333,21.295245398773,32
5956,289000,9658000,0.0682425846259047,22.1724065811489,33
5957,290000,9658000,0.224149922687959,26.4528025655326,34
5958,291000,9658000,0.658123830078297,29.1102900167317,38
5959,292000,9658000,0.629001117399498,31.8014500836587,40
5960,293000,9658000,0.599841065888703,32.0972532069158,42
5961,294000,9658000,0.692646208285673,30.4155744562186,38
5962,295000,9658000,0.61766296879467,32.135596765198,40
5963,296000,9658000,0.288115758170664,34.1839096486336,42
5964,297000,9658000,0.677758014885386,29.654071388734,40
5965,298000,9658000,0.655909656797657,28.8518544339096,43
5966,299000,9658000,0.817192108799016,25.6720580033463,38
5967,3e+05,9658000,0.944924312702931,22.7714026770775,43
5968,301000,9658000,0.833890661657083,19.8232710540993,41
5969,302000,9658000,0.741335341421183,26.7123535973229,46
5970,303000,9658000,0.92381747758814,26.9258923591746,43
5971,304000,9658000,0.675842613493662,29.6023424428332,43
5972,305000,9658000,1.0303259631383,21.3473926380368,36
5973,306000,9658000,0.372703679648208,11.0333937534858,30
5974,307000,9658000,0.519584840684337,12.2474902398215,34
5975,308000,9658000,0.438256179169522,9.57585052983826,27
5976,309000,9658000,0.805989334946724,11.3116982710541,28
5977,310000,9658000,1.12749617267132,9.42303402119353,23
5978,311000,9658000,1.1345877349195,5.27307585052984,22
5979,312000,9658000,0.988594174743592,4.44262409369771,19
5980,313000,9658000,0.981815809921498,5.30500557724484,16
5981,314000,9658000,0.997466567246803,6.27572504182934,24
5982,315000,9658000,0.673478218363173,11.0818460680424,29
5983,316000,9658000,1.07695222440088,9.52098438371445,31
5984,317000,9658000,1.0927498980801,12.0087841606247,34
5985,318000,9658000,1.05871413496315,11.4586586726157,30
5986,319000,9658000,0.911643423184033,6.6696876742889,21
5987,320000,9658000,0.955238568958539,5.67665923034021,17
5988,321000,9658000,1.03068202792456,4.25550752928054,11
5989,322000,9658000,0.960020104859635,2.35980200780814,14
5990,323000,9658000,1.02355030175121,3.63761851645287,19
5991,324000,9658000,0.728413440504156,6.62918293363079,20
5992,325000,9658000,0.399953488498842,8.08449525934189,12
5993,326000,9658000,0.890936624417791,5.72776073619632,11
5994,327000,9658000,0.731457422609623,7.30633017289459,20
5995,328000,9658000,0.586659878505577,12.1155186837702,28
5996,329000,9658000,0.986373669603859,7.675543781372,23
5997,330000,9658000,0.995838388037359,13.0669269380926,30
5998,331000,9658000,1.29082127778046,8.22155605131065,29
5999,332000,9658000,1.06159969590366,3.80591187953151,19
6000,333000,9658000,0.866773632883576,5.63859453430006,24
6001,334000,9658000,1.00061328716424,9.93112102621305,29
6002,335000,9658000,0.472631226585155,25.0825432236475,34
6003,336000,9658000,0.301898623795637,27.7066369213608,34
6004,337000,9658000,0.649854022303212,21.9514082543224,32
6005,338000,9658000,0.710961102994896,12.7235778025655,29
6006,339000,9658000,0.384235810685254,24.5776631344116,35
6007,340000,9658000,0.318072382905459,20.75543781372,30
6008,341000,9658000,0.683582231975629,15.098508087005,27
6009,342000,9658000,0.555732512629166,13.880298382599,23
6010,343000,9658000,0.594060335433661,13.9244283324038,29
6011,344000,9658000,0.588591583323418,13.3649609592861,29
6012,345000,9658000,0.465177966062305,13.7425404350251,23
6013,346000,9658000,0.3739032291795,13.2403792526492,23
6014,347000,9658000,0.688660516914378,9.04768544339096,18
6015,348000,9658000,0.515608961307472,9.50341606246514,18
6016,349000,9658000,0.75541281708439,7.75543781372002,17
6017,350000,9658000,0.9260186750875,5.12005019520357,14
6018,351000,9658000,0.871496546620148,5.82215560513107,18
6019,352000,9658000,0.944165671509985,4.36781929726715,18
6020,353000,9658000,0.842977178497792,2.36963190184049,13
6021,354000,9658000,0.928970001598832,3.87221137757948,13
6022,355000,9658000,1.05172920544273,4.13998884551032,14
6023,356000,9658000,0.944657267765193,3.20824037925265,13
6024,357000,9658000,1.01202512119928,4.52948968209704,20
6025,358000,9658000,0.903502710327268,6.73773006134969,21
6026,359000,9658000,0.971435083713223,6.28806469604016,20
6027,360000,9658000,0.968264972588966,4.63706079196877,19
6028,361000,9658000,0.863465186692394,3.42324316787507,15
6029,362000,9658000,0.590405438290055,3.5973229224763,16
6030,363000,9658000,0.646201354797922,3.50725041829336,16
6031,364000,9658000,0.816592083996673,2.07013385387619,14
6032,365000,9658000,0.518257700615636,2.5010457334077,6
6033,366000,9658000,0.707731530038816,2.38664249860569,9
6034,367000,9658000,0.653156307108905,2.63699107640825,6
6035,368000,9658000,0.628146875008284,2.46388733965421,6
6036,369000,9658000,0.902479925607103,1.87423312883436,12
6037,370000,9658000,0.746261456444602,1.84125766871166,6
6038,371000,9658000,0.75653662795107,1.50794757389849,7
6039,372000,9658000,0.821257563127473,1.71918572225321,15
6040,373000,9658000,0.738800433680423,2.3776491912995,7
6041,374000,9658000,0.957129733124614,2.68202732849972,7
6042,375000,9658000,0.682821019306957,1.49478330658106,7
6043,262000,9659000,0.202256497776228,0.229283314669653,9
6044,263000,9659000,0.568214627725435,0.98361684327942,12
6045,264000,9659000,1.06461782945233,5.13552704963748,17
6046,265000,9659000,0.78322017288968,6.53151143335192,15
6047,266000,9659000,0.660813424378543,6.50230061349693,11
6048,267000,9659000,0.818457244441287,1.71256274400446,12
6049,268000,9659000,0.0421142344147371,0.041201896263246,7
6050,269000,9659000,0,0,0
6051,270000,9659000,0,0.000278862242052426,1
6052,271000,9659000,0.0226846597636876,0.0134551031790296,6
6053,272000,9659000,0.0226846597636876,0.0134551031790296,6
6054,273000,9659000,0,0,0
6055,274000,9659000,0,0,0
6056,275000,9659000,0,6.97155605131065e-05,1
6057,276000,9659000,0.0506788981816444,0.0312325711098717,7
6058,277000,9659000,0.0334142247704826,0.0161740100390407,3
6059,278000,9659000,0.209862916076274,0.280674846625767,12
6060,279000,9659000,0.622468787808709,0.993446737311768,11
6061,280000,9659000,0.736268057939367,1.45336029001673,7
6062,281000,9659000,0.960921090729805,2.23738148354713,10
6063,282000,9659000,1.09134155591966,3.48807863915226,14
6064,283000,9659000,0.94950929359088,2.62730061349693,18
6065,284000,9659000,1.08084236943051,3.50467094255438,15
6066,285000,9659000,1.07533839216411,5.22099832682655,17
6067,286000,9659000,0.917279874827865,13.4781790295594,30
6068,287000,9659000,0.358325671884867,18.9774121583938,28
6069,288000,9659000,0.0251604071972737,21.0430842163971,28
6070,289000,9659000,0.0162710000121328,23.5347183491355,31
6071,290000,9659000,0.398821515207391,27.1751952035694,36
6072,291000,9659000,0.666607586235557,29.3437674288901,40
6073,292000,9659000,0.688376535178063,30.2980340211935,40
6074,293000,9659000,0.658759481973892,29.2735638594534,40
6075,294000,9659000,0.693118835259435,29.9825711098717,38
6076,295000,9659000,0.340225176584347,33.7262967094255,42
6077,296000,9659000,0.362557458064518,33.6609035136643,42
6078,297000,9659000,0.673144425811419,31.1473089793642,41
6079,298000,9659000,0.575583423277261,26.2023842721695,40
6080,299000,9659000,0.885864661389473,16.2099832682655,37
6081,3e+05,9659000,0.889307883874246,13.3945900725042,36
6082,301000,9659000,0.602416608125486,12.6021332961517,28
6083,302000,9659000,0.767798566002595,19.3203430005577,39
6084,303000,9659000,0.864430403857778,21.0964166201896,43
6085,304000,9659000,0.674724923864547,24.9584495259342,37
6086,305000,9659000,0.724989498633514,14.3126045733408,35
6087,306000,9659000,0.254604307252799,8.39208031232571,16
6088,307000,9659000,0.713742990301839,8.14723926380368,20
6089,308000,9659000,0.696606831070396,9.42184885666481,23
6090,309000,9659000,1.16179342282482,7.33825989960959,23
6091,310000,9659000,1.1808722592,4.12151422197435,21
6092,311000,9659000,1.09288801461791,4.5483825989961,21
6093,312000,9659000,0.769723496549066,6.12102621305075,17
6094,313000,9659000,0.77716953341654,4.90999721137758,15
6095,314000,9659000,0.896146164990397,5.76561628555494,22
6096,315000,9659000,1.25753465490558,9.50550752928054,32
6097,316000,9659000,1.02936093350098,9.59488287785834,37
6098,317000,9659000,0.883487367765203,14.4180145008366,39
6099,318000,9659000,1.00309480645844,13.1458449525934,32
6100,319000,9659000,1.15051933696233,5.31811210262131,27
6101,320000,9659000,1.01899173265622,4.86335750139431,17
6102,321000,9659000,1.04799416340649,4.18634969325153,18
6103,322000,9659000,1.07027141856936,3.88573619631902,15
6104,323000,9659000,0.869448877949872,5.62193251533742,15
6105,324000,9659000,0.700641915985457,6.44129949804796,13
6106,325000,9659000,0.67015117453161,6.96005298382599,12
6107,326000,9659000,0.759715003633373,6.27523703290574,13
6108,327000,9659000,0.718748334990136,6.21604852203012,12
6109,328000,9659000,0.601872723145003,7.29580312325711,17
6110,329000,9659000,0.990767220989107,5.07459564974902,16
6111,330000,9659000,1.0963022857058,8.7212771890686,26
6112,331000,9659000,0.811496285402422,13.6770775237033,27
6113,332000,9659000,1.08660274547068,8.69081148912437,27
6114,333000,9659000,0.929427336495126,7.656929726715,25
6115,334000,9659000,0.95458378645485,16.5566787506972,33
6116,335000,9659000,0.135391035874988,26.233965421082,33
6117,336000,9659000,0.465215029530027,28.2272727272727,35
6118,337000,9659000,0.907662190764146,23.7177914110429,35
6119,338000,9659000,0.849533303550134,17.5803123257111,34
6120,339000,9659000,0.289888548512053,24.4848717233687,34
6121,340000,9659000,0.594243970065158,18.085331846068,30
6122,341000,9659000,0.472418518698898,13.3840630228667,22
6123,342000,9659000,0.298203039939139,12.5725738984941,21
6124,343000,9659000,0.36861029726451,12.316717791411,19
6125,344000,9659000,0.459000600498712,12.3623814835471,20
6126,345000,9659000,0.473294086319517,13.8845510317903,22
6127,346000,9659000,0.308811346463261,11.7945482431679,18
6128,347000,9659000,0.728010195037796,8.36823759063023,17
6129,348000,9659000,0.467310598075517,8.84007250418293,16
6130,349000,9659000,0.891265013092435,6.80946737311768,17
6131,350000,9659000,0.887850817453404,5.10568878973787,14
6132,351000,9659000,0.94413622239989,4.88559676519799,15
6133,352000,9659000,0.848108815725493,4.80939765755717,14
6134,353000,9659000,0.753170551674073,3.16034578918015,13
6135,354000,9659000,0.859544809337411,3.57836029001673,13
6136,355000,9659000,0.728475011212046,4.54949804796431,14
6137,356000,9659000,1.07012451954041,4.57327105409928,25
6138,357000,9659000,1.1452073926979,6.18195761293921,25
6139,358000,9659000,1.12145581673879,4.56114054656999,20
6140,359000,9659000,0.880707460777527,5.52056609035137,16
6141,360000,9659000,0.973996295811236,4.32173731176799,19
6142,361000,9659000,0.962670273779694,3.69025376464027,19
6143,362000,9659000,0.633919218443352,2.38259899609593,7
6144,363000,9659000,0.647885322778802,2.30751533742331,6
6145,364000,9659000,0.687372761765496,1.77335471277189,5
6146,365000,9659000,0.682101893752621,1.34913552704964,5
6147,366000,9659000,0.609033650763964,1.02049637479085,6
6148,367000,9659000,0.655285377599806,1.2920384829894,6
6149,368000,9659000,0.590412452709156,0.950223089793642,5
6150,369000,9659000,0.51772152903839,0.790295593976576,13
6151,370000,9659000,0.830366897680705,1.63364472950363,14
6152,371000,9659000,0.813306508970573,1.65030674846626,15
6153,372000,9659000,0.947579048266928,2.47155605131065,15
6154,373000,9659000,0.926703211646614,2.43383993307306,14
6155,374000,9659000,0.804844755357582,1.75195203569437,14
6156,375000,9659000,0.757160871798989,1.48836276083467,12
6157,262000,9660000,0.568877783050103,1.03835386338186,13
6158,263000,9660000,0.81065383263285,1.70935582822086,13
6159,264000,9660000,0.980530839099194,2.39117401003904,14
6160,265000,9660000,1.09108460294992,4.10255158951478,16
6161,266000,9660000,0.621856319945342,6.40435025097602,11
6162,267000,9660000,0.77279607182462,1.4595649749024,10
6163,268000,9660000,0.24306362755533,0.249372559955382,9
6164,269000,9660000,0,0,0
6165,270000,9660000,0,0,0
6166,271000,9660000,0.0226846597636876,0.0134551031790296,6
6167,272000,9660000,0.022268409145521,0.0132459564974902,6
6168,273000,9660000,0,0,0
6169,274000,9660000,0,0,0
6170,275000,9660000,0.0110146963682012,0.00662297824874512,6
6171,276000,9660000,0.0973896049069428,0.0820552147239264,8
6172,277000,9660000,0.356854404453885,0.722113775794757,12
6173,278000,9660000,0.56215613052217,1.21681539319576,12
6174,279000,9660000,0.196336224318165,0.267638036809816,10
6175,280000,9660000,0.441707451987005,0.649400446179587,8
6176,281000,9660000,0.546654308542389,0.829824316787507,9
6177,282000,9660000,0.961780196376452,2.12590630228667,10
6178,283000,9660000,1.12536610881605,4.44924707194646,20
6179,284000,9660000,0.883125081995347,7.78701896263246,22
6180,285000,9660000,0.728038699940817,10.3919408812047,22
6181,286000,9660000,0.580361151754315,12.8247350808701,24
6182,287000,9660000,0.446763805538806,18.201896263246,25
6183,288000,9660000,0.0646547727548165,21.7447713329615,29
6184,289000,9660000,0.0139514037820437,23.1147518126046,31
6185,290000,9660000,0.421546413720145,26.8211795872839,36
6186,291000,9660000,0.665388818790771,29.4075571667596,40
6187,292000,9660000,0.47602146644944,27.7134690462911,40
6188,293000,9660000,0.522220195712926,28.0261433351924,40
6189,294000,9660000,0.664244040845027,29.4933770217513,40
6190,295000,9660000,0.608230762749477,31.6834913552705,39
6191,296000,9660000,0.659278433220549,31.220789180145,40
6192,297000,9660000,0.714027314354931,27.5870050195204,41
6193,298000,9660000,0.508037051953994,24.3211795872839,37
6194,299000,9660000,1.11232662737648,15.223368655884,36
6195,3e+05,9660000,0.515802740126315,8.6899051868377,27
6196,301000,9660000,0.382005972116493,9.53848298940324,19
6197,302000,9660000,0.820126717146461,13.7649888455103,31
6198,303000,9660000,0.741388596108777,17.1442414947016,32
6199,304000,9660000,0.651578727758033,22.614263803681,35
6200,305000,9660000,0.775585066224604,10.1215142219743,27
6201,306000,9660000,1.05176320429746,5.07250418293363,18
6202,307000,9660000,1.0264522205531,2.84369771332962,16
6203,308000,9660000,1.16536428896631,4.82110987172337,21
6204,309000,9660000,0.993717323214739,3.09216397099833,16
6205,310000,9660000,0.995589484990553,3.33407696597881,9
6206,311000,9660000,0.721850210950039,6.56588120468489,13
6207,312000,9660000,0.500463326394809,7.11530953708868,19
6208,313000,9660000,0.786964332326841,5.06734523145566,18
6209,314000,9660000,0.6291680811866,4.41773563859453,12
6210,315000,9660000,1.32901751818847,8.09153653095371,41
6211,316000,9660000,0.999012868096806,14.6603457891801,41
6212,317000,9660000,0.620085155092126,16.9880786391523,30
6213,318000,9660000,0.497126706425227,17.4817345231456,32
6214,319000,9660000,1.18717520186806,6.81609035136642,27
6215,320000,9660000,0.981154268648312,5.1319018404908,18
6216,321000,9660000,1.05809529009091,4.62249023982153,18
6217,322000,9660000,0.865069402886808,4.52335471277189,11
6218,323000,9660000,0.724895921031541,5.28304517568321,13
6219,324000,9660000,0.602241727591627,4.75111544896821,10
6220,325000,9660000,0.82258276624629,5.24860568878974,11
6221,326000,9660000,0.961386996730573,4.74156441717791,12
6222,327000,9660000,0.92397630643369,4.49142498605689,10
6223,328000,9660000,0.83910369827173,4.7414947016174,13
6224,329000,9660000,0.946022771080089,2.9696737311768,11
6225,330000,9660000,1.01363184681479,6.67282487451199,27
6226,331000,9660000,1.01146300667826,7.74944227551589,30
6227,332000,9660000,1.08342419351025,14.938580591188,36
6228,333000,9660000,0.996376262927978,19.3081427774679,37
6229,334000,9660000,0.603395868650143,24.0212632459565,35
6230,335000,9660000,0.20837757425992,26.728527607362,33
6231,336000,9660000,0.672281386809823,29.598229224763,39
6232,337000,9660000,0.349733176340038,27.7463050752928,35
6233,338000,9660000,0.792453523689173,21.9250557724484,35
6234,339000,9660000,0.616729557347349,21.5844952593419,34
6235,340000,9660000,0.688697438890426,17.6047127718907,30
6236,341000,9660000,0.360876814047091,12.4779001673173,21
6237,342000,9660000,0.367184959950126,12.6929726715003,20
6238,343000,9660000,0.537691416882646,13.4631204684886,22
6239,344000,9660000,0.362482106892246,12.3331009481316,19
6240,345000,9660000,0.285205236798797,12.984104852203,22
6241,346000,9660000,0.381357675443164,10.580033463469,18
6242,347000,9660000,0.527993817597933,8.5489403234802,17
6243,348000,9660000,0.522225618954729,8.47859732292248,18
6244,349000,9660000,0.691594803144197,8.11998047964306,18
6245,350000,9660000,0.925397756310294,5.94750418293363,17
6246,351000,9660000,0.910919930785152,4.60115727830452,17
6247,352000,9660000,0.818664505765352,3.11858616843279,14
6248,353000,9660000,0.735323530135683,3.3074456218628,11
6249,354000,9660000,0.979375389034514,2.91954824316787,15
6250,355000,9660000,0.970824568186168,4.26505856107083,22
6251,356000,9660000,0.970834475021385,6.92895984383714,22
6252,357000,9660000,0.791618716294072,6.76826547685443,20
6253,358000,9660000,1.07419694354838,3.24762967094255,14
6254,359000,9660000,0.957236051081219,3.70078081427775,16
6255,360000,9660000,0.970971583814093,2.51024818739543,16
6256,361000,9660000,0.855693236376829,2.17909927495817,19
6257,362000,9660000,0.793425405218286,1.89459007250418,11
6258,363000,9660000,0.692072287239084,1.33846904629113,10
6259,364000,9660000,0.0782163739594432,0.0851226993865031,7
6260,365000,9660000,0.0486823116945785,0.0699247071946458,4
6261,366000,9660000,0.340382124089791,0.461098717233687,6
6262,367000,9660000,0.192685338365038,0.308421639709983,3
6263,368000,9660000,0.380282369071457,0.47016174010039,5
6264,369000,9660000,0.294897184110736,0.385178471834914,5
6265,370000,9660000,0.581136358249015,0.917596207473508,14
6266,371000,9660000,0.947127640606083,2.83414668153932,12
6267,372000,9660000,0.551336288415436,3.29008644729504,6
6268,373000,9660000,0.583591965623361,3.12060791968767,7
6269,374000,9660000,0.606705918549988,2.79371165644172,7
6270,375000,9660000,0.729524258480651,1.64406099518459,6
6271,262000,9661000,0.759628488103777,1.3969764837626,11
6272,263000,9661000,0.876843450967621,1.88441160066927,12
6273,264000,9661000,1.07808464882247,3.56323201338539,12
6274,265000,9661000,1.06063225591498,3.38685164528723,16
6275,266000,9661000,1.06329726840335,2.93390964863358,10
6276,267000,9661000,0.129186106653201,0.128834355828221,8
6277,268000,9661000,0,0,0
6278,269000,9661000,0,0,0
6279,270000,9661000,0,0,0
6280,271000,9661000,0,0,0
6281,272000,9661000,0,0,0
6282,273000,9661000,0,0,0
6283,274000,9661000,0,0,0
6284,275000,9661000,0,0,0
6285,276000,9661000,0.0507720377412866,0.0435025097601785,8
6286,277000,9661000,0.521440961580604,0.88845510317903,12
6287,278000,9661000,0.410889266961869,0.58414668153932,12
6288,279000,9661000,0.0141286505747286,0.07069157836029,2
6289,280000,9661000,0.291453907542223,0.405674846625767,6
6290,281000,9661000,0.256544580621294,0.313929168990519,6
6291,282000,9661000,0.583375057676503,0.818600111544897,10
6292,283000,9661000,0.764462841089222,1.513315672058,13
6293,284000,9661000,1.05642694727854,3.5159648633575,21
6294,285000,9661000,1.07549091879231,9.37994980479643,22
6295,286000,9661000,0.665054590623519,14.6263943112103,22
6296,287000,9661000,0.431483512174549,19.2260178471835,28
6297,288000,9661000,0,22.2678471834914,28
6298,289000,9661000,0.0634195915631855,24.2455382041272,32
6299,290000,9661000,0.606113125436501,28.7361963190184,41
6300,291000,9661000,0.617249555734239,28.4514779698829,41
6301,292000,9661000,0.61766296879467,28.9516871165644,37
6302,293000,9661000,0.558784483940351,28.6526073619632,36
6303,294000,9661000,0.657520055457503,29.4554517568321,38
6304,295000,9661000,0.669177725977612,31.2389849414389,42
6305,296000,9661000,0.665355488574059,29.273912437256,40
6306,297000,9661000,0.496587660485775,24.6455660903514,39
6307,298000,9661000,0.295420476582381,23.8793223647518,39
6308,299000,9661000,0.750875024717463,19.8787646402677,39
6309,3e+05,9661000,0.712240671127516,14.6826547685443,39
6310,301000,9661000,0.833428082431557,10.4968627997769,25
6311,302000,9661000,1.19307025538663,6.48905465699944,25
6312,303000,9661000,1.02479028906356,11.3935443390965,30
6313,304000,9661000,1.06351297038687,16.6011572783045,35
6314,305000,9661000,1.22156504571832,10.7377300613497,27
6315,306000,9661000,1.10400944051422,4.31016452872281,23
6316,307000,9661000,0.712161445561166,1.42017568321249,18
6317,308000,9661000,0.611345565406544,1.18028443948689,16
6318,309000,9661000,0.923283752195362,2.46625766871166,17
6319,310000,9661000,0.910776581694421,4.69854991634133,9
6320,311000,9661000,0.530306515424745,7.21416620189626,11
6321,312000,9661000,0.624140533495895,6.85729224762967,20
6322,313000,9661000,0.479107078474602,7.48773006134969,16
6323,314000,9661000,0.545631659969502,8.91668990518684,23
6324,315000,9661000,1.11302846500405,13.5259341885109,51
6325,316000,9661000,0.868836638665544,13.5159648633575,33
6326,317000,9661000,0.718255878898624,16.1363636363636,31
6327,318000,9661000,0.75502076662537,16.2699386503067,30
6328,319000,9661000,1.06475213438956,6.31797267150028,25
6329,320000,9661000,1.00224872307256,4.90811489124373,18
6330,321000,9661000,1.05986330916251,4.71667596207473,21
6331,322000,9661000,0.917839136989648,4.31295315114334,13
6332,323000,9661000,0.593968248684418,4.10122699386503,9
6333,324000,9661000,0.431051495789734,3.48591745677635,7
6334,325000,9661000,0.843282468872923,2.22546012269939,9
6335,326000,9661000,0.85858108850107,1.95998326826548,12
6336,327000,9661000,0.970290101738773,3.3452314556609,11
6337,328000,9661000,0.910656271485722,2.55507529280535,13
6338,329000,9661000,0.745204962331229,2.84279141104294,11
6339,330000,9661000,0.796685705573498,4.88929168990519,27
6340,331000,9661000,1.07769653442947,11.5728527607362,28
6341,332000,9661000,0.922186697657927,20.648773006135,36
6342,333000,9661000,0.525639536718765,27.6814696040156,40
6343,334000,9661000,0.286780255983463,27.24728109314,35
6344,335000,9661000,0.645332796058113,29.4369074177356,37
6345,336000,9661000,0.966105562168265,26.148773006135,36
6346,337000,9661000,0.95817350105402,26.6377579475739,39
6347,338000,9661000,0.937690065120028,19.2014779698829,38
6348,339000,9661000,1.13831870473997,12.1904629113218,30
6349,340000,9661000,0.490737484268961,12.3681678750697,23
6350,341000,9661000,0.29751937145613,12.542526491913,20
6351,342000,9661000,0.325630608912539,12.5286530953709,20
6352,343000,9661000,0.434724351971365,12.7989403234802,21
6353,344000,9661000,0.288839526790784,12.9529419966537,23
6354,345000,9661000,0.41452251112035,13.7269938650307,23
6355,346000,9661000,0.380671121868761,11.7538343558282,20
6356,347000,9661000,0.258387042380174,10.4708588957055,17
6357,348000,9661000,0.469675639837821,10.1372699386503,18
6358,349000,9661000,0.552236012746248,8.26289737869492,18
6359,350000,9661000,0.762098283943675,5.74407417735639,15
6360,351000,9661000,0.757886968482798,4.26617401003904,13
6361,352000,9661000,0.826768770805147,3.65065532626882,14
6362,353000,9661000,0.758676490799974,3.23410485220301,15
6363,354000,9661000,1.13842606212893,5.03004740658115,32
6364,355000,9661000,1.16400522386755,10.4215699944228,32
6365,356000,9661000,0.742874913866146,7.84829894032348,24
6366,357000,9661000,0.817790940131724,6.92212771890686,20
6367,358000,9661000,1.13581375977865,3.99609592861127,19
6368,359000,9661000,0.898176076791278,1.87918293363079,16
6369,360000,9661000,0.501303238666666,0.728248745119911,7
6370,361000,9661000,0.645155495259937,1.12569715560513,6
6371,362000,9661000,0.698893473318951,1.24546848856665,10
6372,363000,9661000,0.351454112740431,0.503764640267708,10
6373,364000,9661000,0.279197609278175,0.351087562744004,8
6374,365000,9661000,0.42543691448608,0.566160066926938,12
6375,366000,9661000,0.291248098762503,0.335331846068042,8
6376,367000,9661000,0.131499256813377,0.142638036809816,4
6377,368000,9661000,0.200317701006164,0.260387618516453,5
6378,369000,9661000,0.243037000561391,0.335122699386503,5
6379,370000,9661000,0.793435760972595,2.19806190741774,6
6380,371000,9661000,0.768463109602607,2.97497211377579,6
6381,372000,9661000,0.518421456111782,3.41180981595092,6
6382,373000,9661000,0.527925465486328,3.64375348577803,6
6383,374000,9661000,0.785732234805995,2.89354433909649,7
6384,375000,9661000,0.909449811219855,3.4446227929374,6
6385,262000,9662000,0.259287314875173,0.425811870100784,7
6386,263000,9662000,0.624959411461508,1.19297267150028,12
6387,264000,9662000,1.09671796440323,3.86098717233687,14
6388,265000,9662000,0.927915893218735,1.97790016731735,10
6389,266000,9662000,0.165329794425902,0.156093139988845,5
6390,267000,9662000,0,0,0
6391,268000,9662000,0,0,0
6392,269000,9662000,0.0405270326895473,0.0354155047406581,5
6393,270000,9662000,0,0,0
6394,271000,9662000,0,0,0
6395,272000,9662000,0,0,0
6396,273000,9662000,0,0.00020914668153932,1
6397,274000,9662000,0,0.0096207473508087,1
6398,275000,9662000,0.14246155738923,0.18223647518126,12
6399,276000,9662000,0.364107975084531,0.528443948689347,12
6400,277000,9662000,0.280864235593707,0.313789737869492,10
6401,278000,9662000,0.120567348775933,0.111684327941997,9
6402,279000,9662000,0.308914008060913,0.373326826547685,7
6403,280000,9662000,0.445270562893645,0.669757389849414,6
6404,281000,9662000,0.258886155413389,0.350250976017847,6
6405,282000,9662000,0.518398550553927,0.751812604573341,10
6406,283000,9662000,0.45660806651752,0.729015616285555,8
6407,284000,9662000,0.704826720990945,1.40253764640268,16
6408,285000,9662000,1.25157887585554,5.42442833240379,22
6409,286000,9662000,0.685488201118773,16.9378834355828,24
6410,287000,9662000,0.250729500255716,19.6800752928054,27
6411,288000,9662000,0,22.5262827663134,29
6412,289000,9662000,0.10077232183041,25.5302565532627,33
6413,290000,9662000,0.636352969626833,28.4234523145566,38
6414,291000,9662000,0.633210712806642,28.4193390964863,39
6415,292000,9662000,0.692821614774788,30.3040295593977,40
6416,293000,9662000,0.684404222223929,29.9484802007808,40
6417,294000,9662000,0.680077781454778,30.691717791411,37
6418,295000,9662000,0.671496767071349,31.319018404908,41
6419,296000,9662000,0.537066663349489,27.633017289459,40
6420,297000,9662000,0.234047255956351,23.2226017847183,35
6421,298000,9662000,0.509429870357069,20.664668153932,33
6422,299000,9662000,0.900430246177784,15.6443809258226,35
6423,3e+05,9662000,0.730513600799794,15.1459146681539,30
6424,301000,9662000,1.13945990367951,6.1367122141662,23
6425,302000,9662000,1.06384858887415,3.33644729503625,18
6426,303000,9662000,1.03727245869272,2.94060234244283,27
6427,304000,9662000,0.675426133613368,1.68160903513664,27
6428,305000,9662000,0.563195617021571,1.30814277746793,23
6429,306000,9662000,0.687126599876929,1.50613496932515,16
6430,307000,9662000,0.650104170469697,1.26422197434467,15
6431,308000,9662000,0.438013287301907,0.863357501394311,9
6432,309000,9662000,0.906078875909641,3.11419408812047,9
6433,310000,9662000,0.835191854531552,5.00306748466258,11
6434,311000,9662000,1.0149156905361,4.51952035694367,11
6435,312000,9662000,0.831234427961024,6.11238148354713,12
6436,313000,9662000,0.573263852552419,7.96388733965421,16
6437,314000,9662000,0.520131603495559,11.3839933073062,22
6438,315000,9662000,0.909123989052444,12.7300613496933,34
6439,316000,9662000,0.999844837713498,8.9217791411043,36
6440,317000,9662000,1.17122733628622,10.7397518126046,31
6441,318000,9662000,1.25616790541246,6.65337423312883,30
6442,319000,9662000,0.831532187971107,5.64472950362521,20
6443,320000,9662000,0.822002954353489,3.91139152258784,14
6444,321000,9662000,0.776150608512134,4.30486614612381,21
6445,322000,9662000,0.799143816463315,4.65156162855549,16
6446,323000,9662000,0.919530616366661,5.64884272169548,18
6447,324000,9662000,0.71375159854891,1.97518126045733,7
6448,325000,9662000,0.674989600114786,1.42944785276074,6
6449,326000,9662000,0.736425205945582,1.42589235917457,9
6450,327000,9662000,0.870480407602122,1.84711377579476,14
6451,328000,9662000,0.762515768642968,1.93711656441718,8
6452,329000,9662000,0.7092276837142,3.48257110987172,10
6453,330000,9662000,0.513393844762314,4.16404071388734,13
6454,331000,9662000,1.13473402614993,10.8745817066369,33
6455,332000,9662000,0.544855826343669,26.5602342442833,35
6456,333000,9662000,0.585736197507322,28.8331706636921,36
6457,334000,9662000,0.478646428797371,27.6694088120468,35
6458,335000,9662000,0.590452015245291,26.6412437255996,37
6459,336000,9662000,1.11346601025717,12.6190044617959,34
6460,337000,9662000,1.06327392528379,8.08163692136085,32
6461,338000,9662000,1.06088493192613,9.82724484104852,31
6462,339000,9662000,0.518747227677398,12.3201338538762,23
6463,340000,9662000,0.465709101183195,13.1841885108756,25
6464,341000,9662000,0.469737821449369,13.0118516452872,21
6465,342000,9662000,0.423427295232126,12.9551728945901,21
6466,343000,9662000,0.423070558407151,12.6945761293921,20
6467,344000,9662000,0.397757805341195,12.4850808700502,21
6468,345000,9662000,0.184483988369146,12.4910066926938,17
6469,346000,9662000,0.181132139405995,11.2725181260457,18
6470,347000,9662000,0.271480771648496,11.2128416062465,18
6471,348000,9662000,0.517892942514412,8.77272727272727,17
6472,349000,9662000,0.757923957072916,7.16020635805912,16
6473,350000,9662000,0.901035962913363,5.36070831009481,15
6474,351000,9662000,0.911162279755371,3.51136363636364,15
6475,352000,9662000,1.0034977213968,3.69687674288901,14
6476,353000,9662000,0.996705576068242,3.30124093697713,16
6477,354000,9662000,1.37538996417066,7.50327663134412,32
6478,355000,9662000,0.98264795525378,9.6771472392638,30
6479,356000,9662000,0.638932640544909,7.47692414947016,17
6480,357000,9662000,0.807642456618767,6.45440602342443,19
6481,358000,9662000,1.05912883859537,4.55507529280535,17
6482,359000,9662000,0.792240247599023,1.76631344116007,13
6483,360000,9662000,0.741909351396276,1.58630786391523,7
6484,361000,9662000,0.541387632373974,0.8505298382599,8
6485,362000,9662000,0.721921449132116,1.48759063022867,9
6486,363000,9662000,0.692940907539408,1.23626603457892,10
6487,364000,9662000,0.502139037046285,0.998814835471277,10
6488,365000,9662000,0.150352763425131,0.122629670942554,6
6489,366000,9662000,0.29297307881136,0.33080033463469,8
6490,367000,9662000,0.180425180264577,0.18648912437256,4
6491,368000,9662000,0.271469127609743,0.338747908533185,4
6492,369000,9662000,0.338320540802977,0.62388455103179,6
6493,370000,9662000,0.649991602160139,1.17449804796431,7
6494,371000,9662000,0.703047329216748,1.67631065253765,6
6495,372000,9662000,0.713554833396373,3.59578918014501,7
6496,373000,9662000,0.940200108664989,3.89180145008366,7
6497,374000,9662000,0.823243312747254,3.71242331288344,7
6498,375000,9662000,0.92149473478416,2.55056179775281,6
6499,262000,9663000,0.274450175443107,0.477883538633819,11
6500,263000,9663000,0.97444878643371,2.42275515895148,14
6501,264000,9663000,0.968086255120976,2.24881483547128,13
6502,265000,9663000,0.431816949969794,0.567136084774122,7
6503,266000,9663000,0.168594117064082,0.220928611266035,6
6504,267000,9663000,0.0235995229907745,0.013106525376464,3
6505,268000,9663000,0,0,0
6506,269000,9663000,0.075476231438205,0.0593279419966537,8
6507,270000,9663000,0.0312131133646106,0.0239124372559955,4
6508,271000,9663000,0,0,0
6509,272000,9663000,0.0612416631530133,0.0453848298940323,4
6510,273000,9663000,0,0.00237032905744562,1
6511,274000,9663000,0.0149933975956767,0.0579336307863915,3
6512,275000,9663000,0.583040082619775,1.51533742331288,16
6513,276000,9663000,0.716338652662862,2.18223647518126,15
6514,277000,9663000,0.595072844958744,1.22476296709426,14
6515,278000,9663000,0.971894629292903,2.86035973229225,20
6516,279000,9663000,0.772755226590169,1.55598159509202,18
6517,280000,9663000,0.654597477922143,1.23640546569994,7
6518,281000,9663000,0.912105168189403,2.06134969325153,20
6519,282000,9663000,1.04367990694706,3.52426101505856,22
6520,283000,9663000,1.12506471652097,4.29440881204685,23
6521,284000,9663000,1.35162070243391,6.87172336865588,23
6522,285000,9663000,1.30434946950029,9.03715839375349,28
6523,286000,9663000,0.74383703028939,15.4793641940881,28
6524,287000,9663000,0.300442423478249,20.6203987730061,29
6525,288000,9663000,0.0072555700506393,24.4753206915784,32
6526,289000,9663000,0.288733312142683,25.8450920245399,35
6527,290000,9663000,0.611295042430309,27.7388455103179,38
6528,291000,9663000,0.712220545219852,25.5279559397658,37
6529,292000,9663000,0.619766424463319,26.2212771890686,38
6530,293000,9663000,0.693051906729885,30.2600390407139,38
6531,294000,9663000,0.692701953603422,30.1033184606804,40
6532,295000,9663000,0.654657847513726,29.1140546569994,40
6533,296000,9663000,0.585137471165214,27.4557306190742,37
6534,297000,9663000,0.298675234454001,21.2662437255996,37
6535,298000,9663000,0.504713738894839,20.0604433909649,34
6536,299000,9663000,0.733930796177582,12.7520914668154,31
6537,3e+05,9663000,0.84578260426204,15.079894032348,32
6538,301000,9663000,1.02745809506268,3.60673452314557,23
6539,302000,9663000,0.803717529600133,2.0016034578918,15
6540,303000,9663000,0.163744117226305,0.349484104852203,7
6541,304000,9663000,0.710662180417993,1.2760736196319,13
6542,305000,9663000,0.648235690539049,1.10429447852761,14
6543,306000,9663000,0.188499604909967,0.196946458449526,4
6544,307000,9663000,0.530282028317414,0.883784160624651,13
6545,308000,9663000,0.849879227194289,2.05409927495817,14
6546,309000,9663000,0.848567531372025,3.46590909090909,9
6547,310000,9663000,0.817440932323414,5.41431957612939,12
6548,311000,9663000,0.946244054837617,4.80451756832125,14
6549,312000,9663000,0.939418085926381,4.97343837144451,16
6550,313000,9663000,0.98694599494364,5.18105131065254,13
6551,314000,9663000,0.88357018859936,7.13998884551032,22
6552,315000,9663000,1.03781314419764,8.77621305075293,28
6553,316000,9663000,1.24885066035452,6.85150585610708,34
6554,317000,9663000,1.12810310842072,4.49017010596765,23
6555,318000,9663000,0.901852739640271,4.72803959843837,20
6556,319000,9663000,0.705651205108471,4.73291968767429,17
6557,320000,9663000,0.891049465759446,4.81399888455103,17
6558,321000,9663000,0.914613435035342,3.85276073619632,11
6559,322000,9663000,0.793164439300414,3.31511433351924,16
6560,323000,9663000,1.05562511198322,3.18063301728946,16
6561,324000,9663000,0.602965657758027,1.33324037925265,7
6562,325000,9663000,0.736677755755149,1.69346068042387,12
6563,326000,9663000,0.339223435928467,0.658254322364752,12
6564,327000,9663000,0.725737230734717,1.43495538204127,8
6565,328000,9663000,0.788594006572759,1.76603457891801,14
6566,329000,9663000,0.84063037465016,3.00313720022309,11
6567,330000,9663000,0.871627556026569,5.73577802565533,23
6568,331000,9663000,0.935007910536399,15.7732849972114,34
6569,332000,9663000,0.552134020475958,27.9182236475181,37
6570,333000,9663000,0.545096220843726,28.9222671500279,37
6571,334000,9663000,0.630827189539337,29.2637339654211,37
6572,335000,9663000,0.990333351265866,25.7389152258784,38
6573,336000,9663000,1.3116610867165,10.3497629670943,35
6574,337000,9663000,1.02346703100956,7.79168990518684,23
6575,338000,9663000,0.847634970848022,8.3276631344116,18
6576,339000,9663000,0.405565268417321,12.0841466815393,19
6577,340000,9663000,0.556206172987053,13.7756553262688,22
6578,341000,9663000,0.669874259671444,13.7334076965979,22
6579,342000,9663000,0.627218180748012,14.1839096486336,23
6580,343000,9663000,0.476579063488833,12.6801450083659,21
6581,344000,9663000,0.38791924097782,12.7105409927496,21
6582,345000,9663000,0.341602348652839,12.457334076966,22
6583,346000,9663000,0.326188564151194,12.319157836029,19
6584,347000,9663000,0.332187870532621,11.058282208589,19
6585,348000,9663000,0.358170899303876,9.38601505856107,17
6586,349000,9663000,1.05130765321634,6.06302286670385,19
6587,350000,9663000,0.968761380116629,2.5643474623536,12
6588,351000,9663000,0.923499713912036,2.11949247071946,10
6589,352000,9663000,0.973558397397685,3.51931121026213,17
6590,353000,9663000,0.986611307094832,3.50334634690463,18
6591,354000,9663000,1.12212601189524,3.81727551589515,21
6592,355000,9663000,1.005351337545,2.81643892916899,16
6593,356000,9663000,1.05500786680846,4.12848577802565,16
6594,357000,9663000,1.05476641258908,4.08805075292805,15
6595,358000,9663000,0.958664237950581,2.90330451756832,13
6596,359000,9663000,0.720915442786933,1.83170663692136,7
6597,360000,9663000,0.671080794996679,1.28555493586168,6
6598,361000,9663000,0.621685537841294,1.10833798103737,6
6599,362000,9663000,0.792973941750851,1.59174567763525,10
6600,363000,9663000,0.760257121748282,1.77105409927496,10
6601,364000,9663000,0.218872512378964,0.332612939208031,10
6602,365000,9663000,0.211526045904558,0.204266592303402,6
6603,366000,9663000,0.219490157371701,0.254252649191299,3
6604,367000,9663000,0.347557687519976,0.520147796988288,4
6605,368000,9663000,0.638981724296593,1.1425683212493,5
6606,369000,9663000,0.684032801004423,1.88294757389849,6
6607,370000,9663000,0.695586610525798,2.19820133853876,6
6608,371000,9663000,0.901495943428065,2.16187953151143,7
6609,372000,9663000,0.885359035310038,5.018614054657,7
6610,373000,9663000,1.01141445769247,3.84760178471835,12
6611,374000,9663000,1.05760386723535,4.55110150585611,17
6612,375000,9663000,1.08147479930974,3.52327447833066,16
6613,262000,9664000,0.872716295483212,1.87569988801792,11
6614,263000,9664000,0.914965094684462,2.08630786391523,14
6615,264000,9664000,0.14093827794835,0.119492470719465,10
6616,265000,9664000,0.0110180198229499,0.0840769659788065,2
6617,266000,9664000,0.550436610947586,0.83303123257111,8
6618,267000,9664000,0.520946788035575,0.662228109313999,7
6619,268000,9664000,0,0.000278862242052426,1
6620,269000,9664000,0.0158488228290157,0.00892359174567764,4
6621,270000,9664000,0.0274639648745886,0.0145705521472393,4
6622,271000,9664000,0,0,0
6623,272000,9664000,0.120441284211217,0.119631901840491,10
6624,273000,9664000,0.443613942954723,0.802426101505856,14
6625,274000,9664000,0.805547265683901,2.67889012827663,20
6626,275000,9664000,1.04226097714662,4.63580591187953,17
6627,276000,9664000,0.586871725398241,1.44122978248745,15
6628,277000,9664000,0.586760293694688,1.01073619631902,12
6629,278000,9664000,0.895311653481775,2.0734104852203,20
6630,279000,9664000,1.14432785415332,3.72580870050195,20
6631,280000,9664000,1.1075428145814,4.21876742889013,16
6632,281000,9664000,1.22254436725665,5.51715002788622,22
6633,282000,9664000,1.22225155433765,6.14103457891801,22
6634,283000,9664000,0.8200706879822,2.19701617401004,23
6635,284000,9664000,0.614264276923262,1.06002509760178,13
6636,285000,9664000,0.923199210902117,4.75432236475181,17
6637,286000,9664000,0.15538678554909,12.4256134969325,21
6638,287000,9664000,0.616964042311875,15.0034160624651,28
6639,288000,9664000,0.549660587012561,20.4155744562186,31
6640,289000,9664000,0.690730489914734,19.4703011712214,32
6641,290000,9664000,0.62692732099869,20.632738427217,36
6642,291000,9664000,0.569432165602833,22.1162855549359,36
6643,292000,9664000,0.711633407128165,28.1973647518126,40
6644,293000,9664000,0.692163880486042,30.0038343558282,39
6645,294000,9664000,0.681187425414594,30.9596346904629,39
6646,295000,9664000,0.545343102230497,27.6218627997769,38
6647,296000,9664000,0.609639427572163,27.9284718349136,39
6648,297000,9664000,0.6082696927519,26.468349135527,39
6649,298000,9664000,0.636615473642084,19.8756971556051,34
6650,299000,9664000,0.868524584799752,11.8775097601785,24
6651,3e+05,9664000,0.827474710577629,11.957473508087,41
6652,301000,9664000,1.04047570618396,3.86747071946458,29
6653,302000,9664000,0.980249145463631,2.73006134969325,15
6654,303000,9664000,0.857333364563175,1.74602621305075,14
6655,304000,9664000,0.90416378291668,2.18056330172895,14
6656,305000,9664000,0.455688136836719,0.836795872838818,14
6657,306000,9664000,0.489994056375468,0.903304517568321,11
6658,307000,9664000,0.454133235692605,0.824595649749024,13
6659,308000,9664000,0.951290136921026,3.04294478527607,13
6660,309000,9664000,0.75151130761316,3.64549637479085,9
6661,310000,9664000,0.944628197002608,3.22462353597323,9
6662,311000,9664000,0.948280803748487,2.84815950920245,11
6663,312000,9664000,0.80287468170483,2.64772727272727,16
6664,313000,9664000,0.942036745142271,4.31351087562744,13
6665,314000,9664000,0.80523542145819,5.20872838817624,13
6666,315000,9664000,0.804302692657814,5.61035973229225,13
6667,316000,9664000,0.879591450466917,5.18844116006693,17
6668,317000,9664000,0.871816933923805,4.8165086447295,15
6669,318000,9664000,0.547122608473549,4.40163134411601,9
6670,319000,9664000,0.562477026550435,4.23786949247072,16
6671,320000,9664000,0.713542592542417,3.53750697155605,15
6672,321000,9664000,0.944447806250809,3.55877021751255,9
6673,322000,9664000,0.948826616300163,2.42547406581149,10
6674,323000,9664000,0.991076778027132,3.16982710540993,9
6675,324000,9664000,0.522377019425998,1.13141383156721,7
6676,325000,9664000,0.235205281111008,0.619980479643056,4
6677,326000,9664000,0.767563682764707,1.63970998326827,19
6678,327000,9664000,0.682220444878258,1.33400725041829,8
6679,328000,9664000,0.778012926571985,2.55117122141662,7
6680,329000,9664000,0.826704107443467,3.78806469604016,11
6681,330000,9664000,0.707169850040658,5.99993028443949,13
6682,331000,9664000,0.831238561574157,12.6689905186838,35
6683,332000,9664000,0.549179246721027,28.6688510875627,37
6684,333000,9664000,0.576198692693681,26.8968906860011,34
6685,334000,9664000,0.840178837158648,25.8766731734523,35
6686,335000,9664000,1.30788633012658,17.0397378694925,38
6687,336000,9664000,1.06546111799568,7.73745119910764,32
6688,337000,9664000,0.847273535285431,7.53471834913553,17
6689,338000,9664000,0.570295719422495,8.53039598438371,15
6690,339000,9664000,0.36466482897153,11.7990797546012,24
6691,340000,9664000,0.456955084474147,13.3034718349136,24
6692,341000,9664000,0.428098118732123,13.1801450083659,21
6693,342000,9664000,0.567873131987412,12.9747629670943,21
6694,343000,9664000,0.356701931471303,12.1177495817066,21
6695,344000,9664000,0.412702928366781,12.6957612939208,23
6696,345000,9664000,0.289968188824791,11.7953151143335,20
6697,346000,9664000,0.137444472120033,11.0101087562744,17
6698,347000,9664000,0.469972665470036,9.29594255437814,17
6699,348000,9664000,0.85683068635972,5.20098996095929,15
6700,349000,9664000,0.885933898947698,2.70503346346905,12
6701,350000,9664000,0.929961519386644,2.48912437255996,13
6702,351000,9664000,0.889107149966558,1.99407417735639,24
6703,352000,9664000,1.04153729528273,4.21388733965421,27
6704,353000,9664000,0.951486907706495,3.2776770775237,15
6705,354000,9664000,1.00253678055324,2.5962771890686,9
6706,355000,9664000,0.910173475876872,2.35129670942554,11
6707,356000,9664000,0.730376345748322,2.13664249860569,9
6708,357000,9664000,0.766279914231421,2.68607083100948,9
6709,358000,9664000,0.705645402261293,2.29406023424428,7
6710,359000,9664000,0.714058302556986,1.69206636921361,10
6711,360000,9664000,0.714822243488692,1.6984104852203,9
6712,361000,9664000,0.61041318303843,1.03785554935862,8
6713,362000,9664000,0.68441504543877,1.23905465699944,10
6714,363000,9664000,0.477348722912827,0.772378694924707,10
6715,364000,9664000,0.356970647847515,0.435164528722811,9
6716,365000,9664000,0.280489804899965,0.339584495259342,7
6717,366000,9664000,0.170426534252972,0.208658672615728,4
6718,367000,9664000,0.704718988580276,1.30883993307306,7
6719,368000,9664000,0.632566152420561,2.25871444506414,7
6720,369000,9664000,0.662662538283892,2.11363636363636,6
6721,370000,9664000,0.772895347888073,3.4431121026213,6
6722,371000,9664000,0.978533881386123,2.86461238148355,7
6723,372000,9664000,0.840394654347368,5.14166201896263,7
6724,373000,9664000,1.05679301117343,3.9553123257111,15
6725,374000,9664000,0.991194907644875,5.11600669269381,17
6726,375000,9664000,1.09455085280764,4.31540930979133,15
6727,262000,9665000,1.06660225946123,4.86982082866741,14
6728,263000,9665000,0.627594200612722,1.38970998326827,14
6729,264000,9665000,0,0,0
6730,265000,9665000,0.036298430918027,0.0591885108756274,3
6731,266000,9665000,1.08243795483894,3.11921360847741,10
6732,267000,9665000,0.89274462969922,1.75146402677078,10
6733,268000,9665000,0,0.0011154489682097,1
6734,269000,9665000,0,0.00118516452872281,1
6735,270000,9665000,0.00137728250361463,0.000278862242052426,2
6736,271000,9665000,0,0,0
6737,272000,9665000,0.193400372396227,0.211517010596765,10
6738,273000,9665000,0.600141683778445,1.20356943669827,17
6739,274000,9665000,0.638986941788462,1.46883714445064,17
6740,275000,9665000,0.72729569258033,1.68377021751255,15
6741,276000,9665000,0.161510354782992,0.281372002230898,15
6742,277000,9665000,0.845435121050799,1.82145844952593,14
6743,278000,9665000,0.974923458559678,2.35666480758505,13
6744,279000,9665000,0.985784749897692,2.46716397099833,15
6745,280000,9665000,0.551205110388578,0.78792526491913,12
6746,281000,9665000,0.44981604390197,0.595231455660904,12
6747,282000,9665000,0.589543011411268,0.979433909648634,9
6748,283000,9665000,0.288615526437635,0.499233128834356,5
6749,284000,9665000,0.229271082270014,0.306051310652538,9
6750,285000,9665000,0.68574126016387,1.97559955382041,19
6751,286000,9665000,0.72973825236762,11.8598717233687,22
6752,287000,9665000,0.574912520020924,14.4461098717234,29
6753,288000,9665000,1.00185679835994,11.2221834913553,21
6754,289000,9665000,1.24108453769159,10.8912437255996,30
6755,290000,9665000,0.607271704419202,21.4371862799777,37
6756,291000,9665000,0.912503130040752,23.633017289459,38
6757,292000,9665000,0.697687467210167,30.3385387618516,38
6758,293000,9665000,0.689430073238213,29.7352203011712,38
6759,294000,9665000,0.680482995965649,29.4360708310095,39
6760,295000,9665000,0.640944802096841,28.5957194645845,39
6761,296000,9665000,0.642691419904725,27.8843418851088,39
6762,297000,9665000,0.624012010800856,28.0732710540993,39
6763,298000,9665000,0.850636247392677,19.8779280535415,35
6764,299000,9665000,0.8286328498935,12.3336586726157,30
6765,3e+05,9665000,1.10512457807816,13.4905186837702,41
6766,301000,9665000,1.15448110861057,4.23570831009481,28
6767,302000,9665000,0.801663215458863,1.71061070831009,16
6768,303000,9665000,0.850780336062998,1.92212771890686,11
6769,304000,9665000,0.693971962229561,1.56622978248745,7
6770,305000,9665000,0.787694916385136,2.91320412716118,12
6771,306000,9665000,0.888128837049484,2.04217791411043,13
6772,307000,9665000,0.205185949900109,0.681748466257669,11
6773,308000,9665000,0.903089345763498,2.14326547685443,10
6774,309000,9665000,0.818156919067079,3.07654768544339,8
6775,310000,9665000,0.716757907139969,4.17526491912995,14
6776,311000,9665000,0.95466623597944,4.20705521472393,14
6777,312000,9665000,0.988078938161319,4.21472392638037,12
6778,313000,9665000,1.00249753009737,4.6324595649749,12
6779,314000,9665000,0.620734187088014,6.27209983268266,13
6780,315000,9665000,0.888417058667939,5.57884829894032,19
6781,316000,9665000,0.552128620731871,6.33226436140547,17
6782,317000,9665000,0.629934815663894,6.38859453430006,20
6783,318000,9665000,0.607127425521554,4.36851645287228,9
6784,319000,9665000,0.574227190315688,3.34753206915784,9
6785,320000,9665000,0.692685232738547,2.22685443390965,10
6786,321000,9665000,0.855973597112587,2.30730619074177,8
6787,322000,9665000,0.717312594024674,1.53499721137758,8
6788,323000,9665000,0.980211907525242,2.49818739542666,10
6789,324000,9665000,0.834012718700902,1.82550195203569,14
6790,325000,9665000,0.598889011295717,1.167526491913,5
6791,326000,9665000,0.63437889404661,1.15016731734523,8
6792,327000,9665000,0.890420514900221,2.4191299498048,11
6793,328000,9665000,0.679344812549426,3.76345510317903,9
6794,329000,9665000,0.737879111876832,5.1781929726715,12
6795,330000,9665000,0.817429952544195,8.41627161182376,32
6796,331000,9665000,0.953645293817626,17.2370329057446,35
6797,332000,9665000,0.644672193248738,28.2295733407697,35
6798,333000,9665000,0.510195984146293,27.3441857222532,36
6799,334000,9665000,0.340222657121082,25.7232989403235,34
6800,335000,9665000,1.00105204008106,13.2292247629671,32
6801,336000,9665000,0.788229386057017,9.6691299498048,22
6802,337000,9665000,0.838790101549815,11.6308561070831,23
6803,338000,9665000,1.15119927662591,9.25013943112103,21
6804,339000,9665000,0.436748452385454,11.4617958728388,23
6805,340000,9665000,0.606817720151665,11.4507808142777,24
6806,341000,9665000,0.440625867956763,12.5401561628555,25
6807,342000,9665000,0.378752981583694,11.7453987730061,22
6808,343000,9665000,0.379036135574213,11.3199247071946,21
6809,344000,9665000,0.262889720269576,11.6592303402119,23
6810,345000,9665000,0.242836255490275,11.4261015058561,19
6811,346000,9665000,0.738867275085212,9.41445900725042,18
6812,347000,9665000,0.735426367055465,6.23800892359175,16
6813,348000,9665000,0.677635563889652,3.99686279977691,12
6814,349000,9665000,0.762216380672918,3.83080033463469,13
6815,350000,9665000,0.667242001299015,3.31086168432794,13
6816,351000,9665000,0.875946919633429,2.74184327941997,15
6817,352000,9665000,0.977160114732233,3.46786112660346,14
6818,353000,9665000,0.826134487170722,2.15225878416062,14
6819,354000,9665000,0.620730116081206,1.17958728388176,14
6820,355000,9665000,0.563046696632022,0.856734523145566,7
6821,356000,9665000,0.692068894332868,1.55444785276074,5
6822,357000,9665000,0.677511535016612,2.08519241494702,9
6823,358000,9665000,0.71729205788903,1.41787506971556,9
6824,359000,9665000,0.51861648646448,0.913343558282209,10
6825,360000,9665000,0.682997269196924,1.95886781929727,9
6826,361000,9665000,0.707530760256047,1.79273563859453,7
6827,362000,9665000,0.694522907332779,1.61579754601227,6
6828,363000,9665000,0.332311367634638,0.437046848856665,9
6829,364000,9665000,0.286293252796484,0.380437813720022,9
6830,365000,9665000,0.539487643831825,0.838259899609593,6
6831,366000,9665000,0.413891874064555,0.514709983268265,6
6832,367000,9665000,0.584442342065424,0.927914110429448,4
6833,368000,9665000,0.630998108465226,2.19513385387619,5
6834,369000,9665000,0.756256228811326,2.40225878416062,6
6835,370000,9665000,0.755625636862285,2.35310931399888,6
6836,371000,9665000,0.866386106125128,2.42247629670943,7
6837,372000,9665000,0.955769770178778,3.69408812046849,17
6838,373000,9665000,1.06732019259478,4.70085052983826,17
6839,374000,9665000,0.895115195234606,3.86893474623536,7
6840,375000,9665000,1.09017517784808,3.59951845906902,6
6841,262000,9666000,1.05038575536641,3.49132138857783,14
6842,263000,9666000,1.08110193458337,3.95315114333519,14
6843,264000,9666000,0.848777417307191,1.88211098717234,14
6844,265000,9666000,0.61571431032241,1.00223089793642,11
6845,266000,9666000,0.271216966122107,0.34132738427217,7
6846,267000,9666000,0.582802907078505,0.841954824316787,8
6847,268000,9666000,0,0.000488008923591746,1
6848,269000,9666000,0,0,0
6849,270000,9666000,0,0,0
6850,271000,9666000,0.346650312302058,0.541132180702733,11
6851,272000,9666000,0.381487921406975,0.567275515895148,12
6852,273000,9666000,0.0379222253395176,0.039249860568879,9
6853,274000,9666000,0.00420904418254762,0.0395984383714445,2
6854,275000,9666000,0.280332615956161,0.391034578918015,16
6855,276000,9666000,0.362814066800282,0.698549916341327,17
6856,277000,9666000,0.872002815703416,2.88880368098159,23
6857,278000,9666000,1.20493509578491,4.84990239821528,20
6858,279000,9666000,1.13612474952623,3.82919687674289,21
6859,280000,9666000,0.0324368363736367,0.0342303402119353,14
6860,281000,9666000,0.0945438501131712,0.098159509202454,12
6861,282000,9666000,0.269235333000724,0.327523703290574,11
6862,283000,9666000,0.205597720535421,0.320343000557724,5
6863,284000,9666000,0.512703656326031,0.888036809815951,12
6864,285000,9666000,0.933927714396007,2.89194088120468,15
6865,286000,9666000,0.786846173241657,11.0525655326269,20
6866,287000,9666000,0.599904346228358,14.4029559397658,30
6867,288000,9666000,0.736052018000017,16.7352900167317,30
6868,289000,9666000,0.767597431200944,18.2536252091467,30
6869,290000,9666000,0.709611865495746,17.5262827663134,35
6870,291000,9666000,0.844096650730195,22.6395705521472,38
6871,292000,9666000,0.785892736729255,29.5651840490798,40
6872,293000,9666000,0.689454122926704,29.8287785833798,38
6873,294000,9666000,0.548042775178751,28.2002230897936,37
6874,295000,9666000,0.479238302136152,27.2654768544339,39
6875,296000,9666000,0.556988436291097,27.4652816508645,39
6876,297000,9666000,0.410652167669002,24.9867540435025,36
6877,298000,9666000,0.853216384813053,19.6094534300056,35
6878,299000,9666000,0.677257584332971,9.42205800334635,24
6879,3e+05,9666000,0.845590515345352,10.6989682097044,26
6880,301000,9666000,1.04465463498036,5.29817345231456,23
6881,302000,9666000,0.802617020524659,2.40909090909091,11
6882,303000,9666000,0.65412813808873,1.25202175125488,8
6883,304000,9666000,0.69036741453369,1.55730619074177,6
6884,305000,9666000,0.695520928550097,3.99672336865588,14
6885,306000,9666000,0.62249407182685,3.2414947016174,10
6886,307000,9666000,0.85581144649004,2.83637757947574,9
6887,308000,9666000,0.799369191308414,2.47434467373118,9
6888,309000,9666000,0.721635021057549,1.55082264361405,7
6889,310000,9666000,0.959896653772804,2.98117679866146,14
6890,311000,9666000,0.822409741178921,5.40595370886782,17
6891,312000,9666000,0.864172664461266,5.29120189626325,16
6892,313000,9666000,0.879833555445807,5.24337702175125,18
6893,314000,9666000,0.516794753371882,6.60771054099275,13
6894,315000,9666000,0.697120978262789,6.425543781372,17
6895,316000,9666000,0.403739719224237,7.59460401561629,17
6896,317000,9666000,0.737001242816832,6.398912437256,17
6897,318000,9666000,0.752379791309263,2.72894590072504,10
6898,319000,9666000,0.745914601301483,1.8707473508087,6
6899,320000,9666000,0.834233908468627,2.09153653095371,8
6900,321000,9666000,0.787394302449517,1.74281929726715,9
6901,322000,9666000,0.881307599625529,1.99811767986615,11
6902,323000,9666000,0.643850600406037,1.29615170105968,11
6903,324000,9666000,0.898023919419727,2.71228388176241,14
6904,325000,9666000,0.730333454094537,1.73054935861684,7
6905,326000,9666000,0.953937959637067,3.05277467930842,9
6906,327000,9666000,0.843802375659331,4.98612660345789,11
6907,328000,9666000,0.749356370409417,5.24714166201896,11
6908,329000,9666000,0.675591644225038,7.01226993865031,23
6909,330000,9666000,0.828653745670047,17.5909090909091,35
6910,331000,9666000,0.371857431596186,27.9914947016174,36
6911,332000,9666000,0.841512295180841,25.5676938092582,35
6912,333000,9666000,0.968544356606735,19.1929029559398,35
6913,334000,9666000,0.829756453928736,19.9462493028444,36
6914,335000,9666000,0.869401566218349,15.4473647518126,36
6915,336000,9666000,0.691580618503956,16.0992052426102,27
6916,337000,9666000,0.857080488790723,14.2452593418851,24
6917,338000,9666000,1.07849696194318,6.4313998884551,19
6918,339000,9666000,0.620316575558118,12.6162855549359,24
6919,340000,9666000,0.592770604454626,11.7502091466815,24
6920,341000,9666000,0.692983760858909,10.776491912995,23
6921,342000,9666000,0.437077239889165,11.2905744562186,24
6922,343000,9666000,0.315619649731508,10.1220022308979,20
6923,344000,9666000,0.581219386857199,10.3753485778026,19
6924,345000,9666000,0.787633882683924,6.71242331288344,16
6925,346000,9666000,0.87838275857059,3.47971277189069,16
6926,347000,9666000,0.998597631445763,3.32138873396542,14
6927,348000,9666000,1.03031028268431,2.89953987730061,16
6928,349000,9666000,1.01991745056612,2.71500278862242,13
6929,350000,9666000,0.721569742015653,1.22810931399888,10
6930,351000,9666000,1.00609256146637,3.68579196876743,19
6931,352000,9666000,0.920655588761028,2.63838538761852,18
6932,353000,9666000,0.595158446628435,0.901770775237033,13
6933,354000,9666000,0.395630386282929,0.728248745119911,14
6934,355000,9666000,0.774337047940343,1.79831288343558,12
6935,356000,9666000,0.715394160670356,2.31790295593977,10
6936,357000,9666000,0.668898002711272,2.38280814277747,10
6937,358000,9666000,0.705052868186975,1.83735359732292,7
6938,359000,9666000,0.78553748206359,1.60255158951478,8
6939,360000,9666000,0.821449546309974,1.89403234802008,9
6940,361000,9666000,0.765574446972458,1.57884829894032,10
6941,362000,9666000,0.743181989238187,1.73954266592303,10
6942,363000,9666000,0.598494202050385,1.023912437256,8
6943,364000,9666000,0.403421599391466,0.552426101505856,5
6944,365000,9666000,0.680638833989723,1.39284718349136,5
6945,366000,9666000,0.526011687455688,0.753485778025655,7
6946,367000,9666000,0.640813603929679,1.14940044617959,7
6947,368000,9666000,0.744151562751148,2.71563022866704,7
6948,369000,9666000,0.760992857158344,3.33651701059676,7
6949,370000,9666000,0.954508048652254,2.96158672615728,15
6950,371000,9666000,1.0077659179857,3.78604294478528,14
6951,372000,9666000,1.12013072257543,3.4888455103179,20
6952,373000,9666000,0.634776119762334,2.83428611266035,12
6953,374000,9666000,0.609313342935351,3.89884272169548,13
6954,375000,9666000,0.752849510831757,3.05738362760835,6
6955,262000,9667000,0.832166775820169,1.9941209406495,12
6956,263000,9667000,0.993123553334427,2.74170384829894,15
6957,264000,9667000,1.08704967019849,3.70844952593419,15
6958,265000,9667000,1.02405611461664,2.57117958728388,11
6959,266000,9667000,0.626521601242089,1.04231734523146,7
6960,267000,9667000,0.860911695456327,1.68600111544897,10
6961,268000,9667000,0.165955789690235,0.169687674288901,10
6962,269000,9667000,0,0,0
6963,270000,9667000,0.281316989217241,0.48968209704406,16
6964,271000,9667000,0.0117308730646368,0.00780814277746793,8
6965,272000,9667000,0.0145622287509984,0.0186837702175125,4
6966,273000,9667000,0.0082220933126644,0.0100390407138873,2
6967,274000,9667000,0.136723469894632,0.279698828778583,20
6968,275000,9667000,0.974973495900093,3.82668711656442,21
6969,276000,9667000,0.454075266194095,1.00815672058003,17
6970,277000,9667000,0.279129329019359,0.541550474065811,17
6971,278000,9667000,0.4982243403647,1.33163692136085,17
6972,279000,9667000,0.541408517118946,1.77433073061907,24
6973,280000,9667000,0.649282852194971,2.15539598438371,24
6974,281000,9667000,0.696607925362254,2.19429726715003,24
6975,282000,9667000,0.895085679366179,3.08142777467931,22
6976,283000,9667000,0.77898518616469,2.53206915783603,25
6977,284000,9667000,1.14339825182459,4.35150585610708,25
6978,285000,9667000,1.18900507754389,6.50815672058003,22
6979,286000,9667000,1.20187428934388,10.9118795315114,28
6980,287000,9667000,0.638640062737903,14.864403234802,28
6981,288000,9667000,0.611500907264409,18.4861963190184,29
6982,289000,9667000,0.298818732553103,20.5768265476854,30
6983,290000,9667000,0.563072604214979,19.0073201338539,32
6984,291000,9667000,1.03974304642247,17.9224762967094,36
6985,292000,9667000,0.918470743049862,23.4788761851645,40
6986,293000,9667000,0.760289072597325,29.2798382598996,37
6987,294000,9667000,0.622099409527313,28.9342582264361,37
6988,295000,9667000,0.674246787823773,29.0969046291132,39
6989,296000,9667000,0.434705963189174,26.021054099275,37
6990,297000,9667000,0.270422505716097,23.5492191857223,37
6991,298000,9667000,0.634760396713604,21.4498047964306,36
6992,299000,9667000,0.934996627669935,7.67589235917457,29
6993,3e+05,9667000,0.765232228162572,11.8408393753486,30
6994,301000,9667000,0.843247096496213,6.79050474065811,25
6995,302000,9667000,1.0671106090365,3.23466257668712,25
6996,303000,9667000,0.351093966942189,0.388315672058003,6
6997,304000,9667000,0.842221883760362,2.09021193530396,9
6998,305000,9667000,0.372243438340839,3.25564696040156,10
6999,306000,9667000,0.465123582903642,2.78220858895706,10
7000,307000,9667000,0.730534625408719,2.39563580591188,9
7001,308000,9667000,0.583928582824173,3.89054656999442,10
7002,309000,9667000,0.657663233572308,2.46953430005577,10
7003,310000,9667000,0.520315562259049,3.35554935861684,8
7004,311000,9667000,0.413881906113138,3.73326826547685,8
7005,312000,9667000,0.52365755664301,3.02230897936419,7
7006,313000,9667000,0.847391321410601,2.44966536530954,8
7007,314000,9667000,0.705526595049333,5.08073061907418,11
7008,315000,9667000,0.776156549617257,3.88824595649749,9
7009,316000,9667000,0.736703150386471,4.05821249302844,10
7010,317000,9667000,0.962863091208405,3.61586726157278,10
7011,318000,9667000,0.802777084966217,2.70998326826548,10
7012,319000,9667000,0.546246253902741,1.21339933073062,5
7013,320000,9667000,0.678188222136562,1.52314556609035,8
7014,321000,9667000,0.564150871239135,0.983059118795315,7
7015,322000,9667000,0.676632306440974,1.19492470719465,9
7016,323000,9667000,0.757505165805307,1.52203011712214,13
7017,324000,9667000,0.826222456292506,2.03757668711656,10
7018,325000,9667000,1.0111580669464,3.18976575571668,12
7019,326000,9667000,0.699103243240688,5.8287088678193,11
7020,327000,9667000,0.589257247399279,6.64535694366983,13
7021,328000,9667000,0.3840315733708,7.21744283324038,14
7022,329000,9667000,0.806058214582869,13.0871444506414,35
7023,330000,9667000,0.867356019828685,25.0923034021194,37
7024,331000,9667000,0.521681252871692,28.7298522030117,36
7025,332000,9667000,0.748663464900261,29.071597880647,37
7026,333000,9667000,0.962025755472287,23.3197852760736,37
7027,334000,9667000,0.927882659834748,25.9261712214166,38
7028,335000,9667000,1.03869455637043,21.2903653095371,37
7029,336000,9667000,0.720128812915632,15.1953430005577,30
7030,337000,9667000,1.08192434178935,13.8198549916341,24
7031,338000,9667000,1.06073658922637,8.99051868377022,26
7032,339000,9667000,0.5893968423915,13.5829615170106,26
7033,340000,9667000,0.859697821685042,11.701896263246,24
7034,341000,9667000,0.481876041372186,10.61956218628,20
7035,342000,9667000,0.328942605972672,11.1229085331846,24
7036,343000,9667000,0.852734667722892,8.20280256553263,21
7037,344000,9667000,0.781239638160697,4.44318181818182,19
7038,345000,9667000,0.750035031942606,4.23703290574456,16
7039,346000,9667000,0.732928133351422,4.20719464584495,16
7040,347000,9667000,0.989700007186074,3.50913273842722,16
7041,348000,9667000,1.01492021877606,2.78687953151143,15
7042,349000,9667000,1.05269671045384,3.86733128834356,14
7043,350000,9667000,0.958070268720758,2.24560791968767,16
7044,351000,9667000,1.10063904579223,3.41536530953709,19
7045,352000,9667000,1.09360802106664,3.57452593418851,18
7046,353000,9667000,0.579450501354225,0.896890686001115,11
7047,354000,9667000,0.574031803193217,0.930493586168433,8
7048,355000,9667000,0.75517284593129,2.47044060234244,8
7049,356000,9667000,0.556360754411523,3.33344952593419,7
7050,357000,9667000,0.695305402249255,2.34857780256553,13
7051,358000,9667000,0.733305254738799,1.91132180702733,8
7052,359000,9667000,0.899693597643741,1.87151422197434,23
7053,360000,9667000,0.87864280870532,3.29482710540993,23
7054,361000,9667000,0.818449867005329,1.77028722810931,10
7055,362000,9667000,0.680620354375693,1.34014221974345,6
7056,363000,9667000,0.55667466377474,0.871165644171779,5
7057,364000,9667000,0.614169627999802,1.0659509202454,6
7058,365000,9667000,0.651021436444289,1.19597044060234,5
7059,366000,9667000,0.648716681698796,1.22866703848299,6
7060,367000,9667000,0.826046740780788,1.76694088120468,7
7061,368000,9667000,0.933088159364411,3.42156999442276,7
7062,369000,9667000,0.981606946735166,2.89577523703291,14
7063,370000,9667000,0.848844339302841,3.91411042944785,16
7064,371000,9667000,0.906569899773931,4.40623257110987,16
7065,372000,9667000,1.20031240737007,5.54859174567764,26
7066,373000,9667000,0.688607296240687,3.1547685443391,8
7067,374000,9667000,0.501881797602114,3.96291132180703,8
7068,375000,9667000,0.677196025861726,2.71589085072231,6
7069,262000,9668000,1.09122935375517,3.85806270996641,12
7070,263000,9668000,0.930320946141325,2.72790016731735,12
7071,264000,9668000,1.04180171657844,3.14974902398215,12
7072,265000,9668000,0.642150908607681,1.04643056330173,12
7073,266000,9668000,0.272902730912322,0.325432236475181,6
7074,267000,9668000,0.818286383466024,1.66083379810374,10
7075,268000,9668000,0.891036834041771,1.87918293363079,12
7076,269000,9668000,0.761250528783032,1.53004740658115,14
7077,270000,9668000,0.84418458378483,1.89507808142777,16
7078,271000,9668000,0.402710619303273,0.531162855549359,11
7079,272000,9668000,0.0793150383570057,0.117401003904071,8
7080,273000,9668000,0.0897052871445368,0.102133296151701,11
7081,274000,9668000,1.06352912659308,4.86977133296152,21
7082,275000,9668000,0.928996516405988,3.3026352481874,21
7083,276000,9668000,0.023812814361922,0.0165923034021194,11
7084,277000,9668000,0,0,0
7085,278000,9668000,0,0,0
7086,279000,9668000,0,0.00285833798103737,1
7087,280000,9668000,0,0.00020914668153932,1
7088,281000,9668000,0.0141286505747286,0.090978806469604,2
7089,282000,9668000,0.183692747468321,0.285485220301171,13
7090,283000,9668000,0.165720945261749,0.20914668153932,10
7091,284000,9668000,0.324517815350248,0.586935303959844,21
7092,285000,9668000,1.18354755089632,5.45398773006135,22
7093,286000,9668000,1.01619511596061,11.1341327384272,26
7094,287000,9668000,0.588210605592797,14.8140686001115,29
7095,288000,9668000,0.625172158243066,14.4667456776352,28
7096,289000,9668000,0.660521749558277,16.7390546569994,28
7097,290000,9668000,0.51409297044768,19.9060931399888,32
7098,291000,9668000,0.784030672053298,17.742261572783,34
7099,292000,9668000,0.440245346406927,21.9535694366983,34
7100,293000,9668000,0.480207125300751,23.5600250976018,35
7101,294000,9668000,0.30728233374568,25.9790853318461,36
7102,295000,9668000,0.630078529339048,26.6897657557167,37
7103,296000,9668000,0.399591881703611,26.7624093697713,37
7104,297000,9668000,0.556203216448166,27.0220301171221,37
7105,298000,9668000,0.925980135023062,22.1826547685443,39
7106,299000,9668000,0.788824184513295,7.61712214166202,24
7107,3e+05,9668000,0.958346025256181,13.6300892359175,30
7108,301000,9668000,0.983937563063229,12.1127300613497,27
7109,302000,9668000,0.913757884846436,9.21995259341885,25
7110,303000,9668000,1.1840869819936,4.82013385387619,24
7111,304000,9668000,1.06703917792552,3.13078639152259,17
7112,305000,9668000,0.956041823083504,2.80465699944228,15
7113,306000,9668000,0.554552583874433,2.38092582264361,7
7114,307000,9668000,0.391235450927237,2.33930563301729,6
7115,308000,9668000,0.322831918791468,2.53924986056888,6
7116,309000,9668000,0.578068381450191,1.94450641383157,5
7117,310000,9668000,0.47179173241194,3.09815950920245,8
7118,311000,9668000,0.618354816475119,3.69081148912437,10
7119,312000,9668000,0.511456055537176,3.62116564417178,13
7120,313000,9668000,0.719024869048757,3.10540992749582,8
7121,314000,9668000,0.774027333420188,3.08770217512549,9
7122,315000,9668000,0.433096794159132,2.38155326268823,9
7123,316000,9668000,0.343771818712393,3.11705242610151,8
7124,317000,9668000,0.578563438253461,2.4930981595092,8
7125,318000,9668000,0.729890603628956,2.55047406581149,9
7126,319000,9668000,0.555439440120293,1.00097601784718,7
7127,320000,9668000,0.714281123881553,1.3042387060792,9
7128,321000,9668000,0.498261869977665,0.772030117122142,8
7129,322000,9668000,0.715360766508702,1.33073061907418,12
7130,323000,9668000,0.897461743325861,2.95963469046291,12
7131,324000,9668000,1.00867763244676,3.80326268823201,13
7132,325000,9668000,0.7623403308276,6.32194645844953,15
7133,326000,9668000,0.436725983585238,7.55981595092025,16
7134,327000,9668000,0.234240850585757,8.60757110987172,15
7135,328000,9668000,0.390305876951526,10.8449525934189,34
7136,329000,9668000,0.694195953650249,24.0748745119911,35
7137,330000,9668000,0.497262215882485,28.087911321807,35
7138,331000,9668000,0.620729738698303,29.0122699386503,37
7139,332000,9668000,1.15887629389099,22.9495259341885,36
7140,333000,9668000,1.03129430166233,18.8603597322922,35
7141,334000,9668000,1.299058960995,18.4669548243168,38
7142,335000,9668000,1.1487879203554,22.6294617958728,36
7143,336000,9668000,0.910218679358571,14.7261572783045,30
7144,337000,9668000,1.1218548683411,10.4873814835471,26
7145,338000,9668000,0.631904533762503,11.6586726157278,25
7146,339000,9668000,0.43142281625945,12.2321528165086,23
7147,340000,9668000,0.918783879178085,9.86572783045176,23
7148,341000,9668000,0.666609017152021,10.3588957055215,19
7149,342000,9668000,1.03320956154446,6.78911042944785,20
7150,343000,9668000,1.03574345084403,5.28067484662577,17
7151,344000,9668000,0.986866570508274,4.38378416062465,15
7152,345000,9668000,0.977943422065339,3.48020078081428,16
7153,346000,9668000,0.870591646612168,4.7451896263246,16
7154,347000,9668000,0.936460475788873,5.1595789180145,17
7155,348000,9668000,0.695489405194561,3.8664947016174,13
7156,349000,9668000,1.01797639781702,3.05716675962075,13
7157,350000,9668000,1.00194396549801,3.14563580591188,16
7158,351000,9668000,0.985603354185422,2.81378973786949,13
7159,352000,9668000,1.09001672944138,3.6175404350251,14
7160,353000,9668000,0.95033254748582,2.369701617401,13
7161,354000,9668000,0.783617678717482,1.58637757947574,16
7162,355000,9668000,0.984841429363514,3.08149749023982,16
7163,356000,9668000,0.928003020903173,3.16592303402119,18
7164,357000,9668000,0.856339145040251,2.51812604573341,18
7165,358000,9668000,1.14674585654968,3.50285833798104,24
7166,359000,9668000,1.11072665928962,3.89493865030675,24
7167,360000,9668000,1.23725062005576,4.63008923591746,25
7168,361000,9668000,0.695734406711112,1.55835192414947,7
7169,362000,9668000,0.696657289661086,1.47002230897936,9
7170,363000,9668000,0.692024719090001,1.6547685443391,6
7171,364000,9668000,0.714837559875146,1.83045175683213,6
7172,365000,9668000,0.597320566138571,0.980270496374791,6
7173,366000,9668000,0.746896179357724,1.88078639152259,13
7174,367000,9668000,0.781312348791527,2.70552147239264,9
7175,368000,9668000,1.02426946537873,3.263315672058,15
7176,369000,9668000,1.12154273215997,4.48222253206916,21
7177,370000,9668000,1.10476752879992,3.92094255437814,21
7178,371000,9668000,1.04527916763009,3.91606246514222,19
7179,372000,9668000,0.762365665187075,3.98187395426659,14
7180,373000,9668000,0.730650159870254,5.06100111544897,10
7181,374000,9668000,0.918902770308518,4.54392080312326,11
7182,375000,9668000,1.06088483594806,2.58868378812199,7
7183,262000,9669000,0.941492590257629,2.18085106382979,11
7184,263000,9669000,0.84539209878989,1.8664947016174,11
7185,264000,9669000,1.07690009964011,3.30591187953151,12
7186,265000,9669000,0.700596204751952,1.27168153931958,12
7187,266000,9669000,0.236461716666859,0.300404350250976,7
7188,267000,9669000,0.213966469750172,0.360359732292248,11
7189,268000,9669000,0.47169894457822,0.705033463469046,11
7190,269000,9669000,0.849925875163247,1.91836307863915,14
7191,270000,9669000,0.905426272855069,2.21583937534858,14
7192,271000,9669000,0.852624077387812,1.79615170105968,13
7193,272000,9669000,0.754007893700787,1.69562186279978,15
7194,273000,9669000,0.958106620494975,2.41599274958171,19
7195,274000,9669000,1.02680094251956,3.32048243167875,21
7196,275000,9669000,0,0.0110150585610708,1
7197,276000,9669000,0,0.000836586726157278,1
7198,277000,9669000,0,0.00738984941438929,1
7199,278000,9669000,0,0.00488008923591746,1
7200,279000,9669000,0,0.000278862242052426,1
7201,280000,9669000,0,0.00571667596207474,1
7202,281000,9669000,0.065576817557285,0.113566648075851,2
7203,282000,9669000,0.256720740342084,0.464166201896263,8
7204,283000,9669000,0.355623473966518,0.526352481873954,4
7205,284000,9669000,0.429063772298659,0.62611544896821,11
7206,285000,9669000,0.809202230570536,1.61879531511433,15
7207,286000,9669000,1.18541474206054,4.79991634132738,26
7208,287000,9669000,0.679242396939567,19.2617122141662,31
7209,288000,9669000,0.548829790341432,21.7007808142777,33
7210,289000,9669000,0.660818242477918,18.8841327384272,33
7211,290000,9669000,0.685275151664729,20.6230479643056,36
7212,291000,9669000,0.841275078423076,22.9689068600112,39
7213,292000,9669000,0.526887319305401,24.882738427217,40
7214,293000,9669000,0.504819697483694,25.3006134969325,36
7215,294000,9669000,0.264479895867153,24.86956218628,35
7216,295000,9669000,0.512494821080776,27.6524679308422,41
7217,296000,9669000,0.838601825384579,28.6750557724484,39
7218,297000,9669000,1.09029047693909,24.4900306748466,40
7219,298000,9669000,1.2014282552379,20.1125906302287,41
7220,299000,9669000,0.791664171441077,6.51610429447853,22
7221,3e+05,9669000,1.0882646337232,10.4330033463469,26
7222,301000,9669000,0.95812275501756,12.2914110429448,27
7223,302000,9669000,0.691758832507056,12.880158951478,27
7224,303000,9669000,1.10284532866674,8.4111823759063,25
7225,304000,9669000,1.08192816409152,3.34160624651422,20
7226,305000,9669000,0.885989262187023,2.41424986056888,11
7227,306000,9669000,0.591446548309414,2.2329894032348,7
7228,307000,9669000,0.316766300767981,2.84613775794757,7
7229,308000,9669000,0.642857497731574,2.36963190184049,7
7230,309000,9669000,0.639538971718426,1.91627161182376,7
7231,310000,9669000,0.697785935152461,3.53158114891244,10
7232,311000,9669000,0.694830185462824,5.61286949247072,11
7233,312000,9669000,0.570732707811112,4.00725041829336,13
7234,313000,9669000,0.903422473106256,5.9707194645845,22
7235,314000,9669000,1.11546512866621,6.94638873396542,26
7236,315000,9669000,0.765447698751663,3.05702732849972,17
7237,316000,9669000,0.496829201934679,4.40121305075293,11
7238,317000,9669000,0.648965792388647,4.29880089235917,11
7239,318000,9669000,0.984171079763968,2.50962074735081,13
7240,319000,9669000,0.973697838513519,2.41208867819297,10
7241,320000,9669000,1.04595488628443,2.85115727830452,13
7242,321000,9669000,0.999783265948556,2.53416062465142,13
7243,322000,9669000,1.08944698038249,3.94394868934746,16
7244,323000,9669000,0.746531931879835,5.90567484662577,15
7245,324000,9669000,0.608417504114916,7.0026491912995,15
7246,325000,9669000,0.497304246636871,7.48305911879531,14
7247,326000,9669000,0.302242075805836,8.43098159509202,16
7248,327000,9669000,0.123412913467423,10.3942414947016,19
7249,328000,9669000,0.723227524898391,14.8902677077524,33
7250,329000,9669000,0.567653405085411,26.992122141662,37
7251,330000,9669000,0.482751043518011,27.2308979364194,36
7252,331000,9669000,0.673018472861086,24.1630646960402,38
7253,332000,9669000,1.10270671937106,17.9917038482989,35
7254,333000,9669000,1.30697176839662,7.07320133853876,30
7255,334000,9669000,1.27666264371178,10.3593139988846,34
7256,335000,9669000,1.30912029738552,13.1106385945343,34
7257,336000,9669000,1.22382166216998,8.56978527607362,27
7258,337000,9669000,0.741920966885067,10.5013943112103,20
7259,338000,9669000,0.411232760948966,12.8137897378695,25
7260,339000,9669000,0.681930611099379,11.7631065253765,20
7261,340000,9669000,0.646084088537128,9.22532069157836,18
7262,341000,9669000,1.03996685193789,5.88922197434467,16
7263,342000,9669000,1.10955810056498,4.0973229224763,18
7264,343000,9669000,1.10069410193575,3.94471556051311,18
7265,344000,9669000,1.09571606915131,4.82829057445622,18
7266,345000,9669000,1.08665782111821,4.28464863357501,16
7267,346000,9669000,1.21005113937897,7.72685443390965,40
7268,347000,9669000,0.979468170248812,7.26443112102621,33
7269,348000,9669000,1.0521516808701,5.04984662576687,20
7270,349000,9669000,1.0268815200732,4.85464305633017,16
7271,350000,9669000,0.872961568408991,4.1723368655884,14
7272,351000,9669000,1.07418258456318,3.65072504182934,18
7273,352000,9669000,0.975782539668461,3.29071388733965,15
7274,353000,9669000,0.95609601574177,3.0665086447295,16
7275,354000,9669000,0.980304327510029,2.44290295593977,16
7276,355000,9669000,0.93715587238591,2.12346625766871,16
7277,356000,9669000,1.042667539826,2.95092024539877,18
7278,357000,9669000,1.08939254207613,3.59125766871166,21
7279,358000,9669000,0.998084285022689,2.74783881762409,19
7280,359000,9669000,0.768077084707864,1.9808282208589,12
7281,360000,9669000,1.0689391706905,3.32633853876185,26
7282,361000,9669000,1.24553544850025,5.53443948689347,33
7283,362000,9669000,0.756342494270434,1.45593976575572,21
7284,363000,9669000,0.722536557491883,2.60248187395427,9
7285,364000,9669000,0.630719370954716,1.12639431121026,6
7286,365000,9669000,0.717653747228765,1.81553262688232,6
7287,366000,9669000,0.661809457586456,2.38824595649749,7
7288,367000,9669000,0.93763358300378,2.73110708310095,13
7289,368000,9669000,1.03729314945855,4.73361684327942,16
7290,369000,9669000,1.10336239145394,3.87548800892359,19
7291,370000,9669000,0.92835986694083,2.66355270496375,10
7292,371000,9669000,0.896764969031862,3.84871723368656,8
7293,372000,9669000,0.870348130736845,4.70580033463469,9
7294,373000,9669000,0.782687555888174,4.43634969325153,10
7295,374000,9669000,0.775657825983852,3.09578918014501,10
7296,375000,9669000,0.714804368761465,1.4454253611557,7
7297,262000,9670000,0.586007997370207,1.0447928331467,7
7298,263000,9670000,0.736523047987506,1.43467651979922,10
7299,264000,9670000,0.651378013692375,1.13441160066927,9
7300,265000,9670000,0.867582806265008,1.85520078081428,10
7301,266000,9670000,0.26011457265592,0.479782487451199,6
7302,267000,9670000,0.343875587797442,0.590769659788065,11
7303,268000,9670000,0.383756043726846,0.500697155605131,11
7304,269000,9670000,0.336567857611375,0.462562744004462,11
7305,270000,9670000,0.174369308484327,0.209355828220859,5
7306,271000,9670000,0.484113088925589,0.891452872281093,14
7307,272000,9670000,0.578790210514866,1.18746514221974,16
7308,273000,9670000,0.869065714396126,2.0446876742889,15
7309,274000,9670000,0.421491396976555,0.617122141662019,15
7310,275000,9670000,0.0483496984819659,0.0292805354155047,5
7311,276000,9670000,0,0.000836586726157278,1
7312,277000,9670000,0.0587260996315137,0.0542387060791969,5
7313,278000,9670000,0.0319506232484717,0.0370886781929727,4
7314,279000,9670000,0.0114712841999987,0.0165923034021194,3
7315,280000,9670000,0,0.00362520914668154,1
7316,281000,9670000,0.0373661130297916,0.0920942554378137,3
7317,282000,9670000,0.316569486644881,0.61266034578918,6
7318,283000,9670000,0.594831813171809,1.0643474623536,5
7319,284000,9670000,0.836596447625622,2.12813720022309,11
7320,285000,9670000,0.844645810210665,1.69192693809258,15
7321,286000,9670000,1.10181465116295,3.73236196319018,17
7322,287000,9670000,1.26188107765604,12.9988148354713,29
7323,288000,9670000,0.200838315418079,24.1949944227552,31
7324,289000,9670000,0.892870695137962,17.2280395984384,31
7325,290000,9670000,0.571312667568773,21.1315532626882,36
7326,291000,9670000,0.745697821382239,25.3304517568321,37
7327,292000,9670000,0.619732175228617,22.0279559397658,39
7328,293000,9670000,0.819619764738041,21.8344255437814,39
7329,294000,9670000,0.741466923243121,25.6606943669827,39
7330,295000,9670000,1.01621341713237,23.5893056330173,42
7331,296000,9670000,0.855292373406968,16.8765337423313,36
7332,297000,9670000,0.0956199105951492,9.95217512548801,23
7333,298000,9670000,0.568383532573295,11.2440044617959,37
7334,299000,9670000,0.779328786456038,6.93216675962075,32
7335,3e+05,9670000,1.05310237682209,12.3021472392638,27
7336,301000,9670000,0.623969962867894,11.4010736196319,28
7337,302000,9670000,0.499915436483255,11.0333240379253,24
7338,303000,9670000,0.632008909768145,8.48793920803123,22
7339,304000,9670000,0.878955929711944,5.09390686001115,16
7340,305000,9670000,0.983478849210057,4.91452872281093,21
7341,306000,9670000,0.900563292022577,2.24156441717791,11
7342,307000,9670000,0.981185508851519,2.31127997769102,10
7343,308000,9670000,0.810903600616249,2.1919966536531,10
7344,309000,9670000,0.922037603329164,2.52830451756832,13
7345,310000,9670000,0.948135493037257,5.36628555493586,16
7346,311000,9670000,0.986931833278844,5.0026491912995,11
7347,312000,9670000,0.716519086798232,5.31957612939208,16
7348,313000,9670000,1.06316624542837,5.15225878416062,23
7349,314000,9670000,1.29173552300445,7.01129392080312,26
7350,315000,9670000,1.2701094731338,7.43648912437256,27
7351,316000,9670000,1.16915135029472,7.98786949247072,26
7352,317000,9670000,0.668779141669803,6.38552704963748,14
7353,318000,9670000,0.915427850544201,4.85722253206916,13
7354,319000,9670000,0.928325436445577,4.88078639152259,12
7355,320000,9670000,0.76901193455586,6.63022866703848,16
7356,321000,9670000,0.871659436587798,5.79866146123815,14
7357,322000,9670000,0.756698562477248,6.53276631344116,17
7358,323000,9670000,0.674265734691497,7.32306190741774,16
7359,324000,9670000,0.378341069592024,7.85025097601785,16
7360,325000,9670000,0.184503920901988,9.77272727272727,16
7361,326000,9670000,0.20299027047208,11.5115030674847,20
7362,327000,9670000,0.363355512167957,11.9278443948689,20
7363,328000,9670000,0.527695432666373,12.8236196319018,33
7364,329000,9670000,0.965326202083229,22.6641104294479,37
7365,330000,9670000,0.920403192300752,25.2411461238148,37
7366,331000,9670000,0.447084264811953,21.9915644171779,34
7367,332000,9670000,0.453476378905693,22.6084076965979,34
7368,333000,9670000,1.12529765648714,11.1786809815951,29
7369,334000,9670000,0.931534084754642,15.0284439486893,30
7370,335000,9670000,1.21033654889888,12.669966536531,31
7371,336000,9670000,1.02715938602455,9.16334355828221,20
7372,337000,9670000,0.396986448225133,12.5119213608477,21
7373,338000,9670000,0.507135386156084,10.6777746793084,18
7374,339000,9670000,1.05110238746441,7.1579754601227,18
7375,340000,9670000,0.982881874658591,6.64912158393753,18
7376,341000,9670000,1.11176807785824,4.89730897936419,21
7377,342000,9670000,1.10963115842794,5.34774121583938,18
7378,343000,9670000,1.01324679785256,2.81504461795873,16
7379,344000,9670000,1.03719420910621,2.98124651422197,15
7380,345000,9670000,1.24314791586442,6.19875906302287,32
7381,346000,9670000,1.10792386557231,11.1312744004462,32
7382,347000,9670000,1.03670646348991,7.86098717233687,25
7383,348000,9670000,0.848201257601078,7.26296709425544,20
7384,349000,9670000,1.00159286862774,5.22615727830452,15
7385,350000,9670000,0.658074855636531,3.73947295036252,11
7386,351000,9670000,0.592663549013752,3.84885666480759,11
7387,352000,9670000,0.571102055213497,3.6563720022309,11
7388,353000,9670000,0.753196617230727,2.94562186279978,9
7389,354000,9670000,0.721782445253377,1.35729224762967,13
7390,355000,9670000,1.24106399767875,5.21291132180703,25
7391,356000,9670000,1.10500197587769,3.2473508087005,22
7392,357000,9670000,0.931770574558534,2.18265476854434,21
7393,358000,9670000,0.759189966276698,2.84111823759063,12
7394,359000,9670000,0.551719030190854,2.59195482431679,6
7395,360000,9670000,0.789907148834087,1.699456218628,23
7396,361000,9670000,0.97467567172928,2.74916341327384,24
7397,362000,9670000,1.21325291732604,5.4850808700502,27
7398,363000,9670000,1.19169249312486,4.0750139431121,22
7399,364000,9670000,0.937019237509318,2.93627997769102,22
7400,365000,9670000,1.07166701771537,2.95343000557724,21
7401,366000,9670000,1.10167994299243,3.42310373675404,19
7402,367000,9670000,1.05707695803536,3.74755995538204,13
7403,368000,9670000,0.954781108343247,4.55486614612381,8
7404,369000,9670000,0.892740490750488,4.23068878973787,10
7405,370000,9670000,1.06830045336014,3.66459843837144,10
7406,371000,9670000,0.859082154564923,3.11712214166202,8
7407,372000,9670000,0.635538124994842,3.20754322364752,8
7408,373000,9670000,0.549580183388411,3.21604852203012,7
7409,374000,9670000,0.69976752291693,3.0149191299498,7
7410,375000,9670000,0.742078189155058,2.07624398073836,6
7411,262000,9671000,0.872977186890411,2.27687569988802,8
7412,263000,9671000,0.828616043993952,1.78918014500837,10
7413,264000,9671000,0.186241572645831,0.27558561070831,6
7414,265000,9671000,0.118385276701959,0.277677077523703,6
7415,266000,9671000,0.206238676868253,0.573480200780814,10
7416,267000,9671000,0.250033734203428,0.447016174010039,8
7417,268000,9671000,0.0864475532288349,0.107989403234802,4
7418,269000,9671000,0.183270655996834,0.223089793641941,6
7419,270000,9671000,0.337004287416172,0.483268265476854,13
7420,271000,9671000,0.44309033220346,0.827105409927496,13
7421,272000,9671000,0.673776330197385,1.49874511991076,17
7422,273000,9671000,0.543180546940776,1.01868377021751,13
7423,274000,9671000,0.0195970064873313,0.0102481873954267,5
7424,275000,9671000,0.0503367550184755,0.0327663134411601,5
7425,276000,9671000,0,0,0
7426,277000,9671000,0.0460047223077199,0.0361823759063023,5
7427,278000,9671000,0.0387785685488026,0.0364612381483547,4
7428,279000,9671000,0.00525389974000501,0.00271890686001115,4
7429,280000,9671000,0,0,0
7430,281000,9671000,0.224921609501081,0.369213608477412,5
7431,282000,9671000,0.373690885874857,0.639988845510318,6
7432,283000,9671000,0.417522746846455,0.604643056330173,5
7433,284000,9671000,0.883786679519825,1.8798103736754,10
7434,285000,9671000,0.968353717358191,2.26868377021751,11
7435,286000,9671000,1.05447510509635,7.61300892359175,18
7436,287000,9671000,1.28539432672971,9.57968488566648,29
7437,288000,9671000,1.0939885094546,16.3240379252649,29
7438,289000,9671000,1.19902658161748,13.0311628555494,29
7439,290000,9671000,0.720536938041262,17.5008365867262,31
7440,291000,9671000,0.305429418293244,22.7711238148355,33
7441,292000,9671000,0.469997179540283,20.4691857222532,32
7442,293000,9671000,0.731392443127094,16.9674428332404,30
7443,294000,9671000,0.978502383744766,20.082334076966,39
7444,295000,9671000,0.816615591439457,25.5201477969883,41
7445,296000,9671000,0.848010938016086,21.1711517010597,41
7446,297000,9671000,0.313006402203313,10.6549776910206,29
7447,298000,9671000,0.112597167364301,8.30200780814278,14
7448,299000,9671000,0.697532204070922,6.46151701059676,17
7449,3e+05,9671000,0.483230772407061,11.6738008923592,22
7450,301000,9671000,0.203227087932405,10.0078081427775,17
7451,302000,9671000,0.490165465072746,10.1193530395984,25
7452,303000,9671000,0.361491475828116,8.87994980479643,21
7453,304000,9671000,0.500756974832287,8.86447295036252,23
7454,305000,9671000,1.0113966917566,8.34592861126603,25
7455,306000,9671000,0.974152588359422,8.28011712214166,23
7456,307000,9671000,0.932956777861298,6.66766592303402,21
7457,308000,9671000,1.16850479552582,5.70921639709983,23
7458,309000,9671000,1.31485434099493,6.85464305633017,25
7459,310000,9671000,1.19534597845334,9.44980479643056,26
7460,311000,9671000,1.03968881567073,9.20566090351366,25
7461,312000,9671000,1.18149666219625,8.74686279977691,28
7462,313000,9671000,1.31046469082908,6.44081148912437,28
7463,314000,9671000,1.20180330312061,4.78862242052426,25
7464,315000,9671000,1.30598216329707,7.79852203011712,26
7465,316000,9671000,1.09749372749462,7.86928332403793,27
7466,317000,9671000,0.851527450054789,9.50446179587284,25
7467,318000,9671000,0.81146060165676,7.05249581706637,19
7468,319000,9671000,0.567425959857376,7.07034300055772,17
7469,320000,9671000,0.469790940045695,7.82459564974902,19
7470,321000,9671000,0.479286153204602,6.9728806469604,12
7471,322000,9671000,0.169691685169948,8.84746235359732,16
7472,323000,9671000,0.149838453097516,9.30967651979922,16
7473,324000,9671000,0.0828548259110042,8.53276631344116,16
7474,325000,9671000,0.220274439621111,11.2058003346347,23
7475,326000,9671000,0.206144364851519,10.9105549358617,22
7476,327000,9671000,0.177150955770283,11.4617958728388,20
7477,328000,9671000,0.652726148320428,17.140895147797,31
7478,329000,9671000,0.679288528606526,18.0881204684886,34
7479,330000,9671000,0.584984934950186,19.8254322364752,34
7480,331000,9671000,0.45280560205951,20.5483825989961,34
7481,332000,9671000,0.621019983027758,21.1418711656442,34
7482,333000,9671000,0.529730114916963,19.6454963747909,31
7483,334000,9671000,1.06496379028737,12.2458867819297,32
7484,335000,9671000,0.99140988424331,9.39026770775237,22
7485,336000,9671000,0.484434315176968,11.9753206915784,19
7486,337000,9671000,0.845792455267595,9.60039040713887,19
7487,338000,9671000,1.06700725847274,5.48542944785276,18
7488,339000,9671000,1.0872493743235,5.02649191299498,18
7489,340000,9671000,0.989117031331074,5.61928332403793,15
7490,341000,9671000,1.07093894356194,5.03478806469604,16
7491,342000,9671000,1.06124430778995,4.82529280535416,15
7492,343000,9671000,1.07444818939216,3.31776352481874,14
7493,344000,9671000,0.811271074376757,2.52007808142777,10
7494,345000,9671000,1.06989973690719,5.48842721695482,28
7495,346000,9671000,0.714302719885846,7.80674846625767,29
7496,347000,9671000,0.883278063704373,8.25237032905745,21
7497,348000,9671000,0.988191351923985,6.77133296151701,25
7498,349000,9671000,1.19641800139296,5.27098438371445,20
7499,350000,9671000,0.984321421478445,2.94109035136642,15
7500,351000,9671000,0.641520510910588,3.57543223647518,14
7501,352000,9671000,0.735701103937191,2.78904071388734,10
7502,353000,9671000,0.799874668031068,2.37186279977691,9
7503,354000,9671000,1.1452947812809,4.17254601226994,25
7504,355000,9671000,1.1976326349554,5.17909927495817,29
7505,356000,9671000,0.76282889285479,2.25843558282209,11
7506,357000,9671000,0.726693177901349,1.93133017289459,13
7507,358000,9671000,0.716250809660752,1.76310652537646,6
7508,359000,9671000,0.708745772165472,2.33317066369214,9
7509,360000,9671000,0.81003756002259,1.6813998884551,14
7510,361000,9671000,0.940953020879325,2.30695761293921,14
7511,362000,9671000,0.682535752760312,1.31685722253207,20
7512,363000,9671000,0.994640333320823,3.06148912437256,15
7513,364000,9671000,0.778711314866729,1.51993865030675,10
7514,365000,9671000,0.902910784993357,2.12479085331846,13
7515,366000,9671000,1.04334725787254,2.62513943112103,19
7516,367000,9671000,0.769226775110601,1.58463469046291,15
7517,368000,9671000,0.968464884114185,2.30842163970998,10
7518,369000,9671000,0.782155455336564,3.50292805354155,7
7519,370000,9671000,0.822868006779647,3.6164947016174,8
7520,371000,9671000,0.809043483957346,2.96374790853318,8
7521,372000,9671000,0.705741022538328,2.481385945343,6
7522,373000,9671000,0.417348028734848,2.95761293920803,6
7523,374000,9671000,0.602078795896059,2.48605688789738,6
7524,375000,9671000,0.684775731856644,1.26083467094703,4
7525,262000,9672000,0.46859446342708,0.658174692049272,6
7526,263000,9672000,0.395976401840374,0.544966536530954,9
7527,264000,9672000,0.615179357895038,1.04566369213608,9
7528,265000,9672000,0.08727292306809,0.167247629670943,6
7529,266000,9672000,0.147841261760522,0.292526491912995,10
7530,267000,9672000,0.0149933975956767,0.100878416062465,2
7531,268000,9672000,0.120311617920372,0.14138315672058,4
7532,269000,9672000,0.0561808542345126,0.11154489682097,4
7533,270000,9672000,0.172700657376049,0.25627440044618,9
7534,271000,9672000,0.452608136236442,0.760945343000558,12
7535,272000,9672000,0.511887861269632,0.955660903513664,12
7536,273000,9672000,0.318706002184081,0.537994980479643,13
7537,274000,9672000,0,0.00676240936977133,1
7538,275000,9672000,0,0.00188232013385388,1
7539,276000,9672000,0,0,0
7540,277000,9672000,0,0.000278862242052426,1
7541,278000,9672000,0.0158488228290157,0.0142916899051868,4
7542,279000,9672000,0.0123684263210852,0.0185443390964863,4
7543,280000,9672000,0,0.0147099832682655,1
7544,281000,9672000,0.173496555614782,0.177635248187395,5
7545,282000,9672000,0.306926686597476,0.444436698271054,12
7546,283000,9672000,0.236295372551267,0.298731176798661,9
7547,284000,9672000,0.948477994677841,2.23529001673173,10
7548,285000,9672000,0.988967933831405,3.32313162297825,15
7549,286000,9672000,0.496674068357586,8.38824595649749,19
7550,287000,9672000,0.898039359900392,14.813580591188,29
7551,288000,9672000,0.652125840261164,20.3204824316788,29
7552,289000,9672000,1.38513145310607,7.54977691020636,25
7553,290000,9672000,1.00122117180205,15.6176101505856,29
7554,291000,9672000,0.747264342783763,17.4628416062465,30
7555,292000,9672000,0.691848584433564,16.4664668153932,29
7556,293000,9672000,0.746615607592545,15.7201617401004,29
7557,294000,9672000,0.808038300836652,19.7208588957055,33
7558,295000,9672000,0.56173167422824,27.2958031232571,39
7559,296000,9672000,0.532995537995565,23.1049219185722,36
7560,297000,9672000,0.298181644006928,9.87548800892359,29
7561,298000,9672000,0.125578389363051,7.55389012827663,11
7562,299000,9672000,0.554750640904515,7.1175404350251,16
7563,3e+05,9672000,0.371930424071602,12.199595649749,19
7564,301000,9672000,0.887172421919711,12.276352481874,27
7565,302000,9672000,1.01672973416514,12.0593279419967,30
7566,303000,9672000,0.645235242881858,10.4003067484663,22
7567,304000,9672000,0.718963981757493,11.0570273284997,24
7568,305000,9672000,1.08463703693045,10.5583519241495,25
7569,306000,9672000,1.0320102428644,12.3439068600112,25
7570,307000,9672000,1.15921679402857,11.4526631344116,26
7571,308000,9672000,1.21085146888478,9.95928611266035,30
7572,309000,9672000,1.30065511370559,8.01477969882878,30
7573,310000,9672000,1.23544415887035,8.62576687116565,31
7574,311000,9672000,1.33229640372844,10.2506971556051,31
7575,312000,9672000,1.10625369979757,11.5103179029559,28
7576,313000,9672000,0.735275294000923,5.59502230897936,34
7577,314000,9672000,0.993858538754163,6.28199944227552,29
7578,315000,9672000,1.05551871844204,5.7712632459565,26
7579,316000,9672000,0.928430535288821,7.1298103736754,23
7580,317000,9672000,1.08985487384231,6.9558700501952,29
7581,318000,9672000,1.08135484240617,6.38657278304518,27
7582,319000,9672000,0.782642726397762,6.94687674288901,21
7583,320000,9672000,0.57991533587243,6.37318739542666,17
7584,321000,9672000,0.480224258885222,9.17296430563302,24
7585,322000,9672000,0.316097351333617,9.49121583937535,26
7586,323000,9672000,0.742491927999332,12.2890407138873,34
7587,324000,9672000,0.497092115789301,11.5106664807585,26
7588,325000,9672000,0.655765390058813,14.226226993865,31
7589,326000,9672000,0.718537981867662,15.8735359732292,33
7590,327000,9672000,0.691229690471486,15.6226993865031,28
7591,328000,9672000,0.623046848464221,18.1816090351366,30
7592,329000,9672000,0.4383131176303,18.9967930842164,32
7593,330000,9672000,0.475175980316753,20.4495259341885,33
7594,331000,9672000,0.734300562477062,20.4566369213608,35
7595,332000,9672000,0.945411482751114,19.3862939208031,38
7596,333000,9672000,0.904937606597363,14.9643753485778,28
7597,334000,9672000,0.679491365348903,12.577035694367,28
7598,335000,9672000,0.535409375477542,10.8374233128834,23
7599,336000,9672000,0.817373781744592,9.24079754601227,23
7600,337000,9672000,0.964367447670782,6.24491076408254,19
7601,338000,9672000,0.999276465697215,5.56016452872281,15
7602,339000,9672000,1.10562372744678,4.20419687674289,17
7603,340000,9672000,1.03899487387223,3.52223926380368,14
7604,341000,9672000,1.08214885804397,4.67303402119353,18
7605,342000,9672000,1.08723255683977,4.47308979364194,17
7606,343000,9672000,1.04163837960866,6.06853039598438,19
7607,344000,9672000,1.14664713461086,4.49804796430563,23
7608,345000,9672000,1.17981715273617,4.22894590072504,24
7609,346000,9672000,1.06043813225353,4.86795872838818,23
7610,347000,9672000,0.957998254305705,5.24790853318461,19
7611,348000,9672000,0.978799220925311,5.04650027886224,19
7612,349000,9672000,0.978665395116673,4.52370329057446,18
7613,350000,9672000,0.880473865515536,1.83568042387061,14
7614,351000,9672000,1.0284106264981,2.72824874511991,21
7615,352000,9672000,1.08753985086928,3.45552147239264,21
7616,353000,9672000,1.13924999477716,3.59843837144451,26
7617,354000,9672000,1.08536554105502,3.8717930842164,28
7618,355000,9672000,0.635886251487458,2.82173731176799,10
7619,356000,9672000,0.751760285299533,2.56783324037925,10
7620,357000,9672000,0.770763111565045,2.46653653095371,9
7621,358000,9672000,0.753868372473291,1.40985778025655,8
7622,359000,9672000,0.60148508319701,1.08038204127161,8
7623,360000,9672000,0.918249345536426,2.30291411042945,10
7624,361000,9672000,0.946859072176246,3.52935025097602,10
7625,362000,9672000,0.671502474457565,2.24728109313999,6
7626,363000,9672000,0.688268711497765,2.91599274958171,10
7627,364000,9672000,0.739807840996766,2.16153095370887,7
7628,365000,9672000,0.812832980024489,2.56804238706079,13
7629,366000,9672000,0.727567761936673,1.32787228109314,12
7630,367000,9672000,0.718038054646137,1.97058003346347,9
7631,368000,9672000,0.773098300146902,2.6074316787507,11
7632,369000,9672000,0.829587501123509,2.29273563859453,11
7633,370000,9672000,0.828733801322711,3.43809258226436,9
7634,371000,9672000,0.742700664666092,2.87883435582822,7
7635,372000,9672000,0.659628408805766,2.27168153931958,6
7636,373000,9672000,0.69310611080596,1.65895147796988,5
7637,374000,9672000,0.685669229172261,1.51652258784161,5
7638,375000,9672000,0.533808241983912,0.778892455858748,3
7639,262000,9673000,0.145137820143191,0.256998880179171,3
7640,263000,9673000,0.449487528822083,0.673940323480201,7
7641,264000,9673000,1.0683355028478,3.25920245398773,12
7642,265000,9673000,0.110773027416531,0.135875627440045,8
7643,266000,9673000,0,0.00927216954824317,1
7644,267000,9673000,0,0.0158254322364752,1
7645,268000,9673000,0.137801715231249,0.248047964305633,4
7646,269000,9673000,0.036298430918027,0.11154489682097,3
7647,270000,9673000,0.182618710923258,0.293851087562744,11
7648,271000,9673000,0.393841932720152,0.570621862799777,12
7649,272000,9673000,0.159127630797291,0.293781372002231,11
7650,273000,9673000,0,0.00160345789180145,1
7651,274000,9673000,0.00525389974000501,0.0151282766313441,2
7652,275000,9673000,0,0.000976017847183491,1
7653,276000,9673000,0,0,0
7654,277000,9673000,0,0,0
7655,278000,9673000,0,0,0
7656,279000,9673000,0,0.000627440044617959,1
7657,280000,9673000,0,0.00460122699386503,1
7658,281000,9673000,0.0725288605613263,0.0579336307863915,5
7659,282000,9673000,0.065576817557285,0.0646960401561629,5
7660,283000,9673000,0.160064001626929,0.18648912437256,8
7661,284000,9673000,0.590730127467556,0.940044617958728,11
7662,285000,9673000,0.479452780088356,0.691299498047964,15
7663,286000,9673000,0.977554791943347,7.58379810373675,24
7664,287000,9673000,0.569559447455481,21.180842163971,30
7665,288000,9673000,0.297712970335714,22.2824874511991,30
7666,289000,9673000,1.15654157803927,13.1820273284997,30
7667,290000,9673000,0.818619646505995,17.4185025097602,30
7668,291000,9673000,0.617866505000201,17.9575432236475,28
7669,292000,9673000,0.436353913309431,21.590630228667,34
7670,293000,9673000,0.537675633677306,19.9906581148912,32
7671,294000,9673000,0.537578164263549,19.2450501952036,32
7672,295000,9673000,0.0896129281401453,23.5981595092025,34
7673,296000,9673000,0.417020726009017,22.5893056330173,34
7674,297000,9673000,0.68747747255266,15.2011991076408,29
7675,298000,9673000,0.213311755867413,9.45482431678751,26
7676,299000,9673000,0.566092948019234,9.35882598996096,26
7677,3e+05,9673000,0.933243696680322,11.38315672058,31
7678,301000,9673000,0.924702301607139,11.7592721695482,27
7679,302000,9673000,0.920130953987471,12.7915504740658,29
7680,303000,9673000,0.683271802985039,10.8365867261573,23
7681,304000,9673000,0.759281653502558,12.5994841048522,24
7682,305000,9673000,1.08520886404785,12.1376185164529,26
7683,306000,9673000,1.0826754149573,11.4581706636921,26
7684,307000,9673000,0.959097638317729,7.74205242610151,26
7685,308000,9673000,1.03026933918771,9.27412158393754,28
7686,309000,9673000,1.36632391155647,10.5859592861127,34
7687,310000,9673000,1.06031000883084,7.94143892916899,28
7688,311000,9673000,0.903131056927293,10.595510317903,28
7689,312000,9673000,1.25157535510044,13.2458867819297,40
7690,313000,9673000,0.980134031303273,14.0994841048522,43
7691,314000,9673000,0.830830271267649,20.0124790853318,35
7692,315000,9673000,1.05164171095927,10.8373535973229,32
7693,316000,9673000,1.0708468282963,15.07201617401,36
7694,317000,9673000,1.02972662074829,12.3378416062465,39
7695,318000,9673000,1.15628076001441,10.6452872281093,34
7696,319000,9673000,0.669083699352083,9.04775515895148,28
7697,320000,9673000,0.487587209200774,10.6438929168991,29
7698,321000,9673000,0.681320274077143,17.8166480758505,30
7699,322000,9673000,0.776257341966641,16.8582682654769,34
7700,323000,9673000,0.47785550028679,25.250139431121,35
7701,324000,9673000,0.820121278591228,19.813720022309,38
7702,325000,9673000,0.652543203570171,20.5006971556051,41
7703,326000,9673000,0.565262701160559,25.5043920803123,36
7704,327000,9673000,0.855529483901702,24.8514361405466,37
7705,328000,9673000,0.694929610333571,18.6519799219186,35
7706,329000,9673000,0.401255939190613,19.1375488008924,28
7707,330000,9673000,0.733163926862285,17.669966536531,29
7708,331000,9673000,1.05567185916492,14.6240936977133,32
7709,332000,9673000,0.965756145853227,10.9976993865031,30
7710,333000,9673000,0.822497892787191,11.638176240937,26
7711,334000,9673000,0.81809664099615,12.5420384829894,26
7712,335000,9673000,0.829741716283295,10.1335052983826,26
7713,336000,9673000,1.1079282627167,7.24762967094255,23
7714,337000,9673000,1.07849707205819,6.16892080312326,20
7715,338000,9673000,0.949309947029728,5.55828220858896,16
7716,339000,9673000,1.0870918277892,4.59453430005577,20
7717,340000,9673000,1.28140435068719,6.32104015616286,32
7718,341000,9673000,0.96671705790967,8.07334076965979,23
7719,342000,9673000,0.852953636563859,8.95942554378137,25
7720,343000,9673000,1.19013102150337,6.82173731176799,25
7721,344000,9673000,0.990835807194353,2.43390964863358,17
7722,345000,9673000,0.814660914342575,1.85366703848299,10
7723,346000,9673000,0.781173159867911,2.94708588957055,22
7724,347000,9673000,0.949522038805504,3.51868377021751,19
7725,348000,9673000,1.00095652610348,2.89431121026213,18
7726,349000,9673000,0.86762106681249,2.33003346346905,11
7727,350000,9673000,0.801417840453696,2.23919408812047,9
7728,351000,9673000,0.796983098342021,2.01031790295594,12
7729,352000,9673000,1.05054436145943,2.86942275515895,26
7730,353000,9673000,0.8903001794673,2.68760457334077,22
7731,354000,9673000,0.784939958402632,2.39089514779699,13
7732,355000,9673000,0.752870761436713,2.14215002788622,9
7733,356000,9673000,0.854649679919207,2.263315672058,10
7734,357000,9673000,0.810839086874114,2.27886224205243,11
7735,358000,9673000,0.802606067334374,2.39598438371444,9
7736,359000,9673000,0.818393039462421,2.46932515337423,9
7737,360000,9673000,0.759063858539833,1.3925683212493,9
7738,361000,9673000,0.848583356053176,1.957473508087,9
7739,362000,9673000,0.834758904810885,1.74672336865588,9
7740,363000,9673000,0.744399978829999,1.72483268265477,7
7741,364000,9673000,0.631946450471938,1.11454266592303,6
7742,365000,9673000,0.631393720664711,1.03799498047964,10
7743,366000,9673000,0.834051019417599,1.84411600669269,10
7744,367000,9673000,0.379878635542249,2.76484941438929,5
7745,368000,9673000,0.50869153119211,3.38733965421082,7
7746,369000,9673000,0.700056056336575,2.25069715560513,9
7747,370000,9673000,0.805223995735202,2.41348298940324,14
7748,371000,9673000,0.84512928378124,2.20022308979364,14
7749,372000,9673000,0.52078071734268,0.899818739542666,5
7750,373000,9673000,0.613080635108707,1.04656999442276,5
7751,374000,9673000,0.532410704333819,0.862939208031233,6
7752,375000,9673000,0.634373507085422,0.922552166934189,6
7753,262000,9674000,0.338289389626698,0.473404255319149,5
7754,263000,9674000,0.305598196304888,0.569366982710541,5
7755,264000,9674000,0.641366222562743,1.21939486893475,10
7756,265000,9674000,0.0611363104874272,0.0996932515337423,8
7757,266000,9674000,0.00576418939170091,0.0216815393195761,2
7758,267000,9674000,0.00576418939170091,0.0853318460680424,2
7759,268000,9674000,0.108471339035916,0.383435582822086,2
7760,269000,9674000,0.0398298712676622,0.140197992191857,5
7761,270000,9674000,0.0621776517174248,0.147099832682655,5
7762,271000,9674000,0.146163362449703,0.247838817624094,11
7763,272000,9674000,0.0440879258331133,0.0768265476854434,11
7764,273000,9674000,0,0.00139431121026213,1
7765,274000,9674000,0,0.00515895147796988,1
7766,275000,9674000,0,0.00153374233128834,1
7767,276000,9674000,0,0,0
7768,277000,9674000,0,0,0
7769,278000,9674000,0,0,0
7770,279000,9674000,0,0,0
7771,280000,9674000,0,0,0
7772,281000,9674000,0,0.000278862242052426,1
7773,282000,9674000,0,0.0011154489682097,1
7774,283000,9674000,0.349985819103643,0.492749581706637,13
7775,284000,9674000,0.994125547884684,2.88441160066927,17
7776,285000,9674000,0.609921982321948,0.915295593976576,10
7777,286000,9674000,1.04324419535057,4.84035136642499,21
7778,287000,9674000,0.790326850152398,14.3113496932515,29
7779,288000,9674000,0.690130120590961,19.4322364751813,30
7780,289000,9674000,0.520020113170763,19.7258784160625,29
7781,290000,9674000,0.355593318056722,21.2615030674847,30
7782,291000,9674000,0.724724666679329,18.5186837702175,34
7783,292000,9674000,0.726416551900784,18.4037925264919,33
7784,293000,9674000,0.612656849692068,18.9914249860569,30
7785,294000,9674000,0.621720378149698,19.125,34
7786,295000,9674000,0.523491215134344,20.7454684885666,34
7787,296000,9674000,0.663619675240786,17.9086029001673,32
7788,297000,9674000,0.634891231980443,18.2905744562186,30
7789,298000,9674000,0.705924361108259,15.1816090351366,30
7790,299000,9674000,0.273419548201988,9.51945064138316,25
7791,3e+05,9674000,0.873842116468226,12.3924986056888,31
7792,301000,9674000,1.03292471639217,13.2222532069158,29
7793,302000,9674000,0.780998630159038,13.7492331288344,32
7794,303000,9674000,0.598530027185065,12.8664947016174,33
7795,304000,9674000,0.836836784152828,15.7220440602342,32
7796,305000,9674000,1.1499890769178,15.1541411042945,36
7797,306000,9674000,1.09003429886067,21.9538482989403,38
7798,307000,9674000,1.33024937912076,21.1216536530954,38
7799,308000,9674000,1.03263143871911,19.8604991634133,37
7800,309000,9674000,1.04794911056639,20.8996095928611,41
7801,310000,9674000,1.22142314914151,14.2094952593419,43
7802,311000,9674000,1.11796258173436,19.3892219743447,42
7803,312000,9674000,0.937451964664235,24.5936977133296,42
7804,313000,9674000,0.959503851445707,16.2500697155605,39
7805,314000,9674000,0.67747332424609,23.207612939208,40
7806,315000,9674000,0.644648458063319,22.1988287785834,37
7807,316000,9674000,0.795548640943082,22.3931260457334,37
7808,317000,9674000,0.896248949069555,17.7220440602342,39
7809,318000,9674000,0.88510251930715,17.8825989960959,33
7810,319000,9674000,0.621866315320401,22.4058142777468,35
7811,320000,9674000,0.849902629861416,19.7586447295036,36
7812,321000,9674000,0.386011543266297,22.7734941438929,38
7813,322000,9674000,0.22821339810362,24.6094534300056,36
7814,323000,9674000,0.289746959613344,27.039947016174,36
7815,324000,9674000,0.504835192917238,28.2231595092025,39
7816,325000,9674000,0.593864200108046,23.359244283324,41
7817,326000,9674000,0.759236906428683,29.7585052983826,38
7818,327000,9674000,0.640600934207441,31.3595231455661,39
7819,328000,9674000,1.0626811825551,25.747559955382,39
7820,329000,9674000,0.739599920774855,13.9461098717234,38
7821,330000,9674000,0.688301126932578,16.3057724484105,30
7822,331000,9674000,0.850119210404091,17.393753485778,32
7823,332000,9674000,1.18574990613786,8.26031790295594,31
7824,333000,9674000,0.887477313891389,11.0555633017289,29
7825,334000,9674000,1.09374756711051,12.4324456218628,29
7826,335000,9674000,0.892505031437373,9.66822364751813,24
7827,336000,9674000,0.93846576446956,6.93816229782487,22
7828,337000,9674000,0.889116211726555,5.88692136084774,14
7829,338000,9674000,1.05910827573664,4.78924986056888,16
7830,339000,9674000,1.08193149456836,5.04691857222532,20
7831,340000,9674000,1.08400497967583,6.023912437256,21
7832,341000,9674000,1.11420801690306,5.70600948131623,23
7833,342000,9674000,1.12371494904086,7.20879810373675,25
7834,343000,9674000,1.09288464451131,3.33421639709983,20
7835,344000,9674000,0.878321479390818,1.80981595092025,10
7836,345000,9674000,0.895022842205477,2.44011433351924,11
7837,346000,9674000,0.808351091501841,1.74198271054099,9
7838,347000,9674000,0.820634645347169,2.92317345231456,11
7839,348000,9674000,0.879082895253577,3.30186837702175,11
7840,349000,9674000,0.945505708286995,2.87883435582822,11
7841,350000,9674000,0.838009013010121,2.45719464584495,10
7842,351000,9674000,0.771207853195209,1.80012548800892,10
7843,352000,9674000,0.771256924606681,1.94764361405466,8
7844,353000,9674000,0.793844496381475,2.36231176798661,12
7845,354000,9674000,0.773141188384894,1.99302844394869,11
7846,355000,9674000,0.816345094619124,1.94457612939208,11
7847,356000,9674000,0.872000246602284,1.82863915225878,10
7848,357000,9674000,0.901318836434928,2.35220301171221,13
7849,358000,9674000,0.775326067748716,3.31476575571668,10
7850,359000,9674000,0.733481119602619,2.32982431678751,9
7851,360000,9674000,0.332313789588701,0.472322922476297,4
7852,361000,9674000,0.25739526962174,0.288622420524261,4
7853,362000,9674000,0.660712383732249,1.03283602900167,8
7854,363000,9674000,0.812767505294328,1.52879252649191,9
7855,364000,9674000,0.443575031191967,0.659718349135527,4
7856,365000,9674000,0.103715378815319,0.201617401003904,2
7857,366000,9674000,0.245616354316342,0.369562186279978,3
7858,367000,9674000,0.62972186881274,1.1696876742889,4
7859,368000,9674000,0.624584858917583,1.1175404350251,5
7860,369000,9674000,0.578248012709884,0.947016174010039,7
7861,370000,9674000,0.795273780889987,1.69213608477412,8
7862,371000,9674000,0.759693791647726,2.8680981595092,8
7863,372000,9674000,0.747441673499639,1.90909090909091,7
7864,373000,9674000,0.602665240479427,1.15985778025655,4
7865,374000,9674000,0.581316024092018,1.09355828220859,5
7866,375000,9674000,0.405050889077278,0.665329052969502,3
7867,262000,9675000,0.715334793152002,1.60106382978723,6
7868,263000,9675000,0.525059084167589,0.846346904629113,7
7869,264000,9675000,0.211010831645796,0.310861684327942,5
7870,265000,9675000,0,0.0114333519241495,1
7871,266000,9675000,0,0.0198689347462354,1
7872,267000,9675000,0,0.0674846625766871,1
7873,268000,9675000,0.0996949825111479,0.153931957612939,3
7874,269000,9675000,0.0114712841999987,0.106734523145566,2
7875,270000,9675000,0.0158488228290157,0.0833100948131623,2
7876,271000,9675000,0.0200043210713326,0.0750139431121026,3
7877,272000,9675000,0,0.0053680981595092,1
7878,273000,9675000,0,0.00285833798103737,1
7879,274000,9675000,0,6.97155605131065e-05,1
7880,275000,9675000,0,0,0
7881,276000,9675000,0,0,0
7882,277000,9675000,0,0,0
7883,278000,9675000,0,0,0
7884,279000,9675000,0,0,0
7885,280000,9675000,0,0.000139431121026213,1
7886,281000,9675000,0,0.0173591745677635,1
7887,282000,9675000,0.0719322043665736,0.05430842163971,4
7888,283000,9675000,0.203218669015695,0.289389291689905,13
7889,284000,9675000,0.733069634571804,1.87228109313999,16
7890,285000,9675000,0.442037064317544,0.687674288901283,12
7891,286000,9675000,1.08381179868355,3.80814277746793,21
7892,287000,9675000,0.440657284592321,10.6830033463469,22
7893,288000,9675000,0.78966440163093,10.3796709425544,30
7894,289000,9675000,1.12448384264214,9.38984941438929,28
7895,290000,9675000,1.30310410608684,12.6959007250418,34
7896,291000,9675000,0.697147597977392,27.2750278862242,36
7897,292000,9675000,1.0853355583084,22.2834634690463,37
7898,293000,9675000,0.841583176500325,21.2088678192973,35
7899,294000,9675000,0.567668484919155,19.8832961517011,34
7900,295000,9675000,0.71020079795198,15.7423312883436,34
7901,296000,9675000,0.722924553371219,17.0619771332962,34
7902,297000,9675000,0.700992103506537,18.9722532069158,35
7903,298000,9675000,0.401425090047021,19.888315672058,35
7904,299000,9675000,0.857435995992039,16.3733268265477,37
7905,3e+05,9675000,0.762088027977742,16.0149888455103,37
7906,301000,9675000,0.782869370549285,18.1179587283882,35
7907,302000,9675000,0.660406445747948,23.6209564974902,40
7908,303000,9675000,0.492393309654962,22.548103736754,37
7909,304000,9675000,0.357422376136234,22.4622141662019,37
7910,305000,9675000,0.265754141808395,23.7463747908533,35
7911,306000,9675000,0.703749866083096,26.5336726157278,43
7912,307000,9675000,0.781404177414874,26.9880786391523,40
7913,308000,9675000,0.577868536674338,25.6859313998885,43
7914,309000,9675000,0.654063955381786,23.409788064696,40
7915,310000,9675000,0.869332751228169,21.0573759063023,42
7916,311000,9675000,0.580219809410017,25.2567624093698,41
7917,312000,9675000,0.978286153943464,19.2863218070273,40
7918,313000,9675000,0.78354204775692,16.2876464026771,35
7919,314000,9675000,0.647408623664872,22.7016174010039,41
7920,315000,9675000,0.633918872123576,23.3080033463469,37
7921,316000,9675000,0.568907088044918,24.7069157836029,38
7922,317000,9675000,0.809264554121707,17.8895008365867,34
7923,318000,9675000,0.573100816776783,24.3556887897379,35
7924,319000,9675000,0.121647979250223,24.4375348577803,34
7925,320000,9675000,0.246857591730384,23.2046848856665,35
7926,321000,9675000,0.121024418991336,25.8287785833798,34
7927,322000,9675000,0.350455882653487,27.108825989961,34
7928,323000,9675000,0.625555737591435,28.688720022309,36
7929,324000,9675000,0.690276573820279,30.1428471834914,37
7930,325000,9675000,0.646328354333111,29.1416620189626,38
7931,326000,9675000,0.792308157155196,29.4595649749024,39
7932,327000,9675000,0.904263773643434,28.0957194645845,39
7933,328000,9675000,0.966663739939773,25.6421500278862,38
7934,329000,9675000,0.862843856799583,13.6948549916341,37
7935,330000,9675000,0.813831070642386,13.9178750697156,30
7936,331000,9675000,1.03204657367835,13.4356525376464,33
7937,332000,9675000,1.05219920687601,11.2336168432794,33
7938,333000,9675000,0.823733244850512,11.1059676519799,22
7939,334000,9675000,0.965993635182246,7.57612939208031,20
7940,335000,9675000,0.9813876002556,7.58693530395984,22
7941,336000,9675000,1.04351323099588,7.14912158393753,20
7942,337000,9675000,0.916861314863088,5.55075292805354,16
7943,338000,9675000,0.971240724049134,5.03206915783603,15
7944,339000,9675000,1.06137881252603,3.72427495817066,13
7945,340000,9675000,1.17989991411597,5.37444227551589,23
7946,341000,9675000,1.08607075705277,5.97511154489682,20
7947,342000,9675000,1.21782051732037,5.94457612939208,26
7948,343000,9675000,1.27663953986638,6.09641662018963,26
7949,344000,9675000,0.932007835154865,2.85645566090351,11
7950,345000,9675000,0.791344523860409,2.57097044060234,10
7951,346000,9675000,0.724040861115912,3.12953151143335,10
7952,347000,9675000,0.698234392865791,4.08832961517011,11
7953,348000,9675000,0.878723390323944,3.00634411600669,11
7954,349000,9675000,0.931106072580071,2.5568878973787,11
7955,350000,9675000,0.927212432471464,2.44227551589515,10
7956,351000,9675000,0.849537659094078,1.73968209704406,10
7957,352000,9675000,0.83486499675636,1.68655883993307,10
7958,353000,9675000,0.809952967540371,1.64814556609035,10
7959,354000,9675000,0.715038013235457,1.24010039040714,11
7960,355000,9675000,0.710756011140503,1.34864751812605,11
7961,356000,9675000,0.589787202405128,1.0808700501952,6
7962,357000,9675000,0.687035407718139,1.39584495259342,9
7963,358000,9675000,0.835564934036163,2.6441717791411,12
7964,359000,9675000,0.716563503512781,1.34153653095371,10
7965,360000,9675000,0.622185887781428,1.10729224762967,9
7966,361000,9675000,0.283511494098851,0.476226993865031,12
7967,362000,9675000,0.164883409756233,0.129182933630786,5
7968,363000,9675000,0.279584024736425,0.287716118237591,8
7969,364000,9675000,0.0337778191940276,0.0292108198549916,5
7970,365000,9675000,0.0394801862475502,0.0585610708310095,3
7971,366000,9675000,0.215961399586898,0.333170663692136,4
7972,367000,9675000,0.503690014352454,0.902955939765756,4
7973,368000,9675000,0.423361547301601,0.886293920803123,4
7974,369000,9675000,0.0429446779016678,0.0893753485778026,3
7975,370000,9675000,0.149262850632142,0.147796988287786,6
7976,371000,9675000,0.759215019220988,1.50613496932515,9
7977,372000,9675000,0.754582995344767,2.17547406581149,8
7978,373000,9675000,0.77576779959222,2.52809537088678,8
7979,374000,9675000,0.834038299214431,2.43697713329615,7
7980,375000,9675000,0.871508454807279,2.04815409309791,7
7981,262000,9676000,0.64636553242472,1.20744680851064,5
7982,263000,9676000,0.247815079420476,0.37409369771333,5
7983,264000,9676000,0.369010081388687,0.663343558282209,12
7984,265000,9676000,0.0149933975956767,0.0540295593976576,3
7985,266000,9676000,0.0136925771576734,0.0343697713329615,4
7986,267000,9676000,0.00198111478234492,0.0389709983268265,2
7987,268000,9676000,0.0967121003656223,0.187674288901283,3
7988,269000,9676000,0.043203119227303,0.153234802007808,8
7989,270000,9676000,0.00473584303374559,0.0629531511433352,2
7990,271000,9676000,0.0984491141188993,0.182515337423313,6
7991,272000,9676000,0,0.0010457334076966,1
7992,273000,9676000,0,0.000906302286670385,1
7993,274000,9676000,0,0,0
7994,275000,9676000,0,0,0
7995,276000,9676000,0,0,0
7996,277000,9676000,0,0,0
7997,278000,9676000,0,0.00020914668153932,1
7998,279000,9676000,0,0.00020914668153932,1
7999,280000,9676000,0,0.00864472950362521,1
8000,281000,9676000,0,0.0161042944785276,1
8001,282000,9676000,0.03231793167394,0.0261433351924149,3
8002,283000,9676000,0.12657233292262,0.137688232013385,5
8003,284000,9676000,0.465786274355653,0.677426101505856,9
8004,285000,9676000,0.87193177662228,1.81853039598438,13
8005,286000,9676000,0.873322995958607,2.17080312325711,10
8006,287000,9676000,0.324231697180268,8.01889291689905,17
8007,288000,9676000,0.332895677115464,9.28667038482989,27
8008,289000,9676000,0.870285263199822,8.6765895147797,22
8009,290000,9676000,1.27098089062715,5.94701617401004,32
8010,291000,9676000,0.858741578200992,29.1530953708868,36
8011,292000,9676000,0.688894048646459,29.5994841048522,37
8012,293000,9676000,0.69296205157624,29.8204127161182,36
8013,294000,9676000,0.857486415865612,22.0872141662019,36
8014,295000,9676000,0.607595137581288,17.2299219185722,28
8015,296000,9676000,0.39373766212688,22.3359592861127,35
8016,297000,9676000,0.516465756958246,23.7535554935862,36
8017,298000,9676000,0.522151738285227,22.1146123814835,36
8018,299000,9676000,0.56727966217692,23.510596765198,37
8019,3e+05,9676000,0.388990421305518,21.8259899609593,37
8020,301000,9676000,0.594560817290732,22.1870468488567,37
8021,302000,9676000,0.408559770127707,25.7564138315672,40
8022,303000,9676000,0.280171840661777,25.0393892916899,36
8023,304000,9676000,0.170985155981977,25.5762688232013,36
8024,305000,9676000,0.297163857182292,24.4577523703291,34
8025,306000,9676000,0.576005989866221,24.9455521472393,39
8026,307000,9676000,0.553215939458659,25.36684327942,40
8027,308000,9676000,0.41119717014463,25.1098020078081,38
8028,309000,9676000,0.425872196682047,26.1365030674847,39
8029,310000,9676000,0.554485470475447,22.2658254322365,36
8030,311000,9676000,0.46438651057532,23.2177216954824,36
8031,312000,9676000,0.368243612182318,22.8229224762967,37
8032,313000,9676000,0.688541338332804,22.1786809815951,36
8033,314000,9676000,0.959947482506045,24.890895147797,42
8034,315000,9676000,0.559169723410792,27.194157836029,37
8035,316000,9676000,0.779254452530313,27.1610429447853,39
8036,317000,9676000,0.840647655559661,27.4590072504183,37
8037,318000,9676000,0.738841561298522,29.3519938650307,39
8038,319000,9676000,0.692218768356677,29.9072783045176,38
8039,320000,9676000,0.689238044570248,29.6369213608477,36
8040,321000,9676000,0.591004719345869,28.8245259341885,36
8041,322000,9676000,0.610793401575952,28.9846625766871,34
8042,323000,9676000,0.94780404625372,26.0818460680424,36
8043,324000,9676000,1.10396404477773,24.4125069715561,36
8044,325000,9676000,0.986762975471601,19.9702314556609,35
8045,326000,9676000,0.944152388716283,16.6944366982711,33
8046,327000,9676000,0.815361149627418,16.3833658672616,32
8047,328000,9676000,1.13944313903315,11.9188510875627,30
8048,329000,9676000,1.18046550150116,9.05835192414947,30
8049,330000,9676000,1.16827023849631,12.800543781372,30
8050,331000,9676000,0.887105004407128,14.4003067484663,29
8051,332000,9676000,0.836657355112105,10.0972532069158,24
8052,333000,9676000,0.961703595022918,8.83344952593419,22
8053,334000,9676000,1.08265569699291,5.29050474065811,19
8054,335000,9676000,1.03158499037976,5.79580312325711,17
8055,336000,9676000,1.03321467596933,3.92533463469046,12
8056,337000,9676000,1.12060645899535,3.86774958170664,18
8057,338000,9676000,1.07283273673039,3.81678750697156,16
8058,339000,9676000,0.92474777060972,1.99240100390407,10
8059,340000,9676000,1.0780132994715,3.20698549916341,16
8060,341000,9676000,1.02419206473814,9.41243725599554,23
8061,342000,9676000,1.09664624046434,6.77398215281651,25
8062,343000,9676000,1.19082313019663,4.74916341327384,25
8063,344000,9676000,0.926400634968716,2.71723368655884,12
8064,345000,9676000,0.922890471185455,2.86049916341327,12
8065,346000,9676000,0.746280586588771,2.29294478527607,13
8066,347000,9676000,0.7627463100722,3.53025655326269,13
8067,348000,9676000,0.998054743399342,3.37025934188511,12
8068,349000,9676000,0.934851065997105,2.90595370886782,12
8069,350000,9676000,0.791139731240903,1.87381483547128,10
8070,351000,9676000,0.95780424584809,2.21493307306191,11
8071,352000,9676000,0.970760024054597,2.99205242610151,10
8072,353000,9676000,1.00368412511173,2.43153931957613,11
8073,354000,9676000,1.03257062406808,2.75153374233129,12
8074,355000,9676000,0.654052890541506,1.08658672615728,10
8075,356000,9676000,0.2935821769349,0.479921918572225,5
8076,357000,9676000,0.599981962174193,1.10826826547685,7
8077,358000,9676000,0.503160006617416,0.728248745119911,12
8078,359000,9676000,0.410332891074944,0.536391522587842,10
8079,360000,9676000,0.841831499943827,1.71925543781372,11
8080,361000,9676000,0.625473328538859,1.19959564974902,12
8081,362000,9676000,0.0373661130297916,0.0871444506413832,2
8082,363000,9676000,0.00676444112278765,0.013106525376464,2
8083,364000,9676000,0.00576418939170091,0.0135945343000558,2
8084,365000,9676000,0,0.0140128276631344,1
8085,366000,9676000,0.108733443906937,0.17303402119353,3
8086,367000,9676000,0.443460629825059,0.596834913552705,5
8087,368000,9676000,0.431022455300004,0.610011154489682,9
8088,369000,9676000,0.418265496642857,0.579266592303402,15
8089,370000,9676000,0.382919605874656,0.518614054656999,10
8090,371000,9676000,0.296535423021409,0.436001115448968,5
8091,372000,9676000,0.797738756243595,1.61774958170664,8
8092,373000,9676000,0.768246372875409,3.67533463469046,9
8093,374000,9676000,0.842311428394028,2.61935303959844,11
8094,375000,9676000,0.926449030254968,2.34349919743178,11
8095,262000,9677000,0.261504357133524,0.475923852183651,5
8096,263000,9677000,0.159712284337076,0.305911879531511,5
8097,264000,9677000,0.385363221134863,0.589514779698829,8
8098,265000,9677000,0.0968057820885458,0.169687674288901,8
8099,266000,9677000,0.0145622287509984,0.0729921918572225,4
8100,267000,9677000,0.00137728250361463,0.0227969882877858,2
8101,268000,9677000,0,0.0231455660903514,1
8102,269000,9677000,0.075768407172171,0.0967651979921919,8
8103,270000,9677000,0.404606358603235,0.610429447852761,13
8104,271000,9677000,0.0291179572789673,0.0513803680981595,10
8105,272000,9677000,0,0.00327663134411601,1
8106,273000,9677000,0,0.00885387618516453,1
8107,274000,9677000,0,0,0
8108,275000,9677000,0,0,0
8109,276000,9677000,0,0,0
8110,277000,9677000,0,0,0
8111,278000,9677000,0,0.000348577802565533,1
8112,279000,9677000,0,0.000348577802565533,1
8113,280000,9677000,0,0.0010457334076966,1
8114,281000,9677000,0,0.00188232013385388,1
8115,282000,9677000,0.0692290935021096,0.0833798103736754,4
8116,283000,9677000,0.242667027378525,0.288970998326827,7
8117,284000,9677000,0.221049101337156,0.249163413273843,5
8118,285000,9677000,0.365265734339477,0.455103179029559,10
8119,286000,9677000,0.76557488426751,1.47518126045733,10
8120,287000,9677000,0.624178003151318,6.986684327942,16
8121,288000,9677000,0.450203703504232,11.042526491913,27
8122,289000,9677000,0.474603784357794,7.41550474065811,21
8123,290000,9677000,1.38263492197529,8.30179866146124,33
8124,291000,9677000,0.610507036042934,27.904350250976,35
8125,292000,9677000,0.589206656471714,28.7146542108199,36
8126,293000,9677000,0.314477253399924,27.2878555493586,36
8127,294000,9677000,0.721670641949303,29.3987032905745,36
8128,295000,9677000,0.460976937729671,25.0302565532627,35
8129,296000,9677000,0.236082679540754,24.3970301171221,34
8130,297000,9677000,0.35547563293431,26.4608198549916,36
8131,298000,9677000,0.342274794740544,21.3520635805912,36
8132,299000,9677000,0.433976384811393,24.3572922476297,36
8133,3e+05,9677000,0.413936626039483,25.6141940881205,37
8134,301000,9677000,0.501694627173452,26.5840072504183,38
8135,302000,9677000,0.302323408143392,24.4714863357501,38
8136,303000,9677000,0.220739054119438,23.1079894032348,36
8137,304000,9677000,0.05777690520932,24.3611963190184,34
8138,305000,9677000,0.13296375334159,25.9816648075851,34
8139,306000,9677000,0.275102276026395,26.130577244841,38
8140,307000,9677000,0.220890241184649,25.9110429447853,33
8141,308000,9677000,0.528518949151334,27.8729085331846,35
8142,309000,9677000,0.693379395660404,29.7302704963748,37
8143,310000,9677000,0.647287177297165,28.0697155605131,37
8144,311000,9677000,0.472641157175846,27.670384829894,36
8145,312000,9677000,0.399485976206809,27.1991773563859,34
8146,313000,9677000,0.695347877940744,29.3508784160625,36
8147,314000,9677000,0.909714820864374,28.5270496374791,42
8148,315000,9677000,0.909685771849266,28.1892080312326,38
8149,316000,9677000,0.893445540167752,28.3503904071389,39
8150,317000,9677000,0.862927417981774,29.0037646402677,38
8151,318000,9677000,0.916296519755414,28.4753206915784,40
8152,319000,9677000,0.599905729078871,31.6637618516453,43
8153,320000,9677000,0.609245411271826,31.2453987730061,37
8154,321000,9677000,0.988628047195965,28.5619771332962,38
8155,322000,9677000,1.0101749477082,26.4089514779699,36
8156,323000,9677000,0.894617208679326,15.9440881204685,34
8157,324000,9677000,0.966526618548423,16.4585889570552,34
8158,325000,9677000,0.93493226883667,14.0494980479643,29
8159,326000,9677000,1.16082334414173,13.0905605131065,29
8160,327000,9677000,1.12306501883716,8.30186837702175,25
8161,328000,9677000,1.05625941590759,3.14110429447853,17
8162,329000,9677000,1.20197084422634,5.11161461238148,30
8163,330000,9677000,1.32665410791713,9.13364472950363,31
8164,331000,9677000,1.17128983789399,8.13950083658673,28
8165,332000,9677000,0.953760634185004,7.55660903513664,23
8166,333000,9677000,1.00769618868245,6.31239542665923,17
8167,334000,9677000,1.08046530309993,5.17693809258226,17
8168,335000,9677000,1.09326005469029,4.1079894032348,15
8169,336000,9677000,0.966969333424391,3.27663134411601,17
8170,337000,9677000,0.90914852856139,1.99700223089794,13
8171,338000,9677000,1.01405460190546,2.56720580033463,17
8172,339000,9677000,1.09879091841474,3.08609871723369,21
8173,340000,9677000,1.09683079600257,3.35917456776352,21
8174,341000,9677000,1.22707373285219,5.2728667038483,21
8175,342000,9677000,1.20043511628571,7.51443112102621,23
8176,343000,9677000,1.1918784234791,6.29266592303402,22
8177,344000,9677000,0.931890886251193,2.6611823759063,10
8178,345000,9677000,1.00139764516588,3.18495538204127,14
8179,346000,9677000,0.908932558199739,3.07905744562186,14
8180,347000,9677000,0.78253317072732,2.25292805354155,11
8181,348000,9677000,0.793225638378149,1.51045733407697,10
8182,349000,9677000,0.958311450335023,2.40086447295036,12
8183,350000,9677000,0.964800314377605,2.39570552147239,19
8184,351000,9677000,0.985089265878573,2.92477691020636,19
8185,352000,9677000,0.867545558591214,2.52600390407139,11
8186,353000,9677000,0.991834832794246,2.49888455103179,11
8187,354000,9677000,1.01770907127985,2.6031790295594,11
8188,355000,9677000,0.389537780871241,0.57989403234802,8
8189,356000,9677000,0.138761419987263,0.257250418293363,4
8190,357000,9677000,0.0166955084504348,0.0840769659788065,2
8191,358000,9677000,0.194675729108475,0.209634690462911,10
8192,359000,9677000,0.408613185306027,0.548103736754044,10
8193,360000,9677000,0.859574015663064,1.75557724484105,11
8194,361000,9677000,0.73585538901951,1.37834634690463,12
8195,362000,9677000,0.547961397459187,0.802565532626882,5
8196,363000,9677000,0.331710780407164,0.454475738984941,5
8197,364000,9677000,0.01192137372809,0.0546569994422755,2
8198,365000,9677000,0.03231793167394,0.0461517010596765,4
8199,366000,9677000,0.0175339680174116,0.0145008365867262,4
8200,367000,9677000,0.0149933975956767,0.0112939208031233,2
8201,368000,9677000,0,0.00223089793641941,1
8202,369000,9677000,0.079290663308715,0.13106525376464,2
8203,370000,9677000,0.0128125683895561,0.0922336865588399,2
8204,371000,9677000,0.362583355202092,0.502649191299498,6
8205,372000,9677000,0.694556162694035,1.55681818181818,6
8206,373000,9677000,0.814949765996821,2.34376742889013,7
8207,374000,9677000,0.856466903374648,1.99240100390407,13
8208,375000,9677000,0.94622319624198,2.1645264847512,13
8209,262000,9678000,0,0.128219484882419,1
8210,263000,9678000,0.0304716557862012,0.0826129392080312,2
8211,264000,9678000,0.0355825329096794,0.133784160624651,3
8212,265000,9678000,0.0622918661647467,0.0713887339654211,6
8213,266000,9678000,0.0550308411220184,0.0589793641940881,6
8214,267000,9678000,0.0883851580172431,0.0789180145008366,8
8215,268000,9678000,0.063174769708783,0.0686001115448968,14
8216,269000,9678000,0.942977409131027,2.85778025655326,20
8217,270000,9678000,0.347019502786635,0.455172894590072,13
8218,271000,9678000,0,0.00160345789180145,1
8219,272000,9678000,0,0.00285833798103737,1
8220,273000,9678000,0,0,0
8221,274000,9678000,0,0,0
8222,275000,9678000,0,0,0
8223,276000,9678000,0,0.00285833798103737,1
8224,277000,9678000,0.00137728250361463,0.011154489682097,2
8225,278000,9678000,0.00137728250361463,0.00439208031232571,2
8226,279000,9678000,0,0.000139431121026213,1
8227,280000,9678000,0,0,0
8228,281000,9678000,0.0212164279637441,0.0284439486893475,2
8229,282000,9678000,0.222214562000352,0.323340769659788,4
8230,283000,9678000,0.256679540987142,0.268962632459565,4
8231,284000,9678000,0,0,0
8232,285000,9678000,0.0912192062006164,0.137409369771333,9
8233,286000,9678000,0.421690504301506,0.582124930284439,8
8234,287000,9678000,1.03014209367938,3.40037646402677,12
8235,288000,9678000,0.318679003540678,7.95252370329057,18
8236,289000,9678000,0.245325098192829,8.15218906860011,20
8237,290000,9678000,1.19848436523257,10.2009202453988,33
8238,291000,9678000,0.423954261204752,25.6926240936977,33
8239,292000,9678000,0.489005012228496,28.6710819854992,34
8240,293000,9678000,0.442314647944251,27.9235917456776,35
8241,294000,9678000,0.613077894325584,28.9333519241495,37
8242,295000,9678000,0.686850454316744,30.619701617401,37
8243,296000,9678000,0.693124784317535,30.1553262688232,36
8244,297000,9678000,0.672425730443638,30.8754880089236,40
8245,298000,9678000,0.715723924496225,28.412228109314,39
8246,299000,9678000,0.427394709522368,24.3581288343558,38
8247,3e+05,9678000,0.474464058766662,25.7600390407139,38
8248,301000,9678000,0.634681695047285,28.9742749581707,38
8249,302000,9678000,0.406552506744785,26.1515616285555,38
8250,303000,9678000,0.173714925537001,25.2375906302287,34
8251,304000,9678000,0.517862182027595,26.6367122141662,37
8252,305000,9678000,0.538363898791098,27.8621723368656,37
8253,306000,9678000,0.503307325351249,28.4341885108756,35
8254,307000,9678000,0.578920668425405,29.2520217512549,36
8255,308000,9678000,0.636980270496456,29.7291550474066,37
8256,309000,9678000,0.701716350453686,30.7998466257669,39
8257,310000,9678000,0.572539362601969,28.7054517568321,37
8258,311000,9678000,0.556878004052461,27.9727412158394,36
8259,312000,9678000,0.675963903531569,29.1873257110987,36
8260,313000,9678000,0.675537261176846,30.7384969325153,38
8261,314000,9678000,0.694409840921856,29.9696737311768,39
8262,315000,9678000,0.834916514491401,28.3699107640825,41
8263,316000,9678000,0.759070397977704,23.5221695482432,36
8264,317000,9678000,1.11291000711466,22.4730897936419,37
8265,318000,9678000,1.25030662946389,14.4871723368656,35
8266,319000,9678000,1.10184939758533,18.6912297824875,36
8267,320000,9678000,1.08262820394493,17.8304517568321,37
8268,321000,9678000,1.06089300454808,16.1831427774679,38
8269,322000,9678000,0.857380773786171,16.9253346346905,35
8270,323000,9678000,1.29253528811176,8.63685164528723,26
8271,324000,9678000,1.37179459550256,7.48333798103737,25
8272,325000,9678000,1.21762442090678,6.32083100948132,26
8273,326000,9678000,1.08306052006947,3.9132738427217,23
8274,327000,9678000,1.01849786392454,6.60568878973787,19
8275,328000,9678000,1.06556376935326,4.21981316229783,16
8276,329000,9678000,1.10925791461216,4.13371444506414,21
8277,330000,9678000,0.892203447432167,2.21618795315114,14
8278,331000,9678000,1.09423274574469,3.82299219185722,17
8279,332000,9678000,1.10197598202616,3.72315950920245,17
8280,333000,9678000,1.03853456104331,5.39598438371445,15
8281,334000,9678000,1.04754446245493,3.23417456776352,15
8282,335000,9678000,1.05607756280819,3.11391522587842,15
8283,336000,9678000,1.10328268586017,3.73312883435583,17
8284,337000,9678000,0.997558694196409,2.5127579475739,12
8285,338000,9678000,0.854558318014648,1.80500557724484,11
8286,339000,9678000,0.941837735976723,2.44820133853876,18
8287,340000,9678000,1.00952816805092,2.75006971556051,18
8288,341000,9678000,1.15903040881009,3.97936419408812,21
8289,342000,9678000,1.14261294097143,6.64633296151701,24
8290,343000,9678000,1.12236330170131,6.34425543781372,22
8291,344000,9678000,1.10332156084302,3.82264361405466,18
8292,345000,9678000,0.866231802145627,2.58965421081985,13
8293,346000,9678000,0.904996311488886,2.91550474065811,16
8294,347000,9678000,0.934967946629495,2.3920105967652,20
8295,348000,9678000,0.897273986131071,1.99428332403793,22
8296,349000,9678000,0.93056752713219,2.41822364751813,23
8297,350000,9678000,0.85903784070305,1.76777746793084,18
8298,351000,9678000,0.962876514896904,2.39981873954267,18
8299,352000,9678000,0.864613068144056,1.76408254322365,11
8300,353000,9678000,0.750171497568487,1.37186279977691,11
8301,354000,9678000,0.652835802470641,1.09300055772448,11
8302,355000,9678000,0.487213547623631,0.865936977133296,11
8303,356000,9678000,0.179995669237319,0.301798661461238,4
8304,357000,9678000,0.256845936801067,0.349344673731177,9
8305,358000,9678000,0.405043737151256,0.549707194645845,7
8306,359000,9678000,0.490453736378042,0.732013385387619,7
8307,360000,9678000,0.623645044432318,1.07389849414389,7
8308,361000,9678000,0.668055541871684,1.19513385387619,8
8309,362000,9678000,0.662792936246147,1.1707334076966,8
8310,363000,9678000,0.665754093698862,1.25118516452872,5
8311,364000,9678000,0.12953693674679,0.261921360847741,4
8312,365000,9678000,0.00525389974000501,0.0147099832682655,2
8313,366000,9678000,0,0,0
8314,367000,9678000,0,0.000697155605131065,1
8315,368000,9678000,0,0.00020914668153932,1
8316,369000,9678000,0.32626829398757,0.413761851645287,9
8317,370000,9678000,0.374431610778056,0.487730061349693,13
8318,371000,9678000,0.669447781463123,1.05521472392638,13
8319,372000,9678000,0.669510713962872,2.60966257668712,7
8320,373000,9678000,0.819477234831571,1.56121026213051,14
8321,374000,9678000,1.12543624734183,3.64312604573341,22
8322,375000,9678000,0.894200949997753,2.3599518459069,13
8323,262000,9679000,0,0,0
8324,263000,9679000,0,0.00257947573898494,1
8325,264000,9679000,0.181496938432423,0.206706636921361,4
8326,265000,9679000,0.188920125567591,0.218697713329615,4
8327,266000,9679000,0.060928789281463,0.0549358616843279,3
8328,267000,9679000,0.029351816517207,0.0591885108756274,4
8329,268000,9679000,0.527530571189802,1.04231734523146,16
8330,269000,9679000,0.844826344253906,2.63434188510876,20
8331,270000,9679000,0,0.00188232013385388,1
8332,271000,9679000,0,0.000418293363078639,1
8333,272000,9679000,0,0,0
8334,273000,9679000,0,0,0
8335,274000,9679000,0,0,0
8336,275000,9679000,0,0.000139431121026213,1
8337,276000,9679000,0,0.00690184049079755,1
8338,277000,9679000,0,0.00299776910206358,1
8339,278000,9679000,0,0.0127579475738985,1
8340,279000,9679000,0,0,0
8341,280000,9679000,0,0.00153374233128834,1
8342,281000,9679000,0.0212164279637441,0.0406441717791411,2
8343,282000,9679000,0.0289764351899882,0.032696597880647,2
8344,283000,9679000,0,0.0020914668153932,1
8345,284000,9679000,0.00367224694793965,0.00362520914668154,2
8346,285000,9679000,0.0587260996315137,0.0732013385387618,4
8347,286000,9679000,0.319781373558705,0.446458449525934,5
8348,287000,9679000,1.02744708599828,2.65867261572783,10
8349,288000,9679000,0.520612671365906,6.80521472392638,12
8350,289000,9679000,0.501109582012219,6.77983825989961,20
8351,290000,9679000,0.671751908626569,6.91397099832683,20
8352,291000,9679000,0.970947137756827,11.5732710540993,29
8353,292000,9679000,0.824057147645746,19.8623117679866,33
8354,293000,9679000,0.446173045774025,22.0574456218628,33
8355,294000,9679000,0.770970039220165,22.8849693251534,34
8356,295000,9679000,0.445741881352091,28.0950920245399,36
8357,296000,9679000,0.672596806518721,29.7788622420524,37
8358,297000,9679000,0.69291060335867,30.2805354155047,37
8359,298000,9679000,0.694345528573716,29.8546430563302,36
8360,299000,9679000,0.441165078773282,27.8377021751255,36
8361,3e+05,9679000,0.575129234970111,28.9581009481316,36
8362,301000,9679000,0.658123830078297,29.8011712214166,39
8363,302000,9679000,0.677336028551766,29.5939765755717,39
8364,303000,9679000,0.656565936899266,29.5721556051311,39
8365,304000,9679000,0.674137149313201,30.0209146681539,41
8366,305000,9679000,0.657557948151439,31.2965002788622,41
8367,306000,9679000,0.694273464356128,30.4012827663134,36
8368,307000,9679000,0.690550051987314,30.1093139988846,36
8369,308000,9679000,0.650606814118497,31.4099274958171,40
8370,309000,9679000,0.388142875242853,33.4879392080312,41
8371,310000,9679000,0.668774274726776,30.2801171221417,40
8372,311000,9679000,0.534333879413018,28.0984383714445,36
8373,312000,9679000,0.390117442302067,25.8512967094255,35
8374,313000,9679000,0.311168693660444,25.8998187395427,36
8375,314000,9679000,0.249351029040805,24.2860429447853,36
8376,315000,9679000,0.487413610158586,20.5698549916341,33
8377,316000,9679000,0.697679460919166,19.0444088120468,31
8378,317000,9679000,0.806493398214283,15.1631344116007,27
8379,318000,9679000,0.890060685126787,11.9106943669827,26
8380,319000,9679000,0.700766649652359,15.2837423312883,32
8381,320000,9679000,0.724656455924636,15.0322783045176,32
8382,321000,9679000,0.690434390061092,14.9383017289459,25
8383,322000,9679000,1.06843144571689,11.9675822643614,25
8384,323000,9679000,1.13527183524435,4.01512827663134,21
8385,324000,9679000,0.799747195293917,2.0202175125488,11
8386,325000,9679000,0.816850190031288,1.64577523703291,15
8387,326000,9679000,0.632097954058544,1.20182654768544,14
8388,327000,9679000,1.02935748013956,3.10080870050195,18
8389,328000,9679000,1.11026553950549,3.71848856664808,18
8390,329000,9679000,0.907586134184565,2.34355828220859,14
8391,330000,9679000,0.82975465067224,1.94394868934746,14
8392,331000,9679000,0.852075637899046,1.78597322922476,12
8393,332000,9679000,0.79412370338753,1.63915225878416,13
8394,333000,9679000,1.04082700420565,2.92756553262688,14
8395,334000,9679000,1.07382950652973,3.20844952593419,12
8396,335000,9679000,1.05991577536672,2.97901561628556,15
8397,336000,9679000,1.03553152326049,2.86015058561071,14
8398,337000,9679000,0.874599928810969,1.93446737311768,12
8399,338000,9679000,0.876905066401808,1.84348856664808,11
8400,339000,9679000,0.921550588689558,2.24623535973229,10
8401,340000,9679000,0.823157046389266,3.82083100948132,12
8402,341000,9679000,1.09013135961203,3.156929726715,21
8403,342000,9679000,1.21183987179318,4.72155605131065,24
8404,343000,9679000,1.06068481142715,4.94882877858338,17
8405,344000,9679000,1.10667077657554,4.33233407696598,19
8406,345000,9679000,0.981550648167793,2.92603179029559,18
8407,346000,9679000,1.1205489818629,3.55709704406023,23
8408,347000,9679000,1.15810372854405,3.84139709983268,24
8409,348000,9679000,1.2252536926802,4.73271054099275,22
8410,349000,9679000,1.22226640594622,4.39452035694367,23
8411,350000,9679000,1.00299263473868,2.42972671500279,22
8412,351000,9679000,0.723459659115534,1.38943112102621,11
8413,352000,9679000,0.777886275635954,1.42240658114891,10
8414,353000,9679000,0.737954675893678,1.25230061349693,10
8415,354000,9679000,0.748669322059069,1.41069436698271,10
8416,355000,9679000,0.784388785940971,1.51903234802008,12
8417,356000,9679000,0.511107449630311,0.814347462353597,10
8418,357000,9679000,0.432790680603121,0.690672058003346,8
8419,358000,9679000,0.509470144860873,0.781790295593977,6
8420,359000,9679000,0.590322218541478,1.01889291689905,6
8421,360000,9679000,0.674928534387265,1.31602063580591,6
8422,361000,9679000,0.768328923755599,1.60659509202454,9
8423,362000,9679000,0.656663256661228,1.05096207473508,11
8424,363000,9679000,0.785772959088728,1.71493307306191,11
8425,364000,9679000,0.127068219293759,0.153653095370887,5
8426,365000,9679000,0.250237834820778,0.26840490797546,10
8427,366000,9679000,0.426704626054004,0.542875069715561,11
8428,367000,9679000,0.373532075133536,0.461029001673173,7
8429,368000,9679000,0.421686362407887,0.575780814277747,11
8430,369000,9679000,0.405330451556772,0.552077523703291,11
8431,370000,9679000,0.0154222372873578,0.00927216954824317,4
8432,371000,9679000,0.0790003457690299,0.0667875069715561,4
8433,372000,9679000,0.438697219538529,0.675334634690463,7
8434,373000,9679000,0.683405115264847,1.2787228109314,13
8435,374000,9679000,0.8137640913138,1.62834634690463,12
8436,375000,9679000,0.513268713499615,0.874398073836276,11
8437,262000,9680000,0,0.00279955207166853,1
8438,263000,9680000,0,0.00481037367540435,1
8439,264000,9680000,0,0.0096207473508087,1
8440,265000,9680000,0.0473483240079547,0.0856804238706079,2
8441,266000,9680000,0.0725288605613263,0.131832124930284,4
8442,267000,9680000,0.00473584303374559,0.0188232013385388,4
8443,268000,9680000,0.573566537645127,0.895496374790853,11
8444,269000,9680000,0.0451952827320648,0.0740379252649191,9
8445,270000,9680000,0,0.0191020635805912,1
8446,271000,9680000,0.0366551374031611,0.0511015058561071,3
8447,272000,9680000,0,0.0203569436698271,1
8448,273000,9680000,0,0.082473508087005,1
8449,274000,9680000,0,0.0445482431678751,1
8450,275000,9680000,0,0,0
8451,276000,9680000,0,0,0
8452,277000,9680000,0,0,0
8453,278000,9680000,0,0,0
8454,279000,9680000,0,0.000278862242052426,1
8455,280000,9680000,0,0.000697155605131065,1
8456,281000,9680000,0,0,0
8457,282000,9680000,0,0,0
8458,283000,9680000,0,0,0
8459,284000,9680000,0,0.000278862242052426,1
8460,285000,9680000,0.0333111806263972,0.0325571667596207,9
8461,286000,9680000,0.138905806501446,0.212423312883436,9
8462,287000,9680000,0.32420420521614,0.461795872838818,9
8463,288000,9680000,1.01847238135967,2.87778862242052,9
8464,289000,9680000,0.759055966372345,5.52837423312883,11
8465,290000,9680000,0.687598254903033,6.57863915225878,13
8466,291000,9680000,0.974146255379041,4.90421081985499,13
8467,292000,9680000,1.13571305615028,7.49867540435025,27
8468,293000,9680000,0.77708439821204,17.3464166201896,28
8469,294000,9680000,0.675112945729743,17.6466118237591,31
8470,295000,9680000,0.569311656785877,21.9861963190184,32
8471,296000,9680000,0.613138820771913,28.4435303959844,37
8472,297000,9680000,0.603286340264026,28.7079615170106,35
8473,298000,9680000,0.691348778299737,30.4511991076408,37
8474,299000,9680000,0.402403930964988,27.7388455103179,36
8475,3e+05,9680000,0.618499926604343,28.4217094255438,38
8476,301000,9680000,0.759546091470475,27.8941717791411,36
8477,302000,9680000,0.774356976089737,28.8116982710541,39
8478,303000,9680000,0.638223799693205,31.4852900167317,41
8479,304000,9680000,0.684348576807761,29.9601226993865,41
8480,305000,9680000,0.692799913709537,30.43614054657,40
8481,306000,9680000,0.551971801647446,28.2562744004462,36
8482,307000,9680000,0.65795593594782,28.5919548243168,39
8483,308000,9680000,0.531857954005847,27.5354155047407,36
8484,309000,9680000,0.60156325667451,24.6025515895148,40
8485,310000,9680000,0.841753206767009,20.9378834355828,36
8486,311000,9680000,0.615197523659804,22.292665923034,35
8487,312000,9680000,1.01109576382633,15.7653374233129,36
8488,313000,9680000,0.89143701694133,15.4428332403793,31
8489,314000,9680000,0.914230095004632,12.9279141104294,30
8490,315000,9680000,0.661171170644011,8.3388176240937,24
8491,316000,9680000,0.707392962293021,10.6927635248187,29
8492,317000,9680000,0.758714959686619,13.9602621305075,29
8493,318000,9680000,0.637116972639799,12.6143335192415,23
8494,319000,9680000,0.698183184387826,14.6314835471277,32
8495,320000,9680000,1.0984215050948,11.9951199107641,31
8496,321000,9680000,1.20290712504415,6.643614054657,21
8497,322000,9680000,1.06112673396788,4.48466257668712,20
8498,323000,9680000,0.9291887659068,2.51303680981595,16
8499,324000,9680000,0.932095023296249,2.41180981595092,11
8500,325000,9680000,0.856563979804462,1.82327105409927,15
8501,326000,9680000,0.816824802323014,1.72601784718349,17
8502,327000,9680000,0.801571907035473,1.56107083100948,14
8503,328000,9680000,0.978366028652925,2.29134132738427,11
8504,329000,9680000,0.967050335466651,2.34453430005577,15
8505,330000,9680000,0.90594061242703,2.0303262688232,13
8506,331000,9680000,0.715063429223471,1.28088399330731,12
8507,332000,9680000,0.758078652357969,1.53611266034579,9
8508,333000,9680000,0.887178214929314,1.87353597322922,13
8509,334000,9680000,1.05970813493437,2.99909369771333,12
8510,335000,9680000,0.930974395325566,2.01728945900725,12
8511,336000,9680000,0.38385020033027,0.450013943112103,8
8512,337000,9680000,0.639758029656449,1.03443948689347,11
8513,338000,9680000,0.784644454666545,1.60750139431121,11
8514,339000,9680000,0.776319565595167,1.45224484104852,9
8515,340000,9680000,0.694237438666079,1.17407975460123,11
8516,341000,9680000,0.502033513292729,0.687325711098717,9
8517,342000,9680000,0.833705766641349,1.83700501952036,9
8518,343000,9680000,0.932265764862073,2.16243725599554,12
8519,344000,9680000,1.07222278410362,2.96974344673731,18
8520,345000,9680000,0.726616221803677,2.27049637479085,11
8521,346000,9680000,0.853998969442934,2.72762130507529,10
8522,347000,9680000,0.69369221951563,2.52941996653653,9
8523,348000,9680000,0.945569858561744,3.5271193530396,16
8524,349000,9680000,0.760193234819004,1.32571109871723,16
8525,350000,9680000,0.715785573936099,1.63580591187953,23
8526,351000,9680000,0.924597695919453,2.16076408254322,23
8527,352000,9680000,0.588519974467788,0.893892916899052,9
8528,353000,9680000,0.337425462840461,0.452244841048522,7
8529,354000,9680000,0.309118686243555,0.447085889570552,7
8530,355000,9680000,0.601725529814653,0.995398773006135,9
8531,356000,9680000,0.496130734798486,0.772099832682655,10
8532,357000,9680000,0.249274733223254,0.348020078081428,5
8533,358000,9680000,0.369379154653509,0.472810931399888,4
8534,359000,9680000,0.447556652942851,0.623187395426659,4
8535,360000,9680000,0.347557687519976,0.466257668711656,4
8536,361000,9680000,0.65016902334761,1.10283045175683,8
8537,362000,9680000,0.703986979239333,1.45057166759621,8
8538,363000,9680000,0.745257416726372,1.97441438929169,11
8539,364000,9680000,0.712301924357858,1.24386503067485,15
8540,365000,9680000,0.641593261392953,1.25599553820413,15
8541,366000,9680000,0.167695153027734,0.210889570552147,10
8542,367000,9680000,0.0270830231343173,0.0328360290016732,2
8543,368000,9680000,0,0.0135248187395427,1
8544,369000,9680000,0,0.00404350250976018,1
8545,370000,9680000,0.00137728250361463,0.0169408812046849,2
8546,371000,9680000,0.00137728250361463,0.0179866146123815,2
8547,372000,9680000,0.35965704197453,0.536600669269381,14
8548,373000,9680000,1.02173022164763,2.81776352481874,15
8549,374000,9680000,1.06882720066038,3.84857780256553,15
8550,375000,9680000,0.687362688038934,1.17736757624398,11
8551,262000,9681000,0,0.106942889137738,1
8552,263000,9681000,0,0.0182654768544339,1
8553,264000,9681000,0,0,0
8554,265000,9681000,0,0.0119213608477412,1
8555,266000,9681000,0.0584095989953412,0.0771751254880089,2
8556,267000,9681000,0.458478618069804,1.03206915783603,15
8557,268000,9681000,0.635709973172423,1.60185443390965,15
8558,269000,9681000,0.00420904418254762,0.108407696597881,2
8559,270000,9681000,0.0191879864809856,0.119562186279978,2
8560,271000,9681000,0.0936986973303468,0.204684885666481,3
8561,272000,9681000,0.0224145375174216,0.0865170105967652,2
8562,273000,9681000,0,0.0230758505298383,1
8563,274000,9681000,0,0.00299776910206358,1
8564,275000,9681000,0,0.00383435582822086,1
8565,276000,9681000,0,0,0
8566,277000,9681000,0,0,0
8567,278000,9681000,0,0.000278862242052426,1
8568,279000,9681000,0,0.00313720022308979,1
8569,280000,9681000,0,0,0
8570,281000,9681000,0,0,0
8571,282000,9681000,0.00916995081778395,0.00488008923591746,2
8572,283000,9681000,0,0.00237032905744562,1
8573,284000,9681000,0.0158488228290157,0.00815672058003346,4
8574,285000,9681000,0.0221574611386123,0.0121305075292805,6
8575,286000,9681000,0.0171157367421217,0.0323480200780814,2
8576,287000,9681000,0.21668863950858,0.272239263803681,7
8577,288000,9681000,0.455718606815772,0.620607919687674,9
8578,289000,9681000,1.05311592591749,2.98354712771891,11
8579,290000,9681000,1.052818480895,4.45356943669827,13
8580,291000,9681000,0.919907860141522,5.41055493586168,13
8581,292000,9681000,1.08594759839034,4.95824037925265,20
8582,293000,9681000,1.28543857688317,7.40072504182934,27
8583,294000,9681000,1.20147640655481,12.3214584495259,28
8584,295000,9681000,1.34156135196729,7.67505577244841,26
8585,296000,9681000,0.757326973808971,20.3889431121026,32
8586,297000,9681000,0.259001380348383,26.0578639152259,33
8587,298000,9681000,0.542084508070579,22.9381622978249,34
8588,299000,9681000,0.137736505241429,23.6457055214724,32
8589,3e+05,9681000,0.305931706985053,25.1120329057446,37
8590,301000,9681000,0.275976533115481,23.8894311210262,35
8591,302000,9681000,0.594825987188185,27.3287785833798,38
8592,303000,9681000,0.522552077870006,26.5844952593419,38
8593,304000,9681000,0.361010724258596,26.1317624093698,38
8594,305000,9681000,0.360728889527949,24.603527607362,38
8595,306000,9681000,0.231306428681566,21.853806469604,33
8596,307000,9681000,0.189907268685236,22.4907975460123,33
8597,308000,9681000,0.0957470790815734,21.5439905186838,33
8598,309000,9681000,0.85401088898242,16.0913970998327,33
8599,310000,9681000,0.845965273535384,7.18307306190742,26
8600,311000,9681000,0.788890037777399,9.12137479085332,25
8601,312000,9681000,0.630748266505627,7.25062744004462,20
8602,313000,9681000,0.750927726912711,6.35617679866146,20
8603,314000,9681000,0.729088859960855,7.04768544339097,23
8604,315000,9681000,0.765343502068043,5.8622420524261,13
8605,316000,9681000,1.0237118400728,9.28715839375349,28
8606,317000,9681000,1.1166474362834,10.7678471834914,29
8607,318000,9681000,1.14351289097317,7.41390128276631,22
8608,319000,9681000,1.21693203969164,5.86077802565533,22
8609,320000,9681000,1.06155182065964,4.18558282208589,21
8610,321000,9681000,0.918074992591562,2.73020078081428,15
8611,322000,9681000,1.00697251823747,3.50383435582822,17
8612,323000,9681000,0.96817958819352,3.18481595092025,16
8613,324000,9681000,0.914498515497163,3.00292805354155,13
8614,325000,9681000,0.8989493741602,2.14061628555494,11
8615,326000,9681000,1.06471166972705,3.17812325711099,17
8616,327000,9681000,0.983712966763059,2.6074316787507,13
8617,328000,9681000,0.917297643196522,2.70356943669827,9
8618,329000,9681000,0.934622264569681,2.01784718349136,10
8619,330000,9681000,0.733234661155756,1.3100948131623,14
8620,331000,9681000,0.901941013843066,1.96235359732292,14
8621,332000,9681000,0.931718747095738,2.16020635805912,12
8622,333000,9681000,0.888515432728196,1.86949247071946,14
8623,334000,9681000,0.681653768694721,1.24846625766871,14
8624,335000,9681000,0.777029345932444,1.39493865030675,12
8625,336000,9681000,0.455909340327702,0.586377579475739,12
8626,337000,9681000,0.6832718226707,1.10262130507529,10
8627,338000,9681000,0.681319239067314,1.29210819854992,11
8628,339000,9681000,0.582056219353888,0.957334076965979,6
8629,340000,9681000,0.399479278541642,0.616564417177914,13
8630,341000,9681000,0.207321814460223,0.229852203011712,6
8631,342000,9681000,0.569630913242702,0.904141104294479,8
8632,343000,9681000,0.654091325698383,1.20322085889571,10
8633,344000,9681000,0.736681315488732,1.5244701617401,12
8634,345000,9681000,0.754775653428934,1.52063580591188,10
8635,346000,9681000,0.849473396862682,1.75076687116564,10
8636,347000,9681000,0.761683097163931,1.55019520356944,10
8637,348000,9681000,0.838329806009947,1.94617958728388,13
8638,349000,9681000,0.601207694446885,0.995329057445622,12
8639,350000,9681000,0.76919153001253,2.00871444506414,22
8640,351000,9681000,0.930330279187023,2.27307585052984,23
8641,352000,9681000,0.583096667886361,0.995398773006135,6
8642,353000,9681000,0.357356464678418,0.494492470719465,7
8643,354000,9681000,0.177814229090976,0.28792526491913,10
8644,355000,9681000,0.0830055926951405,0.127579475738985,6
8645,356000,9681000,0.0649625304859956,0.0897936419408812,5
8646,357000,9681000,0.0953462260601081,0.165783602900167,4
8647,358000,9681000,0.209755003722793,0.22239263803681,6
8648,359000,9681000,0.310377236688951,0.420942554378137,5
8649,360000,9681000,0.276974471289578,0.40058561070831,5
8650,361000,9681000,0.430078683934001,0.636781929726715,6
8651,362000,9681000,0.478100401236409,0.755089235917457,5
8652,363000,9681000,0.420574825662697,0.571388733965421,5
8653,364000,9681000,0.324255009137383,0.412367540435025,4
8654,365000,9681000,0.0983428368348319,0.103109313998885,3
8655,366000,9681000,0.0123684263210852,0.0117122141662019,3
8656,367000,9681000,0,0.00404350250976018,1
8657,368000,9681000,0,0.0096207473508087,1
8658,369000,9681000,0.137320889943487,0.10952314556609,5
8659,370000,9681000,0.17956569453447,0.146332961517011,5
8660,371000,9681000,0,0.00285833798103737,1
8661,372000,9681000,0.255916873239233,0.383435582822086,14
8662,373000,9681000,0.972125682864716,2.8574316787507,15
8663,374000,9681000,0.794726326135708,1.71088957055215,15
8664,375000,9681000,0.1417016492093,0.16653290529695,9
8665,262000,9682000,0.136528233589737,0.30963045912654,4
8666,263000,9682000,0.187235414578868,0.224902398215282,4
8667,264000,9682000,0,0,0
8668,265000,9682000,0,0,0
8669,266000,9682000,0.0267009145335637,0.0265616285554936,2
8670,267000,9682000,0.387784041624797,0.682306190741774,12
8671,268000,9682000,0.177598689519818,0.265337423312883,11
8672,269000,9682000,0.234640389731383,0.26840490797546,4
8673,270000,9682000,0.0991548586733073,0.165644171779141,4
8674,271000,9682000,0.0212164279637441,0.0715281650864473,2
8675,272000,9682000,0.0136925771576734,0.0557724484104852,2
8676,273000,9682000,0.00676444112278765,0.0216815393195761,2
8677,274000,9682000,0,6.97155605131065e-05,1
8678,275000,9682000,0,0,0
8679,276000,9682000,0,0.00843558282208589,1
8680,277000,9682000,0,0.00892359174567764,1
8681,278000,9682000,0,0.000976017847183491,1
8682,279000,9682000,0,0.000557724484104852,1
8683,280000,9682000,0,0,0
8684,281000,9682000,0.00137728250361463,0.0139431121026213,2
8685,282000,9682000,0,0.00020914668153932,1
8686,283000,9682000,0,0,0
8687,284000,9682000,0.00525389974000501,0.00244004461795873,3
8688,285000,9682000,0,0,0
8689,286000,9682000,0,0,0
8690,287000,9682000,0.0553040811965201,0.0400167317345231,6
8691,288000,9682000,0.089817387960651,0.0985778025655326,5
8692,289000,9682000,0.302198601777228,0.349205242610151,9
8693,290000,9682000,0.954892939875127,2.13197155605131,14
8694,291000,9682000,0.995898264860962,5.13573619631902,15
8695,292000,9682000,0.886050739363107,6.08121862799777,16
8696,293000,9682000,0.707505818010031,6.79928890128277,15
8697,294000,9682000,0.950043303509247,5.61774958170664,16
8698,295000,9682000,1.22982010836845,4.7601087562744,20
8699,296000,9682000,1.14485270313432,9.26338538761852,29
8700,297000,9682000,0.952490914749268,16.5499860568879,30
8701,298000,9682000,1.38539457713244,8.69262409369771,28
8702,299000,9682000,1.2128325072001,12.465630228667,30
8703,3e+05,9682000,0.387589603291988,21.8868516452872,34
8704,301000,9682000,0.0507562889337903,22.3012409369771,35
8705,302000,9682000,0.170723999381232,23.9593558282209,36
8706,303000,9682000,0.105793259757865,23.3741634132738,31
8707,304000,9682000,0.050060720745348,24.1367122141662,34
8708,305000,9682000,0.0557400829939453,21.4999302844395,33
8709,306000,9682000,0.344932406340935,19.085331846068,30
8710,307000,9682000,0.696133357083298,15.5601645287228,30
8711,308000,9682000,0.764155151725585,13.7421918572225,28
8712,309000,9682000,0.843963905198799,12.7039180145008,32
8713,310000,9682000,0.377854022826004,6.92679866146124,12
8714,311000,9682000,0.305921526538175,8.31462632459565,20
8715,312000,9682000,0.778219286450775,7.33170663692136,19
8716,313000,9682000,0.985587400107127,5.87827663134412,17
8717,314000,9682000,1.02291917319928,5.40818460680424,17
8718,315000,9682000,1.07703254580452,3.61419408812047,17
8719,316000,9682000,1.14260243652366,4.5968349135527,19
8720,317000,9682000,1.09729629493761,3.93690741773564,17
8721,318000,9682000,0.928196435999353,2.45837981037368,20
8722,319000,9682000,0.958068756210895,2.81462632459565,17
8723,320000,9682000,0.748660004929817,3.23117679866146,12
8724,321000,9682000,0.909915411949812,2.30082264361405,13
8725,322000,9682000,0.873255074025785,2.30646960401562,13
8726,323000,9682000,0.839531349414217,3.45970440602342,17
8727,324000,9682000,0.989033315518385,2.888315672058,11
8728,325000,9682000,1.06805285913548,3.20356943669827,13
8729,326000,9682000,0.915380987559991,1.93851087562744,12
8730,327000,9682000,0.757378721134152,1.26575571667596,13
8731,328000,9682000,0.942247665586558,2.13050752928054,13
8732,329000,9682000,0.916749509135139,1.92902955939766,10
8733,330000,9682000,0.790775006710505,1.43446737311768,11
8734,331000,9682000,0.703704368063108,1.28813441160067,14
8735,332000,9682000,0.296453627597353,0.326199107640825,7
8736,333000,9682000,0.603616050490026,0.935722253206916,10
8737,334000,9682000,0.645105808568844,1.07529280535416,11
8738,335000,9682000,0.28521052683996,0.382110987172337,11
8739,336000,9682000,0.487036670616255,0.718697713329615,9
8740,337000,9682000,0.774194688054632,1.43049358616843,13
8741,338000,9682000,0.515413365890354,0.827663134411601,11
8742,339000,9682000,0.317760936276242,0.391592303402119,5
8743,340000,9682000,0.47954904321878,0.709983268265477,11
8744,341000,9682000,0.350499198325503,0.522866703848299,8
8745,342000,9682000,0.519563989723575,0.802426101505856,11
8746,343000,9682000,0.852021177115706,1.69269380925823,11
8747,344000,9682000,0.854567284552118,1.98027049637479,12
8748,345000,9682000,0.931099379399079,2.19541271611824,11
8749,346000,9682000,0.78020982541967,1.50299776910206,11
8750,347000,9682000,0.728222056694545,1.60659509202454,7
8751,348000,9682000,0.791883664791034,3.19666759620747,9
8752,349000,9682000,0.990088788194887,2.64514779698829,12
8753,350000,9682000,1.19151192693253,3.86921360847741,24
8754,351000,9682000,1.11604653935711,3.10206358059119,22
8755,352000,9682000,0.470555206158707,0.706636921360848,4
8756,353000,9682000,0.691031709453348,1.39967930842164,7
8757,354000,9682000,0.414770642449267,0.56441717791411,6
8758,355000,9682000,0.149618234938529,0.137757947573899,4
8759,356000,9682000,0.150360611828613,0.177914110429448,6
8760,357000,9682000,0.327089402178677,0.45175683212493,6
8761,358000,9682000,0.0612416631530133,0.0709704406023424,3
8762,359000,9682000,0.0480164993983622,0.0391801450083659,5
8763,360000,9682000,0.229713287852499,0.229503625209147,5
8764,361000,9682000,0.130028561259688,0.146611823759063,3
8765,362000,9682000,0.0412212994658258,0.202314556609035,2
8766,363000,9682000,0.00576418939170091,0.0116424986056888,2
8767,364000,9682000,0.0166955084504348,0.0327663134411601,2
8768,365000,9682000,0.0128125683895561,0.0101784718349136,2
8769,366000,9682000,0.0326842930831004,0.0402258784160625,2
8770,367000,9682000,0,0.0180563301728946,1
8771,368000,9682000,0,0,0
8772,369000,9682000,0.0584095989953412,0.0362520914668154,4
8773,370000,9682000,0.0584095989953412,0.0481734523145566,4
8774,371000,9682000,0.0480164993983622,0.0277467930842164,3
8775,372000,9682000,0.0315823549003336,0.0626045733407697,4
8776,373000,9682000,0.767846772494833,1.45733407696598,12
8777,374000,9682000,0.361754781569435,0.468767428890128,11
8778,375000,9682000,0.16594985346149,0.189807383627608,8
8779,262000,9683000,1.00315517917506,3.89249720044793,18
8780,263000,9683000,0.432520048214318,0.934397657557167,18
8781,264000,9683000,0.789357076748654,1.37493028443949,10
8782,265000,9683000,0.242149803804872,0.252091466815393,9
8783,266000,9683000,0.0312131133646106,0.0230061349693252,2
8784,267000,9683000,0.470231642803353,0.787088678192973,11
8785,268000,9683000,0.456355924454397,0.737939208031233,10
8786,269000,9683000,0.549260222295134,0.867610150585611,4
8787,270000,9683000,0.180639762338409,0.194227551589515,4
8788,271000,9683000,0.0964394333942775,0.168851087562744,3
8789,272000,9683000,0.0114712841999987,0.0536112660345789,2
8790,273000,9683000,0.00676444112278765,0.0375766871165644,2
8791,274000,9683000,0,0.0140128276631344,1
8792,275000,9683000,0,0.0142916899051868,1
8793,276000,9683000,0,0.0199386503067485,1
8794,277000,9683000,0,0.00020914668153932,1
8795,278000,9683000,0,0,0
8796,279000,9683000,0,0,0
8797,280000,9683000,0.00473584303374559,0.0103876185164529,2
8798,281000,9683000,0,0.0106664807585053,1
8799,282000,9683000,0,0.000139431121026213,1
8800,283000,9683000,0,0,0
8801,284000,9683000,0,0,0
8802,285000,9683000,0,0,0
8803,286000,9683000,0,0,0
8804,287000,9683000,0,0,0
8805,288000,9683000,0.0370110283343993,0.0226575571667596,5
8806,289000,9683000,0.115247979720828,0.0924428332403792,8
8807,290000,9683000,0.467565608659462,0.741006692693809,14
8808,291000,9683000,1.05266943025748,2.96751254880089,16
8809,292000,9683000,1.07935733370885,4.82327105409928,16
8810,293000,9683000,0.887692341413132,5.56797267150028,14
8811,294000,9683000,0.945051218060163,6.14528722810931,21
8812,295000,9683000,1.08501104609038,4.29482710540993,12
8813,296000,9683000,1.11330455901122,4.17143056330173,20
8814,297000,9683000,1.31891883067573,6.89221974344674,26
8815,298000,9683000,0.918258932173643,7.4500139431121,21
8816,299000,9683000,1.20490331285677,6.29482710540993,28
8817,3e+05,9683000,1.01748111262412,13.8933351924149,29
8818,301000,9683000,0.680319193593551,16.3633575013943,29
8819,302000,9683000,0.702523989551046,16.4843139988846,31
8820,303000,9683000,0.707464936395705,15.122420524261,31
8821,304000,9683000,0.589609462932782,17.6497490239822,30
8822,305000,9683000,0.536592985534227,17.1385945343001,26
8823,306000,9683000,0.768708831994101,15.417805354155,25
8824,307000,9683000,0.66624364027565,11.3945203569437,24
8825,308000,9683000,0.17994963572872,7.48905465699944,14
8826,309000,9683000,0.200864761149552,7.45740379252649,15
8827,310000,9683000,0.203818576599533,7.56385945343001,12
8828,311000,9683000,0.616488957062765,6.76122420524261,17
8829,312000,9683000,1.13788306348522,4.40741773563859,19
8830,313000,9683000,1.10588598113076,4.44478527607362,17
8831,314000,9683000,1.08713791489649,4.02426101505856,17
8832,315000,9683000,1.00669453777481,2.6201896263246,15
8833,316000,9683000,1.07507496581838,3.11133575013943,21
8834,317000,9683000,0.98496035500198,2.44032348020078,21
8835,318000,9683000,0.668465095995874,1.10694366982711,12
8836,319000,9683000,0.978579137836014,2.69889849414389,13
8837,320000,9683000,0.884617986420744,2.46695482431679,12
8838,321000,9683000,0.901127320444531,2.15874233128834,13
8839,322000,9683000,0.916941704138614,2.44604015616286,14
8840,323000,9683000,1.11265584755059,4.01854433909649,20
8841,324000,9683000,1.06162941475527,4.04594255437814,13
8842,325000,9683000,1.00794967951745,2.5255158951478,13
8843,326000,9683000,0.754667959859973,1.32898773006135,11
8844,327000,9683000,0.436232254049998,0.633435582822086,12
8845,328000,9683000,1.00554237956844,2.65177077523703,13
8846,329000,9683000,0.748087966003156,1.28409090909091,11
8847,330000,9683000,0.666629905274559,1.14033742331288,12
8848,331000,9683000,0.653690144797164,1.05563301728946,13
8849,332000,9683000,0.468807636948127,0.688998884551032,12
8850,333000,9683000,0.490061867900465,0.776561628555494,11
8851,334000,9683000,0.43004799692691,0.712214166201896,12
8852,335000,9683000,0.190343433126187,0.280047406581149,8
8853,336000,9683000,0.628274320014479,1.38162297824875,23
8854,337000,9683000,1.0634866185908,3.41362242052426,18
8855,338000,9683000,0.686365272157,1.19143892916899,11
8856,339000,9683000,0.585131165914492,0.942205800334635,20
8857,340000,9683000,1.12071698426708,3.61844673731177,27
8858,341000,9683000,0.810981449082376,1.5962771890686,16
8859,342000,9683000,0.791306732154209,1.91829336307864,10
8860,343000,9683000,0.835990260133631,2.00843558282209,9
8861,344000,9683000,0.75413303712637,1.52823480200781,11
8862,345000,9683000,0.750518332031648,1.35882598996096,10
8863,346000,9683000,0.524614800182465,0.890407138873397,11
8864,347000,9683000,0.776088646516019,1.56497490239822,10
8865,348000,9683000,0.793375879447181,3.81936698271054,8
8866,349000,9683000,0.83921337138352,2.93732571109872,8
8867,350000,9683000,0.952293634041483,2.28081427774679,22
8868,351000,9683000,1.05797420560602,2.85401561628556,22
8869,352000,9683000,0.665627341445891,1.17679866146124,6
8870,353000,9683000,0.735399194372338,1.59739263803681,7
8871,354000,9683000,0.716214988211394,1.55723647518126,6
8872,355000,9683000,0.736499681254747,1.48647518126046,8
8873,356000,9683000,0.317418641971661,0.43648912437256,8
8874,357000,9683000,0.148034281669752,0.252579475738985,10
8875,358000,9683000,0.00367224694793965,0.0322085889570552,2
8876,359000,9683000,0.0204099707296376,0.0483825989960959,2
8877,360000,9683000,0.01192137372809,0.0143614054656999,2
8878,361000,9683000,0.102648467150006,0.112172336865588,4
8879,362000,9683000,0.0698323925301179,0.102621305075293,4
8880,363000,9683000,0.00198111478234492,0.00906302286670385,2
8881,364000,9683000,0,0,0
8882,365000,9683000,0,0,0
8883,366000,9683000,0.000736966826317306,0.0116424986056888,2
8884,367000,9683000,0,0.0180563301728946,1
8885,368000,9683000,0,0.0142219743446737,1
8886,369000,9683000,0,0.00264919129949805,1
8887,370000,9683000,0,0.00202175125488009,1
8888,371000,9683000,0.125578389363051,0.0966257668711656,5
8889,372000,9683000,0.0815391913050443,0.113915225878416,7
8890,373000,9683000,0.861399183383561,2.39089514779699,10
8891,374000,9683000,0.569206598992897,0.869143892916899,14
8892,375000,9683000,0.50617234645146,0.752407704654896,8
8893,262000,9684000,0.234361874325735,0.315229563269877,8
8894,263000,9684000,0.313122902823812,0.362172336865588,7
8895,264000,9684000,0.84582577206261,1.59404629113218,10
8896,265000,9684000,0.823646110118484,1.54670942554378,11
8897,266000,9684000,0.0995402105521085,0.0862381483547128,6
8898,267000,9684000,0.0795806590224331,0.120538204127161,4
8899,268000,9684000,0.239325329788975,0.340281650864473,3
8900,269000,9684000,0.0917646345281327,0.157138873396542,2
8901,270000,9684000,0.0486823116945785,0.104224762967094,3
8902,271000,9684000,0.192893499115651,0.389012827663134,3
8903,272000,9684000,0.14798682627161,0.365170105967652,3
8904,273000,9684000,0.0158488228290157,0.0984383714445064,2
8905,274000,9684000,0,0.0498466257668712,1
8906,275000,9684000,0.00525389974000501,0.0504740658114891,2
8907,276000,9684000,0,0.00474065811489124,1
8908,277000,9684000,0,0,0
8909,278000,9684000,0,0,0
8910,279000,9684000,0,0.00264919129949805,1
8911,280000,9684000,0,0.0010457334076966,1
8912,281000,9684000,0,0.00174288901282766,1
8913,282000,9684000,0,0.000139431121026213,1
8914,283000,9684000,0,0,0
8915,284000,9684000,0,0,0
8916,285000,9684000,0,0,0
8917,286000,9684000,0,0,0
8918,287000,9684000,0,0,0
8919,288000,9684000,0,0,0
8920,289000,9684000,0.0656407291197957,0.0539598438371445,7
8921,290000,9684000,0.416138690447923,0.551519799219186,10
8922,291000,9684000,0.697756513943961,1.17596207473508,10
8923,292000,9684000,0.840258623096411,1.75313720022309,14
8924,293000,9684000,0.909675596592704,2.21569994422755,14
8925,294000,9684000,1.05874102694822,3.23305911879532,15
8926,295000,9684000,1.04720405245963,4.51819576129392,12
8927,296000,9684000,0.996208122297725,5.00285833798104,13
8928,297000,9684000,1.01674987678079,5.63378416062465,18
8929,298000,9684000,0.97483091477067,5.94116006692694,17
8930,299000,9684000,1.07996125651293,5.13176240936977,18
8931,3e+05,9684000,0.964406874237375,7.04531511433352,18
8932,301000,9684000,0.930903320258772,6.13552704963748,17
8933,302000,9684000,1.06396738968408,5.57626882320134,21
8934,303000,9684000,1.0808226574908,4.25989960959286,17
8935,304000,9684000,1.14960348583263,5.22295036252091,23
8936,305000,9684000,1.2042275139746,6.34446458449526,22
8937,306000,9684000,1.1006676709209,7.16522587841606,21
8938,307000,9684000,0.571666870578525,7.53945900725042,19
8939,308000,9684000,0.771049628669771,6.00578639152259,13
8940,309000,9684000,0.390119754410586,7.3260596765198,11
8941,310000,9684000,0.531665935871519,6.92156999442276,14
8942,311000,9684000,0.842893435105534,5.51045733407697,11
8943,312000,9684000,1.07902749140839,3.27119353039598,13
8944,313000,9684000,0.93985774497734,2.26854433909649,16
8945,314000,9684000,1.09015465859846,3.67589235917457,17
8946,315000,9684000,0.875638527867671,1.8867122141662,13
8947,316000,9684000,1.03154885297607,2.65985778025655,21
8948,317000,9684000,0.876632124561606,1.92749581706637,21
8949,318000,9684000,0.8422242203958,1.73710262130508,12
8950,319000,9684000,0.893005539241388,1.9654210819855,13
8951,320000,9684000,0.947221072245409,2.64061628555494,14
8952,321000,9684000,0.934231375326064,2.12911321807027,12
8953,322000,9684000,0.884125531268389,1.86468209704406,14
8954,323000,9684000,1.0595817773026,3.05842163970998,15
8955,324000,9684000,1.02251987407728,2.62744004461796,11
8956,325000,9684000,0.739173553655778,1.29015616285555,11
8957,326000,9684000,0.668103807567377,1.0957194645845,11
8958,327000,9684000,0.620704357874919,0.966745677635248,11
8959,328000,9684000,0.742903644512751,1.40734802007808,11
8960,329000,9684000,0.566415806381518,0.815114333519241,9
8961,330000,9684000,0.64310649290297,1.17840211935304,12
8962,331000,9684000,0.651973944722023,1.08895705521472,11
8963,332000,9684000,0.560499668723597,1.0149191299498,11
8964,333000,9684000,0.274737528715882,0.383435582822086,9
8965,334000,9684000,0.914266078291284,2.44750418293363,12
8966,335000,9684000,0.665485811561345,1.37876464026771,12
8967,336000,9684000,0.861097760805214,2.05751533742331,18
8968,337000,9684000,1.03046141322633,6.03464863357501,20
8969,338000,9684000,0.946943451071274,2.17414947016174,12
8970,339000,9684000,0.342815925204194,0.533812046848857,8
8971,340000,9684000,0.313560293839478,0.457403792526492,15
8972,341000,9684000,0.706225598718246,1.19631901840491,16
8973,342000,9684000,0.749969318046646,1.59069994422755,10
8974,343000,9684000,0.791682913776605,1.60450362520915,10
8975,344000,9684000,0.703384967074665,1.30368098159509,11
8976,345000,9684000,0.463096898877078,0.659090909090909,10
8977,346000,9684000,0.222710367068145,0.349623535973229,10
8978,347000,9684000,0.337889197100952,0.419339096486336,7
8979,348000,9684000,0.764626431320122,1.90748745119911,9
8980,349000,9684000,0.745105137982661,1.76247908533185,6
8981,350000,9684000,0.643510151270591,1.15414110429448,19
8982,351000,9684000,0.996679562188337,2.64514779698829,19
8983,352000,9684000,0.743812911876395,1.55193809258226,6
8984,353000,9684000,0.739893407581486,1.60408533184607,7
8985,354000,9684000,0.744304615297282,1.99205242610151,6
8986,355000,9684000,0.737909864135534,1.95022308979364,8
8987,356000,9684000,0.858737144907641,1.73529001673173,8
8988,357000,9684000,0.383738197976128,0.503973786949247,7
8989,358000,9684000,0.147519377591074,0.164598438371444,5
8990,359000,9684000,0.0698323925301179,0.0949525934188511,3
8991,360000,9684000,0.0355825329096794,0.0446179587283882,3
8992,361000,9684000,0.0243826062511853,0.0239821528165086,3
8993,362000,9684000,0.231937334892938,0.249511991076408,7
8994,363000,9684000,0.0183646579314608,0.0478945900725042,2
8995,364000,9684000,0,0.000139431121026213,1
8996,365000,9684000,0,0.000836586726157278,1
8997,366000,9684000,0,0,0
8998,367000,9684000,0,0.00020914668153932,1
8999,368000,9684000,0.00576418939170091,0.0116424986056888,2
9000,369000,9684000,0,0.0184049079754601,1
9001,370000,9684000,0,0.0110847741215839,1
9002,371000,9684000,0.123080698955862,0.119422755158951,5
9003,372000,9684000,0.324632781474609,0.450711098717234,12
9004,373000,9684000,0.823192401492245,1.97092861126603,12
9005,374000,9684000,0.288115758170664,0.302704963747909,5
9006,375000,9684000,0.110522800282047,0.0826645264847512,4
9007,262000,9685000,0.0208835071831342,0.0131578947368421,4
9008,263000,9685000,0.11749197778745,0.0980200780814278,6
9009,264000,9685000,0.378631255444149,0.442693809258226,8
9010,265000,9685000,0.902403936299713,1.90232849972114,12
9011,266000,9685000,0.856425554534429,1.94715560513107,14
9012,267000,9685000,0.0836196449006925,0.0950920245398773,13
9013,268000,9685000,0.0259331172869151,0.0168014500836587,5
9014,269000,9685000,0.01192137372809,0.0168711656441718,2
9015,270000,9685000,0.353621308924873,0.494353039598438,3
9016,271000,9685000,0.287782263122316,0.558142777467931,4
9017,272000,9685000,0.171306143894885,0.367958728388176,3
9018,273000,9685000,0.193309502333872,0.29510596765198,3
9019,274000,9685000,0.0359408993416747,0.197783045175683,2
9020,275000,9685000,0.0179502576277479,0.0783602900167317,2
9021,276000,9685000,0,0.0108059118795315,1
9022,277000,9685000,0,0.00327663134411601,1
9023,278000,9685000,0,0.00160345789180145,1
9024,279000,9685000,0,0,0
9025,280000,9685000,0,0,0
9026,281000,9685000,0,0.00146402677077524,1
9027,282000,9685000,0,0.00244004461795873,1
9028,283000,9685000,0,0.00167317345231456,1
9029,284000,9685000,0,0,0
9030,285000,9685000,0,0,0
9031,286000,9685000,0,0,0
9032,287000,9685000,0,0,0
9033,288000,9685000,0,0,0
9034,289000,9685000,0.123653178918082,0.107361963190184,10
9035,290000,9685000,0.0433465930377807,0.0414110429447853,12
9036,291000,9685000,0.341008020470326,0.446458449525934,12
9037,292000,9685000,0.646945047689288,1.09634690462911,10
9038,293000,9685000,0.772827321729407,1.43328220858896,12
9039,294000,9685000,0.713765454924711,1.21214445064138,11
9040,295000,9685000,0.811142441676888,1.56016452872281,12
9041,296000,9685000,0.925172187335707,2.05765476854434,11
9042,297000,9685000,0.853037367862689,1.773912437256,12
9043,298000,9685000,0.838465137034966,1.66850250976018,14
9044,299000,9685000,1.05357615701233,3.07201617401004,15
9045,3e+05,9685000,1.10495098336259,4.76220022308979,17
9046,301000,9685000,1.08242771258081,3.41494701617401,17
9047,302000,9685000,1.02465180839519,3.14800613496933,17
9048,303000,9685000,0.891615034808141,2.15679029559398,15
9049,304000,9685000,1.01509070293067,2.63434188510876,13
9050,305000,9685000,0.895131307109282,1.861684327942,13
9051,306000,9685000,1.13706067682289,3.98598717233687,19
9052,307000,9685000,1.09799977851051,3.72573898494144,12
9053,308000,9685000,0.868219491550289,1.78750697155605,11
9054,309000,9685000,1.09380076658714,4.04691857222532,11
9055,310000,9685000,0.872686911155893,5.27879252649191,11
9056,311000,9685000,0.950525644728085,4.65414110429448,13
9057,312000,9685000,1.01096165936756,2.58763245956498,13
9058,313000,9685000,1.01709413134256,2.67735638594534,14
9059,314000,9685000,0.990672242788393,2.51268823201339,15
9060,315000,9685000,0.880708944356495,1.88873396542108,15
9061,316000,9685000,0.80647805993971,1.69025376464027,14
9062,317000,9685000,0.857982391380747,1.6872559955382,14
9063,318000,9685000,0.994329869074016,2.63894311210262,14
9064,319000,9685000,1.01929402268091,2.60715281650864,18
9065,320000,9685000,0.813340552735413,1.55556330172895,18
9066,321000,9685000,0.598667449707035,0.930702732849972,10
9067,322000,9685000,0.579273742436738,0.871165644171779,10
9068,323000,9685000,0.730078966348917,1.35032069157836,15
9069,324000,9685000,0.71818030015912,1.19652816508645,12
9070,325000,9685000,0.335902373333704,0.369353039598438,7
9071,326000,9685000,0.157113865592497,0.141662018962632,7
9072,327000,9685000,0.0897052871445368,0.0603736754043502,6
9073,328000,9685000,0.110577690668553,0.0872838817624094,6
9074,329000,9685000,0.474666233271506,0.692205800334635,12
9075,330000,9685000,0.953702320833319,2.42198828778583,12
9076,331000,9685000,0.758161398653742,1.68809258226436,11
9077,332000,9685000,0.43992750653211,0.744213608477412,11
9078,333000,9685000,0.320618893988396,0.376952035694367,9
9079,334000,9685000,0.6754525990257,1.16759620747351,11
9080,335000,9685000,0.617260708437074,1.08547127718907,13
9081,336000,9685000,0.691950404849248,1.69624930284439,25
9082,337000,9685000,1.11373962873683,5.77879252649191,25
9083,338000,9685000,1.26601901995047,4.9079754601227,29
9084,339000,9685000,0.837002430381654,1.82208588957055,29
9085,340000,9685000,0.349279894511854,0.465839375348578,17
9086,341000,9685000,0.339752333947727,0.346695482431679,7
9087,342000,9685000,0.649923431185137,1.00634411600669,8
9088,343000,9685000,0.557334650351301,0.862799776910206,10
9089,344000,9685000,0.632097723351045,1.06936698271054,10
9090,345000,9685000,0.367222830185188,0.505368098159509,9
9091,346000,9685000,0.226794357548095,0.277119353039598,8
9092,347000,9685000,0.084462687763289,0.143892916899052,5
9093,348000,9685000,0.391166637317618,0.559258226436141,5
9094,349000,9685000,0.547744346659596,0.764570552147239,8
9095,350000,9685000,0.56687219353966,0.947852760736196,20
9096,351000,9685000,1.0109379079287,2.55932794199665,20
9097,352000,9685000,0.804221348243549,1.58400725041829,19
9098,353000,9685000,0.835848439700357,2.20112939208031,8
9099,354000,9685000,0.738678894638466,1.97106804238706,7
9100,355000,9685000,0.650523635063918,1.31741494701617,4
9101,356000,9685000,0.561887950732882,1.12311767986615,6
9102,357000,9685000,0.617221039632524,1.09083937534858,6
9103,358000,9685000,0.330653488505466,0.473089793641941,5
9104,359000,9685000,0,0.00773842721695482,1
9105,360000,9685000,0,0,0
9106,361000,9685000,0,0.0011154489682097,1
9107,362000,9685000,0.00198111478234492,0.0162437255995538,2
9108,363000,9685000,0.0136925771576734,0.0261433351924149,2
9109,364000,9685000,0,0.000836586726157278,1
9110,365000,9685000,0,0.000836586726157278,1
9111,366000,9685000,0,0,0
9112,367000,9685000,0,0.00474065811489124,1
9113,368000,9685000,0.00420904418254762,0.00787785833798104,2
9114,369000,9685000,0,0,0
9115,370000,9685000,0,0,0
9116,371000,9685000,0.130028561259688,0.118516452872281,5
9117,372000,9685000,0.975162863369762,2.67052426101506,19
9118,373000,9685000,1.11272828892069,4.04001673173452,19
9119,374000,9685000,0.379709039367343,0.552495817066369,13
9120,375000,9685000,0.0748794136300999,0.093900481540931,9
9121,262000,9686000,0,0,0
9122,263000,9686000,0,0.00153374233128834,1
9123,264000,9686000,0,0.00725041829336308,1
9124,265000,9686000,0.0352233216223032,0.037297824874512,3
9125,266000,9686000,0.154482527173344,0.142080312325711,9
9126,267000,9686000,0.179659586640184,0.213259899609593,13
9127,268000,9686000,0.0072555700506393,0.0144311210262131,3
9128,269000,9686000,0.0128125683895561,0.0681121026213051,2
9129,270000,9686000,0.229331924200656,0.467791411042945,3
9130,271000,9686000,0.335764864083261,0.585471277189069,4
9131,272000,9686000,0.450935024082083,0.701617401003904,4
9132,273000,9686000,0.432309788050077,0.686001115448968,4
9133,274000,9686000,0.466825822554405,0.806748466257669,3
9134,275000,9686000,0.0297261366249095,0.0861684327941997,2
9135,276000,9686000,0.0366551374031611,0.0771054099274958,2
9136,277000,9686000,0.00367224694793965,0.0220301171221417,2
9137,278000,9686000,0,0.00620468488566648,1
9138,279000,9686000,0,0,0
9139,280000,9686000,0,0,0
9140,281000,9686000,0,0,0
9141,282000,9686000,0,0.000697155605131065,1
9142,283000,9686000,0,0.000139431121026213,1
9143,284000,9686000,0,0,0
9144,285000,9686000,0,0,0
9145,286000,9686000,0,0.00969046291132181,1
9146,287000,9686000,0.103448999722183,0.151073619631902,4
9147,288000,9686000,0.0072555700506393,0.00369492470719465,2
9148,289000,9686000,0.0446942386283571,0.0349972113775795,9
9149,290000,9686000,0.00774132607714735,0.00711098717233687,3
9150,291000,9686000,0.310932746541122,0.364054656999442,12
9151,292000,9686000,0.498017485439785,0.675474065811489,8
9152,293000,9686000,0.782467304381737,1.45043223647518,10
9153,294000,9686000,0.591479725488343,0.897518126045733,11
9154,295000,9686000,0.334804034495164,0.397518126045733,11
9155,296000,9686000,0.43643443776609,0.608895705521472,11
9156,297000,9686000,0.238940349504923,0.335331846068042,7
9157,298000,9686000,0.375675018390637,0.483407696597881,7
9158,299000,9686000,0.609729786408432,0.999721137757948,11
9159,3e+05,9686000,0.878510923220176,1.98717233686559,17
9160,301000,9686000,0.854298325909463,1.81713608477412,12
9161,302000,9686000,0.936790059557866,2.19722532069158,13
9162,303000,9686000,0.554870565852394,0.842303402119353,9
9163,304000,9686000,0.544462646219707,0.84132738427217,11
9164,305000,9686000,0.232551576578087,0.267359174567764,8
9165,306000,9686000,0.576241215907817,1.30103179029559,17
9166,307000,9686000,0.666938431026604,1.48152537646403,17
9167,308000,9686000,0.358397263002664,0.453220858895706,13
9168,309000,9686000,0.595787294400366,0.920942554378137,13
9169,310000,9686000,0.68072118974035,1.07327105409927,10
9170,311000,9686000,0.810005226155259,1.54357222532069,13
9171,312000,9686000,0.889493285733601,2.03973786949247,13
9172,313000,9686000,0.800482117487301,1.7526491912995,15
9173,314000,9686000,0.703272962405834,1.3462771890686,16
9174,315000,9686000,1.00599792415422,2.71451477969883,15
9175,316000,9686000,0.909553517144469,1.9845928611266,13
9176,317000,9686000,0.828888003313564,1.68126045733408,13
9177,318000,9686000,0.827540232587521,1.62123535973229,11
9178,319000,9686000,1.00812581542999,2.59139709983268,13
9179,320000,9686000,0.693652803113705,1.13998884551032,9
9180,321000,9686000,0.532426767839924,0.84021193530396,11
9181,322000,9686000,0.438849851189997,0.602760736196319,11
9182,323000,9686000,0.286737460586291,0.355131065253765,15
9183,324000,9686000,0.0332841905491851,0.0360429447852761,13
9184,325000,9686000,0,0.00139431121026213,1
9185,326000,9686000,0.084462687763289,0.0603736754043502,4
9186,327000,9686000,0,0,0
9187,328000,9686000,0,0.00118516452872281,1
9188,329000,9686000,0.14104611679575,0.127997769102064,10
9189,330000,9686000,0.41219330113483,0.534439486893475,10
9190,331000,9686000,0.64963523251049,1.47748187395427,10
9191,332000,9686000,0.368188657800885,0.629461795872839,9
9192,333000,9686000,0.621155313544174,0.921709425543781,11
9193,334000,9686000,0.514609929824708,0.694994422755159,9
9194,335000,9686000,0.616625591145089,1.2026631344116,23
9195,336000,9686000,0.772763829594838,1.77377300613497,22
9196,337000,9686000,0.86512174566011,2.07431678750697,20
9197,338000,9686000,0.807141456887908,1.70043223647518,23
9198,339000,9686000,0.644990166588128,1.15553541550474,15
9199,340000,9686000,0.214056684196851,0.216397099832683,8
9200,341000,9686000,0.129157265221302,0.1680842163971,6
9201,342000,9686000,0.339633130333204,0.422267150027886,5
9202,343000,9686000,0.452458354712313,0.641940881204685,8
9203,344000,9686000,0.337745910474767,0.514640267707752,9
9204,345000,9686000,0.13936348628832,0.173800892359175,8
9205,346000,9686000,0.159939660006773,0.169617958728388,8
9206,347000,9686000,0.0510743009336935,0.0835889570552147,8
9207,348000,9686000,0.0689268753789877,0.166899051868377,4
9208,349000,9686000,0.319005390191983,0.439068600111545,4
9209,350000,9686000,0.524993844334898,0.762827663134412,8
9210,351000,9686000,0.857158092337732,1.93579196876743,22
9211,352000,9686000,1.20379113508337,4.72315950920245,21
9212,353000,9686000,1.03992649823746,4.97664528722811,20
9213,354000,9686000,0.710134926296609,1.25355549358617,8
9214,355000,9686000,0.406459059084099,0.602969882877858,5
9215,356000,9686000,0.651210205210078,1.31302286670385,6
9216,357000,9686000,0.261133714042386,0.394241494701617,5
9217,358000,9686000,0.00576418939170091,0.0140825432236475,2
9218,359000,9686000,0,0.00223089793641941,1
9219,360000,9686000,0,0,0
9220,361000,9686000,0,0,0
9221,362000,9686000,0,0.0021611823759063,1
9222,363000,9686000,0,0,0
9223,364000,9686000,0,0,0
9224,365000,9686000,0,0,0
9225,366000,9686000,0,0,0
9226,367000,9686000,0,0,0
9227,368000,9686000,0,0,0
9228,369000,9686000,0,0,0
9229,370000,9686000,0.0224145375174216,0.018335192414947,3
9230,371000,9686000,0.148453681037071,0.116494701617401,5
9231,372000,9686000,0.749644051977282,1.44450641383157,13
9232,373000,9686000,1.05859580584953,4.73759063022867,18
9233,374000,9686000,0.964556051298941,2.2744701617401,14
9234,375000,9686000,0.409403124531756,0.661717495987159,14
9235,262000,9687000,0,0,0
9236,263000,9687000,0,0,0
9237,264000,9687000,0,0,0
9238,265000,9687000,0,0,0
9239,266000,9687000,0.00256125298663735,0.0074595649749024,2
9240,267000,9687000,0.00256125298663735,0.0242610150585611,2
9241,268000,9687000,0,0.00460122699386503,1
9242,269000,9687000,0,0.0300474065811489,1
9243,270000,9687000,0.0707345277692878,0.169757389849414,3
9244,271000,9687000,0.195702771386916,0.308630786391523,6
9245,272000,9687000,0.509935197241435,0.832264361405466,4
9246,273000,9687000,0.501964113000465,0.786600669269381,4
9247,274000,9687000,0.0523037087687861,0.225111544896821,2
9248,275000,9687000,0.0128125683895561,0.0801728945900725,2
9249,276000,9687000,0.0220166667151604,0.119422755158951,2
9250,277000,9687000,0.00367224694793965,0.138664249860569,2
9251,278000,9687000,0,0.0220998326826548,1
9252,279000,9687000,0,0.00230061349693252,1
9253,280000,9687000,0,0.00906302286670385,1
9254,281000,9687000,0,0,0
9255,282000,9687000,0,0,0
9256,283000,9687000,0,0,0
9257,284000,9687000,0,0,0
9258,285000,9687000,0,0,0
9259,286000,9687000,0,0,0
9260,287000,9687000,0.183844742586982,0.189486893474624,5
9261,288000,9687000,0.0166955084504348,0.00941160066926938,3
9262,289000,9687000,0.250174451521091,0.25090630228667,11
9263,290000,9687000,0.164264121876953,0.161600669269381,12
9264,291000,9687000,0.196789075780224,0.256483547127719,13
9265,292000,9687000,0.0110180198229499,0.00669269380925823,3
9266,293000,9687000,0.138521736143475,0.0989263803680982,4
9267,294000,9687000,0.00473584303374559,0.00390407138873397,2
9268,295000,9687000,0.0149933975956767,0.00934188510875627,3
9269,296000,9687000,0.106029847244159,0.0902119353039599,10
9270,297000,9687000,0.0889502075823198,0.0635805911879531,6
9271,298000,9687000,0.0587260996315137,0.0337423312883436,3
9272,299000,9687000,0.133376808685465,0.117958728388176,7
9273,3e+05,9687000,0.497949263731023,0.902537646402677,18
9274,301000,9687000,0.324625244055403,0.47957334076966,11
9275,302000,9687000,0.295699764799207,0.475181260457334,13
9276,303000,9687000,0.0973178465568131,0.101575571667596,9
9277,304000,9687000,0.0345023232538111,0.0311628555493586,4
9278,305000,9687000,0,0,0
9279,306000,9687000,0.0501679465282098,0.0465699944227552,11
9280,307000,9687000,0.340400577844126,0.646960401561629,15
9281,308000,9687000,0.0490465758464329,0.0479643056330173,11
9282,309000,9687000,0.222548249535436,0.257529280535416,11
9283,310000,9687000,0.0867603742893315,0.0775934188510876,7
9284,311000,9687000,0.138277969513231,0.124790853318461,9
9285,312000,9687000,0.459907864798778,0.77962911321807,14
9286,313000,9687000,0.726402229306402,1.61468209704406,21
9287,314000,9687000,0.510212116700767,0.810722253206916,18
9288,315000,9687000,0.601152063538736,1.4271472392638,18
9289,316000,9687000,0.285524820600975,0.32675683212493,9
9290,317000,9687000,0.248687572825341,0.275864472950363,9
9291,318000,9687000,0.351664527448458,0.441438929168991,6
9292,319000,9687000,0.760688877059865,1.38796709425544,12
9293,320000,9687000,0.565453209997711,0.826199107640825,12
9294,321000,9687000,0.356438726576601,0.477830451756832,11
9295,322000,9687000,0.513959805030604,0.774539877300613,11
9296,323000,9687000,0.0745608753415206,0.0694366982710541,6
9297,324000,9687000,0.0767461835300688,0.0699944227551589,9
9298,325000,9687000,0.00774132607714735,0.0074595649749024,2
9299,326000,9687000,0,0,0
9300,327000,9687000,0,0,0
9301,328000,9687000,0,0,0
9302,329000,9687000,0,0.000488008923591746,1
9303,330000,9687000,0.146496140323471,0.184327941996654,10
9304,331000,9687000,0.370949335595863,0.549010039040714,10
9305,332000,9687000,0.451156803541604,0.680911879531511,16
9306,333000,9687000,0.294449550506789,0.40170105967652,10
9307,334000,9687000,0.559350536498666,0.819297267150028,17
9308,335000,9687000,1.13133499788016,3.72322922476297,23
9309,336000,9687000,1.16322838461776,4.41473786949247,22
9310,337000,9687000,0.843995149194418,2.02948968209704,21
9311,338000,9687000,0.197176490878735,0.260178471834914,11
9312,339000,9687000,0.274019533840248,0.305911879531511,12
9313,340000,9687000,0.107946472161111,0.112172336865588,5
9314,341000,9687000,0.466708250569836,0.637060791968767,10
9315,342000,9687000,0.667902741416952,1.13399330730619,7
9316,343000,9687000,0.246900297694451,0.343418851087563,3
9317,344000,9687000,0.0136925771576734,0.0455939765755717,2
9318,345000,9687000,0,0.0032069157836029,1
9319,346000,9687000,0,0.0142219743446737,1
9320,347000,9687000,0.050665951140521,0.0953708867819297,3
9321,348000,9687000,0.137801715231249,0.27649191299498,4
9322,349000,9687000,0.420331545157834,0.590281650864473,5
9323,350000,9687000,0.59119546643726,0.996932515337423,6
9324,351000,9687000,0.754071139238079,1.60387618516453,8
9325,352000,9687000,1.07055405806602,5.08930563301729,20
9326,353000,9687000,1.16302765388001,5.3531790295594,20
9327,354000,9687000,0.330955835474972,0.513803680981595,5
9328,355000,9687000,0.732345861818221,1.46660624651422,8
9329,356000,9687000,0.463214251108339,0.770356943669827,6
9330,357000,9687000,0.416295146528809,0.724274958170664,5
9331,358000,9687000,0.202708318128941,0.180005577244841,6
9332,359000,9687000,0.00367224694793965,0.0115727830451757,2
9333,360000,9687000,0.0917646345281327,0.0747350808700502,5
9334,361000,9687000,0,0,0
9335,362000,9687000,0,0.0032069157836029,1
9336,363000,9687000,0,0,0
9337,364000,9687000,0,0,0
9338,365000,9687000,0,0.000557724484104852,1
9339,366000,9687000,0,0,0
9340,367000,9687000,0,0,0
9341,368000,9687000,0,0,0
9342,369000,9687000,0.00420904418254762,0.00334634690462911,2
9343,370000,9687000,0.0195970064873313,0.0179168990518684,2
9344,371000,9687000,0.332025275827888,0.389988845510318,7
9345,372000,9687000,0.29275314675997,0.35547964305633,12
9346,373000,9687000,0.948184391436327,3.45928611266035,13
9347,374000,9687000,1.03055472903044,3.10004182933631,13
9348,375000,9687000,0.189916236963657,0.239165329052969,10
9349,262000,9688000,0,0,0
9350,263000,9688000,0,0,0
9351,264000,9688000,0,0,0
9352,265000,9688000,0,0.000139431121026213,1
9353,266000,9688000,0,0.00125488008923592,1
9354,267000,9688000,0,0.00557724484104852,1
9355,268000,9688000,0,0.00020914668153932,1
9356,269000,9688000,0,0,0
9357,270000,9688000,0,0.00153374233128834,1
9358,271000,9688000,0.0813139543437024,0.108547127718907,4
9359,272000,9688000,0.344053724490322,0.580242610150586,4
9360,273000,9688000,0.198063394417792,0.303820412716118,3
9361,274000,9688000,0.0224145375174216,0.0729224762967094,2
9362,275000,9688000,0.12657233292262,0.183073061907418,4
9363,276000,9688000,0.213394377489843,0.315393195761294,3
9364,277000,9688000,0.184057498924845,0.312953151143335,3
9365,278000,9688000,0.0212164279637441,0.0666480758505298,3
9366,279000,9688000,0.0132539162227524,0.0355549358616843,2
9367,280000,9688000,0.00256125298663735,0.00481037367540435,2
9368,281000,9688000,0,0.00355549358616843,1
9369,282000,9688000,0,0,0
9370,283000,9688000,0,0.000418293363078639,1
9371,284000,9688000,0,0,0
9372,285000,9688000,0,0,0
9373,286000,9688000,0,0,0
9374,287000,9688000,0,0,0
9375,288000,9688000,0.0114712841999987,0.0131762409369771,2
9376,289000,9688000,0.239084262774871,0.239054656999442,6
9377,290000,9688000,0.0769519124054473,0.0568878973786949,8
9378,291000,9688000,0.259467331293387,0.283463469046291,8
9379,292000,9688000,0.19579303717176,0.188859453430006,6
9380,293000,9688000,0,0,0
9381,294000,9688000,0,0,0
9382,295000,9688000,0,0,0
9383,296000,9688000,0.105736560876265,0.0962771890686001,10
9384,297000,9688000,0.0166955084504348,0.00662297824874512,4
9385,298000,9688000,0.0295087698078453,0.0228667038482989,7
9386,299000,9688000,0.0072555700506393,0.0171500278862242,2
9387,3e+05,9688000,0.269088887205473,0.435164528722811,13
9388,301000,9688000,0.169372448479655,0.276979921918572,14
9389,302000,9688000,0.0775438795799413,0.0900725041829336,4
9390,303000,9688000,0.0387387399426737,0.0592582264361405,9
9391,304000,9688000,0,0.00515895147796988,1
9392,305000,9688000,0,0,0
9393,306000,9688000,0,0,0
9394,307000,9688000,0.340035302617281,0.552635248187395,14
9395,308000,9688000,0.088411251227459,0.0669966536530954,8
9396,309000,9688000,0.266464605113866,0.304726715002789,9
9397,310000,9688000,0.0204099707296376,0.0113636363636364,5
9398,311000,9688000,0.110525456201426,0.0957891801450084,8
9399,312000,9688000,0.416426849858728,0.632947573898494,12
9400,313000,9688000,0.695022630290316,1.45322085889571,16
9401,314000,9688000,0.87297905177301,2.21312046848857,22
9402,315000,9688000,0.609374827927357,1.09697434467373,17
9403,316000,9688000,0.475979504855169,0.664319576129392,11
9404,317000,9688000,0.161382557417547,0.167875069715561,9
9405,318000,9688000,0.231642962630998,0.241215839375349,9
9406,319000,9688000,0.775675135443974,1.3723508087005,9
9407,320000,9688000,0.829478648780153,1.64514779698829,10
9408,321000,9688000,0.88407241611891,2.17749581706637,14
9409,322000,9688000,0.349859906064005,0.445273284997211,11
9410,323000,9688000,0.100440328093497,0.110568878973787,12
9411,324000,9688000,0.0473483240079547,0.0381344116006693,5
9412,325000,9688000,0.00963758895601344,0.00585610708310095,3
9413,326000,9688000,0.153570102195656,0.144799219185722,8
9414,327000,9688000,0.0299766353458186,0.0165923034021194,6
9415,328000,9688000,0,0,0
9416,329000,9688000,0,0.00460122699386503,1
9417,330000,9688000,0,0.00460122699386503,1
9418,331000,9688000,0.14180957216271,0.119422755158951,8
9419,332000,9688000,0.599560545414297,1.03680981595092,12
9420,333000,9688000,0.445487858364175,0.769729503625209,15
9421,334000,9688000,0.175052070759843,0.230897936419409,10
9422,335000,9688000,0.829851617955333,1.56839096486336,14
9423,336000,9688000,1.08473721916955,3.63120468488567,18
9424,337000,9688000,1.03802403571135,5.92603179029559,18
9425,338000,9688000,0.938434284384978,2.37283881762409,13
9426,339000,9688000,0.562840695318767,0.907626882320134,13
9427,340000,9688000,0.377234049642802,0.473159509202454,10
9428,341000,9688000,0.350650141433855,0.482989403234802,10
9429,342000,9688000,0.4577713937675,0.619353039598438,10
9430,343000,9688000,0.219882001857555,0.239612381483547,6
9431,344000,9688000,0.0519772396739868,0.0940462911321807,4
9432,345000,9688000,0.01192137372809,0.0297685443390965,2
9433,346000,9688000,0.00367224694793965,0.03792526491913,2
9434,347000,9688000,0.0228109509305117,0.0697155605131065,2
9435,348000,9688000,0.192060217790668,0.33080033463469,4
9436,349000,9688000,0.231235355640697,0.364542665923034,5
9437,350000,9688000,0.41725432882837,0.766731734523146,6
9438,351000,9688000,0.639439561529012,1.18042387060792,6
9439,352000,9688000,1.07652259569588,4.64431121026213,16
9440,353000,9688000,1.08042911483976,3.40769659788065,19
9441,354000,9688000,0.00869820452992111,0.0444088120468489,2
9442,355000,9688000,0.232705880838736,0.251185164528723,8
9443,356000,9688000,0.0480164993983622,0.0567484662576687,3
9444,357000,9688000,0.179995669237319,0.218418851087563,5
9445,358000,9688000,0.304139029026308,0.333658672615728,7
9446,359000,9688000,0.246624871964077,0.248535973229225,6
9447,360000,9688000,0.0861648789397512,0.0768962632459565,4
9448,361000,9688000,0.127810701996976,0.135945343000558,3
9449,362000,9688000,0.0334142247704826,0.0667177914110429,2
9450,363000,9688000,0.197915551625159,0.198131622978249,7
9451,364000,9688000,0,0,0
9452,365000,9688000,0,0,0
9453,366000,9688000,0,0,0
9454,367000,9688000,0,0.000557724484104852,1
9455,368000,9688000,0,0,0
9456,369000,9688000,0.0352233216223032,0.0347880646960402,3
9457,370000,9688000,0.34344256500539,0.354433909648634,8
9458,371000,9688000,0.411228857891047,0.510387618516453,9
9459,372000,9688000,0.17311662287934,0.167805354155047,6
9460,373000,9688000,0.423820442946932,0.594743446737312,13
9461,374000,9688000,1.00059144985618,2.47274121583938,14
9462,375000,9688000,0.0261486624283872,0.0914927768860353,2
9463,262000,9689000,0,0,0
9464,263000,9689000,0,0.000278862242052426,1
9465,264000,9689000,0,0.000278862242052426,1
9466,265000,9689000,0,0,0
9467,266000,9689000,0,0.00181260457334077,1
9468,267000,9689000,0,0,0
9469,268000,9689000,0,0.00230061349693252,1
9470,269000,9689000,0,0.00585610708310095,1
9471,270000,9689000,0.178919859998966,0.18446737311768,5
9472,271000,9689000,0.0757851888435813,0.0686001115448968,5
9473,272000,9689000,0.0683212917856161,0.100948131622978,4
9474,273000,9689000,0.0509945934117966,0.115936977133296,4
9475,274000,9689000,0,0.00257947573898494,1
9476,275000,9689000,0.12657233292262,0.246793084216397,3
9477,276000,9689000,0.23708291527617,0.434955382041272,3
9478,277000,9689000,0.155615684748699,0.347532069157836,3
9479,278000,9689000,0.00774132607714735,0.0171500278862242,2
9480,279000,9689000,0,0.02356385945343,1
9481,280000,9689000,0,0.0140825432236475,1
9482,281000,9689000,0,0.000348577802565533,1
9483,282000,9689000,0,0,0
9484,283000,9689000,0,0,0
9485,284000,9689000,0,0,0
9486,285000,9689000,0,0,0
9487,286000,9689000,0,0,0
9488,287000,9689000,0,0,0
9489,288000,9689000,0,0,0
9490,289000,9689000,0,0,0
9491,290000,9689000,0.0656116318906538,0.0679726715002789,8
9492,291000,9689000,0.74190556205368,1.35617679866146,8
9493,292000,9689000,0.219562009792653,0.210889570552147,6
9494,293000,9689000,0,0,0
9495,294000,9689000,0,0,0
9496,295000,9689000,0,0,0
9497,296000,9689000,0.0345023232538111,0.0305354155047407,5
9498,297000,9689000,0.0166955084504348,0.00662297824874512,4
9499,298000,9689000,0,0,0
9500,299000,9689000,0,0.000278862242052426,1
9501,3e+05,9689000,0.0223107840926438,0.012409369771333,6
9502,301000,9689000,0.165585187396684,0.222532069157836,14
9503,302000,9689000,0,0.00613496932515337,1
9504,303000,9689000,0.0343795970554367,0.0787785833798104,7
9505,304000,9689000,0,0.00829615170105968,1
9506,305000,9689000,0,0,0
9507,306000,9689000,0,0,0
9508,307000,9689000,0.102973824162872,0.0902119353039599,10
9509,308000,9689000,0.237786559126753,0.257320133853876,10
9510,309000,9689000,0.178452363664124,0.168572225320692,8
9511,310000,9689000,0,0.00348577802565533,1
9512,311000,9689000,0.257738364203112,0.324386503067485,10
9513,312000,9689000,0.772669478901658,1.93265476854434,13
9514,313000,9689000,0.912356573468371,2.4249860568879,14
9515,314000,9689000,0.56652693880895,1.25041829336308,19
9516,315000,9689000,0.0392350461423636,0.0323480200780814,6
9517,316000,9689000,0.247102701110823,0.27983825989961,11
9518,317000,9689000,0.164275550844785,0.164180145008366,10
9519,318000,9689000,0.353156228130025,0.408324037925265,9
9520,319000,9689000,0.836196665175494,1.60778025655326,10
9521,320000,9689000,1.01797214346761,2.46604852203012,10
9522,321000,9689000,0.737890807766187,1.31504461795873,11
9523,322000,9689000,0.221462973852833,0.262200223089794,11
9524,323000,9689000,0.00256125298663735,0.0020914668153932,2
9525,324000,9689000,0.00256125298663735,0.0020914668153932,2
9526,325000,9689000,0,0,0
9527,326000,9689000,0.050665951140521,0.0385527049637479,5
9528,327000,9689000,0.391258012224648,0.539598438371444,9
9529,328000,9689000,0,0,0
9530,329000,9689000,0,0,0
9531,330000,9689000,0.0114712841999987,0.00871444506413832,4
9532,331000,9689000,0.314554868755706,0.448271054099275,12
9533,332000,9689000,0.291381506604449,0.373814835471277,11
9534,333000,9689000,0.631039919769424,1.3106525376464,15
9535,334000,9689000,0.529718781894053,0.833100948131623,15
9536,335000,9689000,0.747605098472028,1.27851366424986,9
9537,336000,9689000,1.12195511733868,3.82194645844953,20
9538,337000,9689000,0.977000907487787,2.56420803123257,15
9539,338000,9689000,1.0392464322952,5.54155047406581,16
9540,339000,9689000,0.809835543418093,1.84104852203012,14
9541,340000,9689000,0.432931341228617,0.563232013385388,8
9542,341000,9689000,0.385833103139928,0.510527049637479,7
9543,342000,9689000,0.30222156820027,0.368167875069716,5
9544,343000,9689000,0.493808194593061,0.716675962074735,7
9545,344000,9689000,0.163092671191991,0.220649749023982,4
9546,345000,9689000,0.00473584303374559,0.031441717791411,2
9547,346000,9689000,0.0345023232538111,0.0532626882320134,2
9548,347000,9689000,0.0886986215540162,0.134620747350809,3
9549,348000,9689000,0.597995599590817,1.01910206358059,4
9550,349000,9689000,0.34037306092411,0.645078081427775,4
9551,350000,9689000,0.248545519483348,0.557097044060234,4
9552,351000,9689000,0.528800324899171,0.912506971556051,6
9553,352000,9689000,1.12690793798872,3.89919129949805,18
9554,353000,9689000,1.18790740901625,5.6159369771333,25
9555,354000,9689000,0.471654850894389,0.794408812046849,10
9556,355000,9689000,0.124081993127783,0.158254322364752,4
9557,356000,9689000,0.025547387175196,0.0639988845510318,2
9558,357000,9689000,0.0274639648745886,0.077244841048522,2
9559,358000,9689000,0.000736966826317306,0.00481037367540435,2
9560,359000,9689000,0.0634195915631855,0.0513106525376464,3
9561,360000,9689000,0.0710344970870008,0.0514500836586726,4
9562,361000,9689000,0.130764689342175,0.119980479643056,4
9563,362000,9689000,0.0850312633333482,0.130298382598996,4
9564,363000,9689000,0.104778589320688,0.0980897936419409,5
9565,364000,9689000,0,0.00996932515337423,1
9566,365000,9689000,0,0,0
9567,366000,9689000,0,0,0
9568,367000,9689000,0,0.00348577802565533,1
9569,368000,9689000,0,0.00808700501952036,1
9570,369000,9689000,0.214869741343435,0.207334076965979,8
9571,370000,9689000,0.323255598729232,0.323410485220301,6
9572,371000,9689000,0.496471120588487,0.624721137757948,12
9573,372000,9689000,0.114445670392843,0.104155047406581,5
9574,373000,9689000,0.26386580645727,0.369283324037925,13
9575,374000,9689000,0.987752404479583,2.36091745677635,14
9576,375000,9689000,0.384122492134267,0.409711075441412,5
9577,262000,9690000,0,0,0
9578,263000,9690000,0,0.000976017847183491,1
9579,264000,9690000,0,0.0020914668153932,1
9580,265000,9690000,0,0.000139431121026213,1
9581,266000,9690000,0,0,0
9582,267000,9690000,0,0,0
9583,268000,9690000,0,0.00278862242052426,1
9584,269000,9690000,0,0.00397378694924707,1
9585,270000,9690000,0.181151779841577,0.193112102621305,6
9586,271000,9690000,0,0.000976017847183491,1
9587,272000,9690000,0.0680179221975215,0.103667038482989,5
9588,273000,9690000,0.4333032378258,0.63420245398773,12
9589,274000,9690000,0.0920417283974708,0.156372002230898,4
9590,275000,9690000,0.205597720535421,0.3606385945343,3
9591,276000,9690000,0.401534021991886,0.679099274958171,12
9592,277000,9690000,0.584831691447977,1.20287228109314,19
9593,278000,9690000,0.0326842930831004,0.0509620747350809,3
9594,279000,9690000,0.0652698779726184,0.0800334634690463,3
9595,280000,9690000,0.101309550124633,0.119492470719465,3
9596,281000,9690000,0,0.00125488008923592,1
9597,282000,9690000,0,0.00411321807027328,1
9598,283000,9690000,0,0.00390407138873397,1
9599,284000,9690000,0,0,0
9600,285000,9690000,0,0,0
9601,286000,9690000,0,0,0
9602,287000,9690000,0,0,0
9603,288000,9690000,0,0,0
9604,289000,9690000,0.0145622287509984,0.0133853876185165,2
9605,290000,9690000,0,0,0
9606,291000,9690000,0,0,0
9607,292000,9690000,0,0.000418293363078639,1
9608,293000,9690000,0,0,0
9609,294000,9690000,0,0,0
9610,295000,9690000,0.00525389974000501,0.0158254322364752,2
9611,296000,9690000,0.0149933975956767,0.0257250418293363,2
9612,297000,9690000,0,0,0
9613,298000,9690000,0,0,0
9614,299000,9690000,0,0,0
9615,3e+05,9690000,0,0,0
9616,301000,9690000,0.0330497200381043,0.0745259341885109,4
9617,302000,9690000,0.0166955084504348,0.0422476296709426,3
9618,303000,9690000,0.296181041911146,0.375627440044618,10
9619,304000,9690000,0.305255378641309,0.410554935861684,9
9620,305000,9690000,0,0.0266313441160067,1
9621,306000,9690000,0,0,0
9622,307000,9690000,0,0.00167317345231456,1
9623,308000,9690000,0.111434701367181,0.128276631344116,12
9624,309000,9690000,0.0241776647516995,0.0238427216954824,7
9625,310000,9690000,0.038608321132056,0.0354852203011712,7
9626,311000,9690000,0.333622470868697,0.431121026213051,11
9627,312000,9690000,0.961307719949387,3.08693530395984,13
9628,313000,9690000,0.827766252335534,1.85080870050195,13
9629,314000,9690000,0.685472502249882,1.33602900167317,12
9630,315000,9690000,0.551887492544533,0.905395984383714,11
9631,316000,9690000,0.317218865426559,0.451338538761852,8
9632,317000,9690000,0.355263756623866,0.511572783045176,10
9633,318000,9690000,0.297071862632199,0.374023982152817,11
9634,319000,9690000,0.777412809673467,1.45119910764083,12
9635,320000,9690000,0.563872176227803,0.868586168432794,9
9636,321000,9690000,0.302206593636147,0.365727830451757,9
9637,322000,9690000,0.0928714057730389,0.0709007250418293,4
9638,323000,9690000,0,0,0
9639,324000,9690000,0,0,0
9640,325000,9690000,0,0,0
9641,326000,9690000,0.565082995992853,0.746095928611266,8
9642,327000,9690000,1.09515654427325,3.34021193530396,9
9643,328000,9690000,0.174567823757289,0.179099274958171,7
9644,329000,9690000,0,0.00989960959286113,1
9645,330000,9690000,0.00676444112278765,0.0267707752370329,2
9646,331000,9690000,0.464965006647673,0.625418293363079,11
9647,332000,9690000,0.412344870821335,0.533812046848857,8
9648,333000,9690000,0.0651057294536964,0.133156720580033,8
9649,334000,9690000,0.202696612106802,0.229921918572225,8
9650,335000,9690000,0.680932444560318,1.21793084216397,13
9651,336000,9690000,1.12295827037938,5.4941438929169,22
9652,337000,9690000,0.8958541319136,2.08261293920803,14
9653,338000,9690000,1.00712447913312,2.55925822643614,12
9654,339000,9690000,0.927241855451149,2.07368934746235,11
9655,340000,9690000,0.616010213429469,0.991424986056888,11
9656,341000,9690000,0.10977968815362,0.165783602900167,3
9657,342000,9690000,0.172846096681167,0.237590630228667,6
9658,343000,9690000,0.397129605795861,0.524818739542666,13
9659,344000,9690000,0.31842136359464,0.413622420524261,13
9660,345000,9690000,0,0.0158951477969883,1
9661,346000,9690000,0.01192137372809,0.0244004461795873,2
9662,347000,9690000,0.27354173610881,0.397169548243168,3
9663,348000,9690000,0.512266999140782,0.852203011712214,5
9664,349000,9690000,0.406332961816595,0.634760178471835,5
9665,350000,9690000,0.207409898442273,0.35255158951478,5
9666,351000,9690000,1.01252619064325,2.8537367540435,21
9667,352000,9690000,1.12877579021076,5.26833519241495,22
9668,353000,9690000,0.957284223132994,2.57696597880647,25
9669,354000,9690000,0.30551240722671,0.578848298940324,8
9670,355000,9690000,0.0568200345193023,0.116355270496375,3
9671,356000,9690000,0.128304797630155,0.191160066926938,3
9672,357000,9690000,0.262379302298743,0.35952314556609,6
9673,358000,9690000,0.0804487294788854,0.0581427774679308,4
9674,359000,9690000,0,0,0
9675,360000,9690000,0.0463415421086691,0.0463608477412158,3
9676,361000,9690000,0.0686242754894001,0.0951617401003904,3
9677,362000,9690000,0,0.0306748466257669,1
9678,363000,9690000,0.204466480417891,0.195621862799777,7
9679,364000,9690000,0.0695309318844735,0.07069157836029,3
9680,365000,9690000,0.0621776517174248,0.100669269380926,4
9681,366000,9690000,0.0141286505747286,0.0658114891243726,2
9682,367000,9690000,0,0.00167317345231456,1
9683,368000,9690000,0.30889684273964,0.312953151143335,8
9684,369000,9690000,0.623809003002731,0.941229782487451,10
9685,370000,9690000,0.774816627526127,1.32348020078081,10
9686,371000,9690000,0.695309071999774,1.21960401561629,7
9687,372000,9690000,0.246167081240654,0.268962632459565,5
9688,373000,9690000,0.292900671342856,0.331079196876743,7
9689,374000,9690000,1.02193218959744,2.8393753485778,12
9690,375000,9690000,0.721100833585564,1.27407704654896,7
9691,262000,9691000,0,0,0
9692,263000,9691000,0,0,0
9693,264000,9691000,0,0.00153374233128834,1
9694,265000,9691000,0,0.000278862242052426,1
9695,266000,9691000,0,0.00223089793641941,1
9696,267000,9691000,0,0.00299776910206358,1
9697,268000,9691000,0,0,0
9698,269000,9691000,0,0.000139431121026213,1
9699,270000,9691000,0,0.0145705521472393,1
9700,271000,9691000,0,0,0
9701,272000,9691000,0.064346602409078,0.0558421639709983,5
9702,273000,9691000,0.719092962198821,1.30249581706637,15
9703,274000,9691000,0.188784384198587,0.425334634690463,7
9704,275000,9691000,0.211607987985842,0.399121583937535,4
9705,276000,9691000,0.456624863447894,0.827105409927496,13
9706,277000,9691000,0.908411819169802,2.26289737869492,20
9707,278000,9691000,0.0534959541638296,0.151143335192415,11
9708,279000,9691000,0.029351816517207,0.0302565532626882,2
9709,280000,9691000,0.123622967407808,0.216954824316788,8
9710,281000,9691000,0.0621401890984439,0.0478945900725042,7
9711,282000,9691000,0.00963758895601344,0.020287228109314,2
9712,283000,9691000,0.0526296448049467,0.0709704406023424,3
9713,284000,9691000,0.025547387175196,0.0248187395426659,2
9714,285000,9691000,0.025547387175196,0.0199386503067485,2
9715,286000,9691000,0,0.000557724484104852,1
9716,287000,9691000,0,0.000557724484104852,1
9717,288000,9691000,0.0207869615742931,0.0148494143892917,6
9718,289000,9691000,0.0575963686678012,0.068042387060792,6
9719,290000,9691000,0,0,0
9720,291000,9691000,0,0,0
9721,292000,9691000,0,0.000418293363078639,1
9722,293000,9691000,0,0.00125488008923592,1
9723,294000,9691000,0,0.000348577802565533,1
9724,295000,9691000,0,0.0160345789180145,1
9725,296000,9691000,0.0149933975956767,0.033393753485778,4
9726,297000,9691000,0,0,0
9727,298000,9691000,0,0,0
9728,299000,9691000,0,0,0
9729,3e+05,9691000,0,0,0
9730,301000,9691000,0.00312377119133266,0.00341606246514222,2
9731,302000,9691000,0.00312377119133266,0.00738984941438929,2
9732,303000,9691000,0.62546333921981,1.02349414389292,10
9733,304000,9691000,0.550779222941855,0.858965421081985,10
9734,305000,9691000,0,0.0010457334076966,1
9735,306000,9691000,0,0.0010457334076966,1
9736,307000,9691000,0,0,0
9737,308000,9691000,0.315911005467793,0.391662018962632,9
9738,309000,9691000,0.227688846606327,0.322016174010039,9
9739,310000,9691000,0.0219848224984457,0.0390407138873397,6
9740,311000,9691000,0.661992155597187,1.24079754601227,10
9741,312000,9691000,0.99173362245302,2.74428332403793,12
9742,313000,9691000,0.668053245110103,1.29426938092582,15
9743,314000,9691000,0.818907414266691,1.8888036809816,13
9744,315000,9691000,0.611071562112692,1.06023424428332,11
9745,316000,9691000,0.705964236263784,1.5170105967652,14
9746,317000,9691000,0.542888488105083,1.07131901840491,14
9747,318000,9691000,0.370795507050545,0.527955939765756,13
9748,319000,9691000,0.286028437531146,0.395496374790853,13
9749,320000,9691000,0.0801461383846873,0.133156720580033,7
9750,321000,9691000,0.343350994840134,0.459564974902398,9
9751,322000,9691000,0.0473483240079547,0.0326268823201339,4
9752,323000,9691000,0,0,0
9753,324000,9691000,0,0,0
9754,325000,9691000,0,0.00257947573898494,1
9755,326000,9691000,0.230474997667943,0.189486893474624,4
9756,327000,9691000,1.02677751436665,2.35248187395427,8
9757,328000,9691000,0.512034714786439,0.784509202453988,8
9758,329000,9691000,0,0.0064138315672058,1
9759,330000,9691000,0.0417435135204335,0.0240518683770218,6
9760,331000,9691000,0.0417435135204335,0.0325571667596207,6
9761,332000,9691000,0.00312377119133266,0.0273982152816509,3
9762,333000,9691000,0.0154222372873578,0.0323480200780814,3
9763,334000,9691000,0.0179828868654213,0.0128973786949247,6
9764,335000,9691000,0.506065069281648,0.807933630786392,12
9765,336000,9691000,0.947293282124412,6.50578639152259,16
9766,337000,9691000,1.07614497899296,3.53555493586168,16
9767,338000,9691000,0.411854206250544,0.54196876742889,11
9768,339000,9691000,0.404886480427567,0.533951477969883,10
9769,340000,9691000,0.758992296261214,1.412228109314,13
9770,341000,9691000,0.534177969500592,0.82585052983826,8
9771,342000,9691000,0.406703928308886,0.582264361405466,7
9772,343000,9691000,0.622572785437335,0.99595649749024,7
9773,344000,9691000,0.432571130776583,0.664668153931958,7
9774,345000,9691000,0.0204099707296376,0.091606246514222,2
9775,346000,9691000,0,0.0154768544339096,1
9776,347000,9691000,0.186178892247367,0.357640825432236,4
9777,348000,9691000,0.473719621184786,0.730409927495817,5
9778,349000,9691000,0.354044272448803,0.476854433909649,7
9779,350000,9691000,0.410419823271848,0.567902955939766,13
9780,351000,9691000,1.22611319493324,4.4686279977691,23
9781,352000,9691000,0.406215516486846,0.594394868934746,13
9782,353000,9691000,0.458025426941958,0.646960401561629,6
9783,354000,9691000,0.317916687395001,0.433630786391523,3
9784,355000,9691000,0.435896892601478,0.624581706636921,6
9785,356000,9691000,0.267785900574152,0.593767428890128,6
9786,357000,9691000,0.232646828541658,0.314905186837702,7
9787,358000,9691000,0.178186147132916,0.162785833798104,6
9788,359000,9691000,0,0.0218209704406023,1
9789,360000,9691000,0.1756748209294,0.17728667038483,4
9790,361000,9691000,0.0453292116211457,0.0402258784160625,3
9791,362000,9691000,0,0,0
9792,363000,9691000,0.301792622564949,0.285833798103737,7
9793,364000,9691000,0.0692290935021096,0.0398773006134969,5
9794,365000,9691000,0,0.0064138315672058,1
9795,366000,9691000,0.00916995081778395,0.043223647518126,2
9796,367000,9691000,0.366789485690622,0.429796430563302,7
9797,368000,9691000,1.03175400402505,5.10443390964863,13
9798,369000,9691000,0.542052349238316,7.17254601226994,13
9799,370000,9691000,1.07655548671162,3.57041271611824,10
9800,371000,9691000,0.693388201233914,1.574456218628,6
9801,372000,9691000,0.256321235848786,0.281023424428332,5
9802,373000,9691000,0.0513226861206942,0.0441996653653095,5
9803,374000,9691000,0.616075822585298,1.01220022308979,5
9804,375000,9691000,0.617965812055232,1.08828250401284,5
9805,262000,9692000,0,0.00335946248600224,1
9806,263000,9692000,0,0.000836586726157278,1
9807,264000,9692000,0,0,0
9808,265000,9692000,0.00137728250361463,0.00634411600669269,2
9809,266000,9692000,0.00367224694793965,0.0110150585610708,2
9810,267000,9692000,0.0740142527347065,0.0717373117679866,4
9811,268000,9692000,0,0.00411321807027328,1
9812,269000,9692000,0.0243826062511853,0.059537088678193,4
9813,270000,9692000,0.0779127311234789,0.13106525376464,7
9814,271000,9692000,0.0800740516692321,0.0646263245956498,7
9815,272000,9692000,0.232646926552822,0.265197992191857,8
9816,273000,9692000,0.32066518421176,0.37904350250976,9
9817,274000,9692000,0.0337778191940276,0.113984941438929,2
9818,275000,9692000,0.0536042939746183,0.185443390964863,2
9819,276000,9692000,0.195706614905537,0.250139431121026,9
9820,277000,9692000,0.531547209490719,0.837493028443949,14
9821,278000,9692000,0.276130809356327,0.502300613496933,15
9822,279000,9692000,0.0490143438373676,0.111963190184049,2
9823,280000,9692000,0.240731597357907,0.390895147796988,13
9824,281000,9692000,0.207524011187901,0.225878416062465,11
9825,282000,9692000,0.0179502576277479,0.024191299498048,2
9826,283000,9692000,0.0460047223077199,0.0671360847741216,3
9827,284000,9692000,0.025547387175196,0.0313022866703848,2
9828,285000,9692000,0.025547387175196,0.0381344116006693,2
9829,286000,9692000,0,0.00955103179029559,1
9830,287000,9692000,0,0.0064138315672058,1
9831,288000,9692000,0.0587260996315137,0.0429447852760736,5
9832,289000,9692000,0.05904213669706,0.0444088120468489,5
9833,290000,9692000,0,0.000278862242052426,1
9834,291000,9692000,0,0,0
9835,292000,9692000,0,0.0011154489682097,1
9836,293000,9692000,0,0.00244004461795873,1
9837,294000,9692000,0,0,0
9838,295000,9692000,0,0,0
9839,296000,9692000,0.0191879864809856,0.0404350250976018,4
9840,297000,9692000,0.0486823116945785,0.031441717791411,4
9841,298000,9692000,0,0,0
9842,299000,9692000,0,0,0
9843,3e+05,9692000,0,0,0
9844,301000,9692000,0,0,0
9845,302000,9692000,0.330477744678049,0.425195203569437,8
9846,303000,9692000,0.402265009618163,0.530186837702175,8
9847,304000,9692000,0.190735334475493,0.199804796430563,8
9848,305000,9692000,0,0.0010457334076966,1
9849,306000,9692000,0,0.00174288901282766,1
9850,307000,9692000,0,0.000627440044617959,1
9851,308000,9692000,0.396727814615386,0.502370329057446,10
9852,309000,9692000,0.106252288738708,0.184049079754601,8
9853,310000,9692000,0.732127839668881,1.74477133296152,12
9854,311000,9692000,0.646597205269396,1.02781650864473,8
9855,312000,9692000,0.756061357423018,1.38817624093698,10
9856,313000,9692000,0.644115531688479,1.13496932515337,13
9857,314000,9692000,0.780604563078229,1.79196876742889,13
9858,315000,9692000,0.34643942033384,0.46319018404908,9
9859,316000,9692000,0.339911803383713,0.556678750697156,9
9860,317000,9692000,0.387022501002907,0.670175683212493,10
9861,318000,9692000,0.205534465611883,0.2888315672058,10
9862,319000,9692000,0.0315823549003336,0.0321388733965421,2
9863,320000,9692000,0.122991247976443,0.11377579475739,9
9864,321000,9692000,0.186813137500954,0.233965421081986,5
9865,322000,9692000,0,0,0
9866,323000,9692000,0,0,0
9867,324000,9692000,0,0.000488008923591746,1
9868,325000,9692000,0,0.0010457334076966,1
9869,326000,9692000,0,0.000348577802565533,1
9870,327000,9692000,0.0251604071972737,0.0285833798103737,2
9871,328000,9692000,0.0710344970870008,0.0786391522587842,2
9872,329000,9692000,0.171525737224639,0.166411042944785,3
9873,330000,9692000,0,0.000418293363078639,1
9874,331000,9692000,0,0.0242610150585611,1
9875,332000,9692000,0.175889591345894,0.159300055772448,7
9876,333000,9692000,0.00473584303374559,0.00244004461795873,3
9877,334000,9692000,0.24509537292332,0.258226436140547,7
9878,335000,9692000,0.703419473286609,1.37214166201896,17
9879,336000,9692000,0.908292425316438,6.56023424428332,17
9880,337000,9692000,1.04059657470013,3.52879252649191,15
9881,338000,9692000,0.308589258313339,0.346765197992192,10
9882,339000,9692000,0.389295018675708,0.504810373675404,10
9883,340000,9692000,0.271331230935412,0.317624093697713,8
9884,341000,9692000,0.38009981452214,0.527398215281651,8
9885,342000,9692000,0.482291314977505,0.673312883435583,7
9886,343000,9692000,0.692521158688685,1.27377300613497,7
9887,344000,9692000,0.336511462130479,0.45085052983826,5
9888,345000,9692000,0,0.0214026770775237,1
9889,346000,9692000,0.00869820452992111,0.0352760736196319,2
9890,347000,9692000,0.122517548616034,0.154071388733965,6
9891,348000,9692000,0.393823791930704,0.522866703848299,6
9892,349000,9692000,0.488952842698182,0.715421081985499,8
9893,350000,9692000,0.645340565341767,0.995259341885109,13
9894,351000,9692000,1.18611932121783,4.78687953151143,23
9895,352000,9692000,0.77509329821219,1.48821807027329,12
9896,353000,9692000,0.571335354081674,0.942624093697713,6
9897,354000,9692000,0.65476181102756,1.34035136642499,6
9898,355000,9692000,0.751663196046262,1.62730061349693,6
9899,356000,9692000,0.47597874549658,0.834774121583937,6
9900,357000,9692000,0.396291708045662,0.637409369771333,7
9901,358000,9692000,0.268628119998122,0.346137757947574,6
9902,359000,9692000,0.0486823116945785,0.0439208031232571,3
9903,360000,9692000,0.132232274567153,0.10032069157836,5
9904,361000,9692000,0,0.000627440044617959,1
9905,362000,9692000,0.00256125298663735,0.0103179029559398,2
9906,363000,9692000,0,0.000348577802565533,1
9907,364000,9692000,0.00312377119133266,0.0139431121026213,2
9908,365000,9692000,0,0,0
9909,366000,9692000,0,0,0
9910,367000,9692000,0.847790657766442,1.88601505856107,14
9911,368000,9692000,0.634323092580343,6.86816787506972,13
9912,369000,9692000,0.0380738999334037,8.06183770217513,13
9913,370000,9692000,0.855137186650855,3.3574316787507,10
9914,371000,9692000,0.337276102431366,0.400794757389849,6
9915,372000,9692000,0.694124074922144,1.78506692693809,6
9916,373000,9692000,0.154010449019841,0.174219185722253,4
9917,374000,9692000,0.210412823606492,0.166689905186838,4
9918,375000,9692000,0.483018581338344,0.55577849117175,4
9919,262000,9693000,0,0.00783874580067189,1
9920,263000,9693000,0,0.00299776910206358,1
9921,264000,9693000,0,0.00285833798103737,1
9922,265000,9693000,0,0.00257947573898494,1
9923,266000,9693000,0.0183646579314608,0.018335192414947,3
9924,267000,9693000,0.0903156504580992,0.0925125488008924,6
9925,268000,9693000,0,0.00780814277746793,1
9926,269000,9693000,0.0282224233599824,0.0219604015616286,3
9927,270000,9693000,0.131247090448673,0.160833798103737,6
9928,271000,9693000,0.0473332017371927,0.0720858895705521,6
9929,272000,9693000,0.551425262050506,0.801798661461238,14
9930,273000,9693000,0.298843692790318,0.351087562744004,13
9931,274000,9693000,0.00312377119133266,0.0143614054656999,2
9932,275000,9693000,0,0.0524958170663692,1
9933,276000,9693000,0.24528683079745,0.286740100390407,11
9934,277000,9693000,0.2727262043902,0.336098717233687,13
9935,278000,9693000,0.0532045483682965,0.0451059676519799,7
9936,279000,9693000,0,0.029419966536531,1
9937,280000,9693000,0.0451504433428693,0.053680981595092,12
9938,281000,9693000,0.276622194262669,0.361614612381484,14
9939,282000,9693000,0.159610386537137,0.203220858895706,12
9940,283000,9693000,0.0703023477622759,0.105340211935304,6
9941,284000,9693000,0.00774132607714735,0.0395287228109314,2
9942,285000,9693000,0,0.0370886781929727,1
9943,286000,9693000,0.00137728250361463,0.0117122141662019,2
9944,287000,9693000,0,0.00822643614054657,1
9945,288000,9693000,0.162024034691599,0.158114891243726,9
9946,289000,9693000,0.13067133493022,0.103945900725042,9
9947,290000,9693000,0,0.00787785833798104,1
9948,291000,9693000,0,0.00348577802565533,1
9949,292000,9693000,0.00312377119133266,0.0315114333519241,2
9950,293000,9693000,0.0429446779016678,0.0876324595649749,3
9951,294000,9693000,0,0.0032069157836029,1
9952,295000,9693000,0,0.0133156720580033,1
9953,296000,9693000,0.00774132607714735,0.0225878416062465,2
9954,297000,9693000,0,0,0
9955,298000,9693000,0,0,0
9956,299000,9693000,0,0,0
9957,3e+05,9693000,0,0,0
9958,301000,9693000,0,0,0
9959,302000,9693000,0.0815519128579298,0.0967651979921919,7
9960,303000,9693000,0.0368330962679057,0.0327663134411601,6
9961,304000,9693000,0,0.00139431121026213,1
9962,305000,9693000,0,0,0
9963,306000,9693000,0.0422573986032093,0.0204963747908533,4
9964,307000,9693000,0.122987867051754,0.116355270496375,6
9965,308000,9693000,0.279211159992443,0.342373117679866,11
9966,309000,9693000,0.377265192359631,0.575362520914668,10
9967,310000,9693000,1.09106804112188,3.5398773006135,12
9968,311000,9693000,0.937098309611419,1.94213608477412,8
9969,312000,9693000,0.39943844521217,0.461726157278305,8
9970,313000,9693000,0.469063790672247,0.653653095370887,10
9971,314000,9693000,0.393574908528002,0.538134411600669,10
9972,315000,9693000,0.325820588472032,0.429029559397658,8
9973,316000,9693000,0.430739408776959,0.608477412158394,9
9974,317000,9693000,0.648014442447438,1.26791689905187,13
9975,318000,9693000,1.01132150334088,2.68920803123257,13
9976,319000,9693000,0.412651801192538,0.577732849972114,10
9977,320000,9693000,0.269263731555271,0.309676519799219,9
9978,321000,9693000,0.00256125298663735,0.0251673173452315,4
9979,322000,9693000,0,0.0124790853318461,1
9980,323000,9693000,0.00869820452992111,0.00550752928053542,5
9981,324000,9693000,0.053131559072153,0.0352760736196319,6
9982,325000,9693000,0.0200043210713326,0.0209843837144451,3
9983,326000,9693000,0.00256125298663735,0.00250976017847183,2
9984,327000,9693000,0.00473584303374559,0.0166620189626325,2
9985,328000,9693000,0.105043819105854,0.335192414947016,2
9986,329000,9693000,0.143521744535953,0.306190741773564,3
9987,330000,9693000,0.0827127937424559,0.0669269380925823,6
9988,331000,9693000,0.0187772185301801,0.0670663692136085,3
9989,332000,9693000,0.278403023451928,0.303750697155605,7
9990,333000,9693000,0.0398298712676622,0.0329057445621863,5
9991,334000,9693000,0.627875271812837,0.993028443948689,14
9992,335000,9693000,1.12523016229963,3.6420105967652,18
9993,336000,9693000,1.08997863006363,4.96500278862242,18
9994,337000,9693000,0.965091696611765,2.51143335192415,14
9995,338000,9693000,0.610253969122579,0.892428890128277,10
9996,339000,9693000,0.481628236701044,0.650515895147797,12
9997,340000,9693000,0.496729847150046,0.770078081427775,12
9998,341000,9693000,0.608727420244379,0.96723368655884,12
9999,342000,9693000,0.453115746187879,0.64856385945343,7
10000,343000,9693000,0.42804095819947,0.579963747908533,5
10001,344000,9693000,0.187446387667328,0.224484104852203,4
10002,345000,9693000,0.0158488228290157,0.0204266592303402,2
10003,346000,9693000,0,0.00508923591745678,1
10004,347000,9693000,0.0312131133646106,0.154907975460123,2
10005,348000,9693000,0.0824632248531217,0.153931957612939,3
10006,349000,9693000,0.179298273741482,0.2212771890686,7
10007,350000,9693000,0.330727695781743,0.398494143892917,6
10008,351000,9693000,0.977121144669476,2.45837981037368,18
10009,352000,9693000,0.692900511509304,1.20963469046291,8
10010,353000,9693000,0.629940270542795,1.07354991634133,6
10011,354000,9693000,0.418896975355258,0.648145566090351,6
10012,355000,9693000,0.850654121905539,2.06462632459565,7
10013,356000,9693000,0.560829787212331,1.07884829894032,6
10014,357000,9693000,0.443231719833532,0.724553820412716,4
10015,358000,9693000,0.157214091176245,0.238218070273285,4
10016,359000,9693000,0.0936986973303468,0.0731316229782487,4
10017,360000,9693000,0,0.00118516452872281,1
10018,361000,9693000,0.0136925771576734,0.0172197434467373,2
10019,362000,9693000,0.0154222372873578,0.0350669269380926,2
10020,363000,9693000,0.00256125298663735,0.00341606246514222,2
10021,364000,9693000,0.0315823549003336,0.0345789180145008,3
10022,365000,9693000,0,0,0
10023,366000,9693000,0.139944581197309,0.127858337981037,6
10024,367000,9693000,1.05627407837896,3.78646123814835,15
10025,368000,9693000,0.0804487294788854,8.04845231455661,15
10026,369000,9693000,0.0158488228290157,9.24644450641383,15
10027,370000,9693000,1.04476796334736,4.01394311210262,13
10028,371000,9693000,0.235894339237452,0.257529280535416,9
10029,372000,9693000,0.108209015339858,0.086377579475739,5
10030,373000,9693000,0.00312377119133266,0.0197992191857223,2
10031,374000,9693000,0,0,0
10032,375000,9693000,0,0,0
10033,262000,9694000,0,0,0
10034,263000,9694000,0,0.000697155605131065,1
10035,264000,9694000,0,0.00341606246514222,1
10036,265000,9694000,0,0.000697155605131065,1
10037,266000,9694000,0.0497258095346969,0.0333240379252649,6
10038,267000,9694000,0.0412062271856194,0.0619771332961517,6
10039,268000,9694000,0.0141286505747286,0.0357640825432236,2
10040,269000,9694000,0.0827497723372405,0.126603457891801,5
10041,270000,9694000,0.0149933975956767,0.0766174010039041,3
10042,271000,9694000,0.127810701996976,0.217582264361405,5
10043,272000,9694000,0.811375603906965,1.638315672058,12
10044,273000,9694000,0.773819995036943,1.5404350250976,15
10045,274000,9694000,0.160056797297305,0.16585331846068,9
10046,275000,9694000,0.210892210179242,0.244631901840491,12
10047,276000,9694000,0.678472378745818,1.20489403234802,13
10048,277000,9694000,0.0976281190909486,0.123466257668712,6
10049,278000,9694000,0.00256125298663735,0.00404350250976018,2
10050,279000,9694000,0.00256125298663735,0.00613496932515337,2
10051,280000,9694000,0.45488903375369,1.02223926380368,16
10052,281000,9694000,0.651216052907829,1.59746235359732,21
10053,282000,9694000,0.381371791836257,0.687325711098717,17
10054,283000,9694000,0.0686242754894001,0.122211377579476,4
10055,284000,9694000,0.0747875338505046,0.0946737311767987,7
10056,285000,9694000,0.0392350461423636,0.0789877300613497,6
10057,286000,9694000,0.0550676758876936,0.0768265476854434,6
10058,287000,9694000,0.151705229675579,0.116424986056888,3
10059,288000,9694000,0.159032591077297,0.143892916899052,3
10060,289000,9694000,0.0734211581589299,0.07069157836029,3
10061,290000,9694000,0.0931474334250299,0.0864472950362521,3
10062,291000,9694000,0.221243567078643,0.224484104852203,4
10063,292000,9694000,0.10077232183041,0.128416062465142,4
10064,293000,9694000,0.0460047223077199,0.0690881204684886,3
10065,294000,9694000,0.00576418939170091,0.0186837702175125,2
10066,295000,9694000,0.0426013791305124,0.0466397099832683,3
10067,296000,9694000,0,0.0020914668153932,1
10068,297000,9694000,0,0,0
10069,298000,9694000,0,0,0
10070,299000,9694000,0,0,0
10071,3e+05,9694000,0,0,0
10072,301000,9694000,0,0,0
10073,302000,9694000,0.000736966826317306,0.0170803123257111,2
10074,303000,9694000,0,0,0
10075,304000,9694000,0,0,0
10076,305000,9694000,0,0,0
10077,306000,9694000,0,0,0
10078,307000,9694000,0.0334142247704826,0.0191020635805912,4
10079,308000,9694000,0.21218635163529,0.21319018404908,7
10080,309000,9694000,0.759817975149101,1.35673452314557,7
10081,310000,9694000,1.07760585559851,3.0340211935304,9
10082,311000,9694000,0.427034305985696,0.558212493028444,7
10083,312000,9694000,0.219117506788047,0.216466815393196,8
10084,313000,9694000,0.423878230215392,0.558979364194088,9
10085,314000,9694000,0.519203247961494,0.747420524261015,11
10086,315000,9694000,0.280646611922051,0.305563301728946,9
10087,316000,9694000,0.357453583135177,0.465630228667038,10
10088,317000,9694000,0.0845634378202438,0.0711795872838818,9
10089,318000,9694000,0.694999651034987,1.19116006692694,9
10090,319000,9694000,0.535259854227109,0.763664249860569,10
10091,320000,9694000,0.199071488335394,0.230828220858896,8
10092,321000,9694000,0.0315823549003336,0.0439905186837702,4
10093,322000,9694000,0.0861648789397512,0.0656023424428332,5
10094,323000,9694000,0.0906535587138355,0.0659509202453988,5
10095,324000,9694000,0.0154222372873578,0.0180563301728946,3
10096,325000,9694000,0.249040714787249,0.387269938650307,16
10097,326000,9694000,0.0304716557862012,0.0529141104294479,2
10098,327000,9694000,0,0.0128276631344116,1
10099,328000,9694000,0.00420904418254762,0.247908533184607,2
10100,329000,9694000,0.0787097049567309,0.311558839933073,2
10101,330000,9694000,0.199246999723257,0.268962632459565,6
10102,331000,9694000,0,0.0504740658114891,1
10103,332000,9694000,0,0.0702732849972114,1
10104,333000,9694000,0.0289764351899882,0.0193112102621305,5
10105,334000,9694000,0.858236603196481,1.81539319576129,15
10106,335000,9694000,1.09305380341892,3.95301171221417,17
10107,336000,9694000,1.08993186028829,3.51791689905187,17
10108,337000,9694000,0.752743733642983,1.47434467373118,13
10109,338000,9694000,0.67080004479088,1.12346625766871,13
10110,339000,9694000,0.534987397000798,0.77467930842164,11
10111,340000,9694000,0.605291947617363,0.976226993865031,12
10112,341000,9694000,0.811336057705791,1.6393614054657,13
10113,342000,9694000,0.56597803642262,0.8031929726715,6
10114,343000,9694000,0.346538657433221,0.568809258226436,5
10115,344000,9694000,0.161969197993623,0.287646402677078,3
10116,345000,9694000,0.0991548586733073,0.213399330730619,3
10117,346000,9694000,0.11289788309984,0.172615727830452,3
10118,347000,9694000,0.192060217790668,0.287855549358617,4
10119,348000,9694000,0.247997804659155,0.320064138315672,5
10120,349000,9694000,0.313377181192039,0.458170663692136,5
10121,350000,9694000,0.268690320321986,0.322434467373118,5
10122,351000,9694000,0.965999348982814,2.95377858337981,20
10123,352000,9694000,0.906493750730466,2.00634411600669,19
10124,353000,9694000,0.016273224533551,0.0488706079196877,4
10125,354000,9694000,0.233130373697208,0.315462911321807,5
10126,355000,9694000,0.416957185371235,0.65574456218628,6
10127,356000,9694000,0.326245589876733,0.707264361405466,5
10128,357000,9694000,0.364797160802566,0.582682654768544,5
10129,358000,9694000,0.192065115334472,0.342930842163971,6
10130,359000,9694000,0.450780055506411,0.564905186837702,7
10131,360000,9694000,0,0.0208449525934189,1
10132,361000,9694000,0.0220166667151604,0.0413413273842722,2
10133,362000,9694000,0,0.00160345789180145,1
10134,363000,9694000,0.144702079283414,0.112242052426102,5
10135,364000,9694000,0.65754507431297,1.02161182375906,11
10136,365000,9694000,0.936974145532481,2.25613496932515,12
10137,366000,9694000,1.05406645058442,4.49776910206358,17
10138,367000,9694000,0.901521006332615,6.43209704406023,15
10139,368000,9694000,0.697412286708122,7.37897378694925,15
10140,369000,9694000,0.146113444278856,9.65525655326269,15
10141,370000,9694000,1.08791786793549,3.43865030674847,13
10142,371000,9694000,0.743751828613843,1.38594534300056,10
10143,372000,9694000,0.50658304923525,0.696528165086447,8
10144,373000,9694000,0.0145622287509984,0.0202175125488009,2
10145,374000,9694000,0.0136925771576734,0.0184049079754601,2
10146,375000,9694000,0,0,0
10147,262000,9695000,0.0159021696361732,0.0526315789473684,2
10148,263000,9695000,0.00473584303374559,0.0115030674846626,2
10149,264000,9695000,0,0,0
10150,265000,9695000,0,0,0
10151,266000,9695000,0.170356742967141,0.179935861684328,7
10152,267000,9695000,0.126282301793927,0.11670384829894,7
10153,268000,9695000,0,0,0
10154,269000,9695000,0.156529890426686,0.203220858895706,5
10155,270000,9695000,0.289831896082325,0.319924707194646,6
10156,271000,9695000,0.200113272433374,0.276143335192415,4
10157,272000,9695000,0.518989546293089,0.656929726715003,6
10158,273000,9695000,0.620399394039713,0.902467930842164,15
10159,274000,9695000,0.659754409778414,1.13204127161182,14
10160,275000,9695000,0.433314517558017,0.601087562744004,11
10161,276000,9695000,0.38482025874154,0.534509202453988,11
10162,277000,9695000,0,0.0119213608477412,1
10163,278000,9695000,0,0,0
10164,279000,9695000,0.225966922482694,0.342373117679866,11
10165,280000,9695000,0.912669149636708,3.27300613496933,15
10166,281000,9695000,0.991276191819571,2.80737590630229,17
10167,282000,9695000,0.483622575408662,0.817136084774122,17
10168,283000,9695000,0.199508563331581,0.261503067484663,12
10169,284000,9695000,0.16511855205519,0.225669269380926,7
10170,285000,9695000,0.0469564745020548,0.0978806469604016,6
10171,286000,9695000,0.0506994304153911,0.0692972671500279,9
10172,287000,9695000,0,0.00418293363078639,1
10173,288000,9695000,0.0443105054853257,0.0541689905186838,9
10174,289000,9695000,0.0735913053997662,0.0548661461238148,9
10175,290000,9695000,0.0716333335143076,0.073271054099275,3
10176,291000,9695000,0.396889101777644,0.495329057445622,5
10177,292000,9695000,0.366608171878975,0.464166201896263,5
10178,293000,9695000,0.274058361578666,0.371374790853318,5
10179,294000,9695000,0.0132539162227524,0.0593976575571668,2
10180,295000,9695000,0,0.00474065811489124,1
10181,296000,9695000,0,0,0
10182,297000,9695000,0,0,0
10183,298000,9695000,0,0.00292805354155047,1
10184,299000,9695000,0,0,0
10185,3e+05,9695000,0.102648467150006,0.0999721137757948,5
10186,301000,9695000,0.102648467150006,0.0959983268265477,5
10187,302000,9695000,0.00774132607714735,0.02356385945343,2
10188,303000,9695000,0,0.000906302286670385,1
10189,304000,9695000,0,0,0
10190,305000,9695000,0,0.00125488008923592,1
10191,306000,9695000,0,0,0
10192,307000,9695000,0,0,0
10193,308000,9695000,0.0449905096195162,0.0356246514221974,3
10194,309000,9695000,0.802605555302736,1.51345510317903,7
10195,310000,9695000,0.80879835671914,1.52893195761294,7
10196,311000,9695000,0.118537395407563,0.107222532069158,5
10197,312000,9695000,0.123080698955862,0.106037367540435,5
10198,313000,9695000,0.121051645907902,0.108686558839933,6
10199,314000,9695000,0.17197370420975,0.189835471277189,8
10200,315000,9695000,0.430469883746632,0.568948689347462,8
10201,316000,9695000,0.0415673656057163,0.0289319576129392,4
10202,317000,9695000,0,0,0
10203,318000,9695000,0.0394801862475502,0.0387618516452872,4
10204,319000,9695000,0.046677745462575,0.0456636921360848,5
10205,320000,9695000,0.0412662550101465,0.031441717791411,7
10206,321000,9695000,0.374167436943567,0.621583937534858,13
10207,322000,9695000,0.290771207275816,0.498187395426659,13
10208,323000,9695000,0.249441934795204,0.277328499721138,6
10209,324000,9695000,0.307734930576136,0.36175404350251,9
10210,325000,9695000,0.24553151322592,0.456079196876743,9
10211,326000,9695000,0.0334142247704826,0.0761293920803123,2
10212,327000,9695000,0,0.00550752928053542,1
10213,328000,9695000,0.00137728250361463,0.101784718349136,2
10214,329000,9695000,0.48391318035289,0.875976017847183,8
10215,330000,9695000,0.648517095752176,1.44018404907975,19
10216,331000,9695000,0.690538607093403,1.25599553820413,18
10217,332000,9695000,0.704822031828449,1.25794757389849,18
10218,333000,9695000,0.798482281273999,1.81253485778026,18
10219,334000,9695000,0.679425115680702,1.49951199107641,16
10220,335000,9695000,0.969826552222135,3.60129670942554,20
10221,336000,9695000,0.535552992776599,0.800474065811489,12
10222,337000,9695000,0.580950246459321,0.922964305633017,12
10223,338000,9695000,0.633774103687069,1.10973229224763,17
10224,339000,9695000,0.494246788365567,0.715699944227552,12
10225,340000,9695000,0.591353598029254,0.940811489124373,13
10226,341000,9695000,0.568524931238633,0.931539319576129,13
10227,342000,9695000,0.48547602989711,0.628346346904629,11
10228,343000,9695000,0.385767937880382,0.604991634132738,6
10229,344000,9695000,0.0847471238685037,0.137688232013385,2
10230,345000,9695000,0.143285215933504,0.142638036809816,5
10231,346000,9695000,0.153780566926393,0.196319018404908,5
10232,347000,9695000,0.119045288304101,0.200571667596207,3
10233,348000,9695000,0.0366551374031611,0.0524958170663692,4
10234,349000,9695000,0.16954493677533,0.215978806469604,5
10235,350000,9695000,0.119045288304101,0.15058561070831,4
10236,351000,9695000,0.968609875037743,2.55075292805354,20
10237,352000,9695000,1.07750794581961,5.6866982710541,18
10238,353000,9695000,0.93681860659803,2.09439486893475,14
10239,354000,9695000,0.777525513739561,1.39716954824317,9
10240,355000,9695000,0.73116316514701,1.33595928611266,9
10241,356000,9695000,0.245952182519012,0.405605131065254,6
10242,357000,9695000,0.492884281704403,0.6925543781372,7
10243,358000,9695000,0,0.0585610708310095,1
10244,359000,9695000,0.0274639648745886,0.0653931957612939,3
10245,360000,9695000,0.0101013471463895,0.0807306190741774,2
10246,361000,9695000,0.251817390666612,0.260527049637479,5
10247,362000,9695000,0.0208139940747914,0.0174288901282766,3
10248,363000,9695000,0.51777505376965,0.769102063580591,6
10249,364000,9695000,0.952741708760084,2.14584495259342,11
10250,365000,9695000,0.608009597743979,7.28632180702733,14
10251,366000,9695000,0.422070012562097,8.88552704963748,15
10252,367000,9695000,1.00210449511136,5.74567763524819,15
10253,368000,9695000,0.831836933748122,5.78443948689347,12
10254,369000,9695000,0.640781995056744,8.28074456218628,24
10255,370000,9695000,0.926080319654166,2.699456218628,12
10256,371000,9695000,0.786952333281242,2.08128834355828,13
10257,372000,9695000,0.992280017246662,5.20363915225878,11
10258,373000,9695000,0.635185846946688,1.36022030117122,10
10259,374000,9695000,0.327261204231682,0.725250976017847,12
10260,375000,9695000,0.0144670928683237,0.0224719101123595,2
10261,262000,9696000,0.0651697682212353,0.0979843225083987,4
10262,263000,9696000,0.00676444112278765,0.0153374233128834,2
10263,264000,9696000,0,0.000697155605131065,1
10264,265000,9696000,0,0.000766871165644172,1
10265,266000,9696000,0,0.0250278862242052,1
10266,267000,9696000,0,0.0010457334076966,1
10267,268000,9696000,0,0.00488008923591746,1
10268,269000,9696000,0.0728266495327646,0.0679726715002789,5
10269,270000,9696000,0.0171157367421217,0.0163134411600669,3
10270,271000,9696000,0.0285999763909869,0.0147099832682655,4
10271,272000,9696000,0.182425016036811,0.160694366982711,7
10272,273000,9696000,0.0274639648745886,0.045803123257111,4
10273,274000,9696000,0.343701539572975,0.552565532626882,14
10274,275000,9696000,0.814048902511884,2.42477691020636,16
10275,276000,9696000,0.234626530768098,0.333867819297267,8
10276,277000,9696000,0.140608639873682,0.171779141104294,9
10277,278000,9696000,0.0756603009802112,0.0649051868377022,9
10278,279000,9696000,0.80343571653414,2.1834913552705,13
10279,280000,9696000,1.01952198019302,3.81427774679308,15
10280,281000,9696000,0.352143230932401,0.680842163970998,14
10281,282000,9696000,0.44518927643758,0.831706636921361,19
10282,283000,9696000,0.529690484868463,0.947783045175683,15
10283,284000,9696000,0.653857523553809,1.18704684885666,16
10284,285000,9696000,0.3596206276537,0.52962911321807,16
10285,286000,9696000,0.269761092164015,0.388106525376464,12
10286,287000,9696000,0.575632129782523,1.10394590072504,15
10287,288000,9696000,0.214004443590027,0.232849972113776,9
10288,289000,9696000,0.0986246391053385,0.0912576687116564,12
10289,290000,9696000,0.0802913413951621,0.0873535973229225,12
10290,291000,9696000,0.175240130331158,0.162506971556051,4
10291,292000,9696000,0.15993857868724,0.133575013943112,4
10292,293000,9696000,0.220804735386468,0.273494143892917,6
10293,294000,9696000,0.139718549032958,0.21319018404908,5
10294,295000,9696000,0.055218407356777,0.0913273842721695,3
10295,296000,9696000,0,0.0280953708867819,1
10296,297000,9696000,0,0.0127579475738985,1
10297,298000,9696000,0,0.0242610150585611,1
10298,299000,9696000,0.0419127296840013,0.0803820412716118,2
10299,3e+05,9696000,0.260601605464556,0.286670384829894,5
10300,301000,9696000,0.185755507121468,0.152328499721138,3
10301,302000,9696000,0,0.00976017847183491,1
10302,303000,9696000,0,0.000976017847183491,1
10303,304000,9696000,0,0,0
10304,305000,9696000,0,0.000139431121026213,1
10305,306000,9696000,0,0.00341606246514222,1
10306,307000,9696000,0.0259331172869151,0.0200083658672616,4
10307,308000,9696000,0.0950722848878313,0.079196876742889,5
10308,309000,9696000,0.205461852257349,0.209007250418293,6
10309,310000,9696000,0.302645267477772,0.350599553820413,6
10310,311000,9696000,0.119805666815729,0.103318460680424,5
10311,312000,9696000,0.132720097424614,0.115239821528165,5
10312,313000,9696000,0.0239222716240573,0.0158951477969883,6
10313,314000,9696000,0.0473332017371927,0.0346486335750139,6
10314,315000,9696000,0.405701761212546,0.465978806469604,8
10315,316000,9696000,0.00774132607714735,0.00411321807027328,3
10316,317000,9696000,0,0,0
10317,318000,9696000,0.171869239187723,0.167177914110429,9
10318,319000,9696000,0.788331518118938,2.12060791968767,13
10319,320000,9696000,0.593233955185519,0.930493586168433,12
10320,321000,9696000,0.0738147454795584,0.0708310094813162,8
10321,322000,9696000,0.00137728250361463,0.0277467930842164,2
10322,323000,9696000,0.221243567078643,0.256622978248745,3
10323,324000,9696000,0.393439842274642,0.552704963747909,8
10324,325000,9696000,0.293911298163731,0.349762967094255,4
10325,326000,9696000,0.165552792989025,0.188022866703848,4
10326,327000,9696000,0,0.00843558282208589,1
10327,328000,9696000,0.33725210899363,0.468627997769102,10
10328,329000,9696000,1.08563857137088,2.90839375348578,21
10329,330000,9696000,1.18290615305345,3.68948689347462,21
10330,331000,9696000,0.73419014923789,1.23006134969325,9
10331,332000,9696000,0.666987868083677,1.16180981595092,17
10332,333000,9696000,1.13570368947572,4.78792526491913,18
10333,334000,9696000,1.10590566629671,7.28123257110987,23
10334,335000,9696000,1.14653366372957,7.70189626324596,21
10335,336000,9696000,0.48327519192711,0.764849414389292,14
10336,337000,9696000,0.158818347166284,0.157836029001673,11
10337,338000,9696000,0.515957737641637,0.855409927495817,17
10338,339000,9696000,0.54540481103159,0.830451756832125,13
10339,340000,9696000,0.331527713867122,0.403513664249861,12
10340,341000,9696000,0.0988481893048779,0.0946737311767987,9
10341,342000,9696000,0.147902906639292,0.151561628555494,9
10342,343000,9696000,0.221049101337156,0.238915225878416,4
10343,344000,9696000,0.370449636438975,0.458449525934189,6
10344,345000,9696000,0.00774132607714735,0.0389012827663134,2
10345,346000,9696000,0.00525389974000501,0.00285833798103737,3
10346,347000,9696000,0.0297261366249095,0.0630228667038483,3
10347,348000,9696000,0.150779127676267,0.204266592303402,5
10348,349000,9696000,0.0784187394118956,0.134969325153374,4
10349,350000,9696000,0.168218784651949,0.190253764640268,4
10350,351000,9696000,0.197973827126022,0.275306748466258,6
10351,352000,9696000,0.648922208295967,1.03206915783603,15
10352,353000,9696000,0.927853832950986,2.0669966536531,14
10353,354000,9696000,0.867737770567825,1.86858616843279,16
10354,355000,9696000,0.773152302712331,1.43537367540435,13
10355,356000,9696000,0.62747775023527,1.07424707194646,15
10356,357000,9696000,0.722868655493448,1.28541550474066,14
10357,358000,9696000,0.682660375974365,1.14960959286113,15
10358,359000,9696000,0.81442203189445,1.62534857780257,9
10359,360000,9696000,0.385144456676674,0.467721695482432,6
10360,361000,9696000,0.231235355640697,0.276073619631902,5
10361,362000,9696000,0.252212821535582,0.270705521472393,6
10362,363000,9696000,0.448481042111265,0.562534857780257,7
10363,364000,9696000,0.834552371608939,1.53158114891244,11
10364,365000,9696000,0.902861528822052,5.81176798661461,14
10365,366000,9696000,0.550279120832237,7.65741773563859,15
10366,367000,9696000,1.04691060667319,4.26512827663134,13
10367,368000,9696000,0.975909196525502,5.34355828220859,12
10368,369000,9696000,0.747811698098817,7.42261572783045,24
10369,370000,9696000,0.733738589723184,6.27488845510318,12
10370,371000,9696000,0.709083519934481,6.5633017289459,13
10371,372000,9696000,0.759381384951842,2.66675962074735,12
10372,373000,9696000,0.847942869284905,3.35039040713887,12
10373,374000,9696000,0.871212675930872,5.77481873954267,15
10374,375000,9696000,0.623702218906368,1.89847512038523,14
10375,262000,9697000,0.20232615230741,0.24065138721351,7
10376,263000,9697000,0.0841357397581072,0.076361721336142,7
10377,264000,9697000,0.00506480595516748,0.00797472163707493,2
10378,265000,9697000,0.00616307273246771,0.0263316280469455,2
10379,266000,9697000,0,0.023698465242251,1
10380,267000,9697000,0,0.00112849834486909,1
10381,268000,9697000,0.0213465235304373,0.0122630153475775,4
10382,269000,9697000,0.117648137976732,0.0968251579897683,6
10383,270000,9697000,0.013209678826234,0.00872705386698766,3
10384,271000,9697000,0.152202652972518,0.142115558230515,10
10385,272000,9697000,0.370588633131943,0.451173638278664,7
10386,273000,9697000,0.203885255101906,0.266400842612098,5
10387,274000,9697000,0.0360150000721118,0.0584562142642191,7
10388,275000,9697000,0.617091764077256,1.58305747818237,15
10389,276000,9697000,0.349212083782931,0.462232922058381,11
10390,277000,9697000,0.942423147981953,2.85066205236232,12
10391,278000,9697000,0.588997400313775,1.17822750526633,12
10392,279000,9697000,1.00911290849313,3.41385795967499,13
10393,280000,9697000,0.865952144606209,2.2836292506771,17
10394,281000,9697000,0.773631017635103,2.04009930785435,16
10395,282000,9697000,0.551723120659573,0.908215467950647,14
10396,283000,9697000,0.320602784545347,0.46275955461932,11
10397,284000,9697000,0.3705660112572,0.512789647908516,10
10398,285000,9697000,0.362757106695424,0.489316882335239,11
10399,286000,9697000,0.26413079529168,0.327715919349985,10
10400,287000,9697000,0.407727736082811,0.704107733975324,15
10401,288000,9697000,0.128255297438948,0.146178152272043,7
10402,289000,9697000,0.33386947148347,0.398058982846825,12
10403,290000,9697000,0.21098090384223,0.224420704182967,12
10404,291000,9697000,0.202932122594603,0.194553114655432,8
10405,292000,9697000,0,0.000677099006921456,1
10406,293000,9697000,0.122563442384463,0.11999699067108,5
10407,294000,9697000,0.218073320640252,0.272720433343364,4
10408,295000,9697000,0.0439144132560837,0.140836593439663,3
10409,296000,9697000,0,0.0152723442672284,1
10410,297000,9697000,0,0,0
10411,298000,9697000,0.238301055706417,0.203581101414385,5
10412,299000,9697000,0.0446490223960867,0.106003611194704,2
10413,3e+05,9697000,0.354996660948894,0.470734276256395,7
10414,301000,9697000,0.0936616531302377,0.0880228708997893,3
10415,302000,9697000,0,0.0177550406259404,1
10416,303000,9697000,0,0.0175293409569666,1
10417,304000,9697000,0,0,0
10418,305000,9697000,0,0.000150466445982546,1
10419,306000,9697000,0,0.00270839602768583,1
10420,307000,9697000,0.248342206628922,0.27896479085164,10
10421,308000,9697000,0.291511793670864,0.332681312067409,10
10422,309000,9697000,0.148652578088633,0.147005717724947,5
10423,310000,9697000,0.304573099767069,0.352693349383088,5
10424,311000,9697000,0.0742745704876698,0.0530394222088474,5
10425,312000,9697000,0.219128924910806,0.199067108034908,5
10426,313000,9697000,0.0127329843391895,0.00541679205537165,2
10427,314000,9697000,0,0,0
10428,315000,9697000,0.0879582651055491,0.0631959073126693,4
10429,316000,9697000,0,0,0
10430,317000,9697000,0,0,0
10431,318000,9697000,0.452292129881518,0.695079747216371,13
10432,319000,9697000,0.485401803889193,0.917920553716521,14
10433,320000,9697000,0.318845922773135,0.352166716822149,8
10434,321000,9697000,0.160467127293713,0.197111044237135,11
10435,322000,9697000,0.179483256450479,0.22043334336443,8
10436,323000,9697000,0.449412296788112,0.635570267830274,6
10437,324000,9697000,0.132969837064779,0.201775504062594,5
10438,325000,9697000,0.283818954966696,0.309509479386097,4
10439,326000,9697000,0.104458381361771,0.0677851339151369,4
10440,327000,9697000,0.00775528349799086,0.0175293409569666,3
10441,328000,9697000,0.591618916684422,0.894974420704183,13
10442,329000,9697000,0.999999972987117,2.55160999097201,21
10443,330000,9697000,0.984880234596068,2.42228408065001,21
10444,331000,9697000,0.480887316323339,0.656560337044839,8
10445,332000,9697000,0.128738681742542,0.132184772795667,5
10446,333000,9697000,0.610674450693691,0.966972615106831,14
10447,334000,9697000,1.18510550700848,7.44575684622329,23
10448,335000,9697000,0.940348458613989,12.6739392115558,25
10449,336000,9697000,1.21164348543929,7.89783328317785,22
10450,337000,9697000,0.892293604670341,1.9810412278062,15
10451,338000,9697000,0.0845524105844001,0.0728257598555522,8
10452,339000,9697000,0.06064326056975,0.0446133012338249,6
10453,340000,9697000,0.00392849793557463,0.00308456214264219,2
10454,341000,9697000,0.0264227034752879,0.0193349383087571,5
10455,342000,9697000,0.0638361851290296,0.0702678302738489,5
10456,343000,9697000,0.0673752380161693,0.0628949744207042,8
10457,344000,9697000,0.435274615369088,0.569440264820945,7
10458,345000,9697000,0.301966526981921,0.33034908215468,5
10459,346000,9697000,0.0584350467298427,0.0393469756244358,4
10460,347000,9697000,0,0.014896178152272,1
10461,348000,9697000,0.052894573568367,0.0449894673487812,3
10462,349000,9697000,0.0276582900366596,0.0528137225398736,3
10463,350000,9697000,0.230874512642573,0.219756244357508,8
10464,351000,9697000,0.318151770175471,0.381507673788745,6
10465,352000,9697000,0.594438246684775,0.935299428227505,6
10466,353000,9697000,0.602054707768786,0.98818838399037,13
10467,354000,9697000,0.755590501430056,1.52099006921457,14
10468,355000,9697000,0.866468726401154,1.90227204333434,14
10469,356000,9697000,0.330977391475217,0.507222389407162,15
10470,357000,9697000,0.02517452043727,0.0183569064098706,3
10471,358000,9697000,0.20825599766171,0.216822148660849,10
10472,359000,9697000,0.814437111726171,1.55243755642492,9
10473,360000,9697000,0.198160659291765,0.235404754739693,4
10474,361000,9697000,0.0704130251508612,0.151519711104424,4
10475,362000,9697000,0.387474818771266,0.527685826060788,8
10476,363000,9697000,0.68970703848228,1.11337646704785,8
10477,364000,9697000,0.315523345132546,0.356154077640686,5
10478,365000,9697000,0.932579331092845,2.20997592536864,12
10479,366000,9697000,1.05435127533134,2.92115558230515,14
10480,367000,9697000,0.874293483387119,5.4698314775805,14
10481,368000,9697000,1.08585885464014,4.2594793860969,13
10482,369000,9697000,0.81402500489851,6.33034908215468,13
10483,370000,9697000,0.814781767041072,6.36856755943425,12
10484,371000,9697000,0.140045197299376,8.86104423713512,12
10485,372000,9697000,0.868320282732375,4.28836894372555,14
10486,373000,9697000,0.179512906544024,0.308155281372254,11
10487,374000,9697000,0.333989102563579,0.600511585916341,13
10488,375000,9697000,0.0923776687825807,0.131635735865343,6
10489,262000,9698000,0,0,0
10490,263000,9698000,0,0,0
10491,264000,9698000,0,0,0
10492,265000,9698000,0,0,0
10493,266000,9698000,0,0,0
10494,267000,9698000,0,0,0
10495,268000,9698000,0,0,0
10496,269000,9698000,0,0,0
10497,270000,9698000,0,0,0
10498,271000,9698000,0,0,0
10499,272000,9698000,0,0,0
10500,273000,9698000,0,0,0
10501,274000,9698000,0,0,0
10502,275000,9698000,0,0,0
10503,276000,9698000,0,0,0
10504,277000,9698000,0,0,0
10505,278000,9698000,0,0,0
10506,279000,9698000,0,0,0
10507,280000,9698000,0,0,0
10508,281000,9698000,0,0,0
10509,282000,9698000,0,0,0
10510,283000,9698000,0,0,0
10511,284000,9698000,0,0,0
10512,285000,9698000,0,0,0
10513,286000,9698000,0,0,0
10514,287000,9698000,0,0,0
10515,288000,9698000,0,0,0
10516,289000,9698000,0,0,0
10517,290000,9698000,0,0,0
10518,291000,9698000,0,0,0
10519,292000,9698000,0,0,0
10520,293000,9698000,0,0,0
10521,294000,9698000,0,0,0
10522,295000,9698000,0,0,0
10523,296000,9698000,0,0,0
10524,297000,9698000,0,0,0
10525,298000,9698000,0,0,0
10526,299000,9698000,0,0.00154798761609907,1
10527,3e+05,9698000,0,0.0123839009287926,1
10528,301000,9698000,0,0.00928792569659443,1
10529,302000,9698000,0,0,0
10530,303000,9698000,0,0,0
10531,304000,9698000,0,0,0
10532,305000,9698000,0,0,0
10533,306000,9698000,0,0,0
10534,307000,9698000,0.0453365448842737,0.0363777089783282,4
10535,308000,9698000,0.0415395349633772,0.0402476780185759,5
10536,309000,9698000,0.0733733554923635,0.0410216718266254,4
10537,310000,9698000,0.101513048234523,0.0681114551083591,3
10538,311000,9698000,0,0.00232198142414861,1
10539,312000,9698000,0,0,0
10540,313000,9698000,0,0,0
10541,314000,9698000,0,0,0
10542,315000,9698000,0,0,0
10543,316000,9698000,0,0,0
10544,317000,9698000,0,0,0
10545,318000,9698000,0.0798828827078988,0.0410216718266254,3
10546,319000,9698000,0.243390003646324,0.294891640866873,10
10547,320000,9698000,0.271568902469912,0.309597523219814,7
10548,321000,9698000,0.124475650789861,0.0890092879256966,3
10549,322000,9698000,0.0115635063626742,0.0781733746130031,2
10550,323000,9698000,0.0115635063626742,0.0464396284829721,2
10551,324000,9698000,0,0.00696594427244582,1
10552,325000,9698000,0,0,0
10553,326000,9698000,0,0,0
10554,327000,9698000,0.00631854457241136,0.0309597523219814,2
10555,328000,9698000,0.303664060981815,0.420278637770898,9
10556,329000,9698000,0.621528304485375,1.13003095975232,16
10557,330000,9698000,0.527651463487936,0.644736842105263,5
10558,331000,9698000,0,0,0
10559,332000,9698000,0.0985206820112961,0.0797213622291022,2
10560,333000,9698000,0.16423023635552,0.164860681114551,7
10561,334000,9698000,0.965842744573292,2.47523219814242,12
10562,335000,9698000,1.13029604777906,6.14009287925697,19
10563,336000,9698000,1.22164840041222,5.94659442724458,19
10564,337000,9698000,0.653080108124831,0.929566563467492,7
10565,338000,9698000,0,0.00773993808049536,1
10566,339000,9698000,0,0.0108359133126935,1
10567,340000,9698000,0,0.011609907120743,1
10568,341000,9698000,0,0.00154798761609907,1
10569,342000,9698000,0.0527032349254075,0.124613003095975,2
10570,343000,9698000,0.0376557446286782,0.0255417956656347,2
10571,344000,9698000,0,0.0394736842105263,1
10572,345000,9698000,0.47424512792713,0.677244582043344,5
10573,346000,9698000,0.0893563929370298,0.0859133126934985,3
10574,347000,9698000,0,0,0
10575,348000,9698000,0.168730484629624,0.111455108359133,3
10576,349000,9698000,0,0,0
10577,350000,9698000,0.0209786462403053,0.123065015479876,2
10578,351000,9698000,0.0733733554923635,0.225232198142415,2
10579,352000,9698000,0.546965155823357,0.81733746130031,6
10580,353000,9698000,0.404450013513659,0.51625386996904,8
10581,354000,9698000,0.755113946142895,1.60294117647059,13
10582,355000,9698000,0.425177563163887,0.717492260061919,13
10583,356000,9698000,0,0,0
10584,357000,9698000,0,0,0
10585,358000,9698000,0,0,0
10586,359000,9698000,0.699891721203503,1.06965944272446,7
10587,360000,9698000,0,0,0
10588,361000,9698000,0,0,0
10589,362000,9698000,0.910637073938087,1.79489164086687,8
10590,363000,9698000,0.76946772170009,1.41950464396285,8
10591,364000,9698000,0.0632747941180225,0.122291021671827,2
10592,365000,9698000,0,0,0
10593,366000,9698000,0,0.043343653250774,1
10594,367000,9698000,0,0.0495356037151703,1
10595,368000,9698000,0.998371019527731,2.35603715170279,9
10596,369000,9698000,0.911794876570927,6.08359133126935,13
10597,370000,9698000,0.819805433219246,6.03482972136223,11
10598,371000,9698000,0.408602482854458,8.61300309597523,12
10599,372000,9698000,0.958345921275491,4.62538699690402,11
10600,373000,9698000,0.507680544705832,1.39009287925697,11
10601,374000,9698000,0.323037401747438,0.43343653250774,4
10602,375000,9698000,0,0.0138248847926267,1
