"cell_id","cell_x","cell_y","visible_NDSI_mean"
1,262000,9606000,-0.45937999967018
2,263000,9606000,-0.445704573034846
3,264000,9606000,-0.452028480448946
4,265000,9606000,-0.455148726913887
5,266000,9606000,-0.467076738434585
6,267000,9606000,-0.463162965597135
7,268000,9606000,-0.460092117442756
8,269000,9606000,-0.466569178032687
9,270000,9606000,-0.467271469797092
10,271000,9606000,-0.434282316820431
11,272000,9606000,-0.435910283275522
12,273000,9606000,-0.427977534903448
13,274000,9606000,-0.441310434494871
14,275000,9606000,-0.460668120751274
15,276000,9606000,-0.43308731783246
16,277000,9606000,-0.431811521154156
17,278000,9606000,-0.437762315549535
18,279000,9606000,-0.444427238133072
19,280000,9606000,-0.441623755681897
20,281000,9606000,-0.43356530427788
21,282000,9606000,-0.440407202977046
22,283000,9606000,-0.440237293318301
23,284000,9606000,-0.445523769917671
24,285000,9606000,-0.504065707747706
25,286000,9606000,-0.494468055768285
26,287000,9606000,-0.477894867983111
27,288000,9606000,-0.466839968951647
28,289000,9606000,-0.472155217904927
29,290000,9606000,-0.502123791966275
30,291000,9606000,-0.518895877224737
31,292000,9606000,-0.524227948580955
32,293000,9606000,-0.478377721377183
33,294000,9606000,-0.455689929428158
34,295000,9606000,-0.496619097076976
35,296000,9606000,-0.504954587433251
36,297000,9606000,-0.49985335903554
37,298000,9606000,-0.447697122818795
38,299000,9606000,-0.451655873178408
39,3e+05,9606000,-0.460395884509697
40,301000,9606000,-0.491989727633191
41,302000,9606000,-0.492564762944727
42,303000,9606000,-0.492516894303861
43,304000,9606000,-0.476148714339796
44,305000,9606000,-0.447006001444984
45,306000,9606000,-0.412550364811792
46,307000,9606000,-0.420491678314721
47,308000,9606000,-0.443568948803284
48,309000,9606000,-0.412660876963677
49,310000,9606000,-0.433952538078734
50,311000,9606000,-0.4461299910702
51,312000,9606000,-0.460609872360062
52,313000,9606000,-0.445832853825605
53,314000,9606000,-0.445088705961196
54,315000,9606000,-0.443969631236291
55,316000,9606000,-0.436701645693191
56,317000,9606000,-0.428141770466923
57,318000,9606000,-0.425965585141242
58,319000,9606000,-0.416537563948974
59,320000,9606000,-0.404151059530377
60,321000,9606000,-0.406604603177161
61,322000,9606000,-0.391972119969663
62,323000,9606000,-0.397164234967128
63,324000,9606000,-0.399837917576303
64,325000,9606000,-0.387995286443439
65,326000,9606000,-0.388914046935054
66,327000,9606000,-0.406571483227492
67,328000,9606000,-0.404671823004109
68,329000,9606000,-0.416110123942584
69,330000,9606000,-0.456658758956069
70,331000,9606000,-0.472658883122196
71,332000,9606000,-0.442345248645922
72,333000,9606000,-0.422413820230212
73,334000,9606000,-0.420702880610703
74,335000,9606000,-0.423881175393085
75,336000,9606000,-0.431346619440474
76,337000,9606000,-0.44376019058388
77,338000,9606000,-0.442703923889596
78,339000,9606000,-0.426064638637104
79,340000,9606000,-0.419579936173053
80,341000,9606000,-0.419047432054942
81,342000,9606000,-0.503231328897957
82,343000,9606000,-0.474038871337323
83,344000,9606000,-0.471098161811438
84,345000,9606000,-0.464253363679941
85,346000,9606000,-0.460986531088229
86,347000,9606000,-0.455758143010389
87,348000,9606000,-0.453585370634936
88,349000,9606000,-0.464140858418001
89,350000,9606000,-0.471208568898399
90,351000,9606000,-0.476778376173722
91,352000,9606000,-0.452091604568623
92,353000,9606000,-0.517881589409328
93,354000,9606000,-0.517788893395653
94,355000,9606000,-0.527178955819083
95,356000,9606000,-0.55293521702693
96,357000,9606000,-0.575073642755583
97,358000,9606000,-0.590628511259698
98,359000,9606000,-0.619025519095568
99,360000,9606000,-0.606747411947592
100,361000,9606000,-0.602889318024916
101,362000,9606000,-0.586195420207911
102,363000,9606000,-0.549862039577796
103,364000,9606000,-0.524305123280375
104,365000,9606000,-0.524403863876661
105,366000,9606000,-0.557301975365209
106,367000,9606000,-0.612634026940689
107,368000,9606000,-0.604067126792951
108,369000,9606000,-0.631451003305368
109,370000,9606000,-0.630192030510908
110,371000,9606000,-0.631807349076035
111,372000,9606000,-0.63264655738512
112,373000,9606000,-0.632538799493723
113,374000,9606000,-0.632911257129679
114,375000,9606000,-0.62286169235536
115,262000,9607000,-0.461325827988464
116,263000,9607000,-0.513406757591371
117,264000,9607000,-0.482939963295379
118,265000,9607000,-0.486578799198204
119,266000,9607000,-0.475729396010744
120,267000,9607000,-0.478369505131673
121,268000,9607000,-0.473562857272104
122,269000,9607000,-0.470309082466538
123,270000,9607000,-0.453791676267291
124,271000,9607000,-0.433512437764443
125,272000,9607000,-0.4349353115614
126,273000,9607000,-0.437817393718955
127,274000,9607000,-0.4411763840347
128,275000,9607000,-0.4407575557476
129,276000,9607000,-0.451104634541572
130,277000,9607000,-0.442538910504243
131,278000,9607000,-0.435206927599191
132,279000,9607000,-0.442467164113611
133,280000,9607000,-0.437807590267342
134,281000,9607000,-0.425395932623149
135,282000,9607000,-0.42344653936314
136,283000,9607000,-0.402309355416263
137,284000,9607000,-0.412601427721469
138,285000,9607000,-0.427455438547868
139,286000,9607000,-0.458351973301109
140,287000,9607000,-0.479145727847683
141,288000,9607000,-0.460183570822088
142,289000,9607000,-0.442881436909089
143,290000,9607000,-0.439421267474989
144,291000,9607000,-0.462841691169117
145,292000,9607000,-0.433678385388992
146,293000,9607000,-0.445501169587852
147,294000,9607000,-0.410654119000551
148,295000,9607000,-0.47143603315853
149,296000,9607000,-0.499340513593636
150,297000,9607000,-0.494218203904515
151,298000,9607000,-0.493962279358956
152,299000,9607000,-0.486892786322257
153,3e+05,9607000,-0.479787162712088
154,301000,9607000,-0.458470686182635
155,302000,9607000,-0.472878128882808
156,303000,9607000,-0.466357835924573
157,304000,9607000,-0.493508171366705
158,305000,9607000,-0.429286001043916
159,306000,9607000,-0.421313229262516
160,307000,9607000,-0.407012319621545
161,308000,9607000,-0.429685882906959
162,309000,9607000,-0.419264853550584
163,310000,9607000,-0.42457568874234
164,311000,9607000,-0.456044397903538
165,312000,9607000,-0.446787785071625
166,313000,9607000,-0.465854945481858
167,314000,9607000,-0.44472971254114
168,315000,9607000,-0.44547974798275
169,316000,9607000,-0.47752579717514
170,317000,9607000,-0.487805037960671
171,318000,9607000,-0.402254587650977
172,319000,9607000,-0.398499895965693
173,320000,9607000,-0.402232863780888
174,321000,9607000,-0.419884435760922
175,322000,9607000,-0.420862724285261
176,323000,9607000,-0.410257711730122
177,324000,9607000,-0.406100641741118
178,325000,9607000,-0.404946354126214
179,326000,9607000,-0.411262044987753
180,327000,9607000,-0.409228201116852
181,328000,9607000,-0.403662517867391
182,329000,9607000,-0.414894321993123
183,330000,9607000,-0.45426575008834
184,331000,9607000,-0.466242679425733
185,332000,9607000,-0.479744189304352
186,333000,9607000,-0.460569060856452
187,334000,9607000,-0.435607429406256
188,335000,9607000,-0.436665668895215
189,336000,9607000,-0.448585140390008
190,337000,9607000,-0.465804035245007
191,338000,9607000,-0.472319154057756
192,339000,9607000,-0.427496185754332
193,340000,9607000,-0.423942155588093
194,341000,9607000,-0.42466725794317
195,342000,9607000,-0.468582805138556
196,343000,9607000,-0.475851786927469
197,344000,9607000,-0.479983457161215
198,345000,9607000,-0.473802350892206
199,346000,9607000,-0.46823569050976
200,347000,9607000,-0.465187977868362
201,348000,9607000,-0.458702319949679
202,349000,9607000,-0.43690066922586
203,350000,9607000,-0.446508478073021
204,351000,9607000,-0.462934323417968
205,352000,9607000,-0.491306234619643
206,353000,9607000,-0.462901099070927
207,354000,9607000,-0.50880222436093
208,355000,9607000,-0.524151260664593
209,356000,9607000,-0.543816319362884
210,357000,9607000,-0.565579896614117
211,358000,9607000,-0.592806536732971
212,359000,9607000,-0.606138776076357
213,360000,9607000,-0.608359315317887
214,361000,9607000,-0.608269856878891
215,362000,9607000,-0.587489538628485
216,363000,9607000,-0.544321929210182
217,364000,9607000,-0.520844367675711
218,365000,9607000,-0.516033639238966
219,366000,9607000,-0.518901405296316
220,367000,9607000,-0.592188096142982
221,368000,9607000,-0.589319559721355
222,369000,9607000,-0.632532947159863
223,370000,9607000,-0.630527513309301
224,371000,9607000,-0.632132133276181
225,372000,9607000,-0.632569571299966
226,373000,9607000,-0.631172360003576
227,374000,9607000,-0.631954053127228
228,375000,9607000,-0.624309520552289
229,262000,9608000,-0.462628222442531
230,263000,9608000,-0.491744509518727
231,264000,9608000,-0.487633931833875
232,265000,9608000,-0.485913558322375
233,266000,9608000,-0.474595227428372
234,267000,9608000,-0.464877110756491
235,268000,9608000,-0.484090743844528
236,269000,9608000,-0.468721854160646
237,270000,9608000,-0.487470744444666
238,271000,9608000,-0.440998190373766
239,272000,9608000,-0.431979043537686
240,273000,9608000,-0.421059235236777
241,274000,9608000,-0.440047290578824
242,275000,9608000,-0.444092932348108
243,276000,9608000,-0.454217960988158
244,277000,9608000,-0.457951703449821
245,278000,9608000,-0.448979220134599
246,279000,9608000,-0.439078302745063
247,280000,9608000,-0.452083552867383
248,281000,9608000,-0.431084593059988
249,282000,9608000,-0.474882832895982
250,283000,9608000,-0.410420759562052
251,284000,9608000,-0.396556164948134
252,285000,9608000,-0.411994541505253
253,286000,9608000,-0.431647241514356
254,287000,9608000,-0.481871001027712
255,288000,9608000,-0.48958822528014
256,289000,9608000,-0.417589645215238
257,290000,9608000,-0.380657633939994
258,291000,9608000,-0.418179443699214
259,292000,9608000,-0.413230455161766
260,293000,9608000,-0.365179282942818
261,294000,9608000,-0.409822456946036
262,295000,9608000,-0.477133586822413
263,296000,9608000,-0.499181633436421
264,297000,9608000,-0.483163434401078
265,298000,9608000,-0.476802239224508
266,299000,9608000,-0.489306170829572
267,3e+05,9608000,-0.482473983295376
268,301000,9608000,-0.463387989281285
269,302000,9608000,-0.46198939027982
270,303000,9608000,-0.440065946628479
271,304000,9608000,-0.420334897038604
272,305000,9608000,-0.419452586956864
273,306000,9608000,-0.407993333963014
274,307000,9608000,-0.407257178554791
275,308000,9608000,-0.405112979518798
276,309000,9608000,-0.408093907087875
277,310000,9608000,-0.422514307122297
278,311000,9608000,-0.458434217290005
279,312000,9608000,-0.459012209876309
280,313000,9608000,-0.465967099386395
281,314000,9608000,-0.451039219887357
282,315000,9608000,-0.447039946828691
283,316000,9608000,-0.50255357253462
284,317000,9608000,-0.447646216446583
285,318000,9608000,-0.426481276872943
286,319000,9608000,-0.398227018893689
287,320000,9608000,-0.403975127447387
288,321000,9608000,-0.435034034047934
289,322000,9608000,-0.423753215010952
290,323000,9608000,-0.416351876696743
291,324000,9608000,-0.417317733154109
292,325000,9608000,-0.416950123519406
293,326000,9608000,-0.418862525225082
294,327000,9608000,-0.400680381223885
295,328000,9608000,-0.399211511240483
296,329000,9608000,-0.420891472532014
297,330000,9608000,-0.444101194031799
298,331000,9608000,-0.472276852946186
299,332000,9608000,-0.466588009487118
300,333000,9608000,-0.477728372725091
301,334000,9608000,-0.491827038283779
302,335000,9608000,-0.506097599190229
303,336000,9608000,-0.505431691649839
304,337000,9608000,-0.5049488947601
305,338000,9608000,-0.49892754677412
306,339000,9608000,-0.452503133912311
307,340000,9608000,-0.423483649631394
308,341000,9608000,-0.460884446323222
309,342000,9608000,-0.487302473146518
310,343000,9608000,-0.486883820134004
311,344000,9608000,-0.499468138612989
312,345000,9608000,-0.492531395052627
313,346000,9608000,-0.480751374393976
314,347000,9608000,-0.476819805050122
315,348000,9608000,-0.474047844510503
316,349000,9608000,-0.454709191929809
317,350000,9608000,-0.446560149996981
318,351000,9608000,-0.465758127306519
319,352000,9608000,-0.491530141332206
320,353000,9608000,-0.474617616121242
321,354000,9608000,-0.508095715887072
322,355000,9608000,-0.535597682664371
323,356000,9608000,-0.570012505915094
324,357000,9608000,-0.5871173470731
325,358000,9608000,-0.605302848192986
326,359000,9608000,-0.60965236153735
327,360000,9608000,-0.601904613391551
328,361000,9608000,-0.606637727930438
329,362000,9608000,-0.589906350223028
330,363000,9608000,-0.531833785304718
331,364000,9608000,-0.506813244436932
332,365000,9608000,-0.547763302851872
333,366000,9608000,-0.58948930645792
334,367000,9608000,-0.617659202892475
335,368000,9608000,-0.607925635371171
336,369000,9608000,-0.631419819354455
337,370000,9608000,-0.630475768718249
338,371000,9608000,-0.630935581318449
339,372000,9608000,-0.633598245142312
340,373000,9608000,-0.630617804835649
341,374000,9608000,-0.631926518917394
342,375000,9608000,-0.625466796723993
343,262000,9609000,-0.464437349115066
344,263000,9609000,-0.4917150323564
345,264000,9609000,-0.49241211854825
346,265000,9609000,-0.483484278068706
347,266000,9609000,-0.495889372180678
348,267000,9609000,-0.478292354030005
349,268000,9609000,-0.468649405352794
350,269000,9609000,-0.460856348981329
351,270000,9609000,-0.459472459053429
352,271000,9609000,-0.445527396259462
353,272000,9609000,-0.436970247038675
354,273000,9609000,-0.426056647406789
355,274000,9609000,-0.438526158446224
356,275000,9609000,-0.445418877237265
357,276000,9609000,-0.436156997472852
358,277000,9609000,-0.462399365460246
359,278000,9609000,-0.464877000513915
360,279000,9609000,-0.433110128365808
361,280000,9609000,-0.434608781461098
362,281000,9609000,-0.444236583564144
363,282000,9609000,-0.408113975051872
364,283000,9609000,-0.420171412280444
365,284000,9609000,-0.403565786498916
366,285000,9609000,-0.407107832193474
367,286000,9609000,-0.389004833456684
368,287000,9609000,-0.394946338335596
369,288000,9609000,-0.409225669237237
370,289000,9609000,-0.391231885530144
371,290000,9609000,-0.480045850592221
372,291000,9609000,-0.386460429010589
373,292000,9609000,-0.363264414451509
374,293000,9609000,-0.377526382205486
375,294000,9609000,-0.391788971564124
376,295000,9609000,-0.512809391921677
377,296000,9609000,-0.496243726925683
378,297000,9609000,-0.492483758346184
379,298000,9609000,-0.502459214350948
380,299000,9609000,-0.479417574736688
381,3e+05,9609000,-0.491510689959225
382,301000,9609000,-0.507691976397054
383,302000,9609000,-0.456239865573637
384,303000,9609000,-0.438346667497007
385,304000,9609000,-0.41836584680872
386,305000,9609000,-0.424219447691746
387,306000,9609000,-0.448070240926718
388,307000,9609000,-0.406447998430713
389,308000,9609000,-0.408868161016948
390,309000,9609000,-0.414996614949475
391,310000,9609000,-0.440034958076145
392,311000,9609000,-0.462091916407026
393,312000,9609000,-0.455071190406624
394,313000,9609000,-0.446272574580169
395,314000,9609000,-0.464362942196826
396,315000,9609000,-0.44516534308357
397,316000,9609000,-0.447183569705426
398,317000,9609000,-0.4464880566157
399,318000,9609000,-0.410180304920364
400,319000,9609000,-0.411295219189893
401,320000,9609000,-0.430939538700884
402,321000,9609000,-0.427300278167259
403,322000,9609000,-0.423678414824198
404,323000,9609000,-0.416058148551819
405,324000,9609000,-0.407575707760109
406,325000,9609000,-0.407030606292745
407,326000,9609000,-0.408976068661954
408,327000,9609000,-0.402068271672698
409,328000,9609000,-0.402398631156534
410,329000,9609000,-0.409640649211398
411,330000,9609000,-0.448796305519454
412,331000,9609000,-0.459220502271341
413,332000,9609000,-0.463532670184949
414,333000,9609000,-0.474970800816778
415,334000,9609000,-0.483922980227265
416,335000,9609000,-0.486674548393097
417,336000,9609000,-0.494244303582266
418,337000,9609000,-0.502501832642868
419,338000,9609000,-0.494530419749942
420,339000,9609000,-0.493504707103316
421,340000,9609000,-0.420133992013173
422,341000,9609000,-0.434885106524124
423,342000,9609000,-0.509154824656351
424,343000,9609000,-0.504827572956408
425,344000,9609000,-0.516647847456255
426,345000,9609000,-0.543417089070785
427,346000,9609000,-0.519585642580415
428,347000,9609000,-0.512156537285594
429,348000,9609000,-0.502851188723823
430,349000,9609000,-0.46352796803818
431,350000,9609000,-0.454704781888922
432,351000,9609000,-0.461866664918956
433,352000,9609000,-0.472101106473159
434,353000,9609000,-0.495316124300303
435,354000,9609000,-0.539692716820498
436,355000,9609000,-0.592518173373892
437,356000,9609000,-0.59971298697052
438,357000,9609000,-0.608298623607337
439,358000,9609000,-0.609006959357642
440,359000,9609000,-0.606584433905608
441,360000,9609000,-0.601375980268884
442,361000,9609000,-0.602962458284688
443,362000,9609000,-0.577764814862715
444,363000,9609000,-0.514927681629353
445,364000,9609000,-0.561220044744764
446,365000,9609000,-0.562301342072776
447,366000,9609000,-0.617131407925985
448,367000,9609000,-0.644365918500952
449,368000,9609000,-0.633525330196081
450,369000,9609000,-0.631854822490716
451,370000,9609000,-0.6315936919283
452,371000,9609000,-0.630881039933543
453,372000,9609000,-0.634270526214776
454,373000,9609000,-0.629899151899463
455,374000,9609000,-0.631683282349725
456,375000,9609000,-0.627165928559356
457,262000,9610000,-0.469034386778965
458,263000,9610000,-0.495834699487176
459,264000,9610000,-0.491181722706869
460,265000,9610000,-0.477784286882102
461,266000,9610000,-0.475788619387249
462,267000,9610000,-0.473205495409284
463,268000,9610000,-0.449227292089779
464,269000,9610000,-0.451728768816917
465,270000,9610000,-0.437921108797279
466,271000,9610000,-0.423393226815249
467,272000,9610000,-0.423624894996097
468,273000,9610000,-0.435696782778919
469,274000,9610000,-0.435235679535244
470,275000,9610000,-0.437689637375895
471,276000,9610000,-0.450362417193634
472,277000,9610000,-0.440800162044488
473,278000,9610000,-0.456972393927467
474,279000,9610000,-0.445725864381668
475,280000,9610000,-0.445136138990657
476,281000,9610000,-0.428779400647186
477,282000,9610000,-0.418412514775673
478,283000,9610000,-0.40389412126075
479,284000,9610000,-0.401723179040248
480,285000,9610000,-0.408524046158628
481,286000,9610000,-0.410716193770263
482,287000,9610000,-0.387454771766821
483,288000,9610000,-0.387858754127477
484,289000,9610000,-0.406677809809748
485,290000,9610000,-0.376693530114546
486,291000,9610000,-0.387391366948358
487,292000,9610000,-0.373467519386901
488,293000,9610000,-0.370032926997154
489,294000,9610000,-0.366849762451801
490,295000,9610000,-0.41815301457601
491,296000,9610000,-0.460748790867286
492,297000,9610000,-0.509091845789305
493,298000,9610000,-0.50660100132083
494,299000,9610000,-0.499600521981289
495,3e+05,9610000,-0.463731013049536
496,301000,9610000,-0.444061176315121
497,302000,9610000,-0.448542152816698
498,303000,9610000,-0.437886770032826
499,304000,9610000,-0.431830311701779
500,305000,9610000,-0.4278477071252
501,306000,9610000,-0.416910291478215
502,307000,9610000,-0.417118088212071
503,308000,9610000,-0.411674695026332
504,309000,9610000,-0.417167673830901
505,310000,9610000,-0.442717007912156
506,311000,9610000,-0.463609833749523
507,312000,9610000,-0.452718101839229
508,313000,9610000,-0.447588230021124
509,314000,9610000,-0.445801031360092
510,315000,9610000,-0.439411949440923
511,316000,9610000,-0.451570825644283
512,317000,9610000,-0.430585292807767
513,318000,9610000,-0.422380958819376
514,319000,9610000,-0.418369663133761
515,320000,9610000,-0.424899314579171
516,321000,9610000,-0.427170298209693
517,322000,9610000,-0.429837923737002
518,323000,9610000,-0.429655251998076
519,324000,9610000,-0.388918313347869
520,325000,9610000,-0.394766998884
521,326000,9610000,-0.40379700667822
522,327000,9610000,-0.402627726206555
523,328000,9610000,-0.407877407144563
524,329000,9610000,-0.404737084140426
525,330000,9610000,-0.461323212437595
526,331000,9610000,-0.458548221540746
527,332000,9610000,-0.468282441625732
528,333000,9610000,-0.470810464628017
529,334000,9610000,-0.49402869350171
530,335000,9610000,-0.485088447154852
531,336000,9610000,-0.4995255607232
532,337000,9610000,-0.5032265907539
533,338000,9610000,-0.511916317944593
534,339000,9610000,-0.476277970255158
535,340000,9610000,-0.482407633880757
536,341000,9610000,-0.427528981307458
537,342000,9610000,-0.518089117053498
538,343000,9610000,-0.508134799357696
539,344000,9610000,-0.505445007489515
540,345000,9610000,-0.52001478490833
541,346000,9610000,-0.507048631391785
542,347000,9610000,-0.50833401706706
543,348000,9610000,-0.520521846866587
544,349000,9610000,-0.533801756338722
545,350000,9610000,-0.512812235270263
546,351000,9610000,-0.490983862972757
547,352000,9610000,-0.496576421423108
548,353000,9610000,-0.533780236928367
549,354000,9610000,-0.578953585626797
550,355000,9610000,-0.5860820873136
551,356000,9610000,-0.558975811007882
552,357000,9610000,-0.590317659409663
553,358000,9610000,-0.603346715547789
554,359000,9610000,-0.603962850470326
555,360000,9610000,-0.597771420172265
556,361000,9610000,-0.598867983820366
557,362000,9610000,-0.548846537707851
558,363000,9610000,-0.525732532408373
559,364000,9610000,-0.530478980605409
560,365000,9610000,-0.523040741029375
561,366000,9610000,-0.533941595409304
562,367000,9610000,-0.566271541958001
563,368000,9610000,-0.615527223457101
564,369000,9610000,-0.633196689365571
565,370000,9610000,-0.632467780534083
566,371000,9610000,-0.632193009378591
567,372000,9610000,-0.633674938807091
568,373000,9610000,-0.631022532684039
569,374000,9610000,-0.62732260511461
570,375000,9610000,-0.628120341253403
571,262000,9611000,-0.472551365587812
572,263000,9611000,-0.49333806814297
573,264000,9611000,-0.487074460622965
574,265000,9611000,-0.480488222586874
575,266000,9611000,-0.472721501325817
576,267000,9611000,-0.473212846467922
577,268000,9611000,-0.452381242237031
578,269000,9611000,-0.448961066975575
579,270000,9611000,-0.455293541366861
580,271000,9611000,-0.456716902455234
581,272000,9611000,-0.441780315064082
582,273000,9611000,-0.433193383808341
583,274000,9611000,-0.434244203325653
584,275000,9611000,-0.443734293322177
585,276000,9611000,-0.440091338239003
586,277000,9611000,-0.442478118133276
587,278000,9611000,-0.463701678212947
588,279000,9611000,-0.464464532353174
589,280000,9611000,-0.467351502741569
590,281000,9611000,-0.46457024392147
591,282000,9611000,-0.423659916862007
592,283000,9611000,-0.422331865077594
593,284000,9611000,-0.418322315504663
594,285000,9611000,-0.41210975994558
595,286000,9611000,-0.40673433090582
596,287000,9611000,-0.393353197379839
597,288000,9611000,-0.411330155096766
598,289000,9611000,-0.414336596447497
599,290000,9611000,-0.381978351463338
600,291000,9611000,-0.389036005790087
601,292000,9611000,-0.419743768311927
602,293000,9611000,-0.40738125694344
603,294000,9611000,-0.3765296630882
604,295000,9611000,-0.45633356267392
605,296000,9611000,-0.448658515772027
606,297000,9611000,-0.429160906970075
607,298000,9611000,-0.420386405401431
608,299000,9611000,-0.442731427797496
609,3e+05,9611000,-0.457204490419857
610,301000,9611000,-0.451414662532254
611,302000,9611000,-0.451162165749042
612,303000,9611000,-0.444719563202513
613,304000,9611000,-0.434869875394257
614,305000,9611000,-0.425444517371879
615,306000,9611000,-0.426527050030445
616,307000,9611000,-0.41798561314986
617,308000,9611000,-0.418040565803499
618,309000,9611000,-0.42457333981494
619,310000,9611000,-0.441156705207505
620,311000,9611000,-0.439017452995848
621,312000,9611000,-0.454287534223964
622,313000,9611000,-0.452184892936136
623,314000,9611000,-0.450016440412999
624,315000,9611000,-0.442361285721007
625,316000,9611000,-0.435729847364494
626,317000,9611000,-0.429094232990009
627,318000,9611000,-0.419580973356097
628,319000,9611000,-0.419344505007738
629,320000,9611000,-0.425723239270206
630,321000,9611000,-0.42438168410376
631,322000,9611000,-0.419023256143833
632,323000,9611000,-0.421510480157031
633,324000,9611000,-0.393064689505027
634,325000,9611000,-0.407655167872763
635,326000,9611000,-0.412260623715925
636,327000,9611000,-0.410569890880895
637,328000,9611000,-0.414306825970454
638,329000,9611000,-0.406510663504803
639,330000,9611000,-0.495542554430943
640,331000,9611000,-0.465952723818385
641,332000,9611000,-0.466211921606152
642,333000,9611000,-0.476822795596037
643,334000,9611000,-0.480560360494889
644,335000,9611000,-0.490170195965151
645,336000,9611000,-0.495520418040464
646,337000,9611000,-0.499484517941429
647,338000,9611000,-0.50688167885025
648,339000,9611000,-0.485827305924552
649,340000,9611000,-0.489723352481839
650,341000,9611000,-0.476129223448118
651,342000,9611000,-0.49260996604681
652,343000,9611000,-0.518854099023064
653,344000,9611000,-0.509770370228529
654,345000,9611000,-0.508651456767913
655,346000,9611000,-0.511705555523494
656,347000,9611000,-0.517118988049884
657,348000,9611000,-0.548789458069773
658,349000,9611000,-0.546613361526799
659,350000,9611000,-0.545379368670402
660,351000,9611000,-0.532656317254438
661,352000,9611000,-0.532811522410931
662,353000,9611000,-0.562872917605128
663,354000,9611000,-0.577418200691107
664,355000,9611000,-0.582543375243153
665,356000,9611000,-0.584569058222916
666,357000,9611000,-0.602748979432375
667,358000,9611000,-0.595265686771372
668,359000,9611000,-0.599466010521601
669,360000,9611000,-0.591627837429156
670,361000,9611000,-0.59024169326642
671,362000,9611000,-0.53920833787104
672,363000,9611000,-0.548083750430997
673,364000,9611000,-0.52705021354239
674,365000,9611000,-0.515168016621331
675,366000,9611000,-0.545982021637724
676,367000,9611000,-0.601357963947185
677,368000,9611000,-0.593583030534543
678,369000,9611000,-0.632529678915355
679,370000,9611000,-0.632696335891872
680,371000,9611000,-0.632654983170106
681,372000,9611000,-0.632396990032259
682,373000,9611000,-0.63325820807134
683,374000,9611000,-0.63076619641479
684,375000,9611000,-0.630332661338462
685,262000,9612000,-0.476112912163632
686,263000,9612000,-0.497438494440536
687,264000,9612000,-0.479939513301973
688,265000,9612000,-0.47895946831321
689,266000,9612000,-0.466363402806958
690,267000,9612000,-0.440591193822252
691,268000,9612000,-0.422888035618625
692,269000,9612000,-0.426740473199213
693,270000,9612000,-0.438727180577396
694,271000,9612000,-0.428222701820869
695,272000,9612000,-0.441404218358276
696,273000,9612000,-0.445556932559026
697,274000,9612000,-0.425316852285584
698,275000,9612000,-0.436364530647446
699,276000,9612000,-0.440977981591439
700,277000,9612000,-0.418697884219614
701,278000,9612000,-0.463408654616002
702,279000,9612000,-0.470443959090246
703,280000,9612000,-0.461379022123882
704,281000,9612000,-0.466679790320698
705,282000,9612000,-0.470286942637698
706,283000,9612000,-0.45778580433561
707,284000,9612000,-0.426006879609725
708,285000,9612000,-0.424496933738827
709,286000,9612000,-0.422172411604758
710,287000,9612000,-0.400407619394095
711,288000,9612000,-0.395464805621681
712,289000,9612000,-0.400220315121057
713,290000,9612000,-0.394721736796727
714,291000,9612000,-0.397516578375699
715,292000,9612000,-0.379974602265478
716,293000,9612000,-0.420698399812144
717,294000,9612000,-0.389858475939473
718,295000,9612000,-0.370423550263422
719,296000,9612000,-0.446696918312595
720,297000,9612000,-0.433638570790537
721,298000,9612000,-0.427940081691636
722,299000,9612000,-0.438224963717991
723,3e+05,9612000,-0.45702000133619
724,301000,9612000,-0.477270687948495
725,302000,9612000,-0.461750021647695
726,303000,9612000,-0.456652633525405
727,304000,9612000,-0.44947903085822
728,305000,9612000,-0.453158285866294
729,306000,9612000,-0.46805962596792
730,307000,9612000,-0.444834625087584
731,308000,9612000,-0.43121436867519
732,309000,9612000,-0.428813793647772
733,310000,9612000,-0.447095573222704
734,311000,9612000,-0.44581673457393
735,312000,9612000,-0.468194497457401
736,313000,9612000,-0.451750647921102
737,314000,9612000,-0.448353640602666
738,315000,9612000,-0.438427185264675
739,316000,9612000,-0.437972424721095
740,317000,9612000,-0.428742535088102
741,318000,9612000,-0.426338261287895
742,319000,9612000,-0.423155810996256
743,320000,9612000,-0.426160195149141
744,321000,9612000,-0.421388679355908
745,322000,9612000,-0.415867116541906
746,323000,9612000,-0.408804201601867
747,324000,9612000,-0.423630360207165
748,325000,9612000,-0.431331521623549
749,326000,9612000,-0.428123087752038
750,327000,9612000,-0.421546586083279
751,328000,9612000,-0.426972383087158
752,329000,9612000,-0.422410168614647
753,330000,9612000,-0.472804918161926
754,331000,9612000,-0.47052752985463
755,332000,9612000,-0.461696086527334
756,333000,9612000,-0.467108461999722
757,334000,9612000,-0.466969567344071
758,335000,9612000,-0.475140350303943
759,336000,9612000,-0.484076003539019
760,337000,9612000,-0.50244730848726
761,338000,9612000,-0.455484582979206
762,339000,9612000,-0.490900291384552
763,340000,9612000,-0.492877588225754
764,341000,9612000,-0.503617914700505
765,342000,9612000,-0.505672442244227
766,343000,9612000,-0.513351818619579
767,344000,9612000,-0.514058686529419
768,345000,9612000,-0.508083143254955
769,346000,9612000,-0.512793817556009
770,347000,9612000,-0.506548075046342
771,348000,9612000,-0.488135631834202
772,349000,9612000,-0.530316915690031
773,350000,9612000,-0.535692177582944
774,351000,9612000,-0.534285808004708
775,352000,9612000,-0.54560810118509
776,353000,9612000,-0.557872606751306
777,354000,9612000,-0.591561212973157
778,355000,9612000,-0.598328358209315
779,356000,9612000,-0.594360053676139
780,357000,9612000,-0.582245976992053
781,358000,9612000,-0.594120554537289
782,359000,9612000,-0.59761561152571
783,360000,9612000,-0.592297381817868
784,361000,9612000,-0.591302425177174
785,362000,9612000,-0.547674455650949
786,363000,9612000,-0.534420783885356
787,364000,9612000,-0.521771728588467
788,365000,9612000,-0.503217907619342
789,366000,9612000,-0.567878240294774
790,367000,9612000,-0.554224643038741
791,368000,9612000,-0.559702941432244
792,369000,9612000,-0.620385101949729
793,370000,9612000,-0.631653189058246
794,371000,9612000,-0.632114393079333
795,372000,9612000,-0.633439953075597
796,373000,9612000,-0.633514298817686
797,374000,9612000,-0.636134614347248
798,375000,9612000,-0.628664567283942
799,262000,9613000,-0.479064680270791
800,263000,9613000,-0.499810116499246
801,264000,9613000,-0.473644232750958
802,265000,9613000,-0.493461642518072
803,266000,9613000,-0.464731534728691
804,267000,9613000,-0.441130465236469
805,268000,9613000,-0.408951557903302
806,269000,9613000,-0.415694531341417
807,270000,9613000,-0.427446864598109
808,271000,9613000,-0.440062214530828
809,272000,9613000,-0.448621011728566
810,273000,9613000,-0.42064268125882
811,274000,9613000,-0.442617479623937
812,275000,9613000,-0.433583025383014
813,276000,9613000,-0.433715867219288
814,277000,9613000,-0.435440042101071
815,278000,9613000,-0.456876966040182
816,279000,9613000,-0.461147708181719
817,280000,9613000,-0.475242293175695
818,281000,9613000,-0.460409090699085
819,282000,9613000,-0.453288196724838
820,283000,9613000,-0.45807958577699
821,284000,9613000,-0.459555119307993
822,285000,9613000,-0.46467139586444
823,286000,9613000,-0.465407665957954
824,287000,9613000,-0.460184382525417
825,288000,9613000,-0.467803098591312
826,289000,9613000,-0.433982111458219
827,290000,9613000,-0.421041962598149
828,291000,9613000,-0.415914880191317
829,292000,9613000,-0.412001595855772
830,293000,9613000,-0.418887930271814
831,294000,9613000,-0.439558965685915
832,295000,9613000,-0.418204715341084
833,296000,9613000,-0.432180603678005
834,297000,9613000,-0.441922662708133
835,298000,9613000,-0.437840265779562
836,299000,9613000,-0.440102379616558
837,3e+05,9613000,-0.441189950737426
838,301000,9613000,-0.496188457723302
839,302000,9613000,-0.462536964892943
840,303000,9613000,-0.475699059560743
841,304000,9613000,-0.482844134359462
842,305000,9613000,-0.447404457409216
843,306000,9613000,-0.472070017515933
844,307000,9613000,-0.481859223179709
845,308000,9613000,-0.441568578930452
846,309000,9613000,-0.432325647009369
847,310000,9613000,-0.461823139256103
848,311000,9613000,-0.455522611620285
849,312000,9613000,-0.463863353348044
850,313000,9613000,-0.453625990872603
851,314000,9613000,-0.447725626067002
852,315000,9613000,-0.442767400258325
853,316000,9613000,-0.431839645244993
854,317000,9613000,-0.431437741950923
855,318000,9613000,-0.424137001284028
856,319000,9613000,-0.424944366015222
857,320000,9613000,-0.431046787547371
858,321000,9613000,-0.426984303194451
859,322000,9613000,-0.411660717135205
860,323000,9613000,-0.41134406647467
861,324000,9613000,-0.4078885217852
862,325000,9613000,-0.426622266826119
863,326000,9613000,-0.443408013479122
864,327000,9613000,-0.42609278914377
865,328000,9613000,-0.453545947128195
866,329000,9613000,-0.423182120466842
867,330000,9613000,-0.466361210363944
868,331000,9613000,-0.466961675319164
869,332000,9613000,-0.465333984999249
870,333000,9613000,-0.461524319089655
871,334000,9613000,-0.460753379491091
872,335000,9613000,-0.469518194888142
873,336000,9613000,-0.481733909564059
874,337000,9613000,-0.479464106564265
875,338000,9613000,-0.4825528767347
876,339000,9613000,-0.493190898140864
877,340000,9613000,-0.506031656281987
878,341000,9613000,-0.505538512563131
879,342000,9613000,-0.500918463807667
880,343000,9613000,-0.505427216556874
881,344000,9613000,-0.510243250700775
882,345000,9613000,-0.507473340963692
883,346000,9613000,-0.498131423299222
884,347000,9613000,-0.449258863910802
885,348000,9613000,-0.458471628822202
886,349000,9613000,-0.50920255160258
887,350000,9613000,-0.53861005744294
888,351000,9613000,-0.535096188628544
889,352000,9613000,-0.524710923072872
890,353000,9613000,-0.52537373661199
891,354000,9613000,-0.572738027769337
892,355000,9613000,-0.602918689067385
893,356000,9613000,-0.592112646501954
894,357000,9613000,-0.583679309241551
895,358000,9613000,-0.583603948527148
896,359000,9613000,-0.59190971385179
897,360000,9613000,-0.585009273431882
898,361000,9613000,-0.565358633998268
899,362000,9613000,-0.536810695104381
900,363000,9613000,-0.532422173671929
901,364000,9613000,-0.51314471497938
902,365000,9613000,-0.503617652311882
903,366000,9613000,-0.519615900390792
904,367000,9613000,-0.514178697171717
905,368000,9613000,-0.531588399902928
906,369000,9613000,-0.612883706528874
907,370000,9613000,-0.633815378024303
908,371000,9613000,-0.634208557765812
909,372000,9613000,-0.635678612096924
910,373000,9613000,-0.636151939498173
911,374000,9613000,-0.636582897275606
912,375000,9613000,-0.627127558603866
913,262000,9614000,-0.482398773081634
914,263000,9614000,-0.516914705553389
915,264000,9614000,-0.496652724324329
916,265000,9614000,-0.487740024297953
917,266000,9614000,-0.463823523622944
918,267000,9614000,-0.419112834644773
919,268000,9614000,-0.405261879371714
920,269000,9614000,-0.403632283644967
921,270000,9614000,-0.421272892618474
922,271000,9614000,-0.42457648190232
923,272000,9614000,-0.445650285562387
924,273000,9614000,-0.457148867954719
925,274000,9614000,-0.435666042432922
926,275000,9614000,-0.446212860820278
927,276000,9614000,-0.430275245992612
928,277000,9614000,-0.445392820210197
929,278000,9614000,-0.457142539317253
930,279000,9614000,-0.444513340495372
931,280000,9614000,-0.463310786976913
932,281000,9614000,-0.462508159558668
933,282000,9614000,-0.458957615813444
934,283000,9614000,-0.454307240932321
935,284000,9614000,-0.452129857414758
936,285000,9614000,-0.452342822734987
937,286000,9614000,-0.461626299491265
938,287000,9614000,-0.447718073779313
939,288000,9614000,-0.450045448211319
940,289000,9614000,-0.475599071748719
941,290000,9614000,-0.464094404094143
942,291000,9614000,-0.456798897314823
943,292000,9614000,-0.460925009141004
944,293000,9614000,-0.469273860685996
945,294000,9614000,-0.46384808910102
946,295000,9614000,-0.473902917506677
947,296000,9614000,-0.473437330748089
948,297000,9614000,-0.46383832029137
949,298000,9614000,-0.441716876656156
950,299000,9614000,-0.443487555047407
951,3e+05,9614000,-0.444710405552698
952,301000,9614000,-0.450865257474322
953,302000,9614000,-0.468664697169918
954,303000,9614000,-0.499681386443609
955,304000,9614000,-0.48616758142644
956,305000,9614000,-0.484495594861517
957,306000,9614000,-0.444851146862888
958,307000,9614000,-0.46782150402325
959,308000,9614000,-0.442349497380342
960,309000,9614000,-0.430206185052316
961,310000,9614000,-0.446871746780118
962,311000,9614000,-0.459022144468132
963,312000,9614000,-0.454380445303039
964,313000,9614000,-0.448536225608473
965,314000,9614000,-0.445422772678188
966,315000,9614000,-0.442944799553779
967,316000,9614000,-0.433185285368314
968,317000,9614000,-0.437458548176863
969,318000,9614000,-0.429934716484866
970,319000,9614000,-0.431528847662138
971,320000,9614000,-0.433543918323422
972,321000,9614000,-0.445070106333237
973,322000,9614000,-0.447235581807585
974,323000,9614000,-0.45094634734612
975,324000,9614000,-0.459400313622531
976,325000,9614000,-0.453366077970345
977,326000,9614000,-0.460887444236527
978,327000,9614000,-0.453209601366024
979,328000,9614000,-0.487074341421352
980,329000,9614000,-0.453867109969212
981,330000,9614000,-0.464254268389433
982,331000,9614000,-0.469999702510958
983,332000,9614000,-0.467361295583017
984,333000,9614000,-0.469387588797072
985,334000,9614000,-0.461754517462695
986,335000,9614000,-0.464724248112128
987,336000,9614000,-0.468043611842086
988,337000,9614000,-0.473160109886943
989,338000,9614000,-0.484696528081035
990,339000,9614000,-0.495740866187011
991,340000,9614000,-0.509285657361214
992,341000,9614000,-0.51307299072054
993,342000,9614000,-0.509289014576373
994,343000,9614000,-0.513663952811116
995,344000,9614000,-0.507448956949871
996,345000,9614000,-0.502593828510011
997,346000,9614000,-0.498909797797328
998,347000,9614000,-0.485276247036495
999,348000,9614000,-0.453278736419574
1000,349000,9614000,-0.507391676970487
1001,350000,9614000,-0.520223611221249
1002,351000,9614000,-0.525507582738168
1003,352000,9614000,-0.516374316083913
1004,353000,9614000,-0.552524964791742
1005,354000,9614000,-0.556497186939604
1006,355000,9614000,-0.574795814031643
1007,356000,9614000,-0.577372163402074
1008,357000,9614000,-0.583474394899017
1009,358000,9614000,-0.579879868353686
1010,359000,9614000,-0.57818760222656
1011,360000,9614000,-0.567976000780422
1012,361000,9614000,-0.531529429069305
1013,362000,9614000,-0.529073841115433
1014,363000,9614000,-0.518733569523524
1015,364000,9614000,-0.507446578509357
1016,365000,9614000,-0.504426487133754
1017,366000,9614000,-0.53620503474269
1018,367000,9614000,-0.517277547248652
1019,368000,9614000,-0.52540639199601
1020,369000,9614000,-0.59706935974739
1021,370000,9614000,-0.635275399223854
1022,371000,9614000,-0.636700120543844
1023,372000,9614000,-0.637088531383234
1024,373000,9614000,-0.636954608839053
1025,374000,9614000,-0.637313741526326
1026,375000,9614000,-0.625487389405832
1027,262000,9615000,-0.486331599233264
1028,263000,9615000,-0.495800492262213
1029,264000,9615000,-0.499274705065407
1030,265000,9615000,-0.484911435790537
1031,266000,9615000,-0.461070596094224
1032,267000,9615000,-0.440071535598798
1033,268000,9615000,-0.414503201078053
1034,269000,9615000,-0.421844510085641
1035,270000,9615000,-0.415267084004745
1036,271000,9615000,-0.405338230626577
1037,272000,9615000,-0.45928239731459
1038,273000,9615000,-0.461093951270104
1039,274000,9615000,-0.442035792249198
1040,275000,9615000,-0.433149285393941
1041,276000,9615000,-0.430714639802829
1042,277000,9615000,-0.446836549872276
1043,278000,9615000,-0.450875735840872
1044,279000,9615000,-0.439247018930317
1045,280000,9615000,-0.459203911345928
1046,281000,9615000,-0.462505572408184
1047,282000,9615000,-0.458278335821439
1048,283000,9615000,-0.456248866411638
1049,284000,9615000,-0.455106343589396
1050,285000,9615000,-0.453528358969285
1051,286000,9615000,-0.450167325454864
1052,287000,9615000,-0.452405685112326
1053,288000,9615000,-0.448147237436614
1054,289000,9615000,-0.458112294637829
1055,290000,9615000,-0.462174968019469
1056,291000,9615000,-0.451946898266392
1057,292000,9615000,-0.426818853477012
1058,293000,9615000,-0.462579769040654
1059,294000,9615000,-0.450184791984808
1060,295000,9615000,-0.460104958027179
1061,296000,9615000,-0.461964536409329
1062,297000,9615000,-0.468418611927868
1063,298000,9615000,-0.448543937834435
1064,299000,9615000,-0.447828478880257
1065,3e+05,9615000,-0.448295890180321
1066,301000,9615000,-0.449539644367105
1067,302000,9615000,-0.493304560925484
1068,303000,9615000,-0.491244225367325
1069,304000,9615000,-0.489346121211224
1070,305000,9615000,-0.455229625478168
1071,306000,9615000,-0.459892174883981
1072,307000,9615000,-0.437770743784292
1073,308000,9615000,-0.457846349716778
1074,309000,9615000,-0.418818123787463
1075,310000,9615000,-0.469365165641518
1076,311000,9615000,-0.453294480862003
1077,312000,9615000,-0.450761566108158
1078,313000,9615000,-0.44554707345112
1079,314000,9615000,-0.446264859836391
1080,315000,9615000,-0.440768422367188
1081,316000,9615000,-0.436209043500801
1082,317000,9615000,-0.454453246160676
1083,318000,9615000,-0.442458353173806
1084,319000,9615000,-0.440317733906636
1085,320000,9615000,-0.44300521567176
1086,321000,9615000,-0.446290457365576
1087,322000,9615000,-0.448708552601806
1088,323000,9615000,-0.458281021379422
1089,324000,9615000,-0.473851978681972
1090,325000,9615000,-0.462761521703965
1091,326000,9615000,-0.463404533919692
1092,327000,9615000,-0.459340388398631
1093,328000,9615000,-0.466178259098939
1094,329000,9615000,-0.462626988648121
1095,330000,9615000,-0.465078297149893
1096,331000,9615000,-0.467339226507507
1097,332000,9615000,-0.463565108108666
1098,333000,9615000,-0.466079178094563
1099,334000,9615000,-0.467713640108348
1100,335000,9615000,-0.459575354878356
1101,336000,9615000,-0.462130702041224
1102,337000,9615000,-0.456079317943353
1103,338000,9615000,-0.480008733519841
1104,339000,9615000,-0.49412530136467
1105,340000,9615000,-0.503664328315708
1106,341000,9615000,-0.521504526301422
1107,342000,9615000,-0.51503393259847
1108,343000,9615000,-0.522888435847253
1109,344000,9615000,-0.505285610930526
1110,345000,9615000,-0.50232797684783
1111,346000,9615000,-0.492316765153376
1112,347000,9615000,-0.4931203768653
1113,348000,9615000,-0.496222026291818
1114,349000,9615000,-0.51463547263703
1115,350000,9615000,-0.516176170736566
1116,351000,9615000,-0.523462759078256
1117,352000,9615000,-0.515058581367848
1118,353000,9615000,-0.486068304088362
1119,354000,9615000,-0.565527439089493
1120,355000,9615000,-0.563344016496357
1121,356000,9615000,-0.56892204693425
1122,357000,9615000,-0.573118326933305
1123,358000,9615000,-0.567296387026515
1124,359000,9615000,-0.563176069853903
1125,360000,9615000,-0.549488692070221
1126,361000,9615000,-0.526941735249074
1127,362000,9615000,-0.516573817325226
1128,363000,9615000,-0.510296480368937
1129,364000,9615000,-0.503685778845995
1130,365000,9615000,-0.50847874411419
1131,366000,9615000,-0.591610519085673
1132,367000,9615000,-0.538656176449441
1133,368000,9615000,-0.534607468565615
1134,369000,9615000,-0.563662517427752
1135,370000,9615000,-0.636714602369907
1136,371000,9615000,-0.63602174039348
1137,372000,9615000,-0.633547462297048
1138,373000,9615000,-0.632577628959705
1139,374000,9615000,-0.635188149777159
1140,375000,9615000,-0.62378055473832
1141,262000,9616000,-0.491369118510528
1142,263000,9616000,-0.514509507468475
1143,264000,9616000,-0.51771827504165
1144,265000,9616000,-0.480926546401619
1145,266000,9616000,-0.486134718392831
1146,267000,9616000,-0.457683985213025
1147,268000,9616000,-0.438378241517301
1148,269000,9616000,-0.428627687427677
1149,270000,9616000,-0.426086895526699
1150,271000,9616000,-0.422529996175327
1151,272000,9616000,-0.425786048893599
1152,273000,9616000,-0.432574673730364
1153,274000,9616000,-0.426398622007857
1154,275000,9616000,-0.430138930369017
1155,276000,9616000,-0.431241409231401
1156,277000,9616000,-0.44389482676554
1157,278000,9616000,-0.43741748323207
1158,279000,9616000,-0.439357731369124
1159,280000,9616000,-0.460849436187754
1160,281000,9616000,-0.459131697099046
1161,282000,9616000,-0.456988339934992
1162,283000,9616000,-0.454449803264839
1163,284000,9616000,-0.450648054554863
1164,285000,9616000,-0.449826442120677
1165,286000,9616000,-0.44662826364708
1166,287000,9616000,-0.445350513054807
1167,288000,9616000,-0.443696654539692
1168,289000,9616000,-0.453785166721525
1169,290000,9616000,-0.457546568402725
1170,291000,9616000,-0.462609898181783
1171,292000,9616000,-0.452748934558602
1172,293000,9616000,-0.44845841971648
1173,294000,9616000,-0.441252435510926
1174,295000,9616000,-0.404341938843775
1175,296000,9616000,-0.427036460324011
1176,297000,9616000,-0.438258427071023
1177,298000,9616000,-0.458176550044336
1178,299000,9616000,-0.465732794854508
1179,3e+05,9616000,-0.462636698755347
1180,301000,9616000,-0.461529359045103
1181,302000,9616000,-0.457878038118905
1182,303000,9616000,-0.474253669215418
1183,304000,9616000,-0.463948072059992
1184,305000,9616000,-0.481945531018425
1185,306000,9616000,-0.455578018425159
1186,307000,9616000,-0.423589487702766
1187,308000,9616000,-0.437953725048881
1188,309000,9616000,-0.420327620379946
1189,310000,9616000,-0.46067923097327
1190,311000,9616000,-0.452052158678952
1191,312000,9616000,-0.450256980930758
1192,313000,9616000,-0.447977551793522
1193,314000,9616000,-0.444925415791407
1194,315000,9616000,-0.438268117486963
1195,316000,9616000,-0.436932313489635
1196,317000,9616000,-0.436635127406048
1197,318000,9616000,-0.437902908991069
1198,319000,9616000,-0.444704686717687
1199,320000,9616000,-0.450916284872964
1200,321000,9616000,-0.44431516370115
1201,322000,9616000,-0.457373278621543
1202,323000,9616000,-0.461155600579956
1203,324000,9616000,-0.46909485346903
1204,325000,9616000,-0.466903807338781
1205,326000,9616000,-0.465917931721867
1206,327000,9616000,-0.470437788522409
1207,328000,9616000,-0.46640611175332
1208,329000,9616000,-0.461456770625405
1209,330000,9616000,-0.468229976034961
1210,331000,9616000,-0.467628244051647
1211,332000,9616000,-0.464143234785071
1212,333000,9616000,-0.472878054219072
1213,334000,9616000,-0.471527599428027
1214,335000,9616000,-0.465626088274678
1215,336000,9616000,-0.450329542665134
1216,337000,9616000,-0.454128330813873
1217,338000,9616000,-0.464955970144161
1218,339000,9616000,-0.50043265407421
1219,340000,9616000,-0.508721696675722
1220,341000,9616000,-0.518535857338746
1221,342000,9616000,-0.521489859698294
1222,343000,9616000,-0.503939387242985
1223,344000,9616000,-0.504668402525161
1224,345000,9616000,-0.502359592595427
1225,346000,9616000,-0.490155253403982
1226,347000,9616000,-0.491623189779758
1227,348000,9616000,-0.5095460698925
1228,349000,9616000,-0.516974232634369
1229,350000,9616000,-0.527508889774197
1230,351000,9616000,-0.515181353353989
1231,352000,9616000,-0.530654275111
1232,353000,9616000,-0.49824664075012
1233,354000,9616000,-0.551967373439602
1234,355000,9616000,-0.554235850252985
1235,356000,9616000,-0.549531806312769
1236,357000,9616000,-0.572663486620811
1237,358000,9616000,-0.554726738986794
1238,359000,9616000,-0.556357533072675
1239,360000,9616000,-0.529017730684911
1240,361000,9616000,-0.518649044019939
1241,362000,9616000,-0.507647423263019
1242,363000,9616000,-0.491492960305961
1243,364000,9616000,-0.493204477895054
1244,365000,9616000,-0.508865496397783
1245,366000,9616000,-0.551609566155658
1246,367000,9616000,-0.581894868422061
1247,368000,9616000,-0.550084867723771
1248,369000,9616000,-0.561890301094897
1249,370000,9616000,-0.59598975968515
1250,371000,9616000,-0.638688792412129
1251,372000,9616000,-0.627724327538659
1252,373000,9616000,-0.622697581962584
1253,374000,9616000,-0.629461376253342
1254,375000,9616000,-0.623162387666988
1255,262000,9617000,-0.492339695588977
1256,263000,9617000,-0.516659202018958
1257,264000,9617000,-0.507241357208986
1258,265000,9617000,-0.480772035495076
1259,266000,9617000,-0.49366615858081
1260,267000,9617000,-0.490609175569452
1261,268000,9617000,-0.463011594840849
1262,269000,9617000,-0.438006384341611
1263,270000,9617000,-0.426796934985018
1264,271000,9617000,-0.433560489025619
1265,272000,9617000,-0.459388403035185
1266,273000,9617000,-0.444240539993003
1267,274000,9617000,-0.418880056847778
1268,275000,9617000,-0.424706431447438
1269,276000,9617000,-0.439537645481759
1270,277000,9617000,-0.455451945140222
1271,278000,9617000,-0.437825120811289
1272,279000,9617000,-0.428400980919681
1273,280000,9617000,-0.458112765781708
1274,281000,9617000,-0.458293909069656
1275,282000,9617000,-0.454381965664956
1276,283000,9617000,-0.452828152170656
1277,284000,9617000,-0.44914006229073
1278,285000,9617000,-0.446072916456749
1279,286000,9617000,-0.44258544223285
1280,287000,9617000,-0.439296648861048
1281,288000,9617000,-0.437491058507735
1282,289000,9617000,-0.440454071087329
1283,290000,9617000,-0.439412729618212
1284,291000,9617000,-0.442547153985253
1285,292000,9617000,-0.452726316808494
1286,293000,9617000,-0.442678572834701
1287,294000,9617000,-0.447980548178852
1288,295000,9617000,-0.446141327784976
1289,296000,9617000,-0.438306823632343
1290,297000,9617000,-0.47314398688794
1291,298000,9617000,-0.469869636746622
1292,299000,9617000,-0.458764897040563
1293,3e+05,9617000,-0.465241698696158
1294,301000,9617000,-0.460527956347217
1295,302000,9617000,-0.451339692712751
1296,303000,9617000,-0.462657858666734
1297,304000,9617000,-0.473583813189369
1298,305000,9617000,-0.484043820519414
1299,306000,9617000,-0.459095105331935
1300,307000,9617000,-0.443143607984738
1301,308000,9617000,-0.432895617268378
1302,309000,9617000,-0.423615474567797
1303,310000,9617000,-0.461808146742185
1304,311000,9617000,-0.450387923890614
1305,312000,9617000,-0.44714070906612
1306,313000,9617000,-0.446755707108547
1307,314000,9617000,-0.443805926920454
1308,315000,9617000,-0.438469900093903
1309,316000,9617000,-0.439805163371274
1310,317000,9617000,-0.437980111670401
1311,318000,9617000,-0.440003416802585
1312,319000,9617000,-0.44967703141351
1313,320000,9617000,-0.451516306242084
1314,321000,9617000,-0.450575497155756
1315,322000,9617000,-0.467048378638478
1316,323000,9617000,-0.464715778922385
1317,324000,9617000,-0.472851913187123
1318,325000,9617000,-0.467161304153887
1319,326000,9617000,-0.468314532651597
1320,327000,9617000,-0.466841454340379
1321,328000,9617000,-0.464077111547726
1322,329000,9617000,-0.463324738585441
1323,330000,9617000,-0.467538681322242
1324,331000,9617000,-0.465118050238283
1325,332000,9617000,-0.464445710473157
1326,333000,9617000,-0.465491963198084
1327,334000,9617000,-0.47914494581543
1328,335000,9617000,-0.469925089563632
1329,336000,9617000,-0.441723804466205
1330,337000,9617000,-0.45980763201205
1331,338000,9617000,-0.470931634057119
1332,339000,9617000,-0.482887906894944
1333,340000,9617000,-0.477536201286719
1334,341000,9617000,-0.478741477046959
1335,342000,9617000,-0.492420763127202
1336,343000,9617000,-0.504490288690022
1337,344000,9617000,-0.492703601910268
1338,345000,9617000,-0.492044049245576
1339,346000,9617000,-0.494299749045839
1340,347000,9617000,-0.498039509215056
1341,348000,9617000,-0.505567526627709
1342,349000,9617000,-0.523580913811578
1343,350000,9617000,-0.520694874469559
1344,351000,9617000,-0.511876987609017
1345,352000,9617000,-0.515770101674922
1346,353000,9617000,-0.524111052587235
1347,354000,9617000,-0.531201911027184
1348,355000,9617000,-0.540398482706989
1349,356000,9617000,-0.562968169510562
1350,357000,9617000,-0.54513559314211
1351,358000,9617000,-0.539251864485646
1352,359000,9617000,-0.524137731245857
1353,360000,9617000,-0.504427430126744
1354,361000,9617000,-0.507362400300622
1355,362000,9617000,-0.490545350801915
1356,363000,9617000,-0.484239432318627
1357,364000,9617000,-0.517818487078209
1358,365000,9617000,-0.497331358608869
1359,366000,9617000,-0.533302226139316
1360,367000,9617000,-0.565192918788389
1361,368000,9617000,-0.562878555701353
1362,369000,9617000,-0.572494134210469
1363,370000,9617000,-0.586463319953647
1364,371000,9617000,-0.624720850410316
1365,372000,9617000,-0.634084315036203
1366,373000,9617000,-0.624471652370241
1367,374000,9617000,-0.621507587195306
1368,375000,9617000,-0.62281319594857
1369,262000,9618000,-0.49160685246063
1370,263000,9618000,-0.504216369133283
1371,264000,9618000,-0.503434449839962
1372,265000,9618000,-0.503112030747989
1373,266000,9618000,-0.505791851080779
1374,267000,9618000,-0.506242316785695
1375,268000,9618000,-0.501656105833503
1376,269000,9618000,-0.428045597862265
1377,270000,9618000,-0.444092166267982
1378,271000,9618000,-0.454096824965291
1379,272000,9618000,-0.455400807782205
1380,273000,9618000,-0.455469035782594
1381,274000,9618000,-0.445128995576779
1382,275000,9618000,-0.44003629522153
1383,276000,9618000,-0.43872296609128
1384,277000,9618000,-0.459038095359162
1385,278000,9618000,-0.438383723796716
1386,279000,9618000,-0.449020197153229
1387,280000,9618000,-0.462817262310472
1388,281000,9618000,-0.458215998100738
1389,282000,9618000,-0.458036614526784
1390,283000,9618000,-0.454508875614055
1391,284000,9618000,-0.450464065614196
1392,285000,9618000,-0.445557906551579
1393,286000,9618000,-0.442391880269125
1394,287000,9618000,-0.439602842995721
1395,288000,9618000,-0.435675250855926
1396,289000,9618000,-0.434803521093501
1397,290000,9618000,-0.436663561435447
1398,291000,9618000,-0.439979412571149
1399,292000,9618000,-0.439514635026972
1400,293000,9618000,-0.441926668848695
1401,294000,9618000,-0.44985831555865
1402,295000,9618000,-0.445007549477125
1403,296000,9618000,-0.448726766558446
1404,297000,9618000,-0.453570688573726
1405,298000,9618000,-0.46438418479774
1406,299000,9618000,-0.467690773730826
1407,3e+05,9618000,-0.464343589114186
1408,301000,9618000,-0.460921631252392
1409,302000,9618000,-0.456068940652359
1410,303000,9618000,-0.453673738023851
1411,304000,9618000,-0.471441986580539
1412,305000,9618000,-0.474233742465773
1413,306000,9618000,-0.480779437200849
1414,307000,9618000,-0.478016614299784
1415,308000,9618000,-0.423482286838195
1416,309000,9618000,-0.430560227724749
1417,310000,9618000,-0.469920372982617
1418,311000,9618000,-0.455058687121582
1419,312000,9618000,-0.448343713837139
1420,313000,9618000,-0.44650584469009
1421,314000,9618000,-0.449304691810995
1422,315000,9618000,-0.44708173738331
1423,316000,9618000,-0.440028113182783
1424,317000,9618000,-0.441513602068007
1425,318000,9618000,-0.444862290295084
1426,319000,9618000,-0.453388002988066
1427,320000,9618000,-0.452617576408142
1428,321000,9618000,-0.455107038915074
1429,322000,9618000,-0.464987437105781
1430,323000,9618000,-0.470535665931703
1431,324000,9618000,-0.471366631756318
1432,325000,9618000,-0.468523453415561
1433,326000,9618000,-0.467304979241343
1434,327000,9618000,-0.465679746001523
1435,328000,9618000,-0.464589351814945
1436,329000,9618000,-0.465212203675009
1437,330000,9618000,-0.466151548619837
1438,331000,9618000,-0.464048035450891
1439,332000,9618000,-0.463163331071176
1440,333000,9618000,-0.459537725548391
1441,334000,9618000,-0.467179010195938
1442,335000,9618000,-0.474645878226796
1443,336000,9618000,-0.435851607630388
1444,337000,9618000,-0.453297322948211
1445,338000,9618000,-0.465401374571411
1446,339000,9618000,-0.461560646165719
1447,340000,9618000,-0.462783929151519
1448,341000,9618000,-0.468646257058221
1449,342000,9618000,-0.466730720008403
1450,343000,9618000,-0.492435976594678
1451,344000,9618000,-0.485054311536942
1452,345000,9618000,-0.501948234234639
1453,346000,9618000,-0.524713941409911
1454,347000,9618000,-0.520248073968399
1455,348000,9618000,-0.512162800978143
1456,349000,9618000,-0.50425948731311
1457,350000,9618000,-0.504068499514293
1458,351000,9618000,-0.506704433360806
1459,352000,9618000,-0.513052345291686
1460,353000,9618000,-0.51943834891714
1461,354000,9618000,-0.522749823722862
1462,355000,9618000,-0.504533322343392
1463,356000,9618000,-0.565906070315045
1464,357000,9618000,-0.558763529419941
1465,358000,9618000,-0.513998800880127
1466,359000,9618000,-0.493486190886257
1467,360000,9618000,-0.52147012866051
1468,361000,9618000,-0.48521883637999
1469,362000,9618000,-0.489358919008931
1470,363000,9618000,-0.489163673293417
1471,364000,9618000,-0.511919309654743
1472,365000,9618000,-0.525779895973083
1473,366000,9618000,-0.561088063269037
1474,367000,9618000,-0.524175256574323
1475,368000,9618000,-0.546771815505455
1476,369000,9618000,-0.575438969356032
1477,370000,9618000,-0.599962189364484
1478,371000,9618000,-0.619397669304717
1479,372000,9618000,-0.636290996489469
1480,373000,9618000,-0.628973981785032
1481,374000,9618000,-0.621309361210055
1482,375000,9618000,-0.623253015651942
1483,262000,9619000,-0.494615249077384
1484,263000,9619000,-0.482221895247042
1485,264000,9619000,-0.491864693908566
1486,265000,9619000,-0.510712155399844
1487,266000,9619000,-0.50044078114949
1488,267000,9619000,-0.515548038075697
1489,268000,9619000,-0.513811529361481
1490,269000,9619000,-0.472281787565088
1491,270000,9619000,-0.460734848464459
1492,271000,9619000,-0.474727130306369
1493,272000,9619000,-0.469825104274999
1494,273000,9619000,-0.477056469102722
1495,274000,9619000,-0.448203637759194
1496,275000,9619000,-0.43755773371922
1497,276000,9619000,-0.449836726175282
1498,277000,9619000,-0.438196712949016
1499,278000,9619000,-0.44472275374614
1500,279000,9619000,-0.466553159589779
1501,280000,9619000,-0.465727152585691
1502,281000,9619000,-0.462058724010647
1503,282000,9619000,-0.460638763439451
1504,283000,9619000,-0.456180995339392
1505,284000,9619000,-0.450668576383348
1506,285000,9619000,-0.448332603122275
1507,286000,9619000,-0.441259503560592
1508,287000,9619000,-0.437438775278588
1509,288000,9619000,-0.434014253179796
1510,289000,9619000,-0.431718558641704
1511,290000,9619000,-0.435005166174909
1512,291000,9619000,-0.43655767941402
1513,292000,9619000,-0.442039589943815
1514,293000,9619000,-0.446397516022616
1515,294000,9619000,-0.448456300215356
1516,295000,9619000,-0.453669084713588
1517,296000,9619000,-0.453473682096335
1518,297000,9619000,-0.442216441738785
1519,298000,9619000,-0.447960852290008
1520,299000,9619000,-0.462411764660766
1521,3e+05,9619000,-0.465877555445367
1522,301000,9619000,-0.462019502222076
1523,302000,9619000,-0.45878827521374
1524,303000,9619000,-0.456981052888159
1525,304000,9619000,-0.475515885295657
1526,305000,9619000,-0.471343072574304
1527,306000,9619000,-0.480552475134072
1528,307000,9619000,-0.48477294227983
1529,308000,9619000,-0.417605248785234
1530,309000,9619000,-0.430515074011473
1531,310000,9619000,-0.46259713073605
1532,311000,9619000,-0.465496488184338
1533,312000,9619000,-0.450664806381996
1534,313000,9619000,-0.4451104322855
1535,314000,9619000,-0.444695047917058
1536,315000,9619000,-0.441856908546771
1537,316000,9619000,-0.443603042835207
1538,317000,9619000,-0.445711672205193
1539,318000,9619000,-0.445557306379376
1540,319000,9619000,-0.453542418044675
1541,320000,9619000,-0.456520091251504
1542,321000,9619000,-0.464561985375848
1543,322000,9619000,-0.465696424497868
1544,323000,9619000,-0.466379332595083
1545,324000,9619000,-0.467882821670766
1546,325000,9619000,-0.474634889376837
1547,326000,9619000,-0.473143094652898
1548,327000,9619000,-0.474667135363394
1549,328000,9619000,-0.467533448380787
1550,329000,9619000,-0.454080407199397
1551,330000,9619000,-0.466533721362953
1552,331000,9619000,-0.464340226758805
1553,332000,9619000,-0.461490674590351
1554,333000,9619000,-0.457550682895711
1555,334000,9619000,-0.449364755187975
1556,335000,9619000,-0.448047726204859
1557,336000,9619000,-0.430364167853843
1558,337000,9619000,-0.45383407420789
1559,338000,9619000,-0.454545895670885
1560,339000,9619000,-0.468760918421436
1561,340000,9619000,-0.464097495989596
1562,341000,9619000,-0.462955983611873
1563,342000,9619000,-0.440499684915944
1564,343000,9619000,-0.458074909787994
1565,344000,9619000,-0.462173153346733
1566,345000,9619000,-0.502689548537345
1567,346000,9619000,-0.487118138939222
1568,347000,9619000,-0.498765443011326
1569,348000,9619000,-0.493777053673267
1570,349000,9619000,-0.457515128523378
1571,350000,9619000,-0.481533084579898
1572,351000,9619000,-0.489822894263955
1573,352000,9619000,-0.506067183179182
1574,353000,9619000,-0.513161931504634
1575,354000,9619000,-0.510785809867267
1576,355000,9619000,-0.556523106226918
1577,356000,9619000,-0.508815427728931
1578,357000,9619000,-0.511803784723498
1579,358000,9619000,-0.488879817000737
1580,359000,9619000,-0.496626368731741
1581,360000,9619000,-0.463198007020251
1582,361000,9619000,-0.481480730916956
1583,362000,9619000,-0.481711742271815
1584,363000,9619000,-0.56172649485447
1585,364000,9619000,-0.511749080706071
1586,365000,9619000,-0.516414093749895
1587,366000,9619000,-0.564744374886314
1588,367000,9619000,-0.552418746121759
1589,368000,9619000,-0.559722184343047
1590,369000,9619000,-0.572569259243694
1591,370000,9619000,-0.619381929552095
1592,371000,9619000,-0.620700410365178
1593,372000,9619000,-0.624251772151909
1594,373000,9619000,-0.630871712153076
1595,374000,9619000,-0.625911556512579
1596,375000,9619000,-0.622376569010926
1597,262000,9620000,-0.498433929259808
1598,263000,9620000,-0.510203903350526
1599,264000,9620000,-0.50650987520581
1600,265000,9620000,-0.51638142362861
1601,266000,9620000,-0.517284179477429
1602,267000,9620000,-0.517171356673061
1603,268000,9620000,-0.502020684339215
1604,269000,9620000,-0.475757895074679
1605,270000,9620000,-0.470725197802165
1606,271000,9620000,-0.47949198051499
1607,272000,9620000,-0.473896950071182
1608,273000,9620000,-0.458998125366474
1609,274000,9620000,-0.434698276548532
1610,275000,9620000,-0.433980640901417
1611,276000,9620000,-0.438822645854333
1612,277000,9620000,-0.442846634112633
1613,278000,9620000,-0.45210142374317
1614,279000,9620000,-0.470097564408737
1615,280000,9620000,-0.472280649004428
1616,281000,9620000,-0.469472475344929
1617,282000,9620000,-0.461730297601735
1618,283000,9620000,-0.459299175330496
1619,284000,9620000,-0.454340086264692
1620,285000,9620000,-0.448237177934976
1621,286000,9620000,-0.44371379645176
1622,287000,9620000,-0.438007769363761
1623,288000,9620000,-0.432580109380457
1624,289000,9620000,-0.43393289043995
1625,290000,9620000,-0.437132333371454
1626,291000,9620000,-0.438395349281888
1627,292000,9620000,-0.442723181278429
1628,293000,9620000,-0.448974855547127
1629,294000,9620000,-0.447788721563582
1630,295000,9620000,-0.45402841027887
1631,296000,9620000,-0.451104208521601
1632,297000,9620000,-0.460663922352495
1633,298000,9620000,-0.457729201750654
1634,299000,9620000,-0.457760720113255
1635,3e+05,9620000,-0.455395126406903
1636,301000,9620000,-0.457872700967461
1637,302000,9620000,-0.455384294073649
1638,303000,9620000,-0.45732875636461
1639,304000,9620000,-0.475703251367101
1640,305000,9620000,-0.472000579017394
1641,306000,9620000,-0.482241108362234
1642,307000,9620000,-0.479418834819486
1643,308000,9620000,-0.412608293011652
1644,309000,9620000,-0.41247356001611
1645,310000,9620000,-0.437797705428237
1646,311000,9620000,-0.46009232393862
1647,312000,9620000,-0.445336312455845
1648,313000,9620000,-0.448195410250624
1649,314000,9620000,-0.444489882615741
1650,315000,9620000,-0.444845966657955
1651,316000,9620000,-0.446657427355461
1652,317000,9620000,-0.449769067187095
1653,318000,9620000,-0.450933903263463
1654,319000,9620000,-0.456852656564481
1655,320000,9620000,-0.465588276322864
1656,321000,9620000,-0.463306332076269
1657,322000,9620000,-0.467971066770793
1658,323000,9620000,-0.470294529920005
1659,324000,9620000,-0.467192649360703
1660,325000,9620000,-0.466762263869626
1661,326000,9620000,-0.468966711644598
1662,327000,9620000,-0.479345433656975
1663,328000,9620000,-0.470103114507098
1664,329000,9620000,-0.472477196217512
1665,330000,9620000,-0.46951288612411
1666,331000,9620000,-0.467754034303887
1667,332000,9620000,-0.461727194456381
1668,333000,9620000,-0.461136594224188
1669,334000,9620000,-0.454603910628513
1670,335000,9620000,-0.446926614764446
1671,336000,9620000,-0.432533635509169
1672,337000,9620000,-0.442123938536394
1673,338000,9620000,-0.48376539870462
1674,339000,9620000,-0.464552133851791
1675,340000,9620000,-0.456560457522294
1676,341000,9620000,-0.466139581738678
1677,342000,9620000,-0.463734965967464
1678,343000,9620000,-0.452022719004806
1679,344000,9620000,-0.446078461722222
1680,345000,9620000,-0.458149569517944
1681,346000,9620000,-0.489718707909807
1682,347000,9620000,-0.478418175864136
1683,348000,9620000,-0.438416543114514
1684,349000,9620000,-0.421667093889826
1685,350000,9620000,-0.473425351415051
1686,351000,9620000,-0.479936314932952
1687,352000,9620000,-0.498529712704316
1688,353000,9620000,-0.510934115484323
1689,354000,9620000,-0.511677842911211
1690,355000,9620000,-0.518267330281501
1691,356000,9620000,-0.506752773006161
1692,357000,9620000,-0.530971540955578
1693,358000,9620000,-0.477326458713514
1694,359000,9620000,-0.478870300213356
1695,360000,9620000,-0.461067892903127
1696,361000,9620000,-0.476909034998486
1697,362000,9620000,-0.496815943659776
1698,363000,9620000,-0.539305656265473
1699,364000,9620000,-0.536431412260605
1700,365000,9620000,-0.513517756593145
1701,366000,9620000,-0.53331308324993
1702,367000,9620000,-0.534320011872395
1703,368000,9620000,-0.57938893827553
1704,369000,9620000,-0.579423855984682
1705,370000,9620000,-0.625796234537236
1706,371000,9620000,-0.624200951646379
1707,372000,9620000,-0.61989144339628
1708,373000,9620000,-0.630767086328503
1709,374000,9620000,-0.627247022188227
1710,375000,9620000,-0.622239517000244
1711,262000,9621000,-0.503540578388399
1712,263000,9621000,-0.526786438951966
1713,264000,9621000,-0.502856019134541
1714,265000,9621000,-0.499993629415643
1715,266000,9621000,-0.504211660866252
1716,267000,9621000,-0.514098813159319
1717,268000,9621000,-0.500750031803238
1718,269000,9621000,-0.490552437800351
1719,270000,9621000,-0.477011141802478
1720,271000,9621000,-0.479664519087373
1721,272000,9621000,-0.484368710953323
1722,273000,9621000,-0.461339494777694
1723,274000,9621000,-0.439038092077263
1724,275000,9621000,-0.440648178900937
1725,276000,9621000,-0.43390913904595
1726,277000,9621000,-0.446047839966603
1727,278000,9621000,-0.460563271536263
1728,279000,9621000,-0.47258631822134
1729,280000,9621000,-0.475941691562035
1730,281000,9621000,-0.474539172909151
1731,282000,9621000,-0.461299553983399
1732,283000,9621000,-0.463149033524194
1733,284000,9621000,-0.467154109991317
1734,285000,9621000,-0.447488807285587
1735,286000,9621000,-0.443741675842374
1736,287000,9621000,-0.43968231084269
1737,288000,9621000,-0.438502473481281
1738,289000,9621000,-0.436117830540161
1739,290000,9621000,-0.436089985243675
1740,291000,9621000,-0.439600812596065
1741,292000,9621000,-0.441538654705572
1742,293000,9621000,-0.443749659834384
1743,294000,9621000,-0.442935124510704
1744,295000,9621000,-0.448951736219639
1745,296000,9621000,-0.450189167637077
1746,297000,9621000,-0.457765776983416
1747,298000,9621000,-0.457500609914358
1748,299000,9621000,-0.451174416167097
1749,3e+05,9621000,-0.447586939296939
1750,301000,9621000,-0.452651991801121
1751,302000,9621000,-0.449784827118854
1752,303000,9621000,-0.472226850825378
1753,304000,9621000,-0.471130290713435
1754,305000,9621000,-0.468906724577868
1755,306000,9621000,-0.473799968978311
1756,307000,9621000,-0.473013093883605
1757,308000,9621000,-0.447336004366923
1758,309000,9621000,-0.419054484439711
1759,310000,9621000,-0.452269471848606
1760,311000,9621000,-0.452795567267677
1761,312000,9621000,-0.460979005821591
1762,313000,9621000,-0.447973341540126
1763,314000,9621000,-0.449517047860627
1764,315000,9621000,-0.451188088867881
1765,316000,9621000,-0.452161606084936
1766,317000,9621000,-0.453572941693526
1767,318000,9621000,-0.45579139365611
1768,319000,9621000,-0.465010251285286
1769,320000,9621000,-0.463985164182031
1770,321000,9621000,-0.467119193654398
1771,322000,9621000,-0.465945331837095
1772,323000,9621000,-0.466411718008047
1773,324000,9621000,-0.467916967665629
1774,325000,9621000,-0.469715576393895
1775,326000,9621000,-0.472891316999099
1776,327000,9621000,-0.472045699501358
1777,328000,9621000,-0.46915983750878
1778,329000,9621000,-0.468821076883891
1779,330000,9621000,-0.474685409288333
1780,331000,9621000,-0.474207107023279
1781,332000,9621000,-0.467202631653076
1782,333000,9621000,-0.464692439100526
1783,334000,9621000,-0.461948620710558
1784,335000,9621000,-0.449391053029753
1785,336000,9621000,-0.4851180934416
1786,337000,9621000,-0.44578572458134
1787,338000,9621000,-0.464113373864977
1788,339000,9621000,-0.459696060603472
1789,340000,9621000,-0.443819581699958
1790,341000,9621000,-0.447682529177214
1791,342000,9621000,-0.458665684114402
1792,343000,9621000,-0.4411257568399
1793,344000,9621000,-0.440427798843796
1794,345000,9621000,-0.441699874556968
1795,346000,9621000,-0.441697566814113
1796,347000,9621000,-0.424613059141953
1797,348000,9621000,-0.410482801080043
1798,349000,9621000,-0.459157128389834
1799,350000,9621000,-0.468490677021246
1800,351000,9621000,-0.484209427955938
1801,352000,9621000,-0.495967101809851
1802,353000,9621000,-0.503298141567942
1803,354000,9621000,-0.521000116105451
1804,355000,9621000,-0.49840180568978
1805,356000,9621000,-0.498276512165413
1806,357000,9621000,-0.486595868321476
1807,358000,9621000,-0.446203238122261
1808,359000,9621000,-0.455485157830729
1809,360000,9621000,-0.456197100218967
1810,361000,9621000,-0.462098344475711
1811,362000,9621000,-0.480855092612402
1812,363000,9621000,-0.525879155971631
1813,364000,9621000,-0.524402800524103
1814,365000,9621000,-0.521766214977795
1815,366000,9621000,-0.529498029446299
1816,367000,9621000,-0.588555537862191
1817,368000,9621000,-0.563005999759905
1818,369000,9621000,-0.585636248994347
1819,370000,9621000,-0.626131449502989
1820,371000,9621000,-0.625728063014095
1821,372000,9621000,-0.621529520501461
1822,373000,9621000,-0.628670818260931
1823,374000,9621000,-0.628613778200835
1824,375000,9621000,-0.621091891601874
1825,262000,9622000,-0.51104688026293
1826,263000,9622000,-0.526466290540953
1827,264000,9622000,-0.521938792211348
1828,265000,9622000,-0.49511014378763
1829,266000,9622000,-0.499198050238923
1830,267000,9622000,-0.502015116740673
1831,268000,9622000,-0.510575344203359
1832,269000,9622000,-0.513750626937869
1833,270000,9622000,-0.485861013425981
1834,271000,9622000,-0.500492818221278
1835,272000,9622000,-0.505885185419323
1836,273000,9622000,-0.479163207850789
1837,274000,9622000,-0.450449808022113
1838,275000,9622000,-0.444304615612272
1839,276000,9622000,-0.437764824103385
1840,277000,9622000,-0.449714354000302
1841,278000,9622000,-0.467136546724146
1842,279000,9622000,-0.478483551050344
1843,280000,9622000,-0.481016271199251
1844,281000,9622000,-0.476228603311118
1845,282000,9622000,-0.467430040188749
1846,283000,9622000,-0.467781460399367
1847,284000,9622000,-0.466647320225472
1848,285000,9622000,-0.456038348591163
1849,286000,9622000,-0.453512217192695
1850,287000,9622000,-0.447747861811549
1851,288000,9622000,-0.442162647389485
1852,289000,9622000,-0.435321618051308
1853,290000,9622000,-0.433261744918221
1854,291000,9622000,-0.438852966582113
1855,292000,9622000,-0.454227982890035
1856,293000,9622000,-0.423240811074129
1857,294000,9622000,-0.446321003933161
1858,295000,9622000,-0.436706078112955
1859,296000,9622000,-0.445024053648233
1860,297000,9622000,-0.443980408728369
1861,298000,9622000,-0.441477804212706
1862,299000,9622000,-0.444487938850116
1863,3e+05,9622000,-0.445015241553941
1864,301000,9622000,-0.456582653879248
1865,302000,9622000,-0.468912802754706
1866,303000,9622000,-0.462201410250174
1867,304000,9622000,-0.451228086988515
1868,305000,9622000,-0.461281017584796
1869,306000,9622000,-0.469738351727845
1870,307000,9622000,-0.471019603075155
1871,308000,9622000,-0.453399542299044
1872,309000,9622000,-0.422744909307981
1873,310000,9622000,-0.454065113176565
1874,311000,9622000,-0.452919669955962
1875,312000,9622000,-0.459033826155888
1876,313000,9622000,-0.454160335902125
1877,314000,9622000,-0.450780514261888
1878,315000,9622000,-0.453416125124426
1879,316000,9622000,-0.45636535274295
1880,317000,9622000,-0.460419096978969
1881,318000,9622000,-0.465618140381887
1882,319000,9622000,-0.465494276942885
1883,320000,9622000,-0.470328155451664
1884,321000,9622000,-0.466045799460864
1885,322000,9622000,-0.467026974056999
1886,323000,9622000,-0.465341275231033
1887,324000,9622000,-0.468490279367414
1888,325000,9622000,-0.47116866277113
1889,326000,9622000,-0.472929043228813
1890,327000,9622000,-0.470249214598905
1891,328000,9622000,-0.466439044686497
1892,329000,9622000,-0.465231657051648
1893,330000,9622000,-0.471146889847082
1894,331000,9622000,-0.467208415979708
1895,332000,9622000,-0.460397639357811
1896,333000,9622000,-0.465475716897321
1897,334000,9622000,-0.455734266831687
1898,335000,9622000,-0.450436324644764
1899,336000,9622000,-0.461985300024571
1900,337000,9622000,-0.458181875775416
1901,338000,9622000,-0.465070348045811
1902,339000,9622000,-0.479194066480885
1903,340000,9622000,-0.475722787589252
1904,341000,9622000,-0.455085938358822
1905,342000,9622000,-0.449349284940801
1906,343000,9622000,-0.448957865880329
1907,344000,9622000,-0.444451221600873
1908,345000,9622000,-0.43368890805996
1909,346000,9622000,-0.420173700844538
1910,347000,9622000,-0.413472403854597
1911,348000,9622000,-0.456222855054827
1912,349000,9622000,-0.464796193085225
1913,350000,9622000,-0.476885079338105
1914,351000,9622000,-0.490053846132006
1915,352000,9622000,-0.497147557218798
1916,353000,9622000,-0.502933626890142
1917,354000,9622000,-0.549979496780074
1918,355000,9622000,-0.494957238205059
1919,356000,9622000,-0.498280327360961
1920,357000,9622000,-0.542056555342459
1921,358000,9622000,-0.469957734082981
1922,359000,9622000,-0.462531500104929
1923,360000,9622000,-0.464376958148527
1924,361000,9622000,-0.496933069169218
1925,362000,9622000,-0.466844730008672
1926,363000,9622000,-0.481951070413874
1927,364000,9622000,-0.513726789521702
1928,365000,9622000,-0.522530710629467
1929,366000,9622000,-0.53385180814473
1930,367000,9622000,-0.54735746898366
1931,368000,9622000,-0.580650655170985
1932,369000,9622000,-0.581212369595631
1933,370000,9622000,-0.612110267391571
1934,371000,9622000,-0.628129764323728
1935,372000,9622000,-0.620025240869819
1936,373000,9622000,-0.622909065442939
1937,374000,9622000,-0.629699624126729
1938,375000,9622000,-0.619848036083151
1939,262000,9623000,-0.513960807975329
1940,263000,9623000,-0.527405517512491
1941,264000,9623000,-0.526642689728267
1942,265000,9623000,-0.512654280081049
1943,266000,9623000,-0.49809113964019
1944,267000,9623000,-0.509987691527209
1945,268000,9623000,-0.486188016053223
1946,269000,9623000,-0.476023093399266
1947,270000,9623000,-0.48220706020337
1948,271000,9623000,-0.495811112507585
1949,272000,9623000,-0.479775631530735
1950,273000,9623000,-0.460145079600866
1951,274000,9623000,-0.452192460605313
1952,275000,9623000,-0.452911596577765
1953,276000,9623000,-0.453534588954609
1954,277000,9623000,-0.475236539916677
1955,278000,9623000,-0.48377841448576
1956,279000,9623000,-0.489748878960644
1957,280000,9623000,-0.488807194707197
1958,281000,9623000,-0.483751921077703
1959,282000,9623000,-0.473497631475139
1960,283000,9623000,-0.477405072390003
1961,284000,9623000,-0.470312400419035
1962,285000,9623000,-0.466619471845995
1963,286000,9623000,-0.453724941367
1964,287000,9623000,-0.453908053641829
1965,288000,9623000,-0.452300125328377
1966,289000,9623000,-0.442134401375548
1967,290000,9623000,-0.450385970949986
1968,291000,9623000,-0.470533069490072
1969,292000,9623000,-0.462795281184848
1970,293000,9623000,-0.450844725958604
1971,294000,9623000,-0.435042220187384
1972,295000,9623000,-0.401581222393743
1973,296000,9623000,-0.44299423721303
1974,297000,9623000,-0.437743752939677
1975,298000,9623000,-0.442476157873654
1976,299000,9623000,-0.447952037333406
1977,3e+05,9623000,-0.451216890987858
1978,301000,9623000,-0.46632390389098
1979,302000,9623000,-0.458369143879695
1980,303000,9623000,-0.469416207184728
1981,304000,9623000,-0.452121957316478
1982,305000,9623000,-0.462408824800281
1983,306000,9623000,-0.471564669273382
1984,307000,9623000,-0.452885666434637
1985,308000,9623000,-0.438724910683111
1986,309000,9623000,-0.42618702553222
1987,310000,9623000,-0.439917784578109
1988,311000,9623000,-0.461003902660279
1989,312000,9623000,-0.464130571525574
1990,313000,9623000,-0.454730923566904
1991,314000,9623000,-0.451162897666089
1992,315000,9623000,-0.460843291819966
1993,316000,9623000,-0.458051321491453
1994,317000,9623000,-0.46734940944011
1995,318000,9623000,-0.465312408645682
1996,319000,9623000,-0.470451005845676
1997,320000,9623000,-0.469583989483547
1998,321000,9623000,-0.468560727283659
1999,322000,9623000,-0.46460990630685
2000,323000,9623000,-0.464769207651951
2001,324000,9623000,-0.464993127783092
2002,325000,9623000,-0.461586096267856
2003,326000,9623000,-0.466591233230248
2004,327000,9623000,-0.463859038871032
2005,328000,9623000,-0.465228668094169
2006,329000,9623000,-0.459824975437228
2007,330000,9623000,-0.461857381634803
2008,331000,9623000,-0.460270991907196
2009,332000,9623000,-0.454237029967967
2010,333000,9623000,-0.470194468780942
2011,334000,9623000,-0.449944082851473
2012,335000,9623000,-0.452246546359271
2013,336000,9623000,-0.454885816647945
2014,337000,9623000,-0.439262645169818
2015,338000,9623000,-0.468271886402023
2016,339000,9623000,-0.491589406185852
2017,340000,9623000,-0.486807161004257
2018,341000,9623000,-0.464359250801304
2019,342000,9623000,-0.441795923477704
2020,343000,9623000,-0.443050721152177
2021,344000,9623000,-0.44860821937534
2022,345000,9623000,-0.427641148169685
2023,346000,9623000,-0.436461149724027
2024,347000,9623000,-0.450560868553079
2025,348000,9623000,-0.450498375010246
2026,349000,9623000,-0.465145808419429
2027,350000,9623000,-0.478995214941716
2028,351000,9623000,-0.493501996326425
2029,352000,9623000,-0.498398057335796
2030,353000,9623000,-0.514368994271127
2031,354000,9623000,-0.506712073199894
2032,355000,9623000,-0.52997384197849
2033,356000,9623000,-0.49585228701504
2034,357000,9623000,-0.52925599201004
2035,358000,9623000,-0.462167360946974
2036,359000,9623000,-0.467176121786037
2037,360000,9623000,-0.466841911772989
2038,361000,9623000,-0.481176481484535
2039,362000,9623000,-0.472394974975133
2040,363000,9623000,-0.467133422430684
2041,364000,9623000,-0.492954784862549
2042,365000,9623000,-0.525273545457984
2043,366000,9623000,-0.582897145426821
2044,367000,9623000,-0.557637932492538
2045,368000,9623000,-0.577252210995107
2046,369000,9623000,-0.584416121124864
2047,370000,9623000,-0.610086074176419
2048,371000,9623000,-0.625151755429019
2049,372000,9623000,-0.621577213133526
2050,373000,9623000,-0.617818446911595
2051,374000,9623000,-0.623987435874803
2052,375000,9623000,-0.619247281044548
2053,262000,9624000,-0.517930450308739
2054,263000,9624000,-0.52650365497123
2055,264000,9624000,-0.528515057166564
2056,265000,9624000,-0.521341973553466
2057,266000,9624000,-0.502884040805472
2058,267000,9624000,-0.50221451928569
2059,268000,9624000,-0.506275801752223
2060,269000,9624000,-0.484586906319947
2061,270000,9624000,-0.500212119460758
2062,271000,9624000,-0.503348962048223
2063,272000,9624000,-0.467384907875851
2064,273000,9624000,-0.461368718506485
2065,274000,9624000,-0.450105091946358
2066,275000,9624000,-0.455832306628947
2067,276000,9624000,-0.486870561009004
2068,277000,9624000,-0.468363536667735
2069,278000,9624000,-0.476375797147372
2070,279000,9624000,-0.500696268807315
2071,280000,9624000,-0.484471741725453
2072,281000,9624000,-0.480127015424166
2073,282000,9624000,-0.479658935026907
2074,283000,9624000,-0.479807511941258
2075,284000,9624000,-0.470229756086324
2076,285000,9624000,-0.458527106339584
2077,286000,9624000,-0.451139277566011
2078,287000,9624000,-0.448575874570903
2079,288000,9624000,-0.452748136124912
2080,289000,9624000,-0.456113654630132
2081,290000,9624000,-0.453156162127649
2082,291000,9624000,-0.439367840877856
2083,292000,9624000,-0.474250760420977
2084,293000,9624000,-0.440927852805103
2085,294000,9624000,-0.402431515470685
2086,295000,9624000,-0.412953146692296
2087,296000,9624000,-0.451833327352407
2088,297000,9624000,-0.431568064589152
2089,298000,9624000,-0.436698914388728
2090,299000,9624000,-0.430888466770855
2091,3e+05,9624000,-0.419118351177126
2092,301000,9624000,-0.447032923631449
2093,302000,9624000,-0.464384582743536
2094,303000,9624000,-0.450994975156154
2095,304000,9624000,-0.447458318570069
2096,305000,9624000,-0.474841156755381
2097,306000,9624000,-0.467421740549657
2098,307000,9624000,-0.445378601998753
2099,308000,9624000,-0.414573561875809
2100,309000,9624000,-0.420186658293071
2101,310000,9624000,-0.441664691583112
2102,311000,9624000,-0.461329050637848
2103,312000,9624000,-0.45924962073401
2104,313000,9624000,-0.460943566371882
2105,314000,9624000,-0.454022117621562
2106,315000,9624000,-0.456121977183928
2107,316000,9624000,-0.463980182556688
2108,317000,9624000,-0.468155302108376
2109,318000,9624000,-0.466662133454366
2110,319000,9624000,-0.478723407396199
2111,320000,9624000,-0.470684037849265
2112,321000,9624000,-0.468827866778784
2113,322000,9624000,-0.463048715390223
2114,323000,9624000,-0.459067814419895
2115,324000,9624000,-0.455993556079218
2116,325000,9624000,-0.44970194918191
2117,326000,9624000,-0.450585037981418
2118,327000,9624000,-0.454307040517073
2119,328000,9624000,-0.452920026330526
2120,329000,9624000,-0.451777233628185
2121,330000,9624000,-0.450617973650633
2122,331000,9624000,-0.447358554730258
2123,332000,9624000,-0.458935551405774
2124,333000,9624000,-0.451315930285063
2125,334000,9624000,-0.449579098473242
2126,335000,9624000,-0.450651522094915
2127,336000,9624000,-0.452291420656415
2128,337000,9624000,-0.450584254368298
2129,338000,9624000,-0.486719394235766
2130,339000,9624000,-0.478527704131403
2131,340000,9624000,-0.462440867163542
2132,341000,9624000,-0.463755600650281
2133,342000,9624000,-0.455937483015333
2134,343000,9624000,-0.450200767391915
2135,344000,9624000,-0.442149952896418
2136,345000,9624000,-0.433129720451751
2137,346000,9624000,-0.447473579213324
2138,347000,9624000,-0.452961882719221
2139,348000,9624000,-0.454006007800743
2140,349000,9624000,-0.470266477014138
2141,350000,9624000,-0.484301849159208
2142,351000,9624000,-0.491644503098175
2143,352000,9624000,-0.495113630888851
2144,353000,9624000,-0.516768719732431
2145,354000,9624000,-0.524855261237132
2146,355000,9624000,-0.517252915480312
2147,356000,9624000,-0.496142375262255
2148,357000,9624000,-0.482009980000958
2149,358000,9624000,-0.463305098134834
2150,359000,9624000,-0.458460049015818
2151,360000,9624000,-0.461768657810475
2152,361000,9624000,-0.463694244702121
2153,362000,9624000,-0.474977422205081
2154,363000,9624000,-0.502039784860136
2155,364000,9624000,-0.486158803119929
2156,365000,9624000,-0.506879935908904
2157,366000,9624000,-0.567208599364623
2158,367000,9624000,-0.567347296569651
2159,368000,9624000,-0.576715186770372
2160,369000,9624000,-0.598619922866955
2161,370000,9624000,-0.599044331917098
2162,371000,9624000,-0.619448524168175
2163,372000,9624000,-0.624182294277293
2164,373000,9624000,-0.624340239697982
2165,374000,9624000,-0.625132488432461
2166,375000,9624000,-0.619177712182754
2167,262000,9625000,-0.520846779390616
2168,263000,9625000,-0.525726580693491
2169,264000,9625000,-0.525935713735989
2170,265000,9625000,-0.517617172608438
2171,266000,9625000,-0.525707616924574
2172,267000,9625000,-0.524679643088741
2173,268000,9625000,-0.498233654358991
2174,269000,9625000,-0.492663822112468
2175,270000,9625000,-0.485265633483631
2176,271000,9625000,-0.494002568464944
2177,272000,9625000,-0.465337214293907
2178,273000,9625000,-0.443852627401554
2179,274000,9625000,-0.451123504067002
2180,275000,9625000,-0.448767168974809
2181,276000,9625000,-0.435588965384429
2182,277000,9625000,-0.48033793994966
2183,278000,9625000,-0.468386140635425
2184,279000,9625000,-0.489076653324945
2185,280000,9625000,-0.479500160315104
2186,281000,9625000,-0.476596160844756
2187,282000,9625000,-0.475969042940024
2188,283000,9625000,-0.489279472622576
2189,284000,9625000,-0.482810664114485
2190,285000,9625000,-0.451820901637836
2191,286000,9625000,-0.445007270645176
2192,287000,9625000,-0.443867605774281
2193,288000,9625000,-0.466502362163832
2194,289000,9625000,-0.474286185604319
2195,290000,9625000,-0.429350539143482
2196,291000,9625000,-0.485356245495798
2197,292000,9625000,-0.475438708110497
2198,293000,9625000,-0.385011040661278
2199,294000,9625000,-0.402783631893442
2200,295000,9625000,-0.445994704057477
2201,296000,9625000,-0.450784221821478
2202,297000,9625000,-0.435196981728346
2203,298000,9625000,-0.454869352573208
2204,299000,9625000,-0.416076086838777
2205,3e+05,9625000,-0.414109237243138
2206,301000,9625000,-0.431532485298959
2207,302000,9625000,-0.441927277541382
2208,303000,9625000,-0.444751368344456
2209,304000,9625000,-0.442064046917667
2210,305000,9625000,-0.458321375503395
2211,306000,9625000,-0.464516415698382
2212,307000,9625000,-0.463229452623603
2213,308000,9625000,-0.445267135264234
2214,309000,9625000,-0.416243044707639
2215,310000,9625000,-0.419508555729073
2216,311000,9625000,-0.467741590158659
2217,312000,9625000,-0.442202932286844
2218,313000,9625000,-0.448370161679188
2219,314000,9625000,-0.442609038028623
2220,315000,9625000,-0.462446312695591
2221,316000,9625000,-0.449890840246402
2222,317000,9625000,-0.462775648509073
2223,318000,9625000,-0.522261115701064
2224,319000,9625000,-0.47424575952002
2225,320000,9625000,-0.471876971964014
2226,321000,9625000,-0.46997895556882
2227,322000,9625000,-0.462650877550444
2228,323000,9625000,-0.453356827836508
2229,324000,9625000,-0.450019958243334
2230,325000,9625000,-0.442212620095393
2231,326000,9625000,-0.452419204699098
2232,327000,9625000,-0.45494569345841
2233,328000,9625000,-0.448963582668478
2234,329000,9625000,-0.445333948780571
2235,330000,9625000,-0.445324376081825
2236,331000,9625000,-0.449645216716707
2237,332000,9625000,-0.469728257017644
2238,333000,9625000,-0.456777758559631
2239,334000,9625000,-0.466895172172736
2240,335000,9625000,-0.460432077128865
2241,336000,9625000,-0.456519562104322
2242,337000,9625000,-0.473261706835946
2243,338000,9625000,-0.459049551108641
2244,339000,9625000,-0.469715933945345
2245,340000,9625000,-0.473336662624112
2246,341000,9625000,-0.471425504785746
2247,342000,9625000,-0.45733018359439
2248,343000,9625000,-0.45427433768178
2249,344000,9625000,-0.455735918781812
2250,345000,9625000,-0.4344985027107
2251,346000,9625000,-0.457324276749588
2252,347000,9625000,-0.454589170271067
2253,348000,9625000,-0.463606016919766
2254,349000,9625000,-0.473111229341865
2255,350000,9625000,-0.483971539111016
2256,351000,9625000,-0.485221508744376
2257,352000,9625000,-0.502790388797939
2258,353000,9625000,-0.513421585890177
2259,354000,9625000,-0.525011644116629
2260,355000,9625000,-0.495517822662484
2261,356000,9625000,-0.489189376819488
2262,357000,9625000,-0.493376975170581
2263,358000,9625000,-0.467415071774593
2264,359000,9625000,-0.461084261877101
2265,360000,9625000,-0.472112775934284
2266,361000,9625000,-0.472578886741392
2267,362000,9625000,-0.458621315779593
2268,363000,9625000,-0.462592661099791
2269,364000,9625000,-0.496426038341689
2270,365000,9625000,-0.56102413139007
2271,366000,9625000,-0.564841484127127
2272,367000,9625000,-0.576859804855191
2273,368000,9625000,-0.594700124370162
2274,369000,9625000,-0.605292037845142
2275,370000,9625000,-0.607486301848964
2276,371000,9625000,-0.605522840086318
2277,372000,9625000,-0.62893953263127
2278,373000,9625000,-0.62399195024882
2279,374000,9625000,-0.618186565475884
2280,375000,9625000,-0.617923676738115
2281,262000,9626000,-0.522343542131864
2282,263000,9626000,-0.513942513692936
2283,264000,9626000,-0.521157494618508
2284,265000,9626000,-0.525406252891041
2285,266000,9626000,-0.526426740122854
2286,267000,9626000,-0.523154269987821
2287,268000,9626000,-0.496264164594025
2288,269000,9626000,-0.499218800599581
2289,270000,9626000,-0.510270547348285
2290,271000,9626000,-0.477354563005881
2291,272000,9626000,-0.467914217258939
2292,273000,9626000,-0.44777077259195
2293,274000,9626000,-0.452240800829823
2294,275000,9626000,-0.431302184589957
2295,276000,9626000,-0.433619120864865
2296,277000,9626000,-0.439390990517349
2297,278000,9626000,-0.465993958390547
2298,279000,9626000,-0.501429339779696
2299,280000,9626000,-0.502538843223818
2300,281000,9626000,-0.475739616123361
2301,282000,9626000,-0.467380773854201
2302,283000,9626000,-0.49422102429679
2303,284000,9626000,-0.473625554925051
2304,285000,9626000,-0.441713661187094
2305,286000,9626000,-0.453191618746252
2306,287000,9626000,-0.440529275936816
2307,288000,9626000,-0.470691808322466
2308,289000,9626000,-0.470860302167078
2309,290000,9626000,-0.474310056039963
2310,291000,9626000,-0.493888742084904
2311,292000,9626000,-0.428301566329293
2312,293000,9626000,-0.44337167932037
2313,294000,9626000,-0.467320731507317
2314,295000,9626000,-0.455711888492682
2315,296000,9626000,-0.463637660940332
2316,297000,9626000,-0.455043688905253
2317,298000,9626000,-0.434745038633952
2318,299000,9626000,-0.42129160817004
2319,3e+05,9626000,-0.41800194031911
2320,301000,9626000,-0.450249067369803
2321,302000,9626000,-0.426184002505419
2322,303000,9626000,-0.434162808524557
2323,304000,9626000,-0.469759305528854
2324,305000,9626000,-0.445803406581157
2325,306000,9626000,-0.463279771653093
2326,307000,9626000,-0.46752549058439
2327,308000,9626000,-0.449887558942434
2328,309000,9626000,-0.421451452580932
2329,310000,9626000,-0.44176526630237
2330,311000,9626000,-0.42964883955378
2331,312000,9626000,-0.44278138314103
2332,313000,9626000,-0.434174253902959
2333,314000,9626000,-0.466910965932743
2334,315000,9626000,-0.473059021818653
2335,316000,9626000,-0.472700468023977
2336,317000,9626000,-0.463722503329903
2337,318000,9626000,-0.472641097243916
2338,319000,9626000,-0.475121134947719
2339,320000,9626000,-0.473000592874518
2340,321000,9626000,-0.470156945879194
2341,322000,9626000,-0.462003500098453
2342,323000,9626000,-0.448703682243962
2343,324000,9626000,-0.43756099494218
2344,325000,9626000,-0.453101375229972
2345,326000,9626000,-0.441323422778905
2346,327000,9626000,-0.444929893923122
2347,328000,9626000,-0.445022853906259
2348,329000,9626000,-0.44130660024513
2349,330000,9626000,-0.440147271730709
2350,331000,9626000,-0.467086800183288
2351,332000,9626000,-0.461368246518258
2352,333000,9626000,-0.471866473840879
2353,334000,9626000,-0.49569083406208
2354,335000,9626000,-0.490796538791695
2355,336000,9626000,-0.464111761510263
2356,337000,9626000,-0.485657464987706
2357,338000,9626000,-0.476894165497055
2358,339000,9626000,-0.478759479579583
2359,340000,9626000,-0.479011547319595
2360,341000,9626000,-0.482457091333476
2361,342000,9626000,-0.468389786341001
2362,343000,9626000,-0.470015213270804
2363,344000,9626000,-0.46247368874256
2364,345000,9626000,-0.455086551926416
2365,346000,9626000,-0.460224543828569
2366,347000,9626000,-0.461902041694788
2367,348000,9626000,-0.483694187313754
2368,349000,9626000,-0.470925737783465
2369,350000,9626000,-0.488370194374094
2370,351000,9626000,-0.498970457120282
2371,352000,9626000,-0.507028553457608
2372,353000,9626000,-0.511905422584892
2373,354000,9626000,-0.534997392976413
2374,355000,9626000,-0.516301871796545
2375,356000,9626000,-0.492927094199627
2376,357000,9626000,-0.485732246975503
2377,358000,9626000,-0.463484027894091
2378,359000,9626000,-0.482857024770647
2379,360000,9626000,-0.466801980004467
2380,361000,9626000,-0.479329370649255
2381,362000,9626000,-0.4719990502307
2382,363000,9626000,-0.478980067528849
2383,364000,9626000,-0.497017710029045
2384,365000,9626000,-0.530300624676892
2385,366000,9626000,-0.601369610048156
2386,367000,9626000,-0.590541684683698
2387,368000,9626000,-0.606041460643816
2388,369000,9626000,-0.603903396448766
2389,370000,9626000,-0.610493588140335
2390,371000,9626000,-0.606053348072736
2391,372000,9626000,-0.61081468035118
2392,373000,9626000,-0.622232393243683
2393,374000,9626000,-0.605261847592023
2394,375000,9626000,-0.617214360160811
2395,262000,9627000,-0.52457028966314
2396,263000,9627000,-0.509333490294751
2397,264000,9627000,-0.523647494154885
2398,265000,9627000,-0.511488574890967
2399,266000,9627000,-0.517981046339535
2400,267000,9627000,-0.526361957606273
2401,268000,9627000,-0.522193215915336
2402,269000,9627000,-0.518177896641096
2403,270000,9627000,-0.504915269492222
2404,271000,9627000,-0.484669797149609
2405,272000,9627000,-0.496940031529996
2406,273000,9627000,-0.47851569357635
2407,274000,9627000,-0.459400580239616
2408,275000,9627000,-0.43637851638432
2409,276000,9627000,-0.424656436208708
2410,277000,9627000,-0.424269588404464
2411,278000,9627000,-0.461084112934244
2412,279000,9627000,-0.493627470233138
2413,280000,9627000,-0.497051109516522
2414,281000,9627000,-0.470918977882034
2415,282000,9627000,-0.462216851391516
2416,283000,9627000,-0.446670034415344
2417,284000,9627000,-0.451900134961813
2418,285000,9627000,-0.430965686667739
2419,286000,9627000,-0.435217192175637
2420,287000,9627000,-0.447981649767567
2421,288000,9627000,-0.462162926736458
2422,289000,9627000,-0.470505090227749
2423,290000,9627000,-0.488295474899147
2424,291000,9627000,-0.472521389445422
2425,292000,9627000,-0.447905278179758
2426,293000,9627000,-0.481942718457251
2427,294000,9627000,-0.497256143205415
2428,295000,9627000,-0.478240287641594
2429,296000,9627000,-0.474580978298928
2430,297000,9627000,-0.461640597632858
2431,298000,9627000,-0.454335553237291
2432,299000,9627000,-0.431155183133796
2433,3e+05,9627000,-0.441964478237857
2434,301000,9627000,-0.450214067647859
2435,302000,9627000,-0.427172304033362
2436,303000,9627000,-0.446041523824208
2437,304000,9627000,-0.474043688089666
2438,305000,9627000,-0.452074547796141
2439,306000,9627000,-0.462785007288254
2440,307000,9627000,-0.461967565952124
2441,308000,9627000,-0.467045176554259
2442,309000,9627000,-0.435464233437139
2443,310000,9627000,-0.435548085797565
2444,311000,9627000,-0.438460705750284
2445,312000,9627000,-0.456123352088182
2446,313000,9627000,-0.462680354231222
2447,314000,9627000,-0.480358894213561
2448,315000,9627000,-0.453981801729285
2449,316000,9627000,-0.466302669807631
2450,317000,9627000,-0.497969005394714
2451,318000,9627000,-0.510305800816703
2452,319000,9627000,-0.489759054566363
2453,320000,9627000,-0.472638180739778
2454,321000,9627000,-0.463384594733621
2455,322000,9627000,-0.45489127554529
2456,323000,9627000,-0.446634994877398
2457,324000,9627000,-0.443468669934647
2458,325000,9627000,-0.454439241328222
2459,326000,9627000,-0.442715737019597
2460,327000,9627000,-0.440635270381135
2461,328000,9627000,-0.457918712699887
2462,329000,9627000,-0.474422187731464
2463,330000,9627000,-0.459841874945038
2464,331000,9627000,-0.457870694688759
2465,332000,9627000,-0.489562530738053
2466,333000,9627000,-0.478208333008665
2467,334000,9627000,-0.498406957954612
2468,335000,9627000,-0.483532256535919
2469,336000,9627000,-0.467106761429854
2470,337000,9627000,-0.505560329214844
2471,338000,9627000,-0.485713696699632
2472,339000,9627000,-0.479104038646152
2473,340000,9627000,-0.479719604361685
2474,341000,9627000,-0.472046946546867
2475,342000,9627000,-0.470570601518684
2476,343000,9627000,-0.454986112711593
2477,344000,9627000,-0.456743697352784
2478,345000,9627000,-0.46429360207959
2479,346000,9627000,-0.473669023527791
2480,347000,9627000,-0.462422706266685
2481,348000,9627000,-0.462254169934961
2482,349000,9627000,-0.476115870456609
2483,350000,9627000,-0.487785079688813
2484,351000,9627000,-0.498495631035917
2485,352000,9627000,-0.501471264475365
2486,353000,9627000,-0.517309184397775
2487,354000,9627000,-0.524919502788103
2488,355000,9627000,-0.526247490928628
2489,356000,9627000,-0.50363478856625
2490,357000,9627000,-0.503082155925596
2491,358000,9627000,-0.462265327330739
2492,359000,9627000,-0.515185593996359
2493,360000,9627000,-0.47434256753374
2494,361000,9627000,-0.477597278459686
2495,362000,9627000,-0.481745001089006
2496,363000,9627000,-0.483540365531615
2497,364000,9627000,-0.492755279177442
2498,365000,9627000,-0.509994833776993
2499,366000,9627000,-0.552499220491257
2500,367000,9627000,-0.601813175424335
2501,368000,9627000,-0.598862493129192
2502,369000,9627000,-0.608742323392275
2503,370000,9627000,-0.606665481502729
2504,371000,9627000,-0.614237437436843
2505,372000,9627000,-0.612308705342079
2506,373000,9627000,-0.61939453770562
2507,374000,9627000,-0.607684114470793
2508,375000,9627000,-0.616476965113662
2509,262000,9628000,-0.525583236363398
2510,263000,9628000,-0.52788143580195
2511,264000,9628000,-0.523954447826042
2512,265000,9628000,-0.522805672855259
2513,266000,9628000,-0.527478373602491
2514,267000,9628000,-0.516013347837635
2515,268000,9628000,-0.528010297968254
2516,269000,9628000,-0.506753287806462
2517,270000,9628000,-0.499768921470974
2518,271000,9628000,-0.504739506459483
2519,272000,9628000,-0.497674395817487
2520,273000,9628000,-0.495738307634765
2521,274000,9628000,-0.472009693737737
2522,275000,9628000,-0.45898230506305
2523,276000,9628000,-0.442060620775889
2524,277000,9628000,-0.442708516856168
2525,278000,9628000,-0.444953702625221
2526,279000,9628000,-0.464391255211356
2527,280000,9628000,-0.490599707347208
2528,281000,9628000,-0.46861213891479
2529,282000,9628000,-0.449403602801067
2530,283000,9628000,-0.441756006894513
2531,284000,9628000,-0.421611177302612
2532,285000,9628000,-0.434811537473473
2533,286000,9628000,-0.433330107589082
2534,287000,9628000,-0.441964124179642
2535,288000,9628000,-0.471216212463374
2536,289000,9628000,-0.472702925821325
2537,290000,9628000,-0.474297796660407
2538,291000,9628000,-0.473367177748262
2539,292000,9628000,-0.466276101086048
2540,293000,9628000,-0.484577339584483
2541,294000,9628000,-0.479777891509361
2542,295000,9628000,-0.474615030797036
2543,296000,9628000,-0.47455174663574
2544,297000,9628000,-0.467860892096163
2545,298000,9628000,-0.459486644175828
2546,299000,9628000,-0.448881138416481
2547,3e+05,9628000,-0.458642938046712
2548,301000,9628000,-0.452722445326166
2549,302000,9628000,-0.44126303370227
2550,303000,9628000,-0.467423849580665
2551,304000,9628000,-0.472439510947769
2552,305000,9628000,-0.452225852983562
2553,306000,9628000,-0.454707268382113
2554,307000,9628000,-0.446624395597777
2555,308000,9628000,-0.440913062637576
2556,309000,9628000,-0.427671718843539
2557,310000,9628000,-0.443996549011261
2558,311000,9628000,-0.436383257485301
2559,312000,9628000,-0.449637931829626
2560,313000,9628000,-0.446497835982305
2561,314000,9628000,-0.444665607917984
2562,315000,9628000,-0.436100914499373
2563,316000,9628000,-0.471141023244494
2564,317000,9628000,-0.493566142051675
2565,318000,9628000,-0.472482034767205
2566,319000,9628000,-0.468686495894089
2567,320000,9628000,-0.466527670770248
2568,321000,9628000,-0.455693816349715
2569,322000,9628000,-0.446993999373842
2570,323000,9628000,-0.439045670859315
2571,324000,9628000,-0.437119137458788
2572,325000,9628000,-0.438154228217237
2573,326000,9628000,-0.432710416942907
2574,327000,9628000,-0.466914527481443
2575,328000,9628000,-0.435492983359587
2576,329000,9628000,-0.482581216336956
2577,330000,9628000,-0.469051468943178
2578,331000,9628000,-0.45586525239328
2579,332000,9628000,-0.45779963836599
2580,333000,9628000,-0.453175137388
2581,334000,9628000,-0.49095009569698
2582,335000,9628000,-0.472623373458887
2583,336000,9628000,-0.467133645793468
2584,337000,9628000,-0.478265484585768
2585,338000,9628000,-0.489245958935615
2586,339000,9628000,-0.47687040396087
2587,340000,9628000,-0.478586481217304
2588,341000,9628000,-0.475035195050508
2589,342000,9628000,-0.462125636899177
2590,343000,9628000,-0.47567827364788
2591,344000,9628000,-0.466194051955579
2592,345000,9628000,-0.481286484973937
2593,346000,9628000,-0.470622191937705
2594,347000,9628000,-0.461263689415441
2595,348000,9628000,-0.466791450314158
2596,349000,9628000,-0.474022994947093
2597,350000,9628000,-0.482621997914983
2598,351000,9628000,-0.489088893327755
2599,352000,9628000,-0.511414570446119
2600,353000,9628000,-0.517716796203311
2601,354000,9628000,-0.52503761943796
2602,355000,9628000,-0.52889196919584
2603,356000,9628000,-0.504909629084378
2604,357000,9628000,-0.509610869810174
2605,358000,9628000,-0.46375968832437
2606,359000,9628000,-0.557357108964225
2607,360000,9628000,-0.498599258830286
2608,361000,9628000,-0.487660142743372
2609,362000,9628000,-0.499687184019443
2610,363000,9628000,-0.513290797734981
2611,364000,9628000,-0.518544771712431
2612,365000,9628000,-0.518025469910564
2613,366000,9628000,-0.511042632706976
2614,367000,9628000,-0.536330023310214
2615,368000,9628000,-0.608637711835471
2616,369000,9628000,-0.608088624671491
2617,370000,9628000,-0.597102767970943
2618,371000,9628000,-0.60063553213033
2619,372000,9628000,-0.599897294166266
2620,373000,9628000,-0.600991608261597
2621,374000,9628000,-0.601642606997155
2622,375000,9628000,-0.615776792752039
2623,262000,9629000,-0.526238025218323
2624,263000,9629000,-0.518496707239581
2625,264000,9629000,-0.523327995042021
2626,265000,9629000,-0.520318049106579
2627,266000,9629000,-0.517856338576598
2628,267000,9629000,-0.516025401065662
2629,268000,9629000,-0.51279035591185
2630,269000,9629000,-0.518776922810695
2631,270000,9629000,-0.504549518189387
2632,271000,9629000,-0.514988116271269
2633,272000,9629000,-0.528523547771572
2634,273000,9629000,-0.528958502843748
2635,274000,9629000,-0.484475625424573
2636,275000,9629000,-0.523663371063843
2637,276000,9629000,-0.477608511869204
2638,277000,9629000,-0.454284687806815
2639,278000,9629000,-0.457701589805373
2640,279000,9629000,-0.465445216342507
2641,280000,9629000,-0.484466497906692
2642,281000,9629000,-0.489092452691433
2643,282000,9629000,-0.465124788798234
2644,283000,9629000,-0.439042913498584
2645,284000,9629000,-0.423848113712493
2646,285000,9629000,-0.416074339957392
2647,286000,9629000,-0.418083260406946
2648,287000,9629000,-0.424427104683641
2649,288000,9629000,-0.447585370769141
2650,289000,9629000,-0.468243882054267
2651,290000,9629000,-0.461160177320547
2652,291000,9629000,-0.483040182935445
2653,292000,9629000,-0.487427162569581
2654,293000,9629000,-0.475152093271399
2655,294000,9629000,-0.474143956518615
2656,295000,9629000,-0.474583843739878
2657,296000,9629000,-0.478739799892335
2658,297000,9629000,-0.478705281114505
2659,298000,9629000,-0.453422571309396
2660,299000,9629000,-0.440564897227609
2661,3e+05,9629000,-0.440075706503508
2662,301000,9629000,-0.475823386987794
2663,302000,9629000,-0.454205602720894
2664,303000,9629000,-0.473879840199884
2665,304000,9629000,-0.430177992912458
2666,305000,9629000,-0.45552954381428
2667,306000,9629000,-0.450975059766344
2668,307000,9629000,-0.451507039619875
2669,308000,9629000,-0.467005576292088
2670,309000,9629000,-0.447746453440633
2671,310000,9629000,-0.461236009553871
2672,311000,9629000,-0.454653185774712
2673,312000,9629000,-0.46643877782197
2674,313000,9629000,-0.460547637451932
2675,314000,9629000,-0.454005091259175
2676,315000,9629000,-0.461332129879468
2677,316000,9629000,-0.469095927479875
2678,317000,9629000,-0.470953676812439
2679,318000,9629000,-0.472728209397387
2680,319000,9629000,-0.476556703907019
2681,320000,9629000,-0.467673046961684
2682,321000,9629000,-0.441929757204613
2683,322000,9629000,-0.437416971079175
2684,323000,9629000,-0.430291151752608
2685,324000,9629000,-0.442853499114388
2686,325000,9629000,-0.439138031117491
2687,326000,9629000,-0.447239267198233
2688,327000,9629000,-0.436348333978761
2689,328000,9629000,-0.450774884565261
2690,329000,9629000,-0.486781946277071
2691,330000,9629000,-0.507566350565676
2692,331000,9629000,-0.456450972667191
2693,332000,9629000,-0.447673867643356
2694,333000,9629000,-0.454412831239077
2695,334000,9629000,-0.473744321150082
2696,335000,9629000,-0.482018281101464
2697,336000,9629000,-0.509432194306537
2698,337000,9629000,-0.494581600864203
2699,338000,9629000,-0.483672591829438
2700,339000,9629000,-0.474046076887334
2701,340000,9629000,-0.472729101314613
2702,341000,9629000,-0.471483922329068
2703,342000,9629000,-0.463811054733549
2704,343000,9629000,-0.468921123928041
2705,344000,9629000,-0.472421714790479
2706,345000,9629000,-0.480003234227887
2707,346000,9629000,-0.468581241364326
2708,347000,9629000,-0.477971843403012
2709,348000,9629000,-0.478665207027764
2710,349000,9629000,-0.478032758027712
2711,350000,9629000,-0.480187596296744
2712,351000,9629000,-0.503309743424964
2713,352000,9629000,-0.504555515314629
2714,353000,9629000,-0.520681488371364
2715,354000,9629000,-0.522441929651013
2716,355000,9629000,-0.526086345794649
2717,356000,9629000,-0.524862497591969
2718,357000,9629000,-0.524074379577843
2719,358000,9629000,-0.472544461479052
2720,359000,9629000,-0.481465845193469
2721,360000,9629000,-0.547878131340066
2722,361000,9629000,-0.463246257142938
2723,362000,9629000,-0.477128839826136
2724,363000,9629000,-0.511957830531111
2725,364000,9629000,-0.558829198853084
2726,365000,9629000,-0.533431757211658
2727,366000,9629000,-0.525146007169419
2728,367000,9629000,-0.529150351312531
2729,368000,9629000,-0.598243825811896
2730,369000,9629000,-0.56554977194213
2731,370000,9629000,-0.553102463280659
2732,371000,9629000,-0.566833475585644
2733,372000,9629000,-0.597352081359347
2734,373000,9629000,-0.596629169748836
2735,374000,9629000,-0.598613427282757
2736,375000,9629000,-0.614877624436192
2737,262000,9630000,-0.525188568904787
2738,263000,9630000,-0.522953220435906
2739,264000,9630000,-0.519955924921878
2740,265000,9630000,-0.530983350258322
2741,266000,9630000,-0.520941040130681
2742,267000,9630000,-0.526100170164443
2743,268000,9630000,-0.526840859302427
2744,269000,9630000,-0.521775138587819
2745,270000,9630000,-0.52619040820126
2746,271000,9630000,-0.527456846854315
2747,272000,9630000,-0.524558273663531
2748,273000,9630000,-0.529760198627851
2749,274000,9630000,-0.530289525572196
2750,275000,9630000,-0.467529945725313
2751,276000,9630000,-0.465764852287275
2752,277000,9630000,-0.46612024982064
2753,278000,9630000,-0.465586961973385
2754,279000,9630000,-0.474983489012929
2755,280000,9630000,-0.471918177089193
2756,281000,9630000,-0.485323452064506
2757,282000,9630000,-0.459166708752409
2758,283000,9630000,-0.434096362179835
2759,284000,9630000,-0.427986662668027
2760,285000,9630000,-0.428270688006256
2761,286000,9630000,-0.43650810453666
2762,287000,9630000,-0.430808541517187
2763,288000,9630000,-0.456391171006726
2764,289000,9630000,-0.470521325974685
2765,290000,9630000,-0.490353158121507
2766,291000,9630000,-0.485156054280693
2767,292000,9630000,-0.495722596162192
2768,293000,9630000,-0.447866153072258
2769,294000,9630000,-0.479863271882538
2770,295000,9630000,-0.48140773282688
2771,296000,9630000,-0.492380257619483
2772,297000,9630000,-0.44465989687474
2773,298000,9630000,-0.444377124999246
2774,299000,9630000,-0.446159662598494
2775,3e+05,9630000,-0.471373150498178
2776,301000,9630000,-0.476268282229195
2777,302000,9630000,-0.48034252313467
2778,303000,9630000,-0.491640491001532
2779,304000,9630000,-0.448197695301221
2780,305000,9630000,-0.4762944895975
2781,306000,9630000,-0.465874364012563
2782,307000,9630000,-0.477661301700684
2783,308000,9630000,-0.472997299145204
2784,309000,9630000,-0.470649497897666
2785,310000,9630000,-0.449374888682131
2786,311000,9630000,-0.455880161273118
2787,312000,9630000,-0.456509150192633
2788,313000,9630000,-0.43730698026715
2789,314000,9630000,-0.437527663822848
2790,315000,9630000,-0.444994745651763
2791,316000,9630000,-0.465262167157734
2792,317000,9630000,-0.467497319598945
2793,318000,9630000,-0.471418379429476
2794,319000,9630000,-0.464933503196072
2795,320000,9630000,-0.439320415044863
2796,321000,9630000,-0.433460984173325
2797,322000,9630000,-0.429940093824675
2798,323000,9630000,-0.433256501680373
2799,324000,9630000,-0.425908350509207
2800,325000,9630000,-0.446591853915099
2801,326000,9630000,-0.452846296656045
2802,327000,9630000,-0.452993361694709
2803,328000,9630000,-0.474747396967836
2804,329000,9630000,-0.46398143032746
2805,330000,9630000,-0.49016015646161
2806,331000,9630000,-0.480112942486699
2807,332000,9630000,-0.479162623546118
2808,333000,9630000,-0.456841393053885
2809,334000,9630000,-0.468037422970469
2810,335000,9630000,-0.473889784857761
2811,336000,9630000,-0.4786722083431
2812,337000,9630000,-0.490588492866315
2813,338000,9630000,-0.474823705141989
2814,339000,9630000,-0.478568419892696
2815,340000,9630000,-0.473152203518159
2816,341000,9630000,-0.473217470940382
2817,342000,9630000,-0.4737457280667
2818,343000,9630000,-0.461999053635586
2819,344000,9630000,-0.471796950094431
2820,345000,9630000,-0.46370773334407
2821,346000,9630000,-0.461240710287459
2822,347000,9630000,-0.46400028230586
2823,348000,9630000,-0.48493981330082
2824,349000,9630000,-0.492644734915818
2825,350000,9630000,-0.494573528666682
2826,351000,9630000,-0.522628763450699
2827,352000,9630000,-0.519595913152956
2828,353000,9630000,-0.514210995067857
2829,354000,9630000,-0.526295080812553
2830,355000,9630000,-0.535151465550984
2831,356000,9630000,-0.55126154594753
2832,357000,9630000,-0.544501388939159
2833,358000,9630000,-0.479293377828643
2834,359000,9630000,-0.471924170209603
2835,360000,9630000,-0.50042063768761
2836,361000,9630000,-0.487064916090946
2837,362000,9630000,-0.492276877278475
2838,363000,9630000,-0.521444496285149
2839,364000,9630000,-0.494619846010169
2840,365000,9630000,-0.501602208900911
2841,366000,9630000,-0.517369463379372
2842,367000,9630000,-0.516502793008475
2843,368000,9630000,-0.528278993113753
2844,369000,9630000,-0.533449112805664
2845,370000,9630000,-0.551648739178216
2846,371000,9630000,-0.5706482516199
2847,372000,9630000,-0.598940273754149
2848,373000,9630000,-0.596212619139124
2849,374000,9630000,-0.599911722403053
2850,375000,9630000,-0.613658741350698
2851,262000,9631000,-0.52540443049693
2852,263000,9631000,-0.511588760879035
2853,264000,9631000,-0.529306400231475
2854,265000,9631000,-0.518241310322184
2855,266000,9631000,-0.518065218388634
2856,267000,9631000,-0.523913687795997
2857,268000,9631000,-0.52416135054564
2858,269000,9631000,-0.522421237286744
2859,270000,9631000,-0.52558675589738
2860,271000,9631000,-0.527783488751356
2861,272000,9631000,-0.539492096745437
2862,273000,9631000,-0.531582216047904
2863,274000,9631000,-0.524453914922064
2864,275000,9631000,-0.50982996348139
2865,276000,9631000,-0.507689188778748
2866,277000,9631000,-0.472640597534554
2867,278000,9631000,-0.465819092980163
2868,279000,9631000,-0.521460318866244
2869,280000,9631000,-0.479336534716237
2870,281000,9631000,-0.499325700061557
2871,282000,9631000,-0.441108525990471
2872,283000,9631000,-0.431939885975341
2873,284000,9631000,-0.435425930016666
2874,285000,9631000,-0.448000377975812
2875,286000,9631000,-0.456336030653229
2876,287000,9631000,-0.47062802952019
2877,288000,9631000,-0.463623621942083
2878,289000,9631000,-0.483171514557042
2879,290000,9631000,-0.485134918527945
2880,291000,9631000,-0.495146477885922
2881,292000,9631000,-0.490187932663201
2882,293000,9631000,-0.467636573877948
2883,294000,9631000,-0.485428433803073
2884,295000,9631000,-0.484542999809184
2885,296000,9631000,-0.470789621484628
2886,297000,9631000,-0.469002735867928
2887,298000,9631000,-0.452873667215053
2888,299000,9631000,-0.458883349700651
2889,3e+05,9631000,-0.469319244589098
2890,301000,9631000,-0.475414311891768
2891,302000,9631000,-0.480212925904581
2892,303000,9631000,-0.47419133302106
2893,304000,9631000,-0.484107522377409
2894,305000,9631000,-0.481621375711444
2895,306000,9631000,-0.48666325754414
2896,307000,9631000,-0.475167481757593
2897,308000,9631000,-0.474234740494845
2898,309000,9631000,-0.469400829922705
2899,310000,9631000,-0.462382468954799
2900,311000,9631000,-0.454090188083091
2901,312000,9631000,-0.464850777745417
2902,313000,9631000,-0.455713321954443
2903,314000,9631000,-0.469437281046961
2904,315000,9631000,-0.467395516915039
2905,316000,9631000,-0.461845435808557
2906,317000,9631000,-0.468831303916026
2907,318000,9631000,-0.455188344204129
2908,319000,9631000,-0.45130737433225
2909,320000,9631000,-0.4323125199711
2910,321000,9631000,-0.434865851138162
2911,322000,9631000,-0.43488298953405
2912,323000,9631000,-0.450135319578538
2913,324000,9631000,-0.440254696018687
2914,325000,9631000,-0.467099216275644
2915,326000,9631000,-0.454518573362322
2916,327000,9631000,-0.486494266090455
2917,328000,9631000,-0.489875953329318
2918,329000,9631000,-0.463908781538237
2919,330000,9631000,-0.482802146992934
2920,331000,9631000,-0.483316408071002
2921,332000,9631000,-0.485531736959427
2922,333000,9631000,-0.461245881954098
2923,334000,9631000,-0.514017395411288
2924,335000,9631000,-0.472500896240379
2925,336000,9631000,-0.480514213434564
2926,337000,9631000,-0.473618566178105
2927,338000,9631000,-0.492134991426677
2928,339000,9631000,-0.494428545405762
2929,340000,9631000,-0.484658439655716
2930,341000,9631000,-0.480758353204424
2931,342000,9631000,-0.465727683070275
2932,343000,9631000,-0.485279489467446
2933,344000,9631000,-0.483967963860386
2934,345000,9631000,-0.463422922988895
2935,346000,9631000,-0.471562150685364
2936,347000,9631000,-0.477861035051713
2937,348000,9631000,-0.476839202829109
2938,349000,9631000,-0.476853515683455
2939,350000,9631000,-0.527725025368849
2940,351000,9631000,-0.527835871569582
2941,352000,9631000,-0.498496187734932
2942,353000,9631000,-0.481113776689879
2943,354000,9631000,-0.513733532421237
2944,355000,9631000,-0.527102439230742
2945,356000,9631000,-0.549182457511831
2946,357000,9631000,-0.514893483707041
2947,358000,9631000,-0.470242697581042
2948,359000,9631000,-0.508211585860823
2949,360000,9631000,-0.479436559466835
2950,361000,9631000,-0.484614728867627
2951,362000,9631000,-0.503841922480426
2952,363000,9631000,-0.502322604121866
2953,364000,9631000,-0.49195720319224
2954,365000,9631000,-0.498141589827843
2955,366000,9631000,-0.503699436237892
2956,367000,9631000,-0.507075784565745
2957,368000,9631000,-0.519694523946373
2958,369000,9631000,-0.542710441711898
2959,370000,9631000,-0.562733431273788
2960,371000,9631000,-0.592890916049145
2961,372000,9631000,-0.597073338151531
2962,373000,9631000,-0.598376452254005
2963,374000,9631000,-0.598104252529711
2964,375000,9631000,-0.611352648128284
2965,262000,9632000,-0.52569084892608
2966,263000,9632000,-0.515746868289624
2967,264000,9632000,-0.514933823272506
2968,265000,9632000,-0.516960377432031
2969,266000,9632000,-0.519187193965452
2970,267000,9632000,-0.520322091992018
2971,268000,9632000,-0.517983066813098
2972,269000,9632000,-0.525174274966523
2973,270000,9632000,-0.524451761349091
2974,271000,9632000,-0.538672462964006
2975,272000,9632000,-0.543516084154174
2976,273000,9632000,-0.524841247690933
2977,274000,9632000,-0.517707803703025
2978,275000,9632000,-0.483521217481707
2979,276000,9632000,-0.518685743481711
2980,277000,9632000,-0.46846079321081
2981,278000,9632000,-0.477640546827568
2982,279000,9632000,-0.496230299744274
2983,280000,9632000,-0.489625878498643
2984,281000,9632000,-0.502945544598025
2985,282000,9632000,-0.452324931551586
2986,283000,9632000,-0.442185571809859
2987,284000,9632000,-0.430945390641307
2988,285000,9632000,-0.449706266254206
2989,286000,9632000,-0.462832857711535
2990,287000,9632000,-0.46772388830814
2991,288000,9632000,-0.478182781434375
2992,289000,9632000,-0.475551510515263
2993,290000,9632000,-0.477221759473166
2994,291000,9632000,-0.47080064460977
2995,292000,9632000,-0.472237817682352
2996,293000,9632000,-0.490768655834925
2997,294000,9632000,-0.481887796932364
2998,295000,9632000,-0.488357609404746
2999,296000,9632000,-0.483564232564214
3000,297000,9632000,-0.455287347577899
3001,298000,9632000,-0.493095052725443
3002,299000,9632000,-0.49304061672587
3003,3e+05,9632000,-0.48080315149026
3004,301000,9632000,-0.459497975103265
3005,302000,9632000,-0.477954873307857
3006,303000,9632000,-0.479940842000212
3007,304000,9632000,-0.481010464937788
3008,305000,9632000,-0.480381493803942
3009,306000,9632000,-0.484507473713958
3010,307000,9632000,-0.476841870079019
3011,308000,9632000,-0.47246766687229
3012,309000,9632000,-0.472480275723271
3013,310000,9632000,-0.471655540352972
3014,311000,9632000,-0.473862310711438
3015,312000,9632000,-0.462134472489488
3016,313000,9632000,-0.47041841686064
3017,314000,9632000,-0.455427103217579
3018,315000,9632000,-0.464569606302478
3019,316000,9632000,-0.465666778920401
3020,317000,9632000,-0.465602249367572
3021,318000,9632000,-0.446883901138983
3022,319000,9632000,-0.433653444003615
3023,320000,9632000,-0.454877934484541
3024,321000,9632000,-0.463277592466077
3025,322000,9632000,-0.435054904335152
3026,323000,9632000,-0.451745339764193
3027,324000,9632000,-0.454408661758599
3028,325000,9632000,-0.478637865583791
3029,326000,9632000,-0.4646200179889
3030,327000,9632000,-0.475223599307172
3031,328000,9632000,-0.461966912146583
3032,329000,9632000,-0.456999844360128
3033,330000,9632000,-0.500097314829475
3034,331000,9632000,-0.495790347367657
3035,332000,9632000,-0.519003685171871
3036,333000,9632000,-0.502186271915313
3037,334000,9632000,-0.510350126396709
3038,335000,9632000,-0.490473876595647
3039,336000,9632000,-0.500460949798692
3040,337000,9632000,-0.491533544574051
3041,338000,9632000,-0.513106598130371
3042,339000,9632000,-0.50580722706429
3043,340000,9632000,-0.495244217148797
3044,341000,9632000,-0.489732531107298
3045,342000,9632000,-0.489198499234628
3046,343000,9632000,-0.477991882101823
3047,344000,9632000,-0.492862363039608
3048,345000,9632000,-0.470404256877015
3049,346000,9632000,-0.459446013591681
3050,347000,9632000,-0.457396666856589
3051,348000,9632000,-0.481593044561149
3052,349000,9632000,-0.481806862095071
3053,350000,9632000,-0.501515347349014
3054,351000,9632000,-0.496348976360389
3055,352000,9632000,-0.49490835320709
3056,353000,9632000,-0.488001550985895
3057,354000,9632000,-0.167952764111857
3058,355000,9632000,-0.22199359737038
3059,356000,9632000,-0.529630497683503
3060,357000,9632000,-0.49214407796067
3061,358000,9632000,-0.485905771826229
3062,359000,9632000,-0.536299841290055
3063,360000,9632000,-0.481078288241427
3064,361000,9632000,-0.508666485044018
3065,362000,9632000,-0.506635457331759
3066,363000,9632000,-0.4956125640435
3067,364000,9632000,-0.4937381170923
3068,365000,9632000,-0.498017923223941
3069,366000,9632000,-0.509125399873428
3070,367000,9632000,-0.532024196794153
3071,368000,9632000,-0.521421495269245
3072,369000,9632000,-0.528028683031622
3073,370000,9632000,-0.546318909624882
3074,371000,9632000,-0.601288788106304
3075,372000,9632000,-0.597649612758024
3076,373000,9632000,-0.596063046967037
3077,374000,9632000,-0.603299177559021
3078,375000,9632000,-0.61132156330792
3079,262000,9633000,-0.526426688000655
3080,263000,9633000,-0.517034616949063
3081,264000,9633000,-0.517243238712873
3082,265000,9633000,-0.518921071624334
3083,266000,9633000,-0.521542916411341
3084,267000,9633000,-0.520517115188942
3085,268000,9633000,-0.532608161407298
3086,269000,9633000,-0.521189533507186
3087,270000,9633000,-0.540262169590143
3088,271000,9633000,-0.544983860445611
3089,272000,9633000,-0.548563458020171
3090,273000,9633000,-0.538772935084676
3091,274000,9633000,-0.517330474717486
3092,275000,9633000,-0.485201343202824
3093,276000,9633000,-0.485692466071825
3094,277000,9633000,-0.509946062869379
3095,278000,9633000,-0.487551433197457
3096,279000,9633000,-0.495258682591081
3097,280000,9633000,-0.499184321718308
3098,281000,9633000,-0.422844494305391
3099,282000,9633000,-0.459601017331759
3100,283000,9633000,-0.44966763380741
3101,284000,9633000,-0.437048659649456
3102,285000,9633000,-0.431234944069703
3103,286000,9633000,-0.452593550387171
3104,287000,9633000,-0.457610617526817
3105,288000,9633000,-0.459526213548935
3106,289000,9633000,-0.451713972326476
3107,290000,9633000,-0.44310801304877
3108,291000,9633000,-0.456300498472404
3109,292000,9633000,-0.477355561008673
3110,293000,9633000,-0.491570070259898
3111,294000,9633000,-0.485448063918181
3112,295000,9633000,-0.487342444293763
3113,296000,9633000,-0.485272456128185
3114,297000,9633000,-0.501150149242933
3115,298000,9633000,-0.491556404409905
3116,299000,9633000,-0.483562313010654
3117,3e+05,9633000,-0.482689844369257
3118,301000,9633000,-0.479766873905679
3119,302000,9633000,-0.472728473890194
3120,303000,9633000,-0.477304521289275
3121,304000,9633000,-0.479270313659358
3122,305000,9633000,-0.47701345304981
3123,306000,9633000,-0.49354151185258
3124,307000,9633000,-0.477503994709473
3125,308000,9633000,-0.477186367968405
3126,309000,9633000,-0.485042327898563
3127,310000,9633000,-0.472094389557919
3128,311000,9633000,-0.472134569610127
3129,312000,9633000,-0.480997249879379
3130,313000,9633000,-0.471840799487043
3131,314000,9633000,-0.468695379926224
3132,315000,9633000,-0.468643645527251
3133,316000,9633000,-0.468107179508435
3134,317000,9633000,-0.451183731244119
3135,318000,9633000,-0.471364873997419
3136,319000,9633000,-0.447941499505186
3137,320000,9633000,-0.468986807850354
3138,321000,9633000,-0.465177213087731
3139,322000,9633000,-0.455137074091637
3140,323000,9633000,-0.444921071466232
3141,324000,9633000,-0.470958676014554
3142,325000,9633000,-0.468358380338586
3143,326000,9633000,-0.459591348940939
3144,327000,9633000,-0.509934990399259
3145,328000,9633000,-0.501236075818634
3146,329000,9633000,-0.49324401833384
3147,330000,9633000,-0.502038092680136
3148,331000,9633000,-0.500059200831686
3149,332000,9633000,-0.481733996674347
3150,333000,9633000,-0.50230803260019
3151,334000,9633000,-0.484333599663455
3152,335000,9633000,-0.520521885355094
3153,336000,9633000,-0.465176142454003
3154,337000,9633000,-0.473670881480311
3155,338000,9633000,-0.508169161232418
3156,339000,9633000,-0.495049658541515
3157,340000,9633000,-0.482472449411908
3158,341000,9633000,-0.477301036096242
3159,342000,9633000,-0.489821684154259
3160,343000,9633000,-0.496127492885056
3161,344000,9633000,-0.490966679256011
3162,345000,9633000,-0.475122621057294
3163,346000,9633000,-0.472587182607735
3164,347000,9633000,-0.496353562674118
3165,348000,9633000,-0.508886105078964
3166,349000,9633000,-0.484124279783387
3167,350000,9633000,-0.489725019924551
3168,351000,9633000,-0.497472870258475
3169,352000,9633000,-0.498085549501522
3170,353000,9633000,-0.490228290928039
3171,354000,9633000,-0.0147842070469923
3172,355000,9633000,-0.235487980676702
3173,356000,9633000,-0.260334181646425
3174,357000,9633000,-0.510535096453825
3175,358000,9633000,-0.490373590390049
3176,359000,9633000,-0.525203921640281
3177,360000,9633000,-0.497803647749336
3178,361000,9633000,-0.510907954157344
3179,362000,9633000,-0.499508478290859
3180,363000,9633000,-0.496878997410955
3181,364000,9633000,-0.494860328639501
3182,365000,9633000,-0.5030727307921
3183,366000,9633000,-0.494470499901295
3184,367000,9633000,-0.497856846929794
3185,368000,9633000,-0.505022964062334
3186,369000,9633000,-0.517183975165511
3187,370000,9633000,-0.541959135572591
3188,371000,9633000,-0.569866906113017
3189,372000,9633000,-0.599774233273804
3190,373000,9633000,-0.598326397575944
3191,374000,9633000,-0.603338227007206
3192,375000,9633000,-0.610863710935263
3193,262000,9634000,-0.523632720776905
3194,263000,9634000,-0.516745566124237
3195,264000,9634000,-0.515209268832449
3196,265000,9634000,-0.51543098183628
3197,266000,9634000,-0.517543928708494
3198,267000,9634000,-0.521119537534253
3199,268000,9634000,-0.527397214330259
3200,269000,9634000,-0.533176018695492
3201,270000,9634000,-0.53576952912575
3202,271000,9634000,-0.529773506726644
3203,272000,9634000,-0.529173069723914
3204,273000,9634000,-0.534441496108729
3205,274000,9634000,-0.536854819379244
3206,275000,9634000,-0.521128395656579
3207,276000,9634000,-0.517325577249687
3208,277000,9634000,-0.505942618099516
3209,278000,9634000,-0.517377593972784
3210,279000,9634000,-0.492927429332896
3211,280000,9634000,-0.492754064232656
3212,281000,9634000,-0.446839956644291
3213,282000,9634000,-0.486709508434113
3214,283000,9634000,-0.452776276368791
3215,284000,9634000,-0.429475385930378
3216,285000,9634000,-0.445919521458446
3217,286000,9634000,-0.450486484780719
3218,287000,9634000,-0.444984700258235
3219,288000,9634000,-0.448571495047719
3220,289000,9634000,-0.45950803543327
3221,290000,9634000,-0.460909361735259
3222,291000,9634000,-0.508500137514362
3223,292000,9634000,-0.49973722479028
3224,293000,9634000,-0.509964196278061
3225,294000,9634000,-0.487464682926672
3226,295000,9634000,-0.467920900636435
3227,296000,9634000,-0.487388411440134
3228,297000,9634000,-0.499927345768947
3229,298000,9634000,-0.496288725070299
3230,299000,9634000,-0.479978006588004
3231,3e+05,9634000,-0.480926477976469
3232,301000,9634000,-0.479731298796281
3233,302000,9634000,-0.474474698111835
3234,303000,9634000,-0.47761297180049
3235,304000,9634000,-0.478697689705732
3236,305000,9634000,-0.475848231732007
3237,306000,9634000,-0.49588174542485
3238,307000,9634000,-0.478938256494311
3239,308000,9634000,-0.489512234347663
3240,309000,9634000,-0.477485580994562
3241,310000,9634000,-0.47278059943038
3242,311000,9634000,-0.481646437004213
3243,312000,9634000,-0.480648395797686
3244,313000,9634000,-0.473962720743789
3245,314000,9634000,-0.472857763691894
3246,315000,9634000,-0.459660423655645
3247,316000,9634000,-0.454341666459189
3248,317000,9634000,-0.472504344116771
3249,318000,9634000,-0.455836645382706
3250,319000,9634000,-0.480961050292104
3251,320000,9634000,-0.469781382504924
3252,321000,9634000,-0.454552050359365
3253,322000,9634000,-0.449738770618628
3254,323000,9634000,-0.456571436142418
3255,324000,9634000,-0.458179623080316
3256,325000,9634000,-0.469808446530316
3257,326000,9634000,-0.48342369658005
3258,327000,9634000,-0.497624595977091
3259,328000,9634000,-0.487821740669115
3260,329000,9634000,-0.487120228040899
3261,330000,9634000,-0.503518105361367
3262,331000,9634000,-0.513940111904112
3263,332000,9634000,-0.500986455659796
3264,333000,9634000,-0.455648582943338
3265,334000,9634000,-0.494128726757123
3266,335000,9634000,-0.504449177029674
3267,336000,9634000,-0.487556863323756
3268,337000,9634000,-0.510006782081691
3269,338000,9634000,-0.51256499584272
3270,339000,9634000,-0.505591059703676
3271,340000,9634000,-0.484146154579717
3272,341000,9634000,-0.494026994703212
3273,342000,9634000,-0.48836084974108
3274,343000,9634000,-0.500375746496599
3275,344000,9634000,-0.499636136023901
3276,345000,9634000,-0.482521138600548
3277,346000,9634000,-0.49178941132112
3278,347000,9634000,-0.494934073215125
3279,348000,9634000,-0.490289039541845
3280,349000,9634000,-0.485074306568588
3281,350000,9634000,-0.48219130276493
3282,351000,9634000,-0.485545522671505
3283,352000,9634000,-0.492069002157872
3284,353000,9634000,-0.496892635965645
3285,354000,9634000,-0.395655620777146
3286,355000,9634000,-0.469851306763695
3287,356000,9634000,-0.519769594690394
3288,357000,9634000,-0.505322685675406
3289,358000,9634000,-0.518432325688386
3290,359000,9634000,-0.521436053155585
3291,360000,9634000,-0.515865073141269
3292,361000,9634000,-0.521476382632064
3293,362000,9634000,-0.492544884948628
3294,363000,9634000,-0.487376909790542
3295,364000,9634000,-0.487594228206706
3296,365000,9634000,-0.486753472860985
3297,366000,9634000,-0.482741141116092
3298,367000,9634000,-0.483534144722452
3299,368000,9634000,-0.49521470951837
3300,369000,9634000,-0.499428193613822
3301,370000,9634000,-0.524748903401957
3302,371000,9634000,-0.608277977217744
3303,372000,9634000,-0.608284754024491
3304,373000,9634000,-0.598691663264781
3305,374000,9634000,-0.600897289058793
3306,375000,9634000,-0.611600863047571
3307,262000,9635000,-0.517673451155612
3308,263000,9635000,-0.513205559157487
3309,264000,9635000,-0.520404074749066
3310,265000,9635000,-0.515675681256444
3311,266000,9635000,-0.505565153281522
3312,267000,9635000,-0.515605696148611
3313,268000,9635000,-0.525511285208263
3314,269000,9635000,-0.512029638950867
3315,270000,9635000,-0.518906489570637
3316,271000,9635000,-0.518690867967485
3317,272000,9635000,-0.528149933720647
3318,273000,9635000,-0.512981550251322
3319,274000,9635000,-0.521911625996561
3320,275000,9635000,-0.531524296495002
3321,276000,9635000,-0.525498643830655
3322,277000,9635000,-0.519049358014229
3323,278000,9635000,-0.531327608330426
3324,279000,9635000,-0.521994658917991
3325,280000,9635000,-0.537992484844545
3326,281000,9635000,-0.48417958570406
3327,282000,9635000,-0.43281325792996
3328,283000,9635000,-0.486776755128199
3329,284000,9635000,-0.465388557674538
3330,285000,9635000,-0.464895710546386
3331,286000,9635000,-0.452627434370958
3332,287000,9635000,-0.461185689206024
3333,288000,9635000,-0.448162605900482
3334,289000,9635000,-0.476910145931942
3335,290000,9635000,-0.479147540390721
3336,291000,9635000,-0.503653457115012
3337,292000,9635000,-0.49907897148273
3338,293000,9635000,-0.503841249502931
3339,294000,9635000,-0.504535793660582
3340,295000,9635000,-0.487787983068087
3341,296000,9635000,-0.481892672245238
3342,297000,9635000,-0.45902985610849
3343,298000,9635000,-0.474444524898699
3344,299000,9635000,-0.47012911968429
3345,3e+05,9635000,-0.46829962830347
3346,301000,9635000,-0.476769715145287
3347,302000,9635000,-0.500101809239668
3348,303000,9635000,-0.474904104146223
3349,304000,9635000,-0.479105084031459
3350,305000,9635000,-0.484386016544015
3351,306000,9635000,-0.482733511865868
3352,307000,9635000,-0.486131507531228
3353,308000,9635000,-0.482326957912649
3354,309000,9635000,-0.480144718259907
3355,310000,9635000,-0.489898397782084
3356,311000,9635000,-0.476855739978526
3357,312000,9635000,-0.480820096828254
3358,313000,9635000,-0.47427928362896
3359,314000,9635000,-0.475078273795343
3360,315000,9635000,-0.468169997946001
3361,316000,9635000,-0.481349372410309
3362,317000,9635000,-0.464763410954648
3363,318000,9635000,-0.458838376017745
3364,319000,9635000,-0.478248765201591
3365,320000,9635000,-0.452735274262587
3366,321000,9635000,-0.477544090542741
3367,322000,9635000,-0.468522690449555
3368,323000,9635000,-0.466284130798679
3369,324000,9635000,-0.478690297186509
3370,325000,9635000,-0.471316591013718
3371,326000,9635000,-0.475070544746301
3372,327000,9635000,-0.48484480468567
3373,328000,9635000,-0.492959222383852
3374,329000,9635000,-0.507300850976586
3375,330000,9635000,-0.49952641777752
3376,331000,9635000,-0.516572738837323
3377,332000,9635000,-0.503290415265891
3378,333000,9635000,-0.484703069725432
3379,334000,9635000,-0.499035767981752
3380,335000,9635000,-0.4991019144653
3381,336000,9635000,-0.494114186890173
3382,337000,9635000,-0.505265070463193
3383,338000,9635000,-0.460713164223665
3384,339000,9635000,-0.502193878091353
3385,340000,9635000,-0.489082194823663
3386,341000,9635000,-0.485020515297552
3387,342000,9635000,-0.481236137606171
3388,343000,9635000,-0.498632937108554
3389,344000,9635000,-0.504875049978464
3390,345000,9635000,-0.500017329753707
3391,346000,9635000,-0.501186174900134
3392,347000,9635000,-0.486892976582784
3393,348000,9635000,-0.483776861858238
3394,349000,9635000,-0.478470510860608
3395,350000,9635000,-0.481741794841384
3396,351000,9635000,-0.486986601933336
3397,352000,9635000,-0.503102322720844
3398,353000,9635000,-0.494168540970797
3399,354000,9635000,-0.519426438378936
3400,355000,9635000,-0.524149100991902
3401,356000,9635000,-0.525330559044266
3402,357000,9635000,-0.495329771234185
3403,358000,9635000,-0.519560305487781
3404,359000,9635000,-0.519990986826491
3405,360000,9635000,-0.515134609189339
3406,361000,9635000,-0.514208867018264
3407,362000,9635000,-0.491446600474928
3408,363000,9635000,-0.487076326388441
3409,364000,9635000,-0.487899718147127
3410,365000,9635000,-0.488311318414396
3411,366000,9635000,-0.49112169664964
3412,367000,9635000,-0.498015728162358
3413,368000,9635000,-0.508127983906263
3414,369000,9635000,-0.519055466503488
3415,370000,9635000,-0.518334143389589
3416,371000,9635000,-0.558199974974667
3417,372000,9635000,-0.606701617362887
3418,373000,9635000,-0.607767098598365
3419,374000,9635000,-0.605033204361233
3420,375000,9635000,-0.611850228537052
3421,262000,9636000,-0.512477812449777
3422,263000,9636000,-0.520328472416622
3423,264000,9636000,-0.522178666821297
3424,265000,9636000,-0.515334737553196
3425,266000,9636000,-0.511196591915068
3426,267000,9636000,-0.514336250408139
3427,268000,9636000,-0.517980117388296
3428,269000,9636000,-0.508819334836186
3429,270000,9636000,-0.515444089716459
3430,271000,9636000,-0.528404629134394
3431,272000,9636000,-0.539285663086748
3432,273000,9636000,-0.524884984646741
3433,274000,9636000,-0.525575698991572
3434,275000,9636000,-0.526873658809844
3435,276000,9636000,-0.535642320640302
3436,277000,9636000,-0.529235577107985
3437,278000,9636000,-0.533261841652503
3438,279000,9636000,-0.531383413659922
3439,280000,9636000,-0.539366607212683
3440,281000,9636000,-0.474356567178716
3441,282000,9636000,-0.49207323294315
3442,283000,9636000,-0.520225257184168
3443,284000,9636000,-0.507885907011709
3444,285000,9636000,-0.455680331173523
3445,286000,9636000,-0.44713845036364
3446,287000,9636000,-0.461850972671581
3447,288000,9636000,-0.46274673116451
3448,289000,9636000,-0.471798087949379
3449,290000,9636000,-0.480206984371275
3450,291000,9636000,-0.505889528512555
3451,292000,9636000,-0.496869527068668
3452,293000,9636000,-0.485531753247599
3453,294000,9636000,-0.508032188277902
3454,295000,9636000,-0.480280808041516
3455,296000,9636000,-0.454725909004225
3456,297000,9636000,-0.462533586469604
3457,298000,9636000,-0.44763202978346
3458,299000,9636000,-0.439624877587802
3459,3e+05,9636000,-0.481445859070417
3460,301000,9636000,-0.495774204885668
3461,302000,9636000,-0.476173139454529
3462,303000,9636000,-0.477089694305812
3463,304000,9636000,-0.491389950991732
3464,305000,9636000,-0.486243523783711
3465,306000,9636000,-0.491519966157062
3466,307000,9636000,-0.463028610454667
3467,308000,9636000,-0.487521372842063
3468,309000,9636000,-0.480773067731742
3469,310000,9636000,-0.480146707839589
3470,311000,9636000,-0.475136211745673
3471,312000,9636000,-0.495329017721125
3472,313000,9636000,-0.537167234895879
3473,314000,9636000,-0.509418504281903
3474,315000,9636000,-0.471623203290851
3475,316000,9636000,-0.45691976378882
3476,317000,9636000,-0.470654813061549
3477,318000,9636000,-0.469379825833017
3478,319000,9636000,-0.468974464119129
3479,320000,9636000,-0.468379678798427
3480,321000,9636000,-0.470677581201132
3481,322000,9636000,-0.461212346103343
3482,323000,9636000,-0.479942698034014
3483,324000,9636000,-0.459747813686234
3484,325000,9636000,-0.470391774561362
3485,326000,9636000,-0.493185671014369
3486,327000,9636000,-0.505145208684321
3487,328000,9636000,-0.490745992569924
3488,329000,9636000,-0.492539621094922
3489,330000,9636000,-0.507645103720844
3490,331000,9636000,-0.48880299322752
3491,332000,9636000,-0.486990039251547
3492,333000,9636000,-0.484816622418742
3493,334000,9636000,-0.486540361268729
3494,335000,9636000,-0.48976141586038
3495,336000,9636000,-0.470594936837043
3496,337000,9636000,-0.480147952800386
3497,338000,9636000,-0.477378258082239
3498,339000,9636000,-0.490439684469363
3499,340000,9636000,-0.493875530518611
3500,341000,9636000,-0.483709419799334
3501,342000,9636000,-0.491130425681395
3502,343000,9636000,-0.493042269921794
3503,344000,9636000,-0.482100902063077
3504,345000,9636000,-0.516879054750739
3505,346000,9636000,-0.504127362352052
3506,347000,9636000,-0.482963690897421
3507,348000,9636000,-0.478378229866037
3508,349000,9636000,-0.479532641615958
3509,350000,9636000,-0.494630860122313
3510,351000,9636000,-0.502565025644382
3511,352000,9636000,-0.498352361998208
3512,353000,9636000,-0.513124313094896
3513,354000,9636000,-0.519087844216763
3514,355000,9636000,-0.516237520864699
3515,356000,9636000,-0.527951860488508
3516,357000,9636000,-0.515687323732619
3517,358000,9636000,-0.519623967028183
3518,359000,9636000,-0.519824697172178
3519,360000,9636000,-0.51764536690616
3520,361000,9636000,-0.519051656768051
3521,362000,9636000,-0.490715050576452
3522,363000,9636000,-0.496538659980492
3523,364000,9636000,-0.500158021250927
3524,365000,9636000,-0.503262192403369
3525,366000,9636000,-0.495098456173353
3526,367000,9636000,-0.497402991919883
3527,368000,9636000,-0.498188003610774
3528,369000,9636000,-0.504119709847379
3529,370000,9636000,-0.514950897644686
3530,371000,9636000,-0.511076833539339
3531,372000,9636000,-0.607610037636502
3532,373000,9636000,-0.605608236215875
3533,374000,9636000,-0.60887069401641
3534,375000,9636000,-0.612228544146894
3535,262000,9637000,-0.507709740807494
3536,263000,9637000,-0.510073438630365
3537,264000,9637000,-0.520258857876138
3538,265000,9637000,-0.523609449357201
3539,266000,9637000,-0.500358938118145
3540,267000,9637000,-0.517816752038706
3541,268000,9637000,-0.505106182985476
3542,269000,9637000,-0.519730066480511
3543,270000,9637000,-0.525029301361782
3544,271000,9637000,-0.522144401668494
3545,272000,9637000,-0.535692479514544
3546,273000,9637000,-0.536105340213751
3547,274000,9637000,-0.532342973672888
3548,275000,9637000,-0.526638077849453
3549,276000,9637000,-0.524469322462466
3550,277000,9637000,-0.531088663956778
3551,278000,9637000,-0.536518391829448
3552,279000,9637000,-0.539432352070125
3553,280000,9637000,-0.538561921414171
3554,281000,9637000,-0.525245719027769
3555,282000,9637000,-0.52085004131494
3556,283000,9637000,-0.477409160622621
3557,284000,9637000,-0.465319654813847
3558,285000,9637000,-0.457123873517934
3559,286000,9637000,-0.465976285423485
3560,287000,9637000,-0.49283617377972
3561,288000,9637000,-0.479523547553006
3562,289000,9637000,-0.477943705923367
3563,290000,9637000,-0.493095558815882
3564,291000,9637000,-0.514827030286442
3565,292000,9637000,-0.488731389356465
3566,293000,9637000,-0.49290681593129
3567,294000,9637000,-0.50239267451246
3568,295000,9637000,-0.484871185764672
3569,296000,9637000,-0.476491220316733
3570,297000,9637000,-0.464454015834236
3571,298000,9637000,-0.48360028024524
3572,299000,9637000,-0.464034737339921
3573,3e+05,9637000,-0.454725934999301
3574,301000,9637000,-0.490513455325809
3575,302000,9637000,-0.480915159557327
3576,303000,9637000,-0.477202897352752
3577,304000,9637000,-0.482879652580965
3578,305000,9637000,-0.476442457506888
3579,306000,9637000,-0.480493606629323
3580,307000,9637000,-0.488191298741757
3581,308000,9637000,-0.475750574776699
3582,309000,9637000,-0.48734149813691
3583,310000,9637000,-0.481447930493758
3584,311000,9637000,-0.48575554283506
3585,312000,9637000,-0.490083052581382
3586,313000,9637000,-0.488690223169432
3587,314000,9637000,-0.481146742626534
3588,315000,9637000,-0.468364802356355
3589,316000,9637000,-0.467898840249022
3590,317000,9637000,-0.475142246901929
3591,318000,9637000,-0.469468119775505
3592,319000,9637000,-0.467862112376208
3593,320000,9637000,-0.472667088573239
3594,321000,9637000,-0.471144819388453
3595,322000,9637000,-0.472741981289439
3596,323000,9637000,-0.469378930159528
3597,324000,9637000,-0.469900222267984
3598,325000,9637000,-0.512584713073792
3599,326000,9637000,-0.485460110101019
3600,327000,9637000,-0.489021130134269
3601,328000,9637000,-0.496049267559589
3602,329000,9637000,-0.485887113919513
3603,330000,9637000,-0.488285690272752
3604,331000,9637000,-0.49442540598009
3605,332000,9637000,-0.494600451739467
3606,333000,9637000,-0.470143582475512
3607,334000,9637000,-0.493266560735766
3608,335000,9637000,-0.489544226879643
3609,336000,9637000,-0.475455195402434
3610,337000,9637000,-0.491960981004236
3611,338000,9637000,-0.461236912393027
3612,339000,9637000,-0.497391301430592
3613,340000,9637000,-0.511023710316017
3614,341000,9637000,-0.497083447567207
3615,342000,9637000,-0.49371001906499
3616,343000,9637000,-0.506274719197999
3617,344000,9637000,-0.493966861444228
3618,345000,9637000,-0.489530220440778
3619,346000,9637000,-0.476245899137335
3620,347000,9637000,-0.476762796034511
3621,348000,9637000,-0.478985810042482
3622,349000,9637000,-0.495095137220108
3623,350000,9637000,-0.499558049222031
3624,351000,9637000,-0.498326299132756
3625,352000,9637000,-0.502469570229149
3626,353000,9637000,-0.519650205537277
3627,354000,9637000,-0.510450194521169
3628,355000,9637000,-0.514916456850787
3629,356000,9637000,-0.516351974404194
3630,357000,9637000,-0.525366592593214
3631,358000,9637000,-0.527141729265972
3632,359000,9637000,-0.518227152896196
3633,360000,9637000,-0.497900277159683
3634,361000,9637000,-0.519195651218325
3635,362000,9637000,-0.496594837142821
3636,363000,9637000,-0.487118154778533
3637,364000,9637000,-0.480721725199374
3638,365000,9637000,-0.494736033677192
3639,366000,9637000,-0.496870656767959
3640,367000,9637000,-0.487979381548248
3641,368000,9637000,-0.486859965509119
3642,369000,9637000,-0.495912259893312
3643,370000,9637000,-0.501242010787521
3644,371000,9637000,-0.500759505916249
3645,372000,9637000,-0.612359446638354
3646,373000,9637000,-0.577532370116503
3647,374000,9637000,-0.598502676157817
3648,375000,9637000,-0.612290945534503
3649,262000,9638000,-0.505354359738929
3650,263000,9638000,-0.494560473564077
3651,264000,9638000,-0.509959469796118
3652,265000,9638000,-0.520725025379847
3653,266000,9638000,-0.506009642885406
3654,267000,9638000,-0.499048141972392
3655,268000,9638000,-0.522307164027692
3656,269000,9638000,-0.513170131604474
3657,270000,9638000,-0.531281874821111
3658,271000,9638000,-0.532996654008395
3659,272000,9638000,-0.54190431955778
3660,273000,9638000,-0.531945227305266
3661,274000,9638000,-0.535183571379479
3662,275000,9638000,-0.533124639486136
3663,276000,9638000,-0.53179621602646
3664,277000,9638000,-0.536006162055825
3665,278000,9638000,-0.537576781425656
3666,279000,9638000,-0.539751407015945
3667,280000,9638000,-0.537158957802019
3668,281000,9638000,-0.535437135602905
3669,282000,9638000,-0.532619711232965
3670,283000,9638000,-0.467934396809928
3671,284000,9638000,-0.50468318023756
3672,285000,9638000,-0.448095163354731
3673,286000,9638000,-0.513027730884889
3674,287000,9638000,-0.523658913085166
3675,288000,9638000,-0.518811051727549
3676,289000,9638000,-0.517385027351342
3677,290000,9638000,-0.513656738442281
3678,291000,9638000,-0.522323134559112
3679,292000,9638000,-0.489865857899532
3680,293000,9638000,-0.502001496050335
3681,294000,9638000,-0.50559925802024
3682,295000,9638000,-0.5028514303737
3683,296000,9638000,-0.51239731508955
3684,297000,9638000,-0.489985172002418
3685,298000,9638000,-0.523352332211085
3686,299000,9638000,-0.489028080280066
3687,3e+05,9638000,-0.485480366887274
3688,301000,9638000,-0.475460870544244
3689,302000,9638000,-0.481636937873302
3690,303000,9638000,-0.479843320779213
3691,304000,9638000,-0.482588767192578
3692,305000,9638000,-0.477098940744869
3693,306000,9638000,-0.482948518567235
3694,307000,9638000,-0.488170045350773
3695,308000,9638000,-0.486789784393429
3696,309000,9638000,-0.464486668817207
3697,310000,9638000,-0.480103952779628
3698,311000,9638000,-0.468658992386022
3699,312000,9638000,-0.472078320298807
3700,313000,9638000,-0.518257163814083
3701,314000,9638000,-0.492806058772563
3702,315000,9638000,-0.468382309516432
3703,316000,9638000,-0.460425052305551
3704,317000,9638000,-0.468608597053399
3705,318000,9638000,-0.468278140649891
3706,319000,9638000,-0.472303632906547
3707,320000,9638000,-0.47838461042489
3708,321000,9638000,-0.461617930234102
3709,322000,9638000,-0.483045382785889
3710,323000,9638000,-0.473985811850357
3711,324000,9638000,-0.467419837028669
3712,325000,9638000,-0.480282309519973
3713,326000,9638000,-0.495143838962578
3714,327000,9638000,-0.489012359337725
3715,328000,9638000,-0.501555184271925
3716,329000,9638000,-0.504919132997384
3717,330000,9638000,-0.500385830368792
3718,331000,9638000,-0.491839688749369
3719,332000,9638000,-0.475463174054655
3720,333000,9638000,-0.474377457847545
3721,334000,9638000,-0.489380695444327
3722,335000,9638000,-0.491331133200045
3723,336000,9638000,-0.482103963018998
3724,337000,9638000,-0.474246555181396
3725,338000,9638000,-0.479473482692348
3726,339000,9638000,-0.484644504414265
3727,340000,9638000,-0.497695260570732
3728,341000,9638000,-0.497189427891474
3729,342000,9638000,-0.487425321874117
3730,343000,9638000,-0.49757975119374
3731,344000,9638000,-0.491071173339223
3732,345000,9638000,-0.503607709728141
3733,346000,9638000,-0.507624752157521
3734,347000,9638000,-0.478205306874437
3735,348000,9638000,-0.489920865905072
3736,349000,9638000,-0.480150572459716
3737,350000,9638000,-0.501857766078433
3738,351000,9638000,-0.500527476235631
3739,352000,9638000,-0.502654773641795
3740,353000,9638000,-0.504012504809176
3741,354000,9638000,-0.502502146617926
3742,355000,9638000,-0.508126512434757
3743,356000,9638000,-0.535264690680012
3744,357000,9638000,-0.528078178445527
3745,358000,9638000,-0.527755254716813
3746,359000,9638000,-0.521283925983883
3747,360000,9638000,-0.512327560589572
3748,361000,9638000,-0.527224001859212
3749,362000,9638000,-0.495786456262551
3750,363000,9638000,-0.493349126606902
3751,364000,9638000,-0.477304774303352
3752,365000,9638000,-0.492172844836564
3753,366000,9638000,-0.500135997834244
3754,367000,9638000,-0.487833625768388
3755,368000,9638000,-0.498520959333263
3756,369000,9638000,-0.495744403978807
3757,370000,9638000,-0.491491392253338
3758,371000,9638000,-0.509373709539686
3759,372000,9638000,-0.565582928171354
3760,373000,9638000,-0.609263118281374
3761,374000,9638000,-0.572727238144331
3762,375000,9638000,-0.612069655712986
3763,262000,9639000,-0.500335082673678
3764,263000,9639000,-0.497943648291223
3765,264000,9639000,-0.500426255382719
3766,265000,9639000,-0.511619737402718
3767,266000,9639000,-0.510631720188767
3768,267000,9639000,-0.51127303151196
3769,268000,9639000,-0.521420287428027
3770,269000,9639000,-0.534000692126067
3771,270000,9639000,-0.534510134213013
3772,271000,9639000,-0.534337992462025
3773,272000,9639000,-0.531999101439476
3774,273000,9639000,-0.53278451617417
3775,274000,9639000,-0.531907367654793
3776,275000,9639000,-0.532068786076261
3777,276000,9639000,-0.53093550124065
3778,277000,9639000,-0.537344381657795
3779,278000,9639000,-0.536523714910122
3780,279000,9639000,-0.537771603879935
3781,280000,9639000,-0.520858326610871
3782,281000,9639000,-0.535541169125324
3783,282000,9639000,-0.535884388582478
3784,283000,9639000,-0.496630963842971
3785,284000,9639000,-0.495455506412422
3786,285000,9639000,-0.518875236061389
3787,286000,9639000,-0.516704938186042
3788,287000,9639000,-0.527035685425057
3789,288000,9639000,-0.512186538141853
3790,289000,9639000,-0.519733020254492
3791,290000,9639000,-0.525805525331299
3792,291000,9639000,-0.52048388014129
3793,292000,9639000,-0.513931043966204
3794,293000,9639000,-0.509090609233887
3795,294000,9639000,-0.508798544112074
3796,295000,9639000,-0.537690387667914
3797,296000,9639000,-0.491595814901946
3798,297000,9639000,-0.487077891687207
3799,298000,9639000,-0.478483724597073
3800,299000,9639000,-0.480967449236286
3801,3e+05,9639000,-0.502864891040129
3802,301000,9639000,-0.482302599848849
3803,302000,9639000,-0.475952463152782
3804,303000,9639000,-0.484546106647422
3805,304000,9639000,-0.469996634460894
3806,305000,9639000,-0.499406594643475
3807,306000,9639000,-0.478776857789225
3808,307000,9639000,-0.470824983327294
3809,308000,9639000,-0.478283883968785
3810,309000,9639000,-0.443980912092028
3811,310000,9639000,-0.467571130035773
3812,311000,9639000,-0.446620775775279
3813,312000,9639000,-0.465798140647324
3814,313000,9639000,-0.473576995175094
3815,314000,9639000,-0.456377903179164
3816,315000,9639000,-0.467449344425748
3817,316000,9639000,-0.467736450298692
3818,317000,9639000,-0.459529760320051
3819,318000,9639000,-0.463773616185691
3820,319000,9639000,-0.46661653544805
3821,320000,9639000,-0.47943409069803
3822,321000,9639000,-0.460736160730153
3823,322000,9639000,-0.468634058270993
3824,323000,9639000,-0.473679116836648
3825,324000,9639000,-0.471463272543742
3826,325000,9639000,-0.469701542877765
3827,326000,9639000,-0.489498305568892
3828,327000,9639000,-0.487736169091559
3829,328000,9639000,-0.504998738594442
3830,329000,9639000,-0.50908461633588
3831,330000,9639000,-0.487436238644271
3832,331000,9639000,-0.509282306129787
3833,332000,9639000,-0.50512037228164
3834,333000,9639000,-0.50464618419379
3835,334000,9639000,-0.486615326950436
3836,335000,9639000,-0.500567425394855
3837,336000,9639000,-0.491984955503872
3838,337000,9639000,-0.483880657871354
3839,338000,9639000,-0.492117473735763
3840,339000,9639000,-0.489103263292913
3841,340000,9639000,-0.476825082820131
3842,341000,9639000,-0.505404764423944
3843,342000,9639000,-0.513467510500361
3844,343000,9639000,-0.486757558377705
3845,344000,9639000,-0.505486509424641
3846,345000,9639000,-0.480291440041079
3847,346000,9639000,-0.508479161111385
3848,347000,9639000,-0.473620767097789
3849,348000,9639000,-0.464110585248177
3850,349000,9639000,-0.478202102813043
3851,350000,9639000,-0.496542185876383
3852,351000,9639000,-0.49502141969913
3853,352000,9639000,-0.492742695991768
3854,353000,9639000,-0.501048285469201
3855,354000,9639000,-0.499775632956202
3856,355000,9639000,-0.522250171654119
3857,356000,9639000,-0.517157914717365
3858,357000,9639000,-0.523239714468269
3859,358000,9639000,-0.525668119447048
3860,359000,9639000,-0.532821015564767
3861,360000,9639000,-0.514582847737748
3862,361000,9639000,-0.555787621976797
3863,362000,9639000,-0.528319048134675
3864,363000,9639000,-0.496539086779915
3865,364000,9639000,-0.478358502433288
3866,365000,9639000,-0.494875950958123
3867,366000,9639000,-0.489932161122016
3868,367000,9639000,-0.4960219929787
3869,368000,9639000,-0.495048529204335
3870,369000,9639000,-0.496219895387277
3871,370000,9639000,-0.498520835489155
3872,371000,9639000,-0.494211602928414
3873,372000,9639000,-0.484829633226853
3874,373000,9639000,-0.596981199260066
3875,374000,9639000,-0.525564951349838
3876,375000,9639000,-0.612032384555335
3877,262000,9640000,-0.492360145512713
3878,263000,9640000,-0.522019326000906
3879,264000,9640000,-0.504765461685976
3880,265000,9640000,-0.508768012136511
3881,266000,9640000,-0.511797707790887
3882,267000,9640000,-0.52704806622539
3883,268000,9640000,-0.531774631827895
3884,269000,9640000,-0.527867541227282
3885,270000,9640000,-0.52615653142464
3886,271000,9640000,-0.527808185928878
3887,272000,9640000,-0.52875771919107
3888,273000,9640000,-0.529664806308664
3889,274000,9640000,-0.536423325448406
3890,275000,9640000,-0.533851923778869
3891,276000,9640000,-0.535113264615666
3892,277000,9640000,-0.534039443575554
3893,278000,9640000,-0.535596799085842
3894,279000,9640000,-0.52506133089357
3895,280000,9640000,-0.525459013828673
3896,281000,9640000,-0.530540966024235
3897,282000,9640000,-0.532080293447449
3898,283000,9640000,-0.511741252489064
3899,284000,9640000,-0.50872834372782
3900,285000,9640000,-0.516141451945351
3901,286000,9640000,-0.531339584707392
3902,287000,9640000,-0.545376779218686
3903,288000,9640000,-0.51112772691779
3904,289000,9640000,-0.514727850697586
3905,290000,9640000,-0.520527957476279
3906,291000,9640000,-0.514072792771
3907,292000,9640000,-0.525289069898169
3908,293000,9640000,-0.495183750372605
3909,294000,9640000,-0.507104398119251
3910,295000,9640000,-0.510652548134076
3911,296000,9640000,-0.496348174687633
3912,297000,9640000,-0.499838418480973
3913,298000,9640000,-0.4898838902264
3914,299000,9640000,-0.495876590850904
3915,3e+05,9640000,-0.480790660561086
3916,301000,9640000,-0.490457952328947
3917,302000,9640000,-0.474766722818348
3918,303000,9640000,-0.485831060904025
3919,304000,9640000,-0.476490116901104
3920,305000,9640000,-0.484583631096354
3921,306000,9640000,-0.502016812071991
3922,307000,9640000,-0.47380411630971
3923,308000,9640000,-0.475507415736859
3924,309000,9640000,-0.452845989959497
3925,310000,9640000,-0.459105116620934
3926,311000,9640000,-0.454156553695526
3927,312000,9640000,-0.474008107600511
3928,313000,9640000,-0.484236909708744
3929,314000,9640000,-0.485510755070032
3930,315000,9640000,-0.477830244630299
3931,316000,9640000,-0.472856354927933
3932,317000,9640000,-0.474505572829275
3933,318000,9640000,-0.470523762220939
3934,319000,9640000,-0.468088603333782
3935,320000,9640000,-0.475135546271561
3936,321000,9640000,-0.463635686865238
3937,322000,9640000,-0.479720357639381
3938,323000,9640000,-0.48807207269932
3939,324000,9640000,-0.472999059544363
3940,325000,9640000,-0.476050345942687
3941,326000,9640000,-0.479627203067774
3942,327000,9640000,-0.506035028617444
3943,328000,9640000,-0.506426485757594
3944,329000,9640000,-0.51035303243958
3945,330000,9640000,-0.516776436085784
3946,331000,9640000,-0.518150863061027
3947,332000,9640000,-0.524680157448216
3948,333000,9640000,-0.497952815180761
3949,334000,9640000,-0.500774320937466
3950,335000,9640000,-0.497161730211582
3951,336000,9640000,-0.521519547351741
3952,337000,9640000,-0.5098485489004
3953,338000,9640000,-0.497723996748553
3954,339000,9640000,-0.505665747875186
3955,340000,9640000,-0.516994650932601
3956,341000,9640000,-0.521342090109453
3957,342000,9640000,-0.509406123736295
3958,343000,9640000,-0.494655359455323
3959,344000,9640000,-0.491515969244903
3960,345000,9640000,-0.509213135412674
3961,346000,9640000,-0.490449740278745
3962,347000,9640000,-0.476363141044354
3963,348000,9640000,-0.457197781293169
3964,349000,9640000,-0.482122420679735
3965,350000,9640000,-0.509804738057377
3966,351000,9640000,-0.496170160784844
3967,352000,9640000,-0.491331111136129
3968,353000,9640000,-0.50711130134326
3969,354000,9640000,-0.502052000656704
3970,355000,9640000,-0.507733981751284
3971,356000,9640000,-0.511685914107631
3972,357000,9640000,-0.532636770645228
3973,358000,9640000,-0.524206960543909
3974,359000,9640000,-0.527817217747659
3975,360000,9640000,-0.502115977028552
3976,361000,9640000,-0.56881437765411
3977,362000,9640000,-0.548131289637564
3978,363000,9640000,-0.530696309824442
3979,364000,9640000,-0.517073364305118
3980,365000,9640000,-0.505178326068605
3981,366000,9640000,-0.497471062728925
3982,367000,9640000,-0.509627954423502
3983,368000,9640000,-0.502546349736053
3984,369000,9640000,-0.501441175440057
3985,370000,9640000,-0.496303814370166
3986,371000,9640000,-0.492483638934882
3987,372000,9640000,-0.487927712371536
3988,373000,9640000,-0.512990960082425
3989,374000,9640000,-0.509666689135599
3990,375000,9640000,-0.60947347122807
3991,262000,9641000,-0.485898325560052
3992,263000,9641000,-0.514647708341463
3993,264000,9641000,-0.499884282071727
3994,265000,9641000,-0.485450547478855
3995,266000,9641000,-0.503313510050658
3996,267000,9641000,-0.513270981011494
3997,268000,9641000,-0.52816669525803
3998,269000,9641000,-0.529308507212387
3999,270000,9641000,-0.522151108600663
4000,271000,9641000,-0.532910513013195
4001,272000,9641000,-0.532977432971828
4002,273000,9641000,-0.528275530434385
4003,274000,9641000,-0.52797864542011
4004,275000,9641000,-0.534383433342859
4005,276000,9641000,-0.530782413075604
4006,277000,9641000,-0.533105572501987
4007,278000,9641000,-0.535618379576534
4008,279000,9641000,-0.535474541064273
4009,280000,9641000,-0.522974777618007
4010,281000,9641000,-0.538684198879866
4011,282000,9641000,-0.526606808255872
4012,283000,9641000,-0.518538045947031
4013,284000,9641000,-0.514262975974926
4014,285000,9641000,-0.53178842778375
4015,286000,9641000,-0.524224959433462
4016,287000,9641000,-0.508924126878546
4017,288000,9641000,-0.507915065604943
4018,289000,9641000,-0.52336672206854
4019,290000,9641000,-0.517595116041711
4020,291000,9641000,-0.497450076415388
4021,292000,9641000,-0.501908418517784
4022,293000,9641000,-0.537262171026803
4023,294000,9641000,-0.51927373629448
4024,295000,9641000,-0.50796894276221
4025,296000,9641000,-0.494105968672996
4026,297000,9641000,-0.482478140855396
4027,298000,9641000,-0.485983759685026
4028,299000,9641000,-0.493674838202334
4029,3e+05,9641000,-0.483379241764665
4030,301000,9641000,-0.475075524291585
4031,302000,9641000,-0.483972147818815
4032,303000,9641000,-0.491722221021611
4033,304000,9641000,-0.501548255271808
4034,305000,9641000,-0.514398523456173
4035,306000,9641000,-0.48141410519647
4036,307000,9641000,-0.478177558940412
4037,308000,9641000,-0.470703216518137
4038,309000,9641000,-0.464516900529991
4039,310000,9641000,-0.453976134917391
4040,311000,9641000,-0.480501250240465
4041,312000,9641000,-0.471555023291702
4042,313000,9641000,-0.485789324826948
4043,314000,9641000,-0.481521003926418
4044,315000,9641000,-0.47571650932332
4045,316000,9641000,-0.481530064160958
4046,317000,9641000,-0.465874447257035
4047,318000,9641000,-0.472705623946004
4048,319000,9641000,-0.463371955134587
4049,320000,9641000,-0.47823051908206
4050,321000,9641000,-0.470421428175557
4051,322000,9641000,-0.48180139999137
4052,323000,9641000,-0.486461030737525
4053,324000,9641000,-0.489674712213357
4054,325000,9641000,-0.502784528442769
4055,326000,9641000,-0.505323747319171
4056,327000,9641000,-0.509362810965534
4057,328000,9641000,-0.500744402558657
4058,329000,9641000,-0.510079474255558
4059,330000,9641000,-0.506310765527667
4060,331000,9641000,-0.516709360988576
4061,332000,9641000,-0.52900012290908
4062,333000,9641000,-0.50398105978067
4063,334000,9641000,-0.506960934620946
4064,335000,9641000,-0.506350969398458
4065,336000,9641000,-0.523113759252024
4066,337000,9641000,-0.527647374831701
4067,338000,9641000,-0.527241594918611
4068,339000,9641000,-0.508898531404808
4069,340000,9641000,-0.498589105600181
4070,341000,9641000,-0.542202167942419
4071,342000,9641000,-0.518525995097119
4072,343000,9641000,-0.513416373852899
4073,344000,9641000,-0.479377292215736
4074,345000,9641000,-0.494676965783632
4075,346000,9641000,-0.493192094726473
4076,347000,9641000,-0.488906306349807
4077,348000,9641000,-0.474012139301174
4078,349000,9641000,-0.473309217876672
4079,350000,9641000,-0.483716959492019
4080,351000,9641000,-0.480304698817078
4081,352000,9641000,-0.491160250579905
4082,353000,9641000,-0.495212461085921
4083,354000,9641000,-0.499128661066552
4084,355000,9641000,-0.502683203749946
4085,356000,9641000,-0.51022146246149
4086,357000,9641000,-0.522364720789158
4087,358000,9641000,-0.5208852174042
4088,359000,9641000,-0.52640779020616
4089,360000,9641000,-0.502451312133371
4090,361000,9641000,-0.554688271800569
4091,362000,9641000,-0.537024815101361
4092,363000,9641000,-0.552076258204009
4093,364000,9641000,-0.544688633680596
4094,365000,9641000,-0.525683704623515
4095,366000,9641000,-0.504082367993551
4096,367000,9641000,-0.509901175913509
4097,368000,9641000,-0.499727222022008
4098,369000,9641000,-0.500469984571449
4099,370000,9641000,-0.48496447751107
4100,371000,9641000,-0.492474356273692
4101,372000,9641000,-0.489945023375271
4102,373000,9641000,-0.48501188640739
4103,374000,9641000,-0.523309049542169
4104,375000,9641000,-0.608610912706315
4105,262000,9642000,-0.478295687971851
4106,263000,9642000,-0.516337986474133
4107,264000,9642000,-0.518028094022364
4108,265000,9642000,-0.485485406938399
4109,266000,9642000,-0.480552549657931
4110,267000,9642000,-0.461692232168401
4111,268000,9642000,-0.524446374776841
4112,269000,9642000,-0.528280442677761
4113,270000,9642000,-0.53115761645419
4114,271000,9642000,-0.529447498549411
4115,272000,9642000,-0.524919415758168
4116,273000,9642000,-0.525373100277296
4117,274000,9642000,-0.517361862669863
4118,275000,9642000,-0.526941249124988
4119,276000,9642000,-0.532855533064885
4120,277000,9642000,-0.535091363078344
4121,278000,9642000,-0.526439852682822
4122,279000,9642000,-0.523631617916219
4123,280000,9642000,-0.526297442728011
4124,281000,9642000,-0.516487449557545
4125,282000,9642000,-0.51684706955392
4126,283000,9642000,-0.516612111548804
4127,284000,9642000,-0.519580646960114
4128,285000,9642000,-0.5419501361467
4129,286000,9642000,-0.512839638168636
4130,287000,9642000,-0.508669981056912
4131,288000,9642000,-0.514669620980199
4132,289000,9642000,-0.507201468247704
4133,290000,9642000,-0.548265637451907
4134,291000,9642000,-0.51361964930551
4135,292000,9642000,-0.520788638629467
4136,293000,9642000,-0.514314622534122
4137,294000,9642000,-0.503500596869744
4138,295000,9642000,-0.482618583436253
4139,296000,9642000,-0.509470747089447
4140,297000,9642000,-0.494735347479503
4141,298000,9642000,-0.484549014191308
4142,299000,9642000,-0.484030248115132
4143,3e+05,9642000,-0.483856568471908
4144,301000,9642000,-0.492026622251943
4145,302000,9642000,-0.485946305193649
4146,303000,9642000,-0.472856718462901
4147,304000,9642000,-0.475825711042033
4148,305000,9642000,-0.487386622435451
4149,306000,9642000,-0.488967824028699
4150,307000,9642000,-0.463465058686972
4151,308000,9642000,-0.486151426253953
4152,309000,9642000,-0.485692140690185
4153,310000,9642000,-0.468189195778664
4154,311000,9642000,-0.468699293185439
4155,312000,9642000,-0.472089235779311
4156,313000,9642000,-0.491205181567967
4157,314000,9642000,-0.483539796910587
4158,315000,9642000,-0.492836424230219
4159,316000,9642000,-0.465789000473538
4160,317000,9642000,-0.483551326598929
4161,318000,9642000,-0.511468091176335
4162,319000,9642000,-0.487596318519081
4163,320000,9642000,-0.499340725116219
4164,321000,9642000,-0.492137327589095
4165,322000,9642000,-0.472869544102644
4166,323000,9642000,-0.469488454098529
4167,324000,9642000,-0.473660604998203
4168,325000,9642000,-0.480907982084136
4169,326000,9642000,-0.496537591787756
4170,327000,9642000,-0.506074644654136
4171,328000,9642000,-0.502782874744552
4172,329000,9642000,-0.508617233543208
4173,330000,9642000,-0.515688093242935
4174,331000,9642000,-0.509093450984837
4175,332000,9642000,-0.492401356167263
4176,333000,9642000,-0.516964810876338
4177,334000,9642000,-0.508707981082254
4178,335000,9642000,-0.50877510772811
4179,336000,9642000,-0.515315118233363
4180,337000,9642000,-0.51762506733706
4181,338000,9642000,-0.501701491114534
4182,339000,9642000,-0.523034215525345
4183,340000,9642000,-0.515896963652094
4184,341000,9642000,-0.531340878737246
4185,342000,9642000,-0.50332400743083
4186,343000,9642000,-0.508696410803335
4187,344000,9642000,-0.489230059031365
4188,345000,9642000,-0.495764004229111
4189,346000,9642000,-0.507031584597512
4190,347000,9642000,-0.483071578381356
4191,348000,9642000,-0.478422146404264
4192,349000,9642000,-0.48849708355455
4193,350000,9642000,-0.475763104465847
4194,351000,9642000,-0.483564017396034
4195,352000,9642000,-0.479845850417841
4196,353000,9642000,-0.483462736664354
4197,354000,9642000,-0.490122109087089
4198,355000,9642000,-0.504992011675838
4199,356000,9642000,-0.510528972436449
4200,357000,9642000,-0.517735007320394
4201,358000,9642000,-0.52010302862138
4202,359000,9642000,-0.519553123602385
4203,360000,9642000,-0.53131664117143
4204,361000,9642000,-0.546603259959703
4205,362000,9642000,-0.559266847910449
4206,363000,9642000,-0.56655957452364
4207,364000,9642000,-0.562439664417455
4208,365000,9642000,-0.551972071734065
4209,366000,9642000,-0.520918893142906
4210,367000,9642000,-0.512273045669778
4211,368000,9642000,-0.507942812540833
4212,369000,9642000,-0.489019256022433
4213,370000,9642000,-0.49190941473956
4214,371000,9642000,-0.494609267231864
4215,372000,9642000,-0.502159259365672
4216,373000,9642000,-0.48316796344175
4217,374000,9642000,-0.588661893538378
4218,375000,9642000,-0.602480308949702
4219,262000,9643000,-0.473788768294126
4220,263000,9643000,-0.505366120671685
4221,264000,9643000,-0.513856283232121
4222,265000,9643000,-0.412463922221413
4223,266000,9643000,-0.461863901396543
4224,267000,9643000,-0.340535796624931
4225,268000,9643000,-0.462781453804767
4226,269000,9643000,-0.529575329930895
4227,270000,9643000,-0.528435977666458
4228,271000,9643000,-0.528045979652499
4229,272000,9643000,-0.525597660123868
4230,273000,9643000,-0.527170349019333
4231,274000,9643000,-0.530510171987769
4232,275000,9643000,-0.530675541260188
4233,276000,9643000,-0.53342075420258
4234,277000,9643000,-0.540393714036909
4235,278000,9643000,-0.532556873726872
4236,279000,9643000,-0.524684491177364
4237,280000,9643000,-0.518026544829086
4238,281000,9643000,-0.518994152137487
4239,282000,9643000,-0.517230581563107
4240,283000,9643000,-0.52463226649615
4241,284000,9643000,-0.535110092613757
4242,285000,9643000,-0.532729213720258
4243,286000,9643000,-0.51344604918649
4244,287000,9643000,-0.53066860146428
4245,288000,9643000,-0.527345460585824
4246,289000,9643000,-0.513203255805949
4247,290000,9643000,-0.528243539850478
4248,291000,9643000,-0.527108407118317
4249,292000,9643000,-0.538797549891257
4250,293000,9643000,-0.514067455105612
4251,294000,9643000,-0.509258453759559
4252,295000,9643000,-0.501497528854897
4253,296000,9643000,-0.501042651757579
4254,297000,9643000,-0.496742040786097
4255,298000,9643000,-0.477750066774032
4256,299000,9643000,-0.487825487309954
4257,3e+05,9643000,-0.495302599454779
4258,301000,9643000,-0.488024224465689
4259,302000,9643000,-0.49428593241745
4260,303000,9643000,-0.459289338416801
4261,304000,9643000,-0.481030845531613
4262,305000,9643000,-0.475011962763269
4263,306000,9643000,-0.472272743106341
4264,307000,9643000,-0.476149917224478
4265,308000,9643000,-0.49327361158532
4266,309000,9643000,-0.487601224560672
4267,310000,9643000,-0.503882434796648
4268,311000,9643000,-0.473591907863489
4269,312000,9643000,-0.486352304694035
4270,313000,9643000,-0.485593374109614
4271,314000,9643000,-0.487507422002772
4272,315000,9643000,-0.492692442676693
4273,316000,9643000,-0.524903595926077
4274,317000,9643000,-0.494080879293453
4275,318000,9643000,-0.514475208440602
4276,319000,9643000,-0.478518853196402
4277,320000,9643000,-0.496215812772021
4278,321000,9643000,-0.473885502235673
4279,322000,9643000,-0.479025844143066
4280,323000,9643000,-0.497874148466953
4281,324000,9643000,-0.481205732361548
4282,325000,9643000,-0.487153533174253
4283,326000,9643000,-0.495571445211095
4284,327000,9643000,-0.495335691564463
4285,328000,9643000,-0.499568222407557
4286,329000,9643000,-0.518457604477435
4287,330000,9643000,-0.502441732263249
4288,331000,9643000,-0.504510710563487
4289,332000,9643000,-0.498048364472242
4290,333000,9643000,-0.499366580866001
4291,334000,9643000,-0.499898790019407
4292,335000,9643000,-0.518533052188365
4293,336000,9643000,-0.520840716189598
4294,337000,9643000,-0.515814360243704
4295,338000,9643000,-0.503331159406613
4296,339000,9643000,-0.512720868792063
4297,340000,9643000,-0.507224415663373
4298,341000,9643000,-0.524650641529507
4299,342000,9643000,-0.514013124555017
4300,343000,9643000,-0.505813261947739
4301,344000,9643000,-0.501651064587855
4302,345000,9643000,-0.511564619348658
4303,346000,9643000,-0.502253842154199
4304,347000,9643000,-0.498593107746406
4305,348000,9643000,-0.502007823464919
4306,349000,9643000,-0.467449468709941
4307,350000,9643000,-0.480726220496934
4308,351000,9643000,-0.469940723029307
4309,352000,9643000,-0.47407305614314
4310,353000,9643000,-0.483611961270138
4311,354000,9643000,-0.500162799151871
4312,355000,9643000,-0.501972325907735
4313,356000,9643000,-0.507831924146973
4314,357000,9643000,-0.50852272328742
4315,358000,9643000,-0.49616845798874
4316,359000,9643000,-0.518471038874855
4317,360000,9643000,-0.527550201970104
4318,361000,9643000,-0.555907117316416
4319,362000,9643000,-0.569160343658466
4320,363000,9643000,-0.578043703308369
4321,364000,9643000,-0.579184204772146
4322,365000,9643000,-0.570315336450087
4323,366000,9643000,-0.557021376760962
4324,367000,9643000,-0.541556444574034
4325,368000,9643000,-0.500755078724486
4326,369000,9643000,-0.509264993305125
4327,370000,9643000,-0.504286970041277
4328,371000,9643000,-0.560921662942784
4329,372000,9643000,-0.500488005625001
4330,373000,9643000,-0.481616367383117
4331,374000,9643000,-0.585062147085918
4332,375000,9643000,-0.590676710671426
4333,262000,9644000,-0.46957560126164
4334,263000,9644000,-0.457906210304267
4335,264000,9644000,-0.506890490138249
4336,265000,9644000,-0.494623118446166
4337,266000,9644000,-0.492628841113188
4338,267000,9644000,-0.48052962430242
4339,268000,9644000,-0.500746486030565
4340,269000,9644000,-0.523157025716613
4341,270000,9644000,-0.527702665046685
4342,271000,9644000,-0.533726432184441
4343,272000,9644000,-0.527476805651161
4344,273000,9644000,-0.529474376649756
4345,274000,9644000,-0.530090473209899
4346,275000,9644000,-0.530189144512716
4347,276000,9644000,-0.5391050329346
4348,277000,9644000,-0.528300864628118
4349,278000,9644000,-0.538196322852906
4350,279000,9644000,-0.528342477362434
4351,280000,9644000,-0.527792468065104
4352,281000,9644000,-0.518291332470063
4353,282000,9644000,-0.529501782688862
4354,283000,9644000,-0.534766525604712
4355,284000,9644000,-0.531689427204861
4356,285000,9644000,-0.509364263477698
4357,286000,9644000,-0.511278670729449
4358,287000,9644000,-0.516544964315159
4359,288000,9644000,-0.521041471869937
4360,289000,9644000,-0.510416163697255
4361,290000,9644000,-0.547494647578049
4362,291000,9644000,-0.533229811943639
4363,292000,9644000,-0.524642462137028
4364,293000,9644000,-0.511874226683074
4365,294000,9644000,-0.518842656750952
4366,295000,9644000,-0.503858459223759
4367,296000,9644000,-0.497217575566761
4368,297000,9644000,-0.496954673417339
4369,298000,9644000,-0.475461707065311
4370,299000,9644000,-0.498332517792297
4371,3e+05,9644000,-0.488705648004856
4372,301000,9644000,-0.490189074827391
4373,302000,9644000,-0.479165200719139
4374,303000,9644000,-0.478941595650319
4375,304000,9644000,-0.475435014885749
4376,305000,9644000,-0.471043009752099
4377,306000,9644000,-0.480040615403159
4378,307000,9644000,-0.49406970809355
4379,308000,9644000,-0.489082833808993
4380,309000,9644000,-0.466183817107189
4381,310000,9644000,-0.466919167039686
4382,311000,9644000,-0.474906213246649
4383,312000,9644000,-0.4837317793771
4384,313000,9644000,-0.482788368475893
4385,314000,9644000,-0.523470248834251
4386,315000,9644000,-0.522960885820978
4387,316000,9644000,-0.50640020571458
4388,317000,9644000,-0.491728456533244
4389,318000,9644000,-0.463289865085417
4390,319000,9644000,-0.496065188525826
4391,320000,9644000,-0.480922667154897
4392,321000,9644000,-0.489326071650424
4393,322000,9644000,-0.480563951241384
4394,323000,9644000,-0.47747159895002
4395,324000,9644000,-0.482539642107635
4396,325000,9644000,-0.45476491217389
4397,326000,9644000,-0.451128644266246
4398,327000,9644000,-0.489326994102678
4399,328000,9644000,-0.498041817067582
4400,329000,9644000,-0.502321508725484
4401,330000,9644000,-0.499617030107576
4402,331000,9644000,-0.504897520284594
4403,332000,9644000,-0.500447076431295
4404,333000,9644000,-0.50269296888216
4405,334000,9644000,-0.50771972345758
4406,335000,9644000,-0.491831985079212
4407,336000,9644000,-0.512472616522401
4408,337000,9644000,-0.536420291905296
4409,338000,9644000,-0.516743035892471
4410,339000,9644000,-0.5127928174588
4411,340000,9644000,-0.498952194575684
4412,341000,9644000,-0.524026037804376
4413,342000,9644000,-0.501770476715507
4414,343000,9644000,-0.50103576198446
4415,344000,9644000,-0.495902401199564
4416,345000,9644000,-0.517244556690569
4417,346000,9644000,-0.499265960070296
4418,347000,9644000,-0.49309392258049
4419,348000,9644000,-0.51733663564371
4420,349000,9644000,-0.495166607707917
4421,350000,9644000,-0.493150897043587
4422,351000,9644000,-0.473749302557148
4423,352000,9644000,-0.475292156142832
4424,353000,9644000,-0.487206154574013
4425,354000,9644000,-0.49554755582879
4426,355000,9644000,-0.502664284865514
4427,356000,9644000,-0.503808984710249
4428,357000,9644000,-0.496349282383539
4429,358000,9644000,-0.490341004542176
4430,359000,9644000,-0.518407050129821
4431,360000,9644000,-0.483449949180866
4432,361000,9644000,-0.525843940224137
4433,362000,9644000,-0.569215647541527
4434,363000,9644000,-0.584683276081681
4435,364000,9644000,-0.568673449685306
4436,365000,9644000,-0.572163979525923
4437,366000,9644000,-0.569899315546185
4438,367000,9644000,-0.579524069222062
4439,368000,9644000,-0.535167846721057
4440,369000,9644000,-0.490652837423665
4441,370000,9644000,-0.484619998806872
4442,371000,9644000,-0.483431380239233
4443,372000,9644000,-0.499585290581759
4444,373000,9644000,-0.479743507626124
4445,374000,9644000,-0.469751733956662
4446,375000,9644000,-0.581119116102026
4447,262000,9645000,-0.46732556216038
4448,263000,9645000,-0.450014002617285
4449,264000,9645000,-0.46212981208965
4450,265000,9645000,-0.510736673593965
4451,266000,9645000,-0.51146288060339
4452,267000,9645000,-0.509314814982926
4453,268000,9645000,-0.521055328362295
4454,269000,9645000,-0.52711434797936
4455,270000,9645000,-0.528561117926169
4456,271000,9645000,-0.529543934875132
4457,272000,9645000,-0.526971258593534
4458,273000,9645000,-0.525914011623925
4459,274000,9645000,-0.538681812350448
4460,275000,9645000,-0.537243264302172
4461,276000,9645000,-0.538240726669512
4462,277000,9645000,-0.5353595018679
4463,278000,9645000,-0.541143152569196
4464,279000,9645000,-0.544154576644755
4465,280000,9645000,-0.540468455702379
4466,281000,9645000,-0.533378480675764
4467,282000,9645000,-0.547459056277286
4468,283000,9645000,-0.536986905686931
4469,284000,9645000,-0.510885027868739
4470,285000,9645000,-0.504889530360743
4471,286000,9645000,-0.505539179265708
4472,287000,9645000,-0.51816867887943
4473,288000,9645000,-0.504451916508175
4474,289000,9645000,-0.518872963879713
4475,290000,9645000,-0.538331849417411
4476,291000,9645000,-0.534734607623689
4477,292000,9645000,-0.535511351945316
4478,293000,9645000,-0.531103456520008
4479,294000,9645000,-0.508732086104453
4480,295000,9645000,-0.512493769532646
4481,296000,9645000,-0.503618779251223
4482,297000,9645000,-0.48625970750101
4483,298000,9645000,-0.497097779663054
4484,299000,9645000,-0.496826608945707
4485,3e+05,9645000,-0.474841279784398
4486,301000,9645000,-0.470567997026223
4487,302000,9645000,-0.481071807318521
4488,303000,9645000,-0.478540358996863
4489,304000,9645000,-0.481627308878293
4490,305000,9645000,-0.496683505800324
4491,306000,9645000,-0.485431765005056
4492,307000,9645000,-0.504234896053814
4493,308000,9645000,-0.486818328070707
4494,309000,9645000,-0.484389133168215
4495,310000,9645000,-0.491471666652746
4496,311000,9645000,-0.46783749003072
4497,312000,9645000,-0.486031678386966
4498,313000,9645000,-0.488323963892213
4499,314000,9645000,-0.502227596949261
4500,315000,9645000,-0.47913938676897
4501,316000,9645000,-0.495575922471442
4502,317000,9645000,-0.485215719872051
4503,318000,9645000,-0.490605758499491
4504,319000,9645000,-0.495088571947564
4505,320000,9645000,-0.492720402278319
4506,321000,9645000,-0.485410984566357
4507,322000,9645000,-0.4796611228021
4508,323000,9645000,-0.462771940637693
4509,324000,9645000,-0.46307605934211
4510,325000,9645000,-0.488980024727929
4511,326000,9645000,-0.446293283104897
4512,327000,9645000,-0.453961494008153
4513,328000,9645000,-0.477469267981288
4514,329000,9645000,-0.496437758626866
4515,330000,9645000,-0.488993099871818
4516,331000,9645000,-0.492007004331659
4517,332000,9645000,-0.49220548434022
4518,333000,9645000,-0.471059388658147
4519,334000,9645000,-0.476198424674847
4520,335000,9645000,-0.477814265341766
4521,336000,9645000,-0.50837616795375
4522,337000,9645000,-0.504510349871904
4523,338000,9645000,-0.506619733262855
4524,339000,9645000,-0.50416963390396
4525,340000,9645000,-0.505296192304482
4526,341000,9645000,-0.507378976763494
4527,342000,9645000,-0.518019743558319
4528,343000,9645000,-0.503113438346418
4529,344000,9645000,-0.476756351521319
4530,345000,9645000,-0.490365331275063
4531,346000,9645000,-0.480189509331811
4532,347000,9645000,-0.488567643699572
4533,348000,9645000,-0.519247350245078
4534,349000,9645000,-0.501285305151858
4535,350000,9645000,-0.470686243528266
4536,351000,9645000,-0.460565554991949
4537,352000,9645000,-0.477652467780213
4538,353000,9645000,-0.490748166188158
4539,354000,9645000,-0.497272733810798
4540,355000,9645000,-0.501993515854464
4541,356000,9645000,-0.502081076903803
4542,357000,9645000,-0.501622095165991
4543,358000,9645000,-0.4944405150105
4544,359000,9645000,-0.490220977035238
4545,360000,9645000,-0.487841517333977
4546,361000,9645000,-0.527698425787467
4547,362000,9645000,-0.565025540414552
4548,363000,9645000,-0.570605945642394
4549,364000,9645000,-0.571036786588296
4550,365000,9645000,-0.567745811418271
4551,366000,9645000,-0.571954440028008
4552,367000,9645000,-0.555970793681061
4553,368000,9645000,-0.518337664449602
4554,369000,9645000,-0.476535150675709
4555,370000,9645000,-0.466022738930479
4556,371000,9645000,-0.475654378814217
4557,372000,9645000,-0.480009697282589
4558,373000,9645000,-0.481988422320893
4559,374000,9645000,-0.467167656572748
4560,375000,9645000,-0.5737104741227
4561,262000,9646000,-0.465063600077648
4562,263000,9646000,-0.46463152891219
4563,264000,9646000,-0.4521028068502
4564,265000,9646000,-0.49933153940769
4565,266000,9646000,-0.514871188744446
4566,267000,9646000,-0.519085718396599
4567,268000,9646000,-0.523255856889813
4568,269000,9646000,-0.52750385037168
4569,270000,9646000,-0.522905798167606
4570,271000,9646000,-0.522480448101292
4571,272000,9646000,-0.528372445980978
4572,273000,9646000,-0.531310941086528
4573,274000,9646000,-0.531046652053616
4574,275000,9646000,-0.533850809801058
4575,276000,9646000,-0.536162394708477
4576,277000,9646000,-0.535798162212306
4577,278000,9646000,-0.529022050623092
4578,279000,9646000,-0.52530396584419
4579,280000,9646000,-0.547951931424766
4580,281000,9646000,-0.539220688923939
4581,282000,9646000,-0.535854093699769
4582,283000,9646000,-0.523685142741197
4583,284000,9646000,-0.505341572765864
4584,285000,9646000,-0.507095031124058
4585,286000,9646000,-0.51090146677008
4586,287000,9646000,-0.524166942793595
4587,288000,9646000,-0.51137893319159
4588,289000,9646000,-0.519251752232578
4589,290000,9646000,-0.526326995315428
4590,291000,9646000,-0.541048933138756
4591,292000,9646000,-0.534611728531813
4592,293000,9646000,-0.514723772720745
4593,294000,9646000,-0.505473466883219
4594,295000,9646000,-0.517842173833452
4595,296000,9646000,-0.508759428660071
4596,297000,9646000,-0.49060939261998
4597,298000,9646000,-0.489401939406884
4598,299000,9646000,-0.483386581101719
4599,3e+05,9646000,-0.498451730021983
4600,301000,9646000,-0.481052884479321
4601,302000,9646000,-0.474547215759038
4602,303000,9646000,-0.488968871812943
4603,304000,9646000,-0.474879300303192
4604,305000,9646000,-0.483635066315353
4605,306000,9646000,-0.485208725121423
4606,307000,9646000,-0.485120516874113
4607,308000,9646000,-0.488734601308601
4608,309000,9646000,-0.480643013883292
4609,310000,9646000,-0.488401618211389
4610,311000,9646000,-0.486995863681719
4611,312000,9646000,-0.485365276891473
4612,313000,9646000,-0.495915515847991
4613,314000,9646000,-0.488710921491575
4614,315000,9646000,-0.461692890426958
4615,316000,9646000,-0.490641572127798
4616,317000,9646000,-0.503888465076475
4617,318000,9646000,-0.491365638615771
4618,319000,9646000,-0.51528033811921
4619,320000,9646000,-0.461786776351258
4620,321000,9646000,-0.456580467837009
4621,322000,9646000,-0.449301671883764
4622,323000,9646000,-0.446087132552831
4623,324000,9646000,-0.500971754882752
4624,325000,9646000,-0.491282283188292
4625,326000,9646000,-0.447491679532608
4626,327000,9646000,-0.445201168707694
4627,328000,9646000,-0.460791210240487
4628,329000,9646000,-0.45914940219937
4629,330000,9646000,-0.46997098355991
4630,331000,9646000,-0.496767352393987
4631,332000,9646000,-0.437934528913027
4632,333000,9646000,-0.466256786812971
4633,334000,9646000,-0.481758820144455
4634,335000,9646000,-0.477099859835096
4635,336000,9646000,-0.502753919031885
4636,337000,9646000,-0.497742212388405
4637,338000,9646000,-0.494887198251003
4638,339000,9646000,-0.505902870869631
4639,340000,9646000,-0.506836395565878
4640,341000,9646000,-0.514513266016094
4641,342000,9646000,-0.520331340503602
4642,343000,9646000,-0.503486428198545
4643,344000,9646000,-0.500617490287467
4644,345000,9646000,-0.483447217005181
4645,346000,9646000,-0.502821929914863
4646,347000,9646000,-0.51025107424389
4647,348000,9646000,-0.505357485478206
4648,349000,9646000,-0.453896523985936
4649,350000,9646000,-0.467260155772995
4650,351000,9646000,-0.478012046919124
4651,352000,9646000,-0.481172559449072
4652,353000,9646000,-0.488907108135457
4653,354000,9646000,-0.493200301297926
4654,355000,9646000,-0.498536639470326
4655,356000,9646000,-0.500717954077946
4656,357000,9646000,-0.50742190986054
4657,358000,9646000,-0.501209226118172
4658,359000,9646000,-0.49077686019397
4659,360000,9646000,-0.519402510817953
4660,361000,9646000,-0.472043999459648
4661,362000,9646000,-0.525539788600904
4662,363000,9646000,-0.523472952724302
4663,364000,9646000,-0.577332323652363
4664,365000,9646000,-0.578860093160234
4665,366000,9646000,-0.579731944962408
4666,367000,9646000,-0.575737884319641
4667,368000,9646000,-0.551850574896165
4668,369000,9646000,-0.493183939831276
4669,370000,9646000,-0.464394700464716
4670,371000,9646000,-0.469642195696837
4671,372000,9646000,-0.474298809690695
4672,373000,9646000,-0.475739340942128
4673,374000,9646000,-0.466449775415231
4674,375000,9646000,-0.564852031797603
4675,262000,9647000,-0.46029841036724
4676,263000,9647000,-0.477156712023694
4677,264000,9647000,-0.494160977884825
4678,265000,9647000,-0.511258225181033
4679,266000,9647000,-0.517078746758764
4680,267000,9647000,-0.513076497067996
4681,268000,9647000,-0.507953901209153
4682,269000,9647000,-0.50254033077231
4683,270000,9647000,-0.506913175864634
4684,271000,9647000,-0.502991457956925
4685,272000,9647000,-0.500992617576619
4686,273000,9647000,-0.502794415186777
4687,274000,9647000,-0.506162767697022
4688,275000,9647000,-0.519395805480159
4689,276000,9647000,-0.528236014091684
4690,277000,9647000,-0.528606969725612
4691,278000,9647000,-0.514888315997519
4692,279000,9647000,-0.517529268043694
4693,280000,9647000,-0.523718438311279
4694,281000,9647000,-0.508376797346853
4695,282000,9647000,-0.508980107963099
4696,283000,9647000,-0.509375279158395
4697,284000,9647000,-0.507572907049444
4698,285000,9647000,-0.504165115367965
4699,286000,9647000,-0.504962919001267
4700,287000,9647000,-0.497950414006392
4701,288000,9647000,-0.506968266454824
4702,289000,9647000,-0.522718177062637
4703,290000,9647000,-0.539524958610366
4704,291000,9647000,-0.534283838122725
4705,292000,9647000,-0.521014665526365
4706,293000,9647000,-0.501494765042352
4707,294000,9647000,-0.514573584009047
4708,295000,9647000,-0.516814523629942
4709,296000,9647000,-0.503074119985384
4710,297000,9647000,-0.488718082887162
4711,298000,9647000,-0.498397441200215
4712,299000,9647000,-0.486972927917351
4713,3e+05,9647000,-0.492704083348259
4714,301000,9647000,-0.486870864694509
4715,302000,9647000,-0.478545853848907
4716,303000,9647000,-0.476346432726217
4717,304000,9647000,-0.49511153020989
4718,305000,9647000,-0.492746848874381
4719,306000,9647000,-0.505043345138086
4720,307000,9647000,-0.433784306955874
4721,308000,9647000,-0.511999580100525
4722,309000,9647000,-0.486030602873889
4723,310000,9647000,-0.502935729889311
4724,311000,9647000,-0.480755883694635
4725,312000,9647000,-0.448635344630406
4726,313000,9647000,-0.479679284079524
4727,314000,9647000,-0.489424527273154
4728,315000,9647000,-0.491694374373921
4729,316000,9647000,-0.50041417132783
4730,317000,9647000,-0.481406037426847
4731,318000,9647000,-0.464532712754654
4732,319000,9647000,-0.438581987797478
4733,320000,9647000,-0.423596720980774
4734,321000,9647000,-0.440753153634926
4735,322000,9647000,-0.465108106226563
4736,323000,9647000,-0.458906059723985
4737,324000,9647000,-0.494762992256304
4738,325000,9647000,-0.508022460682035
4739,326000,9647000,-0.506355535267643
4740,327000,9647000,-0.456946324747399
4741,328000,9647000,-0.502792438213373
4742,329000,9647000,-0.489657515500799
4743,330000,9647000,-0.452289792517161
4744,331000,9647000,-0.545098273474493
4745,332000,9647000,-0.482930944650921
4746,333000,9647000,-0.459967695913989
4747,334000,9647000,-0.443145979288871
4748,335000,9647000,-0.530255798085443
4749,336000,9647000,-0.433883101381423
4750,337000,9647000,-0.466992140709692
4751,338000,9647000,-0.49462962311727
4752,339000,9647000,-0.506869721559831
4753,340000,9647000,-0.508524679116629
4754,341000,9647000,-0.52246988276831
4755,342000,9647000,-0.50874334445347
4756,343000,9647000,-0.503353310203025
4757,344000,9647000,-0.495757984944239
4758,345000,9647000,-0.497273315202218
4759,346000,9647000,-0.490497892722293
4760,347000,9647000,-0.502829257244841
4761,348000,9647000,-0.516318575829692
4762,349000,9647000,-0.470380210537051
4763,350000,9647000,-0.496327198930399
4764,351000,9647000,-0.485903616954136
4765,352000,9647000,-0.486058279271612
4766,353000,9647000,-0.491929677439722
4767,354000,9647000,-0.495875165519836
4768,355000,9647000,-0.496122428345334
4769,356000,9647000,-0.500125281630399
4770,357000,9647000,-0.493969974651066
4771,358000,9647000,-0.494387794194571
4772,359000,9647000,-0.485394694277735
4773,360000,9647000,-0.486453584908084
4774,361000,9647000,-0.465390081485328
4775,362000,9647000,-0.429070480904184
4776,363000,9647000,-0.477814230814939
4777,364000,9647000,-0.548788089121153
4778,365000,9647000,-0.568681735867434
4779,366000,9647000,-0.589364162646453
4780,367000,9647000,-0.578837171504447
4781,368000,9647000,-0.580126691766911
4782,369000,9647000,-0.5416617898065
4783,370000,9647000,-0.499389436363136
4784,371000,9647000,-0.471704699163596
4785,372000,9647000,-0.474276740661617
4786,373000,9647000,-0.47866954428706
4787,374000,9647000,-0.468425392706524
4788,375000,9647000,-0.553246474422164
4789,262000,9648000,-0.457650323610751
4790,263000,9648000,-0.48305764563672
4791,264000,9648000,-0.486501204412687
4792,265000,9648000,-0.474567493679659
4793,266000,9648000,-0.470382159111299
4794,267000,9648000,-0.487651295913971
4795,268000,9648000,-0.492009290429453
4796,269000,9648000,-0.506376487116782
4797,270000,9648000,-0.498602550024315
4798,271000,9648000,-0.503085668669327
4799,272000,9648000,-0.491012148958899
4800,273000,9648000,-0.49485061955487
4801,274000,9648000,-0.505240320538915
4802,275000,9648000,-0.512096229645701
4803,276000,9648000,-0.500827554696692
4804,277000,9648000,-0.508020262820023
4805,278000,9648000,-0.505783574865592
4806,279000,9648000,-0.531037854222426
4807,280000,9648000,-0.510833909774451
4808,281000,9648000,-0.506349353310162
4809,282000,9648000,-0.508598960018632
4810,283000,9648000,-0.506711773369156
4811,284000,9648000,-0.506905522848657
4812,285000,9648000,-0.510245132350459
4813,286000,9648000,-0.532911675392367
4814,287000,9648000,-0.527706542565064
4815,288000,9648000,-0.492800432756744
4816,289000,9648000,-0.525965647402161
4817,290000,9648000,-0.540202912941289
4818,291000,9648000,-0.505641183688035
4819,292000,9648000,-0.52449145499582
4820,293000,9648000,-0.509237515102295
4821,294000,9648000,-0.540668846242894
4822,295000,9648000,-0.505948008774486
4823,296000,9648000,-0.515441875451091
4824,297000,9648000,-0.499900914265813
4825,298000,9648000,-0.48885272248366
4826,299000,9648000,-0.506338535990208
4827,3e+05,9648000,-0.495872306674355
4828,301000,9648000,-0.489252724058602
4829,302000,9648000,-0.48873138315276
4830,303000,9648000,-0.473223266239819
4831,304000,9648000,-0.505387240311823
4832,305000,9648000,-0.496541534038647
4833,306000,9648000,-0.444502173032326
4834,307000,9648000,-0.434985687355081
4835,308000,9648000,-0.503141893196636
4836,309000,9648000,-0.468341324115592
4837,310000,9648000,-0.46037129561137
4838,311000,9648000,-0.458842090641076
4839,312000,9648000,-0.469758079291228
4840,313000,9648000,-0.491256368571413
4841,314000,9648000,-0.449124881388333
4842,315000,9648000,-0.47723324087696
4843,316000,9648000,-0.315692925867883
4844,317000,9648000,-0.35821632525372
4845,318000,9648000,-0.445529586998031
4846,319000,9648000,-0.439678578519053
4847,320000,9648000,-0.442458496787931
4848,321000,9648000,-0.378234729526966
4849,322000,9648000,-0.475434884028359
4850,323000,9648000,-0.429490849503895
4851,324000,9648000,-0.483627342765269
4852,325000,9648000,-0.513841118987516
4853,326000,9648000,-0.500187865045256
4854,327000,9648000,-0.489975242264292
4855,328000,9648000,-0.503177902843591
4856,329000,9648000,-0.509743344749267
4857,330000,9648000,-0.524017753079357
4858,331000,9648000,-0.522971562099187
4859,332000,9648000,-0.474482452958866
4860,333000,9648000,-0.444887566671445
4861,334000,9648000,-0.494370316562191
4862,335000,9648000,-0.493230370325864
4863,336000,9648000,-0.43751195002698
4864,337000,9648000,-0.469770195701976
4865,338000,9648000,-0.487953582516423
4866,339000,9648000,-0.501685636119005
4867,340000,9648000,-0.515839636613825
4868,341000,9648000,-0.52316961002237
4869,342000,9648000,-0.509597721579198
4870,343000,9648000,-0.475164023853859
4871,344000,9648000,-0.497075459427676
4872,345000,9648000,-0.489259968507684
4873,346000,9648000,-0.496288248394687
4874,347000,9648000,-0.490999898020114
4875,348000,9648000,-0.475818959806877
4876,349000,9648000,-0.493694519537918
4877,350000,9648000,-0.521677826742355
4878,351000,9648000,-0.48312510018446
4879,352000,9648000,-0.492046777976658
4880,353000,9648000,-0.489782402727261
4881,354000,9648000,-0.482809275495264
4882,355000,9648000,-0.485714318770539
4883,356000,9648000,-0.489305121799867
4884,357000,9648000,-0.4877002141407
4885,358000,9648000,-0.488271903842985
4886,359000,9648000,-0.489953596038623
4887,360000,9648000,-0.476624672772488
4888,361000,9648000,-0.46309671266862
4889,362000,9648000,-0.436342673273208
4890,363000,9648000,-0.424558498469141
4891,364000,9648000,-0.414271959066418
4892,365000,9648000,-0.472276875577756
4893,366000,9648000,-0.580043419045813
4894,367000,9648000,-0.57010723922981
4895,368000,9648000,-0.570213280154396
4896,369000,9648000,-0.572789682535149
4897,370000,9648000,-0.558099666525868
4898,371000,9648000,-0.531924476165196
4899,372000,9648000,-0.474922050153578
4900,373000,9648000,-0.500757478763933
4901,374000,9648000,-0.479809103435804
4902,375000,9648000,-0.542957791625095
4903,262000,9649000,-0.453376763403508
4904,263000,9649000,-0.463904070260534
4905,264000,9649000,-0.486687234340883
4906,265000,9649000,-0.440627871246131
4907,266000,9649000,-0.439322825266902
4908,267000,9649000,-0.451763337507021
4909,268000,9649000,-0.48136127737084
4910,269000,9649000,-0.498945314632586
4911,270000,9649000,-0.496855586069522
4912,271000,9649000,-0.495406223205671
4913,272000,9649000,-0.48595672599654
4914,273000,9649000,-0.497607126748957
4915,274000,9649000,-0.499529963314794
4916,275000,9649000,-0.506265510501257
4917,276000,9649000,-0.499222599455414
4918,277000,9649000,-0.50144603195601
4919,278000,9649000,-0.508898826927635
4920,279000,9649000,-0.50011482770977
4921,280000,9649000,-0.504113457249761
4922,281000,9649000,-0.507786141986129
4923,282000,9649000,-0.507757112747637
4924,283000,9649000,-0.506893858325079
4925,284000,9649000,-0.509153263444221
4926,285000,9649000,-0.521402518788703
4927,286000,9649000,-0.524762947245967
4928,287000,9649000,-0.515912419160351
4929,288000,9649000,-0.520442159483978
4930,289000,9649000,-0.522014594053429
4931,290000,9649000,-0.531251218347236
4932,291000,9649000,-0.501874927712156
4933,292000,9649000,-0.537347663524782
4934,293000,9649000,-0.51470647950151
4935,294000,9649000,-0.501768048724235
4936,295000,9649000,-0.505543899384199
4937,296000,9649000,-0.50143523005892
4938,297000,9649000,-0.507913194692574
4939,298000,9649000,-0.486237886165536
4940,299000,9649000,-0.517327015384648
4941,3e+05,9649000,-0.500566567610611
4942,301000,9649000,-0.51081999937937
4943,302000,9649000,-0.498481115962007
4944,303000,9649000,-0.484405713399145
4945,304000,9649000,-0.486185286984664
4946,305000,9649000,-0.47966849761882
4947,306000,9649000,-0.299653662545509
4948,307000,9649000,-0.329505230435377
4949,308000,9649000,-0.512336639636829
4950,309000,9649000,-0.495043014827395
4951,310000,9649000,-0.361616301366509
4952,311000,9649000,-0.361992450549059
4953,312000,9649000,-0.53239540986468
4954,313000,9649000,-0.522791702496818
4955,314000,9649000,-0.301479328739502
4956,315000,9649000,-0.462909074057649
4957,316000,9649000,-0.444362203799988
4958,317000,9649000,-0.454926562427874
4959,318000,9649000,-0.427481255244506
4960,319000,9649000,-0.42468602303693
4961,320000,9649000,-0.322970455255237
4962,321000,9649000,-0.460820401229368
4963,322000,9649000,-0.458451516089759
4964,323000,9649000,-0.447438132000814
4965,324000,9649000,-0.395200823515071
4966,325000,9649000,-0.39944242341669
4967,326000,9649000,-0.477873474447476
4968,327000,9649000,-0.473002968777651
4969,328000,9649000,-0.514061946853762
4970,329000,9649000,-0.50707677432181
4971,330000,9649000,-0.493200764935328
4972,331000,9649000,-0.510734171936822
4973,332000,9649000,-0.477066399932603
4974,333000,9649000,-0.493555326782846
4975,334000,9649000,-0.446628438766353
4976,335000,9649000,-0.461555677421407
4977,336000,9649000,-0.456190888020472
4978,337000,9649000,-0.466037653497306
4979,338000,9649000,-0.494347042360424
4980,339000,9649000,-0.51063048746191
4981,340000,9649000,-0.507517134338224
4982,341000,9649000,-0.520322983315496
4983,342000,9649000,-0.530884810008683
4984,343000,9649000,-0.500361547121611
4985,344000,9649000,-0.488416530574937
4986,345000,9649000,-0.495685439713442
4987,346000,9649000,-0.487546732169571
4988,347000,9649000,-0.480507492300696
4989,348000,9649000,-0.493597945377507
4990,349000,9649000,-0.494235118324346
4991,350000,9649000,-0.502836212992391
4992,351000,9649000,-0.486221472888098
4993,352000,9649000,-0.48537247714472
4994,353000,9649000,-0.484039487381449
4995,354000,9649000,-0.487006682724027
4996,355000,9649000,-0.487903374188678
4997,356000,9649000,-0.492749249883617
4998,357000,9649000,-0.488406541173751
4999,358000,9649000,-0.487944281350216
5000,359000,9649000,-0.490820176924677
5001,360000,9649000,-0.471268903411287
5002,361000,9649000,-0.448983162559907
5003,362000,9649000,-0.431933982421135
5004,363000,9649000,-0.419010454485286
5005,364000,9649000,-0.406427473642445
5006,365000,9649000,-0.449367346731407
5007,366000,9649000,-0.49816091909836
5008,367000,9649000,-0.51396563039826
5009,368000,9649000,-0.586852489819315
5010,369000,9649000,-0.57400268737986
5011,370000,9649000,-0.565167003100628
5012,371000,9649000,-0.557467432687622
5013,372000,9649000,-0.577424860287297
5014,373000,9649000,-0.550667923057578
5015,374000,9649000,-0.492335751886803
5016,375000,9649000,-0.534788007222685
5017,262000,9650000,-0.448458583873015
5018,263000,9650000,-0.464777119246611
5019,264000,9650000,-0.467246792680009
5020,265000,9650000,-0.45374023949974
5021,266000,9650000,-0.426550372669235
5022,267000,9650000,-0.443491494992834
5023,268000,9650000,-0.469988136281623
5024,269000,9650000,-0.473775297693104
5025,270000,9650000,-0.495610772188958
5026,271000,9650000,-0.485673459499225
5027,272000,9650000,-0.496778913450965
5028,273000,9650000,-0.501848134215805
5029,274000,9650000,-0.501789864967093
5030,275000,9650000,-0.506044566315557
5031,276000,9650000,-0.500523529085121
5032,277000,9650000,-0.504588082969772
5033,278000,9650000,-0.500852905068198
5034,279000,9650000,-0.503635724978857
5035,280000,9650000,-0.505385831463844
5036,281000,9650000,-0.507725536092403
5037,282000,9650000,-0.508132968089526
5038,283000,9650000,-0.51047448813338
5039,284000,9650000,-0.512601491817299
5040,285000,9650000,-0.530706890925203
5041,286000,9650000,-0.536140360133557
5042,287000,9650000,-0.5249551687756
5043,288000,9650000,-0.514465016292813
5044,289000,9650000,-0.533390562249144
5045,290000,9650000,-0.508910239746019
5046,291000,9650000,-0.525106461358382
5047,292000,9650000,-0.514677918452215
5048,293000,9650000,-0.517695727234868
5049,294000,9650000,-0.496811632405802
5050,295000,9650000,-0.491085341124886
5051,296000,9650000,-0.502634566731177
5052,297000,9650000,-0.510699392899367
5053,298000,9650000,-0.494961533340929
5054,299000,9650000,-0.505047157227356
5055,3e+05,9650000,-0.516385781434248
5056,301000,9650000,-0.504647653619225
5057,302000,9650000,-0.496409379059677
5058,303000,9650000,-0.491270587005463
5059,304000,9650000,-0.495847903076968
5060,305000,9650000,-0.480587930931316
5061,306000,9650000,-0.221652655239829
5062,307000,9650000,-0.216303920530019
5063,308000,9650000,-0.442744148358814
5064,309000,9650000,-0.502354547571684
5065,310000,9650000,-0.506586602906201
5066,311000,9650000,-0.486399297629286
5067,312000,9650000,-0.0805234335521934
5068,313000,9650000,-0.0191910634300009
5069,314000,9650000,-0.353103112613995
5070,315000,9650000,-0.328939819612761
5071,316000,9650000,-0.375613273511344
5072,317000,9650000,-0.343036942437614
5073,318000,9650000,-0.43944626885802
5074,319000,9650000,-0.0341254051154202
5075,320000,9650000,-0.400760186108056
5076,321000,9650000,-0.477670907674091
5077,322000,9650000,-0.415548829462802
5078,323000,9650000,-0.2522873654677
5079,324000,9650000,-0.483849147033972
5080,325000,9650000,-0.435251803043314
5081,326000,9650000,-0.447328354605948
5082,327000,9650000,-0.441675424164987
5083,328000,9650000,-0.495665639897575
5084,329000,9650000,-0.51064596468369
5085,330000,9650000,-0.503960949060895
5086,331000,9650000,-0.507612724433803
5087,332000,9650000,-0.513192227790496
5088,333000,9650000,-0.495583699611722
5089,334000,9650000,-0.48036959795438
5090,335000,9650000,-0.494773646282579
5091,336000,9650000,-0.493046552576305
5092,337000,9650000,-0.473518915219492
5093,338000,9650000,-0.504060401077624
5094,339000,9650000,-0.523374779353587
5095,340000,9650000,-0.528988875486105
5096,341000,9650000,-0.510164709028846
5097,342000,9650000,-0.526711714023264
5098,343000,9650000,-0.488192833451386
5099,344000,9650000,-0.491974282720076
5100,345000,9650000,-0.495521357797693
5101,346000,9650000,-0.478586990557557
5102,347000,9650000,-0.506508635016703
5103,348000,9650000,-0.494947772332453
5104,349000,9650000,-0.497987987349994
5105,350000,9650000,-0.485146371191773
5106,351000,9650000,-0.491490272405884
5107,352000,9650000,-0.475804608212685
5108,353000,9650000,-0.476291011451495
5109,354000,9650000,-0.482904477173165
5110,355000,9650000,-0.489917275308061
5111,356000,9650000,-0.489621986395305
5112,357000,9650000,-0.486982538422829
5113,358000,9650000,-0.486044883568148
5114,359000,9650000,-0.478661494850463
5115,360000,9650000,-0.470026545094823
5116,361000,9650000,-0.468642509925181
5117,362000,9650000,-0.440068986205824
5118,363000,9650000,-0.435299357140072
5119,364000,9650000,-0.413678102816291
5120,365000,9650000,-0.454350292825939
5121,366000,9650000,-0.533058746120991
5122,367000,9650000,-0.586873968423957
5123,368000,9650000,-0.577013355219792
5124,369000,9650000,-0.580877193525491
5125,370000,9650000,-0.571233751989024
5126,371000,9650000,-0.56973807527138
5127,372000,9650000,-0.581633321307032
5128,373000,9650000,-0.546270107235189
5129,374000,9650000,-0.520309973681245
5130,375000,9650000,-0.525265392387594
5131,262000,9651000,-0.441881771449124
5132,263000,9651000,-0.42035307785277
5133,264000,9651000,-0.455719934549225
5134,265000,9651000,-0.441294919993635
5135,266000,9651000,-0.433419639645733
5136,267000,9651000,-0.461842130892855
5137,268000,9651000,-0.474915139486038
5138,269000,9651000,-0.482234706178595
5139,270000,9651000,-0.484582165157447
5140,271000,9651000,-0.497173492228596
5141,272000,9651000,-0.499603603643816
5142,273000,9651000,-0.499724565219551
5143,274000,9651000,-0.501584096873988
5144,275000,9651000,-0.497939224592293
5145,276000,9651000,-0.498779077511349
5146,277000,9651000,-0.499849936683016
5147,278000,9651000,-0.495539908357421
5148,279000,9651000,-0.501199983560325
5149,280000,9651000,-0.504780740843821
5150,281000,9651000,-0.506857507625349
5151,282000,9651000,-0.509862519592567
5152,283000,9651000,-0.511874287761398
5153,284000,9651000,-0.510857007537582
5154,285000,9651000,-0.521362282864988
5155,286000,9651000,-0.513060060758687
5156,287000,9651000,-0.513826924996632
5157,288000,9651000,-0.519212720182408
5158,289000,9651000,-0.526290518556623
5159,290000,9651000,-0.517590305362593
5160,291000,9651000,-0.505295137553533
5161,292000,9651000,-0.504033159062111
5162,293000,9651000,-0.499454491973387
5163,294000,9651000,-0.494143377040452
5164,295000,9651000,-0.4971417509133
5165,296000,9651000,-0.501961305145445
5166,297000,9651000,-0.497468143936937
5167,298000,9651000,-0.516256512903176
5168,299000,9651000,-0.507749218149023
5169,3e+05,9651000,-0.52170708374669
5170,301000,9651000,-0.513002370989268
5171,302000,9651000,-0.496522675482461
5172,303000,9651000,-0.488825964504409
5173,304000,9651000,-0.500631989553678
5174,305000,9651000,-0.53362801600118
5175,306000,9651000,-0.47878207304806
5176,307000,9651000,-0.246622649648935
5177,308000,9651000,-0.500924450444907
5178,309000,9651000,-0.176932302425061
5179,310000,9651000,-0.286974470928299
5180,311000,9651000,-0.398709487633773
5181,312000,9651000,-0.37884814811924
5182,313000,9651000,-0.126070610482909
5183,314000,9651000,-0.45154452050275
5184,315000,9651000,-0.461069544099822
5185,316000,9651000,-0.304147197100331
5186,317000,9651000,-0.462461144951706
5187,318000,9651000,-0.342190829382521
5188,319000,9651000,-0.378148412453566
5189,320000,9651000,-0.308002217580072
5190,321000,9651000,-0.454781271429978
5191,322000,9651000,-0.294220173099875
5192,323000,9651000,-0.503899095539661
5193,324000,9651000,-0.375702214974726
5194,325000,9651000,-0.499856895488696
5195,326000,9651000,-0.515446428560097
5196,327000,9651000,-0.480766651710214
5197,328000,9651000,-0.471417801644106
5198,329000,9651000,-0.50400420233632
5199,330000,9651000,-0.516267477625458
5200,331000,9651000,-0.504161591126461
5201,332000,9651000,-0.508701886152725
5202,333000,9651000,-0.513914507279046
5203,334000,9651000,-0.487181433760051
5204,335000,9651000,-0.494950118071819
5205,336000,9651000,-0.49292665272904
5206,337000,9651000,-0.466869760369077
5207,338000,9651000,-0.509801152348518
5208,339000,9651000,-0.518778465612403
5209,340000,9651000,-0.517590495054273
5210,341000,9651000,-0.51033968392976
5211,342000,9651000,-0.546442217077454
5212,343000,9651000,-0.496855001577713
5213,344000,9651000,-0.503590504474378
5214,345000,9651000,-0.484672665860903
5215,346000,9651000,-0.508482596958463
5216,347000,9651000,-0.487003026692525
5217,348000,9651000,-0.500269939623227
5218,349000,9651000,-0.506543468140435
5219,350000,9651000,-0.481017191793267
5220,351000,9651000,-0.482369117227092
5221,352000,9651000,-0.481228029887585
5222,353000,9651000,-0.490574270225011
5223,354000,9651000,-0.489453056178731
5224,355000,9651000,-0.491027309532879
5225,356000,9651000,-0.489034863021396
5226,357000,9651000,-0.485952479570627
5227,358000,9651000,-0.479682844960936
5228,359000,9651000,-0.472963185117577
5229,360000,9651000,-0.469004015255738
5230,361000,9651000,-0.467801206272343
5231,362000,9651000,-0.441341909483486
5232,363000,9651000,-0.429558861022913
5233,364000,9651000,-0.440963116618022
5234,365000,9651000,-0.401013822524168
5235,366000,9651000,-0.497053320828431
5236,367000,9651000,-0.542799082212139
5237,368000,9651000,-0.57063761256082
5238,369000,9651000,-0.579705491391674
5239,370000,9651000,-0.569303413862167
5240,371000,9651000,-0.568163646342571
5241,372000,9651000,-0.574692424724151
5242,373000,9651000,-0.5828353734691
5243,374000,9651000,-0.504834776399798
5244,375000,9651000,-0.515677069507175
5245,262000,9652000,-0.431965440220342
5246,263000,9652000,-0.466537458659622
5247,264000,9652000,-0.448990103479256
5248,265000,9652000,-0.442219204166533
5249,266000,9652000,-0.425185410146935
5250,267000,9652000,-0.449422025261211
5251,268000,9652000,-0.463168005887177
5252,269000,9652000,-0.474000021202391
5253,270000,9652000,-0.49415297730704
5254,271000,9652000,-0.507339835081767
5255,272000,9652000,-0.501058014351751
5256,273000,9652000,-0.496588567642113
5257,274000,9652000,-0.498922716639765
5258,275000,9652000,-0.497243178972245
5259,276000,9652000,-0.496758031950622
5260,277000,9652000,-0.498307604505428
5261,278000,9652000,-0.499700411320901
5262,279000,9652000,-0.502496595151545
5263,280000,9652000,-0.504719227631947
5264,281000,9652000,-0.507193293351392
5265,282000,9652000,-0.512087115068137
5266,283000,9652000,-0.526263953616684
5267,284000,9652000,-0.51468658211868
5268,285000,9652000,-0.520592684724533
5269,286000,9652000,-0.49846409961725
5270,287000,9652000,-0.520703612687969
5271,288000,9652000,-0.503558289961595
5272,289000,9652000,-0.509800822561679
5273,290000,9652000,-0.504701416128928
5274,291000,9652000,-0.515716559853507
5275,292000,9652000,-0.498041971206974
5276,293000,9652000,-0.497955353632724
5277,294000,9652000,-0.498034533116047
5278,295000,9652000,-0.495080967995112
5279,296000,9652000,-0.491865459822073
5280,297000,9652000,-0.513618042311516
5281,298000,9652000,-0.516912550387025
5282,299000,9652000,-0.518215009757949
5283,3e+05,9652000,-0.508244016747557
5284,301000,9652000,-0.511184814652142
5285,302000,9652000,-0.503628930653647
5286,303000,9652000,-0.53790662847819
5287,304000,9652000,-0.524983255403356
5288,305000,9652000,-0.430124965639547
5289,306000,9652000,-0.538521082815045
5290,307000,9652000,-0.309046499951282
5291,308000,9652000,-0.338340695855647
5292,309000,9652000,-0.294584683714951
5293,310000,9652000,-0.376587445066285
5294,311000,9652000,-0.271058345318287
5295,312000,9652000,-0.467819753514622
5296,313000,9652000,-0.433969467457177
5297,314000,9652000,-0.439985843911334
5298,315000,9652000,-0.444773338113103
5299,316000,9652000,-0.481332645969374
5300,317000,9652000,-0.428457102048222
5301,318000,9652000,-0.482226914026468
5302,319000,9652000,-0.399541204407276
5303,320000,9652000,-0.41673996811577
5304,321000,9652000,-0.366940201653125
5305,322000,9652000,-0.364605972844249
5306,323000,9652000,-0.221025585755185
5307,324000,9652000,-0.392376849965006
5308,325000,9652000,-0.408395004616127
5309,326000,9652000,-0.491970544456552
5310,327000,9652000,-0.503496635079906
5311,328000,9652000,-0.498549814064442
5312,329000,9652000,-0.505108209804611
5313,330000,9652000,-0.517384641539105
5314,331000,9652000,-0.519835985351226
5315,332000,9652000,-0.493978227498825
5316,333000,9652000,-0.508811244858386
5317,334000,9652000,-0.507432806264906
5318,335000,9652000,-0.488345591249631
5319,336000,9652000,-0.47229594702961
5320,337000,9652000,-0.473970752512967
5321,338000,9652000,-0.522409757103882
5322,339000,9652000,-0.544180812578811
5323,340000,9652000,-0.528401594786375
5324,341000,9652000,-0.520952781685835
5325,342000,9652000,-0.520721856872707
5326,343000,9652000,-0.478203869578747
5327,344000,9652000,-0.474633152874588
5328,345000,9652000,-0.490018262219285
5329,346000,9652000,-0.477241536270875
5330,347000,9652000,-0.498421704765438
5331,348000,9652000,-0.488211346463436
5332,349000,9652000,-0.479090703867663
5333,350000,9652000,-0.482300281621644
5334,351000,9652000,-0.484236812550322
5335,352000,9652000,-0.486274561254454
5336,353000,9652000,-0.49012303835206
5337,354000,9652000,-0.490875363156495
5338,355000,9652000,-0.490696952413266
5339,356000,9652000,-0.487226890007605
5340,357000,9652000,-0.480018504522435
5341,358000,9652000,-0.481441214170284
5342,359000,9652000,-0.470056867455425
5343,360000,9652000,-0.456881182319087
5344,361000,9652000,-0.447087643651332
5345,362000,9652000,-0.427614804330957
5346,363000,9652000,-0.434594389555678
5347,364000,9652000,-0.438966795862048
5348,365000,9652000,-0.405640050466676
5349,366000,9652000,-0.455516415009493
5350,367000,9652000,-0.520837351948645
5351,368000,9652000,-0.52920542006494
5352,369000,9652000,-0.513865868471573
5353,370000,9652000,-0.556800199498027
5354,371000,9652000,-0.556246170994187
5355,372000,9652000,-0.548129700110067
5356,373000,9652000,-0.573276509942928
5357,374000,9652000,-0.55299047792406
5358,375000,9652000,-0.505192436939592
5359,262000,9653000,-0.424164951042994
5360,263000,9653000,-0.439555223732557
5361,264000,9653000,-0.444642513178922
5362,265000,9653000,-0.419889993183263
5363,266000,9653000,-0.41866766091538
5364,267000,9653000,-0.423563849149439
5365,268000,9653000,-0.444465312725785
5366,269000,9653000,-0.451911002286405
5367,270000,9653000,-0.480619956098846
5368,271000,9653000,-0.506498849067338
5369,272000,9653000,-0.50653187108678
5370,273000,9653000,-0.492497624778334
5371,274000,9653000,-0.496652948715084
5372,275000,9653000,-0.497029420630098
5373,276000,9653000,-0.496246407165853
5374,277000,9653000,-0.494728040918438
5375,278000,9653000,-0.49623363255285
5376,279000,9653000,-0.49973847872123
5377,280000,9653000,-0.501737178921928
5378,281000,9653000,-0.505658789883326
5379,282000,9653000,-0.510104661660895
5380,283000,9653000,-0.52776086045744
5381,284000,9653000,-0.505478672577415
5382,285000,9653000,-0.498213300248421
5383,286000,9653000,-0.506507399129356
5384,287000,9653000,-0.516582908410406
5385,288000,9653000,-0.499546666710777
5386,289000,9653000,-0.5138164532526
5387,290000,9653000,-0.486539507169679
5388,291000,9653000,-0.513181023200126
5389,292000,9653000,-0.502462971178189
5390,293000,9653000,-0.492455692323555
5391,294000,9653000,-0.505083367921141
5392,295000,9653000,-0.497288707785594
5393,296000,9653000,-0.499580762505913
5394,297000,9653000,-0.516720688102249
5395,298000,9653000,-0.511753121169245
5396,299000,9653000,-0.519629726421323
5397,3e+05,9653000,-0.535373205545159
5398,301000,9653000,-0.50275358299209
5399,302000,9653000,-0.504733734534042
5400,303000,9653000,-0.486092200516181
5401,304000,9653000,-0.507811046288933
5402,305000,9653000,-0.512295831760627
5403,306000,9653000,-0.453614734517076
5404,307000,9653000,0.0594282589926373
5405,308000,9653000,-0.346267104272621
5406,309000,9653000,-0.430517505348253
5407,310000,9653000,-0.4198998264388
5408,311000,9653000,-0.460517332753554
5409,312000,9653000,-0.301506871856507
5410,313000,9653000,-0.251620037812819
5411,314000,9653000,-0.355162970833989
5412,315000,9653000,0.0574754857780807
5413,316000,9653000,-0.262760840927484
5414,317000,9653000,-0.428630482920056
5415,318000,9653000,-0.461723530092876
5416,319000,9653000,-0.428162121983718
5417,320000,9653000,-0.218241238208404
5418,321000,9653000,-0.157539310984627
5419,322000,9653000,-0.0964778487118352
5420,323000,9653000,-0.222385008876078
5421,324000,9653000,-0.407925004171052
5422,325000,9653000,-0.204753383882673
5423,326000,9653000,-0.311700929362713
5424,327000,9653000,-0.500361221302794
5425,328000,9653000,-0.494040931549014
5426,329000,9653000,-0.47400210684288
5427,330000,9653000,-0.478268550030914
5428,331000,9653000,-0.533036887091208
5429,332000,9653000,-0.515892676296648
5430,333000,9653000,-0.469977663358019
5431,334000,9653000,-0.505407773876547
5432,335000,9653000,-0.493107436049901
5433,336000,9653000,-0.440751925906826
5434,337000,9653000,-0.483027316240352
5435,338000,9653000,-0.501524871376942
5436,339000,9653000,-0.508834290727014
5437,340000,9653000,-0.511540026106505
5438,341000,9653000,-0.51769839938231
5439,342000,9653000,-0.525067068671618
5440,343000,9653000,-0.495858722289043
5441,344000,9653000,-0.484757469936231
5442,345000,9653000,-0.505352182740289
5443,346000,9653000,-0.500714846658128
5444,347000,9653000,-0.46731008188916
5445,348000,9653000,-0.495661195092276
5446,349000,9653000,-0.482404576031002
5447,350000,9653000,-0.473630700548076
5448,351000,9653000,-0.482279642972801
5449,352000,9653000,-0.486922400684458
5450,353000,9653000,-0.489297347013858
5451,354000,9653000,-0.487682636060631
5452,355000,9653000,-0.490117079793555
5453,356000,9653000,-0.48499621857427
5454,357000,9653000,-0.482985986639448
5455,358000,9653000,-0.471152268498469
5456,359000,9653000,-0.46168298845711
5457,360000,9653000,-0.446213276725886
5458,361000,9653000,-0.430383752826231
5459,362000,9653000,-0.430012759127631
5460,363000,9653000,-0.431930067255885
5461,364000,9653000,-0.425358362054636
5462,365000,9653000,-0.411047969752527
5463,366000,9653000,-0.407262511299296
5464,367000,9653000,-0.548036844187954
5465,368000,9653000,-0.506496511931541
5466,369000,9653000,-0.444951082647599
5467,370000,9653000,-0.476085515358493
5468,371000,9653000,-0.522794283964677
5469,372000,9653000,-0.470179539828666
5470,373000,9653000,-0.530229595389035
5471,374000,9653000,-0.566000291602854
5472,375000,9653000,-0.495206780642235
5473,262000,9654000,-0.422387887294134
5474,263000,9654000,-0.440153481237932
5475,264000,9654000,-0.417945602148998
5476,265000,9654000,-0.432380002429926
5477,266000,9654000,-0.426180033770796
5478,267000,9654000,-0.425890826391783
5479,268000,9654000,-0.454042034689948
5480,269000,9654000,-0.46809586957985
5481,270000,9654000,-0.453824818833877
5482,271000,9654000,-0.445386209724427
5483,272000,9654000,-0.496041372992534
5484,273000,9654000,-0.487406577541557
5485,274000,9654000,-0.493003345813455
5486,275000,9654000,-0.496058085831517
5487,276000,9654000,-0.49559621184655
5488,277000,9654000,-0.495084242203696
5489,278000,9654000,-0.495140182399733
5490,279000,9654000,-0.494906820107023
5491,280000,9654000,-0.49924754735255
5492,281000,9654000,-0.499056122659511
5493,282000,9654000,-0.511903454459795
5494,283000,9654000,-0.504246530522955
5495,284000,9654000,-0.492359054373482
5496,285000,9654000,-0.492726156893507
5497,286000,9654000,-0.499661928110836
5498,287000,9654000,-0.485026724518298
5499,288000,9654000,-0.497726669172367
5500,289000,9654000,-0.528568816503643
5501,290000,9654000,-0.507411769487317
5502,291000,9654000,-0.498855957045097
5503,292000,9654000,-0.497245888970895
5504,293000,9654000,-0.494322257591603
5505,294000,9654000,-0.504750681281111
5506,295000,9654000,-0.482337116867073
5507,296000,9654000,-0.502605398039355
5508,297000,9654000,-0.497590749929899
5509,298000,9654000,-0.493370937493127
5510,299000,9654000,-0.492669490697478
5511,3e+05,9654000,-0.497718884918333
5512,301000,9654000,-0.502527731932779
5513,302000,9654000,-0.483514649678211
5514,303000,9654000,-0.506555916656657
5515,304000,9654000,-0.518182398686703
5516,305000,9654000,-0.503542212321138
5517,306000,9654000,-0.390303225812799
5518,307000,9654000,-0.4957381967853
5519,308000,9654000,-0.481128827457948
5520,309000,9654000,-0.411226347022846
5521,310000,9654000,-0.446249197247212
5522,311000,9654000,-0.394180881323191
5523,312000,9654000,-0.221741847628072
5524,313000,9654000,-0.491508497566046
5525,314000,9654000,-0.466114315001409
5526,315000,9654000,-0.366901351599361
5527,316000,9654000,-0.310310451812903
5528,317000,9654000,-0.391727096657671
5529,318000,9654000,-0.340034467630457
5530,319000,9654000,-0.387303427353763
5531,320000,9654000,-0.434545299471809
5532,321000,9654000,-0.241639795197388
5533,322000,9654000,-0.180711872076187
5534,323000,9654000,-0.193273444542123
5535,324000,9654000,-0.168660041911931
5536,325000,9654000,-0.221410766128623
5537,326000,9654000,-0.40024695238884
5538,327000,9654000,-0.380144210059452
5539,328000,9654000,-0.462294363974331
5540,329000,9654000,-0.471065806654648
5541,330000,9654000,-0.479531759360568
5542,331000,9654000,-0.524609389404736
5543,332000,9654000,-0.505782189489581
5544,333000,9654000,-0.515388058539166
5545,334000,9654000,-0.513538852973146
5546,335000,9654000,-0.493730054370518
5547,336000,9654000,-0.453762643018532
5548,337000,9654000,-0.477289423015383
5549,338000,9654000,-0.493157287079034
5550,339000,9654000,-0.512735413851001
5551,340000,9654000,-0.527375253587238
5552,341000,9654000,-0.516411019677137
5553,342000,9654000,-0.53660959122472
5554,343000,9654000,-0.489109867154538
5555,344000,9654000,-0.481725514133668
5556,345000,9654000,-0.493401636349392
5557,346000,9654000,-0.460230894343573
5558,347000,9654000,-0.458765609762002
5559,348000,9654000,-0.509031676192204
5560,349000,9654000,-0.474075168206123
5561,350000,9654000,-0.476284514397722
5562,351000,9654000,-0.474160427486797
5563,352000,9654000,-0.479722632147822
5564,353000,9654000,-0.483639086470799
5565,354000,9654000,-0.487516473653336
5566,355000,9654000,-0.485718780691934
5567,356000,9654000,-0.478385760875845
5568,357000,9654000,-0.475696280920557
5569,358000,9654000,-0.460379766228193
5570,359000,9654000,-0.45560824203771
5571,360000,9654000,-0.440142821008115
5572,361000,9654000,-0.422731680360836
5573,362000,9654000,-0.410802957439607
5574,363000,9654000,-0.414670999776986
5575,364000,9654000,-0.417211162994258
5576,365000,9654000,-0.407867423743587
5577,366000,9654000,-0.411386353029478
5578,367000,9654000,-0.435742694631309
5579,368000,9654000,-0.43894249477426
5580,369000,9654000,-0.452552742292738
5581,370000,9654000,-0.440286746241883
5582,371000,9654000,-0.430009825143899
5583,372000,9654000,-0.414425280991093
5584,373000,9654000,-0.492176470248796
5585,374000,9654000,-0.4552329993566
5586,375000,9654000,-0.484327746753251
5587,262000,9655000,-0.420799948375901
5588,263000,9655000,-0.44817018541907
5589,264000,9655000,-0.424261292793602
5590,265000,9655000,-0.435566509902856
5591,266000,9655000,-0.42701772204522
5592,267000,9655000,-0.406674093733356
5593,268000,9655000,-0.428229353596603
5594,269000,9655000,-0.490985196236352
5595,270000,9655000,-0.475945739988136
5596,271000,9655000,-0.472278092867846
5597,272000,9655000,-0.4676556688654
5598,273000,9655000,-0.487135537207282
5599,274000,9655000,-0.493421354908184
5600,275000,9655000,-0.490604681689403
5601,276000,9655000,-0.497028123254152
5602,277000,9655000,-0.495862699701866
5603,278000,9655000,-0.495302481281073
5604,279000,9655000,-0.497085320676862
5605,280000,9655000,-0.497606528055119
5606,281000,9655000,-0.498645863233402
5607,282000,9655000,-0.500872939881123
5608,283000,9655000,-0.500451881059875
5609,284000,9655000,-0.508772406190821
5610,285000,9655000,-0.503215272888565
5611,286000,9655000,-0.502541661977969
5612,287000,9655000,-0.484862402159506
5613,288000,9655000,-0.488072402472528
5614,289000,9655000,-0.486591842067492
5615,290000,9655000,-0.502191091316796
5616,291000,9655000,-0.51314829355393
5617,292000,9655000,-0.503792594345819
5618,293000,9655000,-0.495686456730831
5619,294000,9655000,-0.488906274124242
5620,295000,9655000,-0.47521344022665
5621,296000,9655000,-0.492976498762208
5622,297000,9655000,-0.480146385751469
5623,298000,9655000,-0.494551975631505
5624,299000,9655000,-0.477074657274895
5625,3e+05,9655000,-0.509271727895135
5626,301000,9655000,-0.503284889235874
5627,302000,9655000,-0.498106028649199
5628,303000,9655000,-0.49055247194535
5629,304000,9655000,-0.510918192537941
5630,305000,9655000,-0.422616361153267
5631,306000,9655000,-0.321894864591106
5632,307000,9655000,-0.264367619092242
5633,308000,9655000,-0.468943591001449
5634,309000,9655000,-0.364221259330521
5635,310000,9655000,-0.472673606556869
5636,311000,9655000,-0.292491056984975
5637,312000,9655000,-0.456048189247374
5638,313000,9655000,-0.4058337774569
5639,314000,9655000,-0.491869687226724
5640,315000,9655000,-0.305984683135177
5641,316000,9655000,-0.312769734295546
5642,317000,9655000,-0.0558070977293012
5643,318000,9655000,-0.285753356578803
5644,319000,9655000,-0.120067977673921
5645,320000,9655000,-0.256871847159978
5646,321000,9655000,-0.0842299051977159
5647,322000,9655000,-0.19987856237305
5648,323000,9655000,-0.250381169189461
5649,324000,9655000,-0.307764330164113
5650,325000,9655000,-0.217494324593812
5651,326000,9655000,-0.17398701008139
5652,327000,9655000,-0.306021799392497
5653,328000,9655000,-0.422979955891356
5654,329000,9655000,-0.472024252224104
5655,330000,9655000,-0.488762136055507
5656,331000,9655000,-0.470334948735442
5657,332000,9655000,-0.522597243834519
5658,333000,9655000,-0.509457116440507
5659,334000,9655000,-0.512214586741939
5660,335000,9655000,-0.490098425813268
5661,336000,9655000,-0.471017181573317
5662,337000,9655000,-0.486418964434554
5663,338000,9655000,-0.504452047527178
5664,339000,9655000,-0.519412598343019
5665,340000,9655000,-0.516088692052865
5666,341000,9655000,-0.513752996754916
5667,342000,9655000,-0.516766883701118
5668,343000,9655000,-0.483627929015959
5669,344000,9655000,-0.490403885303477
5670,345000,9655000,-0.465361340757408
5671,346000,9655000,-0.460369053297062
5672,347000,9655000,-0.461475260515707
5673,348000,9655000,-0.492798349810719
5674,349000,9655000,-0.499131629582693
5675,350000,9655000,-0.492635643715556
5676,351000,9655000,-0.4723343221697
5677,352000,9655000,-0.467470777868296
5678,353000,9655000,-0.482207979661993
5679,354000,9655000,-0.485946187440879
5680,355000,9655000,-0.481546086717038
5681,356000,9655000,-0.469715366551185
5682,357000,9655000,-0.464947596098227
5683,358000,9655000,-0.456480629501245
5684,359000,9655000,-0.446208517711132
5685,360000,9655000,-0.433582453492424
5686,361000,9655000,-0.422418808397599
5687,362000,9655000,-0.417732157812841
5688,363000,9655000,-0.415660414795757
5689,364000,9655000,-0.412381361857144
5690,365000,9655000,-0.408764072652988
5691,366000,9655000,-0.416547268236146
5692,367000,9655000,-0.431052685017596
5693,368000,9655000,-0.454102477295973
5694,369000,9655000,-0.449303569906061
5695,370000,9655000,-0.440166302899907
5696,371000,9655000,-0.485491273473424
5697,372000,9655000,-0.469844742736624
5698,373000,9655000,-0.410222366486325
5699,374000,9655000,-0.514267928792341
5700,375000,9655000,-0.474678068732482
5701,262000,9656000,-0.419764743897907
5702,263000,9656000,-0.430415208156929
5703,264000,9656000,-0.429030851523649
5704,265000,9656000,-0.438273855368896
5705,266000,9656000,-0.432392878040015
5706,267000,9656000,-0.414638987036655
5707,268000,9656000,-0.411467540789351
5708,269000,9656000,-0.491257579450691
5709,270000,9656000,-0.481735481275939
5710,271000,9656000,-0.458309513548158
5711,272000,9656000,-0.465723497541197
5712,273000,9656000,-0.474020796952557
5713,274000,9656000,-0.480541532856792
5714,275000,9656000,-0.490594332390335
5715,276000,9656000,-0.496926888600472
5716,277000,9656000,-0.496851803844942
5717,278000,9656000,-0.495478213118677
5718,279000,9656000,-0.49650979959628
5719,280000,9656000,-0.498617220998997
5720,281000,9656000,-0.497188585265833
5721,282000,9656000,-0.495693200882712
5722,283000,9656000,-0.502821732395066
5723,284000,9656000,-0.500471012139742
5724,285000,9656000,-0.503161601401658
5725,286000,9656000,-0.499613054427037
5726,287000,9656000,-0.503542314727365
5727,288000,9656000,-0.496550804044014
5728,289000,9656000,-0.4889446118638
5729,290000,9656000,-0.495883343256937
5730,291000,9656000,-0.512412655974631
5731,292000,9656000,-0.503256345594516
5732,293000,9656000,-0.500277189115687
5733,294000,9656000,-0.490064380409803
5734,295000,9656000,-0.470354483471992
5735,296000,9656000,-0.497249899756172
5736,297000,9656000,-0.487692081957591
5737,298000,9656000,-0.470250112267606
5738,299000,9656000,-0.463157004605694
5739,3e+05,9656000,-0.483588664031239
5740,301000,9656000,-0.476124851987898
5741,302000,9656000,-0.507346195674578
5742,303000,9656000,-0.501535520992053
5743,304000,9656000,-0.504803867754051
5744,305000,9656000,-0.495022597547028
5745,306000,9656000,-0.390050368634221
5746,307000,9656000,-0.296600802025174
5747,308000,9656000,-0.492936454406546
5748,309000,9656000,-0.44943113703091
5749,310000,9656000,-0.498196912232338
5750,311000,9656000,-0.433356137134169
5751,312000,9656000,-0.50175036726933
5752,313000,9656000,-0.436762074755671
5753,314000,9656000,-0.365337116374332
5754,315000,9656000,0.0426396388510389
5755,316000,9656000,0.0267623328647389
5756,317000,9656000,-0.109439825589761
5757,318000,9656000,-0.177571053264784
5758,319000,9656000,-0.0813185981040077
5759,320000,9656000,-0.173651784001921
5760,321000,9656000,-0.0768407045327834
5761,322000,9656000,-0.300748810375545
5762,323000,9656000,-0.240899560120584
5763,324000,9656000,-0.226276946245025
5764,325000,9656000,-0.177125704426319
5765,326000,9656000,-0.250276460526331
5766,327000,9656000,-0.2314446259615
5767,328000,9656000,-0.45549297663502
5768,329000,9656000,-0.524579099921919
5769,330000,9656000,-0.42164238038747
5770,331000,9656000,-0.520932322206256
5771,332000,9656000,-0.515236965040784
5772,333000,9656000,-0.507929386379411
5773,334000,9656000,-0.504361600650572
5774,335000,9656000,-0.499844929983361
5775,336000,9656000,-0.475949989376255
5776,337000,9656000,-0.487048507546201
5777,338000,9656000,-0.497604891807564
5778,339000,9656000,-0.524910160126509
5779,340000,9656000,-0.519771851298371
5780,341000,9656000,-0.527204529122439
5781,342000,9656000,-0.495385999477609
5782,343000,9656000,-0.5247838521921
5783,344000,9656000,-0.51380098709326
5784,345000,9656000,-0.481935780173036
5785,346000,9656000,-0.490486650650052
5786,347000,9656000,-0.465368240111755
5787,348000,9656000,-0.507391089665756
5788,349000,9656000,-0.487722983722513
5789,350000,9656000,-0.47689395787889
5790,351000,9656000,-0.466004030338119
5791,352000,9656000,-0.452696246903287
5792,353000,9656000,-0.483663295212911
5793,354000,9656000,-0.481494595304178
5794,355000,9656000,-0.470629350734588
5795,356000,9656000,-0.461056839719952
5796,357000,9656000,-0.458162894960755
5797,358000,9656000,-0.451594013922456
5798,359000,9656000,-0.44398341672592
5799,360000,9656000,-0.432125683549079
5800,361000,9656000,-0.413447504177054
5801,362000,9656000,-0.425881886168922
5802,363000,9656000,-0.423542315282448
5803,364000,9656000,-0.416067262691434
5804,365000,9656000,-0.410394570667814
5805,366000,9656000,-0.414252551447781
5806,367000,9656000,-0.427597143117499
5807,368000,9656000,-0.443509801096808
5808,369000,9656000,-0.455426677846391
5809,370000,9656000,-0.453721532350999
5810,371000,9656000,-0.439972695254194
5811,372000,9656000,-0.428845286384729
5812,373000,9656000,-0.452273901167765
5813,374000,9656000,-0.445752667479614
5814,375000,9656000,-0.463604081202781
5815,262000,9657000,-0.420500995827975
5816,263000,9657000,-0.428959263342191
5817,264000,9657000,-0.432312418582218
5818,265000,9657000,-0.435476389909963
5819,266000,9657000,-0.429757725108242
5820,267000,9657000,-0.410010208792489
5821,268000,9657000,-0.430431051496651
5822,269000,9657000,-0.425695496485796
5823,270000,9657000,-0.441749971576658
5824,271000,9657000,-0.482939830458911
5825,272000,9657000,-0.468129378898195
5826,273000,9657000,-0.465266226723148
5827,274000,9657000,-0.476066977948738
5828,275000,9657000,-0.48483223334401
5829,276000,9657000,-0.49662285897437
5830,277000,9657000,-0.497367973387159
5831,278000,9657000,-0.498032553693361
5832,279000,9657000,-0.49654282127018
5833,280000,9657000,-0.497890706813872
5834,281000,9657000,-0.498426867972547
5835,282000,9657000,-0.49472214635846
5836,283000,9657000,-0.494300732144392
5837,284000,9657000,-0.500745482386415
5838,285000,9657000,-0.494677572692895
5839,286000,9657000,-0.508663970884733
5840,287000,9657000,-0.498509750824956
5841,288000,9657000,-0.490684985548525
5842,289000,9657000,-0.491208387083422
5843,290000,9657000,-0.497157818942407
5844,291000,9657000,-0.511785311187241
5845,292000,9657000,-0.514476780305884
5846,293000,9657000,-0.488131628761655
5847,294000,9657000,-0.477440122709059
5848,295000,9657000,-0.484449884044352
5849,296000,9657000,-0.49589808828779
5850,297000,9657000,-0.480542307076066
5851,298000,9657000,-0.481518378051865
5852,299000,9657000,-0.486632361233781
5853,3e+05,9657000,-0.494222271901504
5854,301000,9657000,-0.501626266948991
5855,302000,9657000,-0.459260707068103
5856,303000,9657000,-0.501186473338877
5857,304000,9657000,-0.500166643567103
5858,305000,9657000,-0.455114523710775
5859,306000,9657000,-0.279574596353103
5860,307000,9657000,-0.356831793877529
5861,308000,9657000,-0.448054099424636
5862,309000,9657000,-0.495303490613148
5863,310000,9657000,-0.368271073043841
5864,311000,9657000,-0.420474208622322
5865,312000,9657000,-0.486438040251027
5866,313000,9657000,-0.393684693416748
5867,314000,9657000,-0.245508144436574
5868,315000,9657000,0.00718874615895906
5869,316000,9657000,-0.261990025612094
5870,317000,9657000,-0.393839035384785
5871,318000,9657000,-0.158728834809256
5872,319000,9657000,-0.170550784799835
5873,320000,9657000,-0.161486858749845
5874,321000,9657000,-0.244039652504018
5875,322000,9657000,-0.288287212951047
5876,323000,9657000,-0.193828822631044
5877,324000,9657000,-0.242594155008426
5878,325000,9657000,-0.188982319449087
5879,326000,9657000,-0.198933853545087
5880,327000,9657000,-0.216280245164519
5881,328000,9657000,-0.344745437728769
5882,329000,9657000,-0.505816100283178
5883,330000,9657000,-0.489961513540695
5884,331000,9657000,-0.510392195006075
5885,332000,9657000,-0.523244701735338
5886,333000,9657000,-0.509195926471969
5887,334000,9657000,-0.498946417976279
5888,335000,9657000,-0.511920352359559
5889,336000,9657000,-0.46415731742875
5890,337000,9657000,-0.501144586521902
5891,338000,9657000,-0.522667431895348
5892,339000,9657000,-0.514490310475733
5893,340000,9657000,-0.47991413553964
5894,341000,9657000,-0.513920626655358
5895,342000,9657000,-0.514344536480332
5896,343000,9657000,-0.515565017900784
5897,344000,9657000,-0.478557992803477
5898,345000,9657000,-0.508839410542165
5899,346000,9657000,-0.495060235881619
5900,347000,9657000,-0.474167954181723
5901,348000,9657000,-0.46398424024996
5902,349000,9657000,-0.459494852302145
5903,350000,9657000,-0.454367097996003
5904,351000,9657000,-0.452926253438251
5905,352000,9657000,-0.459097913521091
5906,353000,9657000,-0.472061231274856
5907,354000,9657000,-0.463653124867001
5908,355000,9657000,-0.461773357895686
5909,356000,9657000,-0.458571017705025
5910,357000,9657000,-0.454479094393321
5911,358000,9657000,-0.451099797020511
5912,359000,9657000,-0.447584685645634
5913,360000,9657000,-0.438609165045604
5914,361000,9657000,-0.420212360715685
5915,362000,9657000,-0.424422258098151
5916,363000,9657000,-0.423627656793702
5917,364000,9657000,-0.42719434254281
5918,365000,9657000,-0.419856026926468
5919,366000,9657000,-0.435061877996708
5920,367000,9657000,-0.428877890857761
5921,368000,9657000,-0.442064575418063
5922,369000,9657000,-0.452130630004644
5923,370000,9657000,-0.455954824595484
5924,371000,9657000,-0.446101801188072
5925,372000,9657000,-0.438180508342365
5926,373000,9657000,-0.438844014841159
5927,374000,9657000,-0.47196187154964
5928,375000,9657000,-0.452920013321436
5929,262000,9658000,-0.419831642237779
5930,263000,9658000,-0.431173231381546
5931,264000,9658000,-0.426246197788713
5932,265000,9658000,-0.440752923417457
5933,266000,9658000,-0.4277786491344
5934,267000,9658000,-0.425394224061715
5935,268000,9658000,-0.399808477881007
5936,269000,9658000,-0.455977605350493
5937,270000,9658000,-0.445714421515672
5938,271000,9658000,-0.456331148024356
5939,272000,9658000,-0.465453751835897
5940,273000,9658000,-0.466887046246245
5941,274000,9658000,-0.481127914929669
5942,275000,9658000,-0.483067915993007
5943,276000,9658000,-0.493088521660289
5944,277000,9658000,-0.498376792899755
5945,278000,9658000,-0.499639069703094
5946,279000,9658000,-0.496910421172182
5947,280000,9658000,-0.497639005640366
5948,281000,9658000,-0.494818577751012
5949,282000,9658000,-0.4926049566436
5950,283000,9658000,-0.493199459320135
5951,284000,9658000,-0.492807523858429
5952,285000,9658000,-0.494759060849489
5953,286000,9658000,-0.486340607795289
5954,287000,9658000,-0.489152555420709
5955,288000,9658000,-0.481676106345481
5956,289000,9658000,-0.483043534318123
5957,290000,9658000,-0.506877364202514
5958,291000,9658000,-0.512931186884374
5959,292000,9658000,-0.494796817089881
5960,293000,9658000,-0.498328031401464
5961,294000,9658000,-0.479709328040432
5962,295000,9658000,-0.494524149297049
5963,296000,9658000,-0.477470760355356
5964,297000,9658000,-0.483711396523971
5965,298000,9658000,-0.478963145018956
5966,299000,9658000,-0.483748652853755
5967,3e+05,9658000,-0.473961639343703
5968,301000,9658000,-0.522212550101952
5969,302000,9658000,-0.465381840245645
5970,303000,9658000,-0.503648650115754
5971,304000,9658000,-0.523202586098427
5972,305000,9658000,-0.505615167312952
5973,306000,9658000,-0.411312802024699
5974,307000,9658000,-0.50153967415698
5975,308000,9658000,-0.493949144820113
5976,309000,9658000,-0.524104721073223
5977,310000,9658000,-0.371083944319145
5978,311000,9658000,-0.397218116347695
5979,312000,9658000,-0.354305231477916
5980,313000,9658000,-0.334970533287212
5981,314000,9658000,-0.241402892743481
5982,315000,9658000,-0.402070225841639
5983,316000,9658000,-0.423489968433694
5984,317000,9658000,-0.475232832268902
5985,318000,9658000,-0.391212148659681
5986,319000,9658000,-0.362242360942713
5987,320000,9658000,-0.271652280119375
5988,321000,9658000,-0.285248603986786
5989,322000,9658000,-0.251994492964767
5990,323000,9658000,-0.24579348555923
5991,324000,9658000,-0.21451991298741
5992,325000,9658000,-0.194264035671611
5993,326000,9658000,-0.221626392384967
5994,327000,9658000,-0.239641865415686
5995,328000,9658000,-0.461315632153243
5996,329000,9658000,-0.477658238574159
5997,330000,9658000,-0.473217270744525
5998,331000,9658000,-0.509665549445286
5999,332000,9658000,-0.509466143804844
6000,333000,9658000,-0.49197076823901
6001,334000,9658000,-0.490803063016754
6002,335000,9658000,-0.463311661493675
6003,336000,9658000,-0.458351041974169
6004,337000,9658000,-0.507498907803046
6005,338000,9658000,-0.474512174294488
6006,339000,9658000,-0.497007478327061
6007,340000,9658000,-0.520241854588191
6008,341000,9658000,-0.510195787209861
6009,342000,9658000,-0.53576569547388
6010,343000,9658000,-0.506055100111971
6011,344000,9658000,-0.476871971759332
6012,345000,9658000,-0.499681558498936
6013,346000,9658000,-0.48620881311299
6014,347000,9658000,-0.460815450457412
6015,348000,9658000,-0.471176669220099
6016,349000,9658000,-0.453359235636728
6017,350000,9658000,-0.449148464588479
6018,351000,9658000,-0.466110901061033
6019,352000,9658000,-0.456295442163883
6020,353000,9658000,-0.455108307818054
6021,354000,9658000,-0.454458754433072
6022,355000,9658000,-0.458369019244982
6023,356000,9658000,-0.465984914933873
6024,357000,9658000,-0.443148660387963
6025,358000,9658000,-0.463283774169396
6026,359000,9658000,-0.440771101914608
6027,360000,9658000,-0.434252826289395
6028,361000,9658000,-0.417288103203426
6029,362000,9658000,-0.410010775003151
6030,363000,9658000,-0.429792551176785
6031,364000,9658000,-0.436015489236974
6032,365000,9658000,-0.451852759991549
6033,366000,9658000,-0.440339780460177
6034,367000,9658000,-0.433803191161828
6035,368000,9658000,-0.444253690457845
6036,369000,9658000,-0.448186533368707
6037,370000,9658000,-0.442491721545083
6038,371000,9658000,-0.447897721773854
6039,372000,9658000,-0.442743340488613
6040,373000,9658000,-0.448178321842536
6041,374000,9658000,-0.440699453761158
6042,375000,9658000,-0.443688346526429
6043,262000,9659000,-0.415150588461762
6044,263000,9659000,-0.425535273882587
6045,264000,9659000,-0.428866002437297
6046,265000,9659000,-0.43350611191971
6047,266000,9659000,-0.424916288682394
6048,267000,9659000,-0.425120005769615
6049,268000,9659000,-0.415377819866989
6050,269000,9659000,-0.457747741591355
6051,270000,9659000,-0.438804531225737
6052,271000,9659000,-0.465788401461766
6053,272000,9659000,-0.450497353659863
6054,273000,9659000,-0.464837294935603
6055,274000,9659000,-0.483518025092659
6056,275000,9659000,-0.489383371968415
6057,276000,9659000,-0.492450078735381
6058,277000,9659000,-0.495068243037008
6059,278000,9659000,-0.496945811124987
6060,279000,9659000,-0.499334898207019
6061,280000,9659000,-0.497735903150881
6062,281000,9659000,-0.489230070012908
6063,282000,9659000,-0.492216865863932
6064,283000,9659000,-0.497309310928633
6065,284000,9659000,-0.492081524048615
6066,285000,9659000,-0.494114489028509
6067,286000,9659000,-0.489841368172266
6068,287000,9659000,-0.471725617569606
6069,288000,9659000,-0.497602727718651
6070,289000,9659000,-0.495703630011391
6071,290000,9659000,-0.504601483123056
6072,291000,9659000,-0.515345756917585
6073,292000,9659000,-0.513091493971456
6074,293000,9659000,-0.489986968619925
6075,294000,9659000,-0.483057782661291
6076,295000,9659000,-0.490734457899313
6077,296000,9659000,-0.484876129237876
6078,297000,9659000,-0.484368374703598
6079,298000,9659000,-0.459788300902608
6080,299000,9659000,-0.498217043695618
6081,3e+05,9659000,-0.506487807323563
6082,301000,9659000,-0.519825480458455
6083,302000,9659000,-0.510018174974177
6084,303000,9659000,-0.50472565010957
6085,304000,9659000,-0.518782604878926
6086,305000,9659000,-0.506009267574423
6087,306000,9659000,-0.460012241618841
6088,307000,9659000,-0.506594151473538
6089,308000,9659000,-0.509399526851022
6090,309000,9659000,-0.513086531484579
6091,310000,9659000,-0.466052716226841
6092,311000,9659000,-0.306360549459386
6093,312000,9659000,-0.293073765318375
6094,313000,9659000,-0.150108573870313
6095,314000,9659000,-0.218811142490269
6096,315000,9659000,-0.490898088906648
6097,316000,9659000,-0.493137950685308
6098,317000,9659000,0.155702657573083
6099,318000,9659000,-0.40094522626523
6100,319000,9659000,-0.348286917364267
6101,320000,9659000,-0.306640869878983
6102,321000,9659000,-0.270948475662373
6103,322000,9659000,-0.262985942840494
6104,323000,9659000,-0.242317112696038
6105,324000,9659000,-0.219761572663274
6106,325000,9659000,-0.194568966824536
6107,326000,9659000,-0.249129605855341
6108,327000,9659000,-0.268914086813157
6109,328000,9659000,-0.473874868964484
6110,329000,9659000,-0.509274077087201
6111,330000,9659000,-0.506991725700344
6112,331000,9659000,-0.471540516181234
6113,332000,9659000,-0.499551015287525
6114,333000,9659000,-0.492820225110868
6115,334000,9659000,-0.490780731775889
6116,335000,9659000,-0.464104301098222
6117,336000,9659000,-0.477108882827523
6118,337000,9659000,-0.503100347700175
6119,338000,9659000,-0.464520924869786
6120,339000,9659000,-0.513271594408118
6121,340000,9659000,-0.542979129596993
6122,341000,9659000,-0.500211685524117
6123,342000,9659000,-0.512873244241423
6124,343000,9659000,-0.505248862463945
6125,344000,9659000,-0.497556663108343
6126,345000,9659000,-0.491778260253174
6127,346000,9659000,-0.457445223181406
6128,347000,9659000,-0.469394662214461
6129,348000,9659000,-0.488818900414293
6130,349000,9659000,-0.447166818738661
6131,350000,9659000,-0.443257786818332
6132,351000,9659000,-0.4521231943969
6133,352000,9659000,-0.450808147059664
6134,353000,9659000,-0.448116584954847
6135,354000,9659000,-0.452239824997193
6136,355000,9659000,-0.466938542180376
6137,356000,9659000,-0.452195312670795
6138,357000,9659000,-0.460573814963524
6139,358000,9659000,-0.467671933875784
6140,359000,9659000,-0.448258904512677
6141,360000,9659000,-0.431068502168515
6142,361000,9659000,-0.42256952196818
6143,362000,9659000,-0.409123792941288
6144,363000,9659000,-0.439072953916226
6145,364000,9659000,-0.455192598215335
6146,365000,9659000,-0.459800826943009
6147,366000,9659000,-0.451508629815701
6148,367000,9659000,-0.43956815758579
6149,368000,9659000,-0.457042584630495
6150,369000,9659000,-0.43385967250222
6151,370000,9659000,-0.450580922000836
6152,371000,9659000,-0.449239191474327
6153,372000,9659000,-0.448457938676782
6154,373000,9659000,-0.431237553048225
6155,374000,9659000,-0.443404759269696
6156,375000,9659000,-0.433603919850451
6157,262000,9660000,-0.41438568602634
6158,263000,9660000,-0.426351485352924
6159,264000,9660000,-0.420458551194616
6160,265000,9660000,-0.429382533184012
6161,266000,9660000,-0.424626857950035
6162,267000,9660000,-0.422481090131743
6163,268000,9660000,-0.412363657070587
6164,269000,9660000,-0.409105018944166
6165,270000,9660000,-0.447165266885447
6166,271000,9660000,-0.4466715992891
6167,272000,9660000,-0.448693984895475
6168,273000,9660000,-0.467838493172299
6169,274000,9660000,-0.485395073386297
6170,275000,9660000,-0.488547159240514
6171,276000,9660000,-0.496806677513543
6172,277000,9660000,-0.496876358220208
6173,278000,9660000,-0.499629965264418
6174,279000,9660000,-0.499913450758345
6175,280000,9660000,-0.499213913754932
6176,281000,9660000,-0.489796069494005
6177,282000,9660000,-0.493583196015022
6178,283000,9660000,-0.494335195560589
6179,284000,9660000,-0.496632438972096
6180,285000,9660000,-0.488363222097517
6181,286000,9660000,-0.494634905579765
6182,287000,9660000,-0.492814713649764
6183,288000,9660000,-0.48925842593772
6184,289000,9660000,-0.496196924977832
6185,290000,9660000,-0.524493315095834
6186,291000,9660000,-0.520823806875781
6187,292000,9660000,-0.511195476408358
6188,293000,9660000,-0.486604514716828
6189,294000,9660000,-0.479594146040002
6190,295000,9660000,-0.470785656121713
6191,296000,9660000,-0.475056545536047
6192,297000,9660000,-0.475235844113367
6193,298000,9660000,-0.491868698681229
6194,299000,9660000,-0.501672498506117
6195,3e+05,9660000,-0.501768733012859
6196,301000,9660000,-0.522274756299138
6197,302000,9660000,-0.520624814758654
6198,303000,9660000,-0.504253189076648
6199,304000,9660000,-0.537528666940598
6200,305000,9660000,-0.533480355764855
6201,306000,9660000,-0.515193817009016
6202,307000,9660000,-0.526223962158096
6203,308000,9660000,-0.475977402592771
6204,309000,9660000,-0.333104059749526
6205,310000,9660000,-0.343314468056201
6206,311000,9660000,-0.323573026902125
6207,312000,9660000,-0.278044520084832
6208,313000,9660000,-0.160957063963581
6209,314000,9660000,-0.309971630283573
6210,315000,9660000,-0.491463751725146
6211,316000,9660000,-0.279960861289467
6212,317000,9660000,0.0348362416326597
6213,318000,9660000,-0.0491386843260226
6214,319000,9660000,-0.353475101628612
6215,320000,9660000,-0.33806408484946
6216,321000,9660000,-0.318101234963618
6217,322000,9660000,-0.26060977878856
6218,323000,9660000,-0.229652570269365
6219,324000,9660000,-0.252117993459336
6220,325000,9660000,-0.227948033699897
6221,326000,9660000,-0.393395374529203
6222,327000,9660000,-0.406948959517679
6223,328000,9660000,-0.534093353444915
6224,329000,9660000,-0.516820376584475
6225,330000,9660000,-0.493834260307611
6226,331000,9660000,-0.502206756565602
6227,332000,9660000,-0.466224212860077
6228,333000,9660000,-0.490245360997498
6229,334000,9660000,-0.467020504549034
6230,335000,9660000,-0.465508775155304
6231,336000,9660000,-0.489372427795201
6232,337000,9660000,-0.511646695269479
6233,338000,9660000,-0.495815642946438
6234,339000,9660000,-0.528309135328871
6235,340000,9660000,-0.539837909112742
6236,341000,9660000,-0.506232825432705
6237,342000,9660000,-0.488205512375947
6238,343000,9660000,-0.475817732344945
6239,344000,9660000,-0.500389110321116
6240,345000,9660000,-0.471137530272596
6241,346000,9660000,-0.462684130537051
6242,347000,9660000,-0.484460286764607
6243,348000,9660000,-0.476430413599308
6244,349000,9660000,-0.435589822579211
6245,350000,9660000,-0.459868386620224
6246,351000,9660000,-0.448105916836212
6247,352000,9660000,-0.444018516983003
6248,353000,9660000,-0.439537925925434
6249,354000,9660000,-0.447292796698139
6250,355000,9660000,-0.454386014725995
6251,356000,9660000,-0.462528691203167
6252,357000,9660000,-0.45903994894653
6253,358000,9660000,-0.452159260364672
6254,359000,9660000,-0.441475322336074
6255,360000,9660000,-0.430228842396648
6256,361000,9660000,-0.413513791497999
6257,362000,9660000,-0.444788993090211
6258,363000,9660000,-0.427691651508388
6259,364000,9660000,-0.448678996362518
6260,365000,9660000,-0.458685398548066
6261,366000,9660000,-0.460767167498015
6262,367000,9660000,-0.442488462954938
6263,368000,9660000,-0.438747973869521
6264,369000,9660000,-0.436175539895527
6265,370000,9660000,-0.433618510922474
6266,371000,9660000,-0.439352833793017
6267,372000,9660000,-0.44614193379212
6268,373000,9660000,-0.436017774446741
6269,374000,9660000,-0.451792133367394
6270,375000,9660000,-0.426475788142906
6271,262000,9661000,-0.408340210417326
6272,263000,9661000,-0.421684205700085
6273,264000,9661000,-0.417701230848518
6274,265000,9661000,-0.425197113042789
6275,266000,9661000,-0.427708235189436
6276,267000,9661000,-0.430824057151941
6277,268000,9661000,-0.425858429793575
6278,269000,9661000,-0.400179876369454
6279,270000,9661000,-0.426616844201254
6280,271000,9661000,-0.449438440441176
6281,272000,9661000,-0.421271986189386
6282,273000,9661000,-0.461672818046636
6283,274000,9661000,-0.470297660095418
6284,275000,9661000,-0.489016797257436
6285,276000,9661000,-0.487307753681129
6286,277000,9661000,-0.501353469478025
6287,278000,9661000,-0.503970625968738
6288,279000,9661000,-0.494918012470593
6289,280000,9661000,-0.488543969629361
6290,281000,9661000,-0.485408245780323
6291,282000,9661000,-0.49422392125548
6292,283000,9661000,-0.495127046359659
6293,284000,9661000,-0.49303463600242
6294,285000,9661000,-0.491626809652608
6295,286000,9661000,-0.499552713390093
6296,287000,9661000,-0.487595947028263
6297,288000,9661000,-0.497916164306258
6298,289000,9661000,-0.502747095442805
6299,290000,9661000,-0.511099702429548
6300,291000,9661000,-0.51474951408401
6301,292000,9661000,-0.516641450744978
6302,293000,9661000,-0.479606561557514
6303,294000,9661000,-0.471740374062908
6304,295000,9661000,-0.477002659614689
6305,296000,9661000,-0.48191625558259
6306,297000,9661000,-0.479732186537717
6307,298000,9661000,-0.480288315822857
6308,299000,9661000,-0.502962067279829
6309,3e+05,9661000,-0.527474186820866
6310,301000,9661000,-0.511859713625927
6311,302000,9661000,-0.50031672123666
6312,303000,9661000,-0.508477459820664
6313,304000,9661000,-0.514168930981125
6314,305000,9661000,-0.542301684316264
6315,306000,9661000,-0.44620436232788
6316,307000,9661000,-0.356866509610677
6317,308000,9661000,-0.505950120972004
6318,309000,9661000,-0.537044298118639
6319,310000,9661000,-0.295844475155127
6320,311000,9661000,-0.398553485905968
6321,312000,9661000,-0.216443499462268
6322,313000,9661000,-0.437815572187923
6323,314000,9661000,-0.442736973512287
6324,315000,9661000,-0.482504659428183
6325,316000,9661000,0.123054463835014
6326,317000,9661000,0.0605744174923426
6327,318000,9661000,-0.220669453186174
6328,319000,9661000,-0.461183181670034
6329,320000,9661000,-0.388713063237663
6330,321000,9661000,-0.363781041488031
6331,322000,9661000,-0.250925107630834
6332,323000,9661000,-0.253825026372839
6333,324000,9661000,-0.266812354888747
6334,325000,9661000,-0.36528188351345
6335,326000,9661000,-0.422498121968455
6336,327000,9661000,-0.495123539437175
6337,328000,9661000,-0.504418457600406
6338,329000,9661000,-0.522010401579117
6339,330000,9661000,-0.506921432923039
6340,331000,9661000,-0.473371827122603
6341,332000,9661000,-0.493591683754879
6342,333000,9661000,-0.499591193794309
6343,334000,9661000,-0.468319588177548
6344,335000,9661000,-0.500050901299881
6345,336000,9661000,-0.502937080757118
6346,337000,9661000,-0.507767050875552
6347,338000,9661000,-0.47562375497905
6348,339000,9661000,-0.497391634086787
6349,340000,9661000,-0.472814049618799
6350,341000,9661000,-0.489439389563281
6351,342000,9661000,-0.501010520337553
6352,343000,9661000,-0.475542589132131
6353,344000,9661000,-0.483553675531323
6354,345000,9661000,-0.483634852381885
6355,346000,9661000,-0.493168741374813
6356,347000,9661000,-0.501764396299597
6357,348000,9661000,-0.450089222813122
6358,349000,9661000,-0.449679458546537
6359,350000,9661000,-0.44509489789725
6360,351000,9661000,-0.438421597368503
6361,352000,9661000,-0.440342537825901
6362,353000,9661000,-0.441445871043148
6363,354000,9661000,-0.445916955918701
6364,355000,9661000,-0.437115237924422
6365,356000,9661000,-0.453950875847421
6366,357000,9661000,-0.447065923313193
6367,358000,9661000,-0.443928784885274
6368,359000,9661000,-0.425071964779013
6369,360000,9661000,-0.4252872258
6370,361000,9661000,-0.439525446654698
6371,362000,9661000,-0.446495493460321
6372,363000,9661000,-0.435786350780943
6373,364000,9661000,-0.47375465727403
6374,365000,9661000,-0.465811507787808
6375,366000,9661000,-0.470667124747561
6376,367000,9661000,-0.446721605417497
6377,368000,9661000,-0.432304468558262
6378,369000,9661000,-0.442247395807954
6379,370000,9661000,-0.425524679973152
6380,371000,9661000,-0.430569655251989
6381,372000,9661000,-0.432879320952296
6382,373000,9661000,-0.435406924677797
6383,374000,9661000,-0.427598164137366
6384,375000,9661000,-0.418726860214222
6385,262000,9662000,-0.404386908131207
6386,263000,9662000,-0.423764037044929
6387,264000,9662000,-0.430189465824709
6388,265000,9662000,-0.429197181916707
6389,266000,9662000,-0.408899048231284
6390,267000,9662000,-0.436157039951688
6391,268000,9662000,-0.438869228102772
6392,269000,9662000,-0.426338825205407
6393,270000,9662000,-0.416281097060383
6394,271000,9662000,-0.454654963088928
6395,272000,9662000,-0.411944737515388
6396,273000,9662000,-0.458905772109211
6397,274000,9662000,-0.480007752530834
6398,275000,9662000,-0.482661141462797
6399,276000,9662000,-0.488087275929436
6400,277000,9662000,-0.497682505787827
6401,278000,9662000,-0.500636506366281
6402,279000,9662000,-0.492783828828322
6403,280000,9662000,-0.488494490422552
6404,281000,9662000,-0.475528678001271
6405,282000,9662000,-0.480243473288523
6406,283000,9662000,-0.49057337551077
6407,284000,9662000,-0.494284259180882
6408,285000,9662000,-0.496417840523593
6409,286000,9662000,-0.489103444286785
6410,287000,9662000,-0.503792027220732
6411,288000,9662000,-0.490688390675104
6412,289000,9662000,-0.509145292095196
6413,290000,9662000,-0.521228471817509
6414,291000,9662000,-0.513425457760815
6415,292000,9662000,-0.503001480234013
6416,293000,9662000,-0.485200330211271
6417,294000,9662000,-0.483013639363903
6418,295000,9662000,-0.47635013332931
6419,296000,9662000,-0.478715429885949
6420,297000,9662000,-0.483575565518128
6421,298000,9662000,-0.501452266284363
6422,299000,9662000,-0.503194112050968
6423,3e+05,9662000,-0.498441581467709
6424,301000,9662000,-0.522972418472559
6425,302000,9662000,-0.589007196901872
6426,303000,9662000,-0.489551662715005
6427,304000,9662000,-0.519551517427405
6428,305000,9662000,-0.47479636052948
6429,306000,9662000,-0.397174280526903
6430,307000,9662000,-0.412855008620032
6431,308000,9662000,-0.487578610654869
6432,309000,9662000,-0.440748154962476
6433,310000,9662000,-0.506278095523128
6434,311000,9662000,-0.517707727767364
6435,312000,9662000,-0.350182205225545
6436,313000,9662000,-0.422051113458022
6437,314000,9662000,-0.483635681004502
6438,315000,9662000,-0.488025549796305
6439,316000,9662000,-0.310544740412811
6440,317000,9662000,-0.515701018211123
6441,318000,9662000,-0.52228068604832
6442,319000,9662000,-0.528029812923028
6443,320000,9662000,-0.470141349605
6444,321000,9662000,-0.424701795125924
6445,322000,9662000,-0.266205014524183
6446,323000,9662000,-0.233801192796887
6447,324000,9662000,-0.260157938157417
6448,325000,9662000,-0.452694446249177
6449,326000,9662000,-0.373510277730764
6450,327000,9662000,-0.475604477497111
6451,328000,9662000,-0.476126195762564
6452,329000,9662000,-0.50869949629193
6453,330000,9662000,-0.495862442028898
6454,331000,9662000,-0.491144953403869
6455,332000,9662000,-0.458473836152227
6456,333000,9662000,-0.484502888466376
6457,334000,9662000,-0.463781759354876
6458,335000,9662000,-0.496091353190762
6459,336000,9662000,-0.470510213785181
6460,337000,9662000,-0.469927926360693
6461,338000,9662000,-0.470646363804049
6462,339000,9662000,-0.504955075757951
6463,340000,9662000,-0.481589550945908
6464,341000,9662000,-0.483642268903493
6465,342000,9662000,-0.495304983572101
6466,343000,9662000,-0.497773272584062
6467,344000,9662000,-0.50448320329934
6468,345000,9662000,-0.500993129184033
6469,346000,9662000,-0.506992447094801
6470,347000,9662000,-0.491538475985203
6471,348000,9662000,-0.499329083920085
6472,349000,9662000,-0.436857137342626
6473,350000,9662000,-0.45947216985527
6474,351000,9662000,-0.44732851959781
6475,352000,9662000,-0.459791100428776
6476,353000,9662000,-0.468341213944812
6477,354000,9662000,-0.481167124013618
6478,355000,9662000,-0.435207037780299
6479,356000,9662000,-0.455369907066763
6480,357000,9662000,-0.459087453950466
6481,358000,9662000,-0.454230994852065
6482,359000,9662000,-0.415198692410968
6483,360000,9662000,-0.437978818532646
6484,361000,9662000,-0.434339288781719
6485,362000,9662000,-0.438497511278169
6486,363000,9662000,-0.439145548034513
6487,364000,9662000,-0.472116414554385
6488,365000,9662000,-0.472799454373385
6489,366000,9662000,-0.460912178471579
6490,367000,9662000,-0.44594097257795
6491,368000,9662000,-0.433122495688936
6492,369000,9662000,-0.44719646590655
6493,370000,9662000,-0.442606384580919
6494,371000,9662000,-0.436185902797513
6495,372000,9662000,-0.432756616144605
6496,373000,9662000,-0.433244597673556
6497,374000,9662000,-0.430406403741775
6498,375000,9662000,-0.417807830001517
6499,262000,9663000,-0.39631822749885
6500,263000,9663000,-0.424059000594668
6501,264000,9663000,-0.422948379342543
6502,265000,9663000,-0.402410484368444
6503,266000,9663000,-0.417498799868272
6504,267000,9663000,-0.416431699755444
6505,268000,9663000,-0.431081125374569
6506,269000,9663000,-0.449981310603029
6507,270000,9663000,-0.432310479136851
6508,271000,9663000,-0.441364948162467
6509,272000,9663000,-0.442599698726573
6510,273000,9663000,-0.432930232281416
6511,274000,9663000,-0.408739659532768
6512,275000,9663000,-0.475116820398615
6513,276000,9663000,-0.482401323788099
6514,277000,9663000,-0.481984260233067
6515,278000,9663000,-0.490526197906185
6516,279000,9663000,-0.498156420301992
6517,280000,9663000,-0.490883579429471
6518,281000,9663000,-0.482905073590975
6519,282000,9663000,-0.489558383265225
6520,283000,9663000,-0.494506156681377
6521,284000,9663000,-0.485547122980739
6522,285000,9663000,-0.493232529094946
6523,286000,9663000,-0.50492949784214
6524,287000,9663000,-0.490178573514774
6525,288000,9663000,-0.487563682276073
6526,289000,9663000,-0.507675499994504
6527,290000,9663000,-0.521993102416979
6528,291000,9663000,-0.538447553767352
6529,292000,9663000,-0.506970007739248
6530,293000,9663000,-0.496396952872232
6531,294000,9663000,-0.487676496179017
6532,295000,9663000,-0.492575113742682
6533,296000,9663000,-0.488679746758387
6534,297000,9663000,-0.500914472867613
6535,298000,9663000,-0.489628962237803
6536,299000,9663000,-0.50403196082713
6537,3e+05,9663000,-0.504526880721345
6538,301000,9663000,-0.526200627564562
6539,302000,9663000,-0.581802073373197
6540,303000,9663000,-0.525506584030845
6541,304000,9663000,-0.493317361862413
6542,305000,9663000,-0.473056333919796
6543,306000,9663000,-0.424336913897833
6544,307000,9663000,-0.431413023661257
6545,308000,9663000,-0.531418411648952
6546,309000,9663000,-0.443544232615167
6547,310000,9663000,-0.420476408614902
6548,311000,9663000,-0.507353213749855
6549,312000,9663000,-0.434149237464643
6550,313000,9663000,-0.453162999020184
6551,314000,9663000,-0.437818145931334
6552,315000,9663000,-0.50309519746648
6553,316000,9663000,-0.413740677967304
6554,317000,9663000,-0.493395117659625
6555,318000,9663000,-0.403225941851534
6556,319000,9663000,-0.452212910905722
6557,320000,9663000,-0.491706293834134
6558,321000,9663000,-0.493654007266229
6559,322000,9663000,-0.309795263335885
6560,323000,9663000,-0.238553258365043
6561,324000,9663000,-0.423641665584869
6562,325000,9663000,-0.494978479345979
6563,326000,9663000,-0.506040329628804
6564,327000,9663000,-0.489841522114667
6565,328000,9663000,-0.429913328946243
6566,329000,9663000,-0.498732977809009
6567,330000,9663000,-0.49484603388217
6568,331000,9663000,-0.489302967701656
6569,332000,9663000,-0.458668349767086
6570,333000,9663000,-0.493978847540384
6571,334000,9663000,-0.423846071356501
6572,335000,9663000,-0.484608087049307
6573,336000,9663000,-0.482622593830762
6574,337000,9663000,-0.491227544320465
6575,338000,9663000,-0.49777522741336
6576,339000,9663000,-0.524275885926798
6577,340000,9663000,-0.515517439797323
6578,341000,9663000,-0.502398998086457
6579,342000,9663000,-0.51262269724946
6580,343000,9663000,-0.498320482183043
6581,344000,9663000,-0.503857624015861
6582,345000,9663000,-0.504539034640964
6583,346000,9663000,-0.509685838326732
6584,347000,9663000,-0.505533432329837
6585,348000,9663000,-0.485577494992484
6586,349000,9663000,-0.446544344073385
6587,350000,9663000,-0.437789321980887
6588,351000,9663000,-0.425790128463621
6589,352000,9663000,-0.448370454498012
6590,353000,9663000,-0.473824642833143
6591,354000,9663000,-0.450325678968
6592,355000,9663000,-0.447463000621421
6593,356000,9663000,-0.468080939418041
6594,357000,9663000,-0.457940671908171
6595,358000,9663000,-0.447578498217448
6596,359000,9663000,-0.429139794239514
6597,360000,9663000,-0.444230154518105
6598,361000,9663000,-0.440224322984907
6599,362000,9663000,-0.460102914465264
6600,363000,9663000,-0.449894702821322
6601,364000,9663000,-0.47313288449726
6602,365000,9663000,-0.474302544115555
6603,366000,9663000,-0.470479399506352
6604,367000,9663000,-0.446695000426453
6605,368000,9663000,-0.454787986693997
6606,369000,9663000,-0.422488286088046
6607,370000,9663000,-0.429067180425284
6608,371000,9663000,-0.420656602505142
6609,372000,9663000,-0.421074974364495
6610,373000,9663000,-0.424102139283506
6611,374000,9663000,-0.432785063669892
6612,375000,9663000,-0.421197485664774
6613,262000,9664000,-0.388291208839657
6614,263000,9664000,-0.424738218804842
6615,264000,9664000,-0.410693848797656
6616,265000,9664000,-0.426223763612159
6617,266000,9664000,-0.430146257076671
6618,267000,9664000,-0.406138503118319
6619,268000,9664000,-0.415511642847088
6620,269000,9664000,-0.450236069675877
6621,270000,9664000,-0.451861336101413
6622,271000,9664000,-0.445495466555815
6623,272000,9664000,-0.470657433642455
6624,273000,9664000,-0.451162566688651
6625,274000,9664000,-0.443128560082058
6626,275000,9664000,-0.465516663215487
6627,276000,9664000,-0.462753104820591
6628,277000,9664000,-0.478317898327312
6629,278000,9664000,-0.462102667078668
6630,279000,9664000,-0.479080824565177
6631,280000,9664000,-0.491027302425176
6632,281000,9664000,-0.479471874461558
6633,282000,9664000,-0.4906776386291
6634,283000,9664000,-0.486434809940869
6635,284000,9664000,-0.496243163109532
6636,285000,9664000,-0.493065645266509
6637,286000,9664000,-0.511762818215114
6638,287000,9664000,-0.487054782556532
6639,288000,9664000,-0.505311912985561
6640,289000,9664000,-0.482431754256767
6641,290000,9664000,-0.511001974182038
6642,291000,9664000,-0.509962625831024
6643,292000,9664000,-0.51122798277713
6644,293000,9664000,-0.488779273361401
6645,294000,9664000,-0.484281191374876
6646,295000,9664000,-0.475776126405916
6647,296000,9664000,-0.499072256793885
6648,297000,9664000,-0.468851798816505
6649,298000,9664000,-0.488608449273603
6650,299000,9664000,-0.501428572095742
6651,3e+05,9664000,-0.48159561707899
6652,301000,9664000,-0.53470595090315
6653,302000,9664000,-0.515321537209501
6654,303000,9664000,-0.516199260771537
6655,304000,9664000,-0.508475587274035
6656,305000,9664000,-0.477158522745604
6657,306000,9664000,-0.415135099244142
6658,307000,9664000,-0.492215880391729
6659,308000,9664000,-0.532642757525565
6660,309000,9664000,-0.541334732882595
6661,310000,9664000,-0.503047074871086
6662,311000,9664000,-0.54590987529322
6663,312000,9664000,-0.556124329514118
6664,313000,9664000,-0.450522668610266
6665,314000,9664000,-0.398085424181392
6666,315000,9664000,-0.307540029281954
6667,316000,9664000,-0.423610797261035
6668,317000,9664000,-0.462244145187846
6669,318000,9664000,-0.50698421325586
6670,319000,9664000,-0.51560445003405
6671,320000,9664000,-0.510989832737568
6672,321000,9664000,-0.427217437838041
6673,322000,9664000,-0.374242692733152
6674,323000,9664000,-0.273923007640014
6675,324000,9664000,-0.290640916960326
6676,325000,9664000,-0.458403350141241
6677,326000,9664000,-0.454890907353015
6678,327000,9664000,-0.474510811064369
6679,328000,9664000,-0.482881245317035
6680,329000,9664000,-0.509936869092844
6681,330000,9664000,-0.481237630021217
6682,331000,9664000,-0.454792345779732
6683,332000,9664000,-0.467758754067099
6684,333000,9664000,-0.490783039132754
6685,334000,9664000,-0.49532811617181
6686,335000,9664000,-0.450879585368206
6687,336000,9664000,-0.482010164727329
6688,337000,9664000,-0.474677459267972
6689,338000,9664000,-0.489247852736644
6690,339000,9664000,-0.510500974440272
6691,340000,9664000,-0.5009404469731
6692,341000,9664000,-0.494043752704044
6693,342000,9664000,-0.512810530307351
6694,343000,9664000,-0.491765494456019
6695,344000,9664000,-0.49988522156488
6696,345000,9664000,-0.500806991728011
6697,346000,9664000,-0.501023907201749
6698,347000,9664000,-0.495970436534793
6699,348000,9664000,-0.487833685609208
6700,349000,9664000,-0.443965629639454
6701,350000,9664000,-0.474361836109582
6702,351000,9664000,-0.428996709801263
6703,352000,9664000,-0.426201369009813
6704,353000,9664000,-0.444575430203948
6705,354000,9664000,-0.441767585198616
6706,355000,9664000,-0.45672689511177
6707,356000,9664000,-0.416163626205736
6708,357000,9664000,-0.449616282820919
6709,358000,9664000,-0.429684160305371
6710,359000,9664000,-0.436814849472743
6711,360000,9664000,-0.439241023523727
6712,361000,9664000,-0.438759158476387
6713,362000,9664000,-0.435837777239857
6714,363000,9664000,-0.441128210467153
6715,364000,9664000,-0.465062921348202
6716,365000,9664000,-0.479944242401794
6717,366000,9664000,-0.4440923857718
6718,367000,9664000,-0.435303672962096
6719,368000,9664000,-0.457825493106141
6720,369000,9664000,-0.441819000525379
6721,370000,9664000,-0.433720297463436
6722,371000,9664000,-0.418908197607317
6723,372000,9664000,-0.421623652458261
6724,373000,9664000,-0.430249587931511
6725,374000,9664000,-0.435897594529032
6726,375000,9664000,-0.422259591208949
6727,262000,9665000,-0.378313570081744
6728,263000,9665000,-0.398924327709534
6729,264000,9665000,-0.404032069676977
6730,265000,9665000,-0.423353075953768
6731,266000,9665000,-0.433090682678227
6732,267000,9665000,-0.434925503666495
6733,268000,9665000,-0.403789623417416
6734,269000,9665000,-0.433411148827226
6735,270000,9665000,-0.441695334023449
6736,271000,9665000,-0.446545725985034
6737,272000,9665000,-0.439094305656075
6738,273000,9665000,-0.458335615108057
6739,274000,9665000,-0.454386575768628
6740,275000,9665000,-0.455021018069442
6741,276000,9665000,-0.46075270281026
6742,277000,9665000,-0.463940114116761
6743,278000,9665000,-0.465107740540695
6744,279000,9665000,-0.471841360327388
6745,280000,9665000,-0.47184616354359
6746,281000,9665000,-0.471749686434348
6747,282000,9665000,-0.48312795466169
6748,283000,9665000,-0.489829126889139
6749,284000,9665000,-0.500416266310195
6750,285000,9665000,-0.477333905177862
6751,286000,9665000,-0.506935763772967
6752,287000,9665000,-0.501654697305357
6753,288000,9665000,-0.520408541853445
6754,289000,9665000,-0.534222785687582
6755,290000,9665000,-0.502519551627777
6756,291000,9665000,-0.508018452095127
6757,292000,9665000,-0.504975828880238
6758,293000,9665000,-0.486536537728329
6759,294000,9665000,-0.491576005672003
6760,295000,9665000,-0.460658088716014
6761,296000,9665000,-0.463039910434165
6762,297000,9665000,-0.477607130972595
6763,298000,9665000,-0.49754592638081
6764,299000,9665000,-0.504243272882456
6765,3e+05,9665000,-0.482662885557439
6766,301000,9665000,-0.51543174088593
6767,302000,9665000,-0.517280902028567
6768,303000,9665000,-0.504935500145478
6769,304000,9665000,-0.508762168786496
6770,305000,9665000,-0.485213088321896
6771,306000,9665000,-0.442869016064597
6772,307000,9665000,-0.494108087377406
6773,308000,9665000,-0.531335159401794
6774,309000,9665000,-0.515796706207193
6775,310000,9665000,-0.491536401305018
6776,311000,9665000,-0.528601302532877
6777,312000,9665000,-0.271976912464768
6778,313000,9665000,-0.511806261375995
6779,314000,9665000,-0.174194097998892
6780,315000,9665000,-0.189098714990262
6781,316000,9665000,-0.198491409390902
6782,317000,9665000,-0.419342880160355
6783,318000,9665000,-0.501652479185984
6784,319000,9665000,-0.476703685673065
6785,320000,9665000,-0.459594064640778
6786,321000,9665000,-0.376577710734843
6787,322000,9665000,-0.375991610029575
6788,323000,9665000,-0.324329009777231
6789,324000,9665000,-0.29460698736885
6790,325000,9665000,-0.433829956941231
6791,326000,9665000,-0.414031922094481
6792,327000,9665000,-0.438480428522964
6793,328000,9665000,-0.397553158753243
6794,329000,9665000,-0.480141613612244
6795,330000,9665000,-0.481658511099406
6796,331000,9665000,-0.466825595677354
6797,332000,9665000,-0.455879336344645
6798,333000,9665000,-0.483839471634523
6799,334000,9665000,-0.492894283039113
6800,335000,9665000,-0.481676973213927
6801,336000,9665000,-0.48985669063701
6802,337000,9665000,-0.418620439338237
6803,338000,9665000,-0.490178453625892
6804,339000,9665000,-0.489485020793009
6805,340000,9665000,-0.480638399468716
6806,341000,9665000,-0.488175840166539
6807,342000,9665000,-0.498851297192857
6808,343000,9665000,-0.486743123832531
6809,344000,9665000,-0.496028319380239
6810,345000,9665000,-0.499434928507752
6811,346000,9665000,-0.489345649745162
6812,347000,9665000,-0.49387938154686
6813,348000,9665000,-0.486773452227896
6814,349000,9665000,-0.477147791090702
6815,350000,9665000,-0.474874282175215
6816,351000,9665000,-0.448384441860236
6817,352000,9665000,-0.426815502308461
6818,353000,9665000,-0.44745091669889
6819,354000,9665000,-0.458655777097271
6820,355000,9665000,-0.4619875785138
6821,356000,9665000,-0.424242927501695
6822,357000,9665000,-0.432125209356595
6823,358000,9665000,-0.452206633380272
6824,359000,9665000,-0.439719784542516
6825,360000,9665000,-0.433697674266296
6826,361000,9665000,-0.441840370053698
6827,362000,9665000,-0.463498391462833
6828,363000,9665000,-0.466419285568872
6829,364000,9665000,-0.478852566713004
6830,365000,9665000,-0.4663850828921
6831,366000,9665000,-0.467657769911324
6832,367000,9665000,-0.450129714039552
6833,368000,9665000,-0.443557986626668
6834,369000,9665000,-0.446665740189239
6835,370000,9665000,-0.443434705243684
6836,371000,9665000,-0.427646774220165
6837,372000,9665000,-0.431884515363539
6838,373000,9665000,-0.443324942675256
6839,374000,9665000,-0.438465012595161
6840,375000,9665000,-0.418861097201503
6841,262000,9666000,-0.365791326905566
6842,263000,9666000,-0.398039427899513
6843,264000,9666000,-0.405847427635343
6844,265000,9666000,-0.425544413476115
6845,266000,9666000,-0.427920761794556
6846,267000,9666000,-0.428571997485394
6847,268000,9666000,-0.435924705602627
6848,269000,9666000,-0.429399154018152
6849,270000,9666000,-0.433136781602978
6850,271000,9666000,-0.425665515218251
6851,272000,9666000,-0.448221400980001
6852,273000,9666000,-0.458477637507951
6853,274000,9666000,-0.463699227052266
6854,275000,9666000,-0.462447818335171
6855,276000,9666000,-0.462252467978127
6856,277000,9666000,-0.458691239931342
6857,278000,9666000,-0.466561007289203
6858,279000,9666000,-0.480194689996439
6859,280000,9666000,-0.477283330145342
6860,281000,9666000,-0.478528109248467
6861,282000,9666000,-0.499753832526396
6862,283000,9666000,-0.500577142458807
6863,284000,9666000,-0.491623281126844
6864,285000,9666000,-0.488208323472492
6865,286000,9666000,-0.475873532825598
6866,287000,9666000,-0.497342329704839
6867,288000,9666000,-0.504714859217292
6868,289000,9666000,-0.505779342604101
6869,290000,9666000,-0.493785187399097
6870,291000,9666000,-0.511133684258865
6871,292000,9666000,-0.484877054771068
6872,293000,9666000,-0.499289054162323
6873,294000,9666000,-0.482288538119296
6874,295000,9666000,-0.47775364236217
6875,296000,9666000,-0.447208539933949
6876,297000,9666000,-0.462831297829347
6877,298000,9666000,-0.478818043043168
6878,299000,9666000,-0.502222271555639
6879,3e+05,9666000,-0.492446036737173
6880,301000,9666000,-0.462381529773504
6881,302000,9666000,-0.510360897032358
6882,303000,9666000,-0.489908588268525
6883,304000,9666000,-0.499887193898765
6884,305000,9666000,-0.480009082559409
6885,306000,9666000,-0.426709380189275
6886,307000,9666000,-0.490651895120946
6887,308000,9666000,-0.493316668537004
6888,309000,9666000,-0.51167545874811
6889,310000,9666000,-0.480744429428843
6890,311000,9666000,-0.496853613318277
6891,312000,9666000,-0.344099492757754
6892,313000,9666000,-0.254959502382265
6893,314000,9666000,-0.215207456812754
6894,315000,9666000,-0.318291729268026
6895,316000,9666000,-0.399015252665291
6896,317000,9666000,-0.500837344266604
6897,318000,9666000,-0.413259112621732
6898,319000,9666000,-0.345059878400255
6899,320000,9666000,-0.355811520021193
6900,321000,9666000,-0.364520611867812
6901,322000,9666000,-0.317905735268108
6902,323000,9666000,-0.412535221567264
6903,324000,9666000,-0.403245119522412
6904,325000,9666000,-0.442035683629842
6905,326000,9666000,-0.442388684012661
6906,327000,9666000,-0.435502804067728
6907,328000,9666000,-0.433541530682602
6908,329000,9666000,-0.477380108216197
6909,330000,9666000,-0.454384642704773
6910,331000,9666000,-0.477681611702766
6911,332000,9666000,-0.394667908547465
6912,333000,9666000,-0.471111359612117
6913,334000,9666000,-0.473813575909781
6914,335000,9666000,-0.4788532845763
6915,336000,9666000,-0.458848989233242
6916,337000,9666000,-0.462197356888818
6917,338000,9666000,-0.487288200551604
6918,339000,9666000,-0.493169864475882
6919,340000,9666000,-0.486470082574234
6920,341000,9666000,-0.483837973792546
6921,342000,9666000,-0.494059667196062
6922,343000,9666000,-0.487170195043466
6923,344000,9666000,-0.493483831000518
6924,345000,9666000,-0.487417792654351
6925,346000,9666000,-0.491083437980793
6926,347000,9666000,-0.496285605240762
6927,348000,9666000,-0.464646727786171
6928,349000,9666000,-0.478669571857193
6929,350000,9666000,-0.48046141677397
6930,351000,9666000,-0.461527210397727
6931,352000,9666000,-0.426003386162111
6932,353000,9666000,-0.456990528772337
6933,354000,9666000,-0.457500535020028
6934,355000,9666000,-0.452035688037245
6935,356000,9666000,-0.45355617018143
6936,357000,9666000,-0.455792419908407
6937,358000,9666000,-0.455783118610439
6938,359000,9666000,-0.440604166441988
6939,360000,9666000,-0.455173046582631
6940,361000,9666000,-0.468052172690942
6941,362000,9666000,-0.470938629443637
6942,363000,9666000,-0.465333492862249
6943,364000,9666000,-0.462694839947421
6944,365000,9666000,-0.456815863952576
6945,366000,9666000,-0.454763003269742
6946,367000,9666000,-0.437991264232959
6947,368000,9666000,-0.440722388402104
6948,369000,9666000,-0.446686033748462
6949,370000,9666000,-0.43729972577948
6950,371000,9666000,-0.426160203466174
6951,372000,9666000,-0.434146564551799
6952,373000,9666000,-0.438953263778552
6953,374000,9666000,-0.446639170602904
6954,375000,9666000,-0.41699128388176
6955,262000,9667000,-0.356806874287443
6956,263000,9667000,-0.404310048573568
6957,264000,9667000,-0.417907401216485
6958,265000,9667000,-0.43417022778389
6959,266000,9667000,-0.430060924015308
6960,267000,9667000,-0.43420896433546
6961,268000,9667000,-0.440560205448206
6962,269000,9667000,-0.430417231246455
6963,270000,9667000,-0.426575438624998
6964,271000,9667000,-0.434256907289026
6965,272000,9667000,-0.449729603042388
6966,273000,9667000,-0.449553505718038
6967,274000,9667000,-0.449250590088611
6968,275000,9667000,-0.459424131066325
6969,276000,9667000,-0.455444704062672
6970,277000,9667000,-0.444209881113764
6971,278000,9667000,-0.4585660863243
6972,279000,9667000,-0.464710391416097
6973,280000,9667000,-0.462820187133686
6974,281000,9667000,-0.471402046087105
6975,282000,9667000,-0.484394846515099
6976,283000,9667000,-0.493335356602839
6977,284000,9667000,-0.496930457429413
6978,285000,9667000,-0.500838871004945
6979,286000,9667000,-0.484103549665036
6980,287000,9667000,-0.501196700938812
6981,288000,9667000,-0.482694242336428
6982,289000,9667000,-0.468549222535254
6983,290000,9667000,-0.479798957591759
6984,291000,9667000,-0.504104305874098
6985,292000,9667000,-0.489329872798543
6986,293000,9667000,-0.478079445379195
6987,294000,9667000,-0.46691038822787
6988,295000,9667000,-0.486192918269059
6989,296000,9667000,-0.489493376230312
6990,297000,9667000,-0.486867709818825
6991,298000,9667000,-0.471597385020496
6992,299000,9667000,-0.501091369473249
6993,3e+05,9667000,-0.466335510740305
6994,301000,9667000,-0.475900255831235
6995,302000,9667000,-0.500336787835619
6996,303000,9667000,-0.507078885223114
6997,304000,9667000,-0.496704253529474
6998,305000,9667000,-0.493133958615578
6999,306000,9667000,-0.439623026054475
7000,307000,9667000,-0.493907631134616
7001,308000,9667000,-0.465328404501369
7002,309000,9667000,-0.353162075523142
7003,310000,9667000,-0.315642149202179
7004,311000,9667000,-0.453368057996097
7005,312000,9667000,-0.230755201295208
7006,313000,9667000,-0.39373897271869
7007,314000,9667000,-0.428549709325359
7008,315000,9667000,-0.340842500108194
7009,316000,9667000,-0.320002133432579
7010,317000,9667000,-0.412599388707704
7011,318000,9667000,-0.363169877612632
7012,319000,9667000,-0.323520800299515
7013,320000,9667000,-0.329472779624648
7014,321000,9667000,-0.317357013535857
7015,322000,9667000,-0.373633632855934
7016,323000,9667000,-0.422251953016194
7017,324000,9667000,-0.41911421484028
7018,325000,9667000,-0.453865117422448
7019,326000,9667000,-0.505318364132907
7020,327000,9667000,-0.429075846929905
7021,328000,9667000,-0.47408454102004
7022,329000,9667000,-0.449034225710316
7023,330000,9667000,-0.448979101436647
7024,331000,9667000,-0.491132117863055
7025,332000,9667000,-0.505693346950397
7026,333000,9667000,-0.516407176782827
7027,334000,9667000,-0.494413329388875
7028,335000,9667000,-0.424790173111155
7029,336000,9667000,-0.447479322503789
7030,337000,9667000,-0.453649321263237
7031,338000,9667000,-0.48739929791747
7032,339000,9667000,-0.49965122332905
7033,340000,9667000,-0.506115831333213
7034,341000,9667000,-0.495401981265593
7035,342000,9667000,-0.489384427159972
7036,343000,9667000,-0.487403938184434
7037,344000,9667000,-0.486908838171422
7038,345000,9667000,-0.490122874809143
7039,346000,9667000,-0.489147521008114
7040,347000,9667000,-0.472514583916364
7041,348000,9667000,-0.455302214848224
7042,349000,9667000,-0.454519695276682
7043,350000,9667000,-0.456805859608928
7044,351000,9667000,-0.463069128682132
7045,352000,9667000,-0.448525722501265
7046,353000,9667000,-0.434460633519042
7047,354000,9667000,-0.4612896088637
7048,355000,9667000,-0.46428835448089
7049,356000,9667000,-0.445759121138672
7050,357000,9667000,-0.446347230085713
7051,358000,9667000,-0.466288038072769
7052,359000,9667000,-0.48166482838231
7053,360000,9667000,-0.468622279096227
7054,361000,9667000,-0.467895705508112
7055,362000,9667000,-0.467088596021274
7056,363000,9667000,-0.467974804015657
7057,364000,9667000,-0.452641911066743
7058,365000,9667000,-0.469300043020028
7059,366000,9667000,-0.471863950987281
7060,367000,9667000,-0.439901422938554
7061,368000,9667000,-0.447488892178961
7062,369000,9667000,-0.467256372033594
7063,370000,9667000,-0.459371557246435
7064,371000,9667000,-0.432807217033498
7065,372000,9667000,-0.468952116661164
7066,373000,9667000,-0.440191234984236
7067,374000,9667000,-0.440512760871006
7068,375000,9667000,-0.417874554208993
7069,262000,9668000,-0.347539341167851
7070,263000,9668000,-0.408486121568308
7071,264000,9668000,-0.41261734903081
7072,265000,9668000,-0.427006401127458
7073,266000,9668000,-0.425661084400886
7074,267000,9668000,-0.416154892045739
7075,268000,9668000,-0.444997331667686
7076,269000,9668000,-0.430776497278293
7077,270000,9668000,-0.431447839204413
7078,271000,9668000,-0.4368344475583
7079,272000,9668000,-0.438540375791609
7080,273000,9668000,-0.439020907360629
7081,274000,9668000,-0.450575027761184
7082,275000,9668000,-0.46136443897421
7083,276000,9668000,-0.459339282688226
7084,277000,9668000,-0.441522113237363
7085,278000,9668000,-0.475869821274518
7086,279000,9668000,-0.475906008893792
7087,280000,9668000,-0.480992455831049
7088,281000,9668000,-0.464450782735359
7089,282000,9668000,-0.480403603750051
7090,283000,9668000,-0.481495039785489
7091,284000,9668000,-0.485097500059124
7092,285000,9668000,-0.494636383290192
7093,286000,9668000,-0.517849648143568
7094,287000,9668000,-0.471209736061147
7095,288000,9668000,-0.480626640379838
7096,289000,9668000,-0.46104215170996
7097,290000,9668000,-0.475270931918536
7098,291000,9668000,-0.508574422450085
7099,292000,9668000,-0.506513951428821
7100,293000,9668000,-0.492937901960983
7101,294000,9668000,-0.485514249477857
7102,295000,9668000,-0.455415738754135
7103,296000,9668000,-0.47602627654479
7104,297000,9668000,-0.489309740659088
7105,298000,9668000,-0.457531907181849
7106,299000,9668000,-0.51905669404054
7107,3e+05,9668000,-0.498274120741724
7108,301000,9668000,-0.486009570218847
7109,302000,9668000,-0.496899729811522
7110,303000,9668000,-0.4854257264963
7111,304000,9668000,-0.461552595528292
7112,305000,9668000,-0.516327784441003
7113,306000,9668000,-0.433254963228932
7114,307000,9668000,-0.465269648389118
7115,308000,9668000,-0.399262315794513
7116,309000,9668000,-0.326391117892378
7117,310000,9668000,-0.36225036603842
7118,311000,9668000,-0.501371284781799
7119,312000,9668000,-0.423145262061835
7120,313000,9668000,-0.419188252427159
7121,314000,9668000,-0.462186225210586
7122,315000,9668000,-0.409416870330592
7123,316000,9668000,-0.452960274695569
7124,317000,9668000,-0.443481684970655
7125,318000,9668000,-0.346873560809719
7126,319000,9668000,-0.314307883761004
7127,320000,9668000,-0.305527909028295
7128,321000,9668000,-0.328610154992373
7129,322000,9668000,-0.349745827343381
7130,323000,9668000,-0.386776773492979
7131,324000,9668000,-0.39595884214513
7132,325000,9668000,-0.398092282137158
7133,326000,9668000,-0.28375023513251
7134,327000,9668000,-0.387799407562071
7135,328000,9668000,-0.450884896762519
7136,329000,9668000,-0.436846850969485
7137,330000,9668000,-0.475596480693041
7138,331000,9668000,-0.505212226646708
7139,332000,9668000,-0.490930169434888
7140,333000,9668000,-0.516871574254857
7141,334000,9668000,-0.509285321934593
7142,335000,9668000,-0.498192177313455
7143,336000,9668000,-0.505540196848715
7144,337000,9668000,-0.491095496527064
7145,338000,9668000,-0.489323430483346
7146,339000,9668000,-0.475935769506304
7147,340000,9668000,-0.488860917437909
7148,341000,9668000,-0.490456214522999
7149,342000,9668000,-0.486895353650595
7150,343000,9668000,-0.487193100018786
7151,344000,9668000,-0.484202037974022
7152,345000,9668000,-0.492765053988724
7153,346000,9668000,-0.48922038012173
7154,347000,9668000,-0.492530411973531
7155,348000,9668000,-0.487729142852283
7156,349000,9668000,-0.476888265384933
7157,350000,9668000,-0.477524648477078
7158,351000,9668000,-0.463334476478317
7159,352000,9668000,-0.456521015206697
7160,353000,9668000,-0.440880077451009
7161,354000,9668000,-0.438688947389025
7162,355000,9668000,-0.437360113167682
7163,356000,9668000,-0.449850221880463
7164,357000,9668000,-0.458916038289743
7165,358000,9668000,-0.49097967628515
7166,359000,9668000,-0.488552807230736
7167,360000,9668000,-0.482078469626908
7168,361000,9668000,-0.463265420996422
7169,362000,9668000,-0.469756280271691
7170,363000,9668000,-0.468440636942731
7171,364000,9668000,-0.472155912009886
7172,365000,9668000,-0.479429009814331
7173,366000,9668000,-0.462426821191613
7174,367000,9668000,-0.464724337681741
7175,368000,9668000,-0.444389245674625
7176,369000,9668000,-0.454892568790504
7177,370000,9668000,-0.459221810456576
7178,371000,9668000,-0.456624745712562
7179,372000,9668000,-0.450917431605088
7180,373000,9668000,-0.4366648579458
7181,374000,9668000,-0.435286017738326
7182,375000,9668000,-0.421090245743153
7183,262000,9669000,-0.339702923124347
7184,263000,9669000,-0.407717338607173
7185,264000,9669000,-0.409357793747604
7186,265000,9669000,-0.427926356432504
7187,266000,9669000,-0.429698825647936
7188,267000,9669000,-0.427072415334189
7189,268000,9669000,-0.435715932495267
7190,269000,9669000,-0.41169874109726
7191,270000,9669000,-0.420972263192058
7192,271000,9669000,-0.436480351451585
7193,272000,9669000,-0.45684432892083
7194,273000,9669000,-0.435114144063748
7195,274000,9669000,-0.441831109033928
7196,275000,9669000,-0.430911349315036
7197,276000,9669000,-0.438813512629261
7198,277000,9669000,-0.441275477706848
7199,278000,9669000,-0.455057441275088
7200,279000,9669000,-0.454978982460672
7201,280000,9669000,-0.471325915983873
7202,281000,9669000,-0.465594069633164
7203,282000,9669000,-0.468338431568976
7204,283000,9669000,-0.490349838385043
7205,284000,9669000,-0.481482144864393
7206,285000,9669000,-0.479993951229892
7207,286000,9669000,-0.48321552921992
7208,287000,9669000,-0.498690060820463
7209,288000,9669000,-0.473747785331851
7210,289000,9669000,-0.476929225767088
7211,290000,9669000,-0.480535924763243
7212,291000,9669000,-0.481895404414527
7213,292000,9669000,-0.487837815278771
7214,293000,9669000,-0.463382492752955
7215,294000,9669000,-0.471552943072802
7216,295000,9669000,-0.472973655021423
7217,296000,9669000,-0.459022615185731
7218,297000,9669000,-0.473350973880162
7219,298000,9669000,-0.459659278482412
7220,299000,9669000,-0.516075535570172
7221,3e+05,9669000,-0.527837384080584
7222,301000,9669000,-0.52139791992943
7223,302000,9669000,-0.521325232099276
7224,303000,9669000,-0.472387452002641
7225,304000,9669000,-0.563188560947328
7226,305000,9669000,-0.39450125878733
7227,306000,9669000,-0.336945694468299
7228,307000,9669000,-0.29268598708307
7229,308000,9669000,-0.299332522250918
7230,309000,9669000,-0.287686395067559
7231,310000,9669000,-0.450965880814028
7232,311000,9669000,-0.522158569404562
7233,312000,9669000,-0.457839543833026
7234,313000,9669000,-0.457584648990264
7235,314000,9669000,-0.492620134504471
7236,315000,9669000,-0.483844389049335
7237,316000,9669000,-0.497840015970504
7238,317000,9669000,-0.45960921473922
7239,318000,9669000,-0.325849006001869
7240,319000,9669000,-0.289787826163041
7241,320000,9669000,-0.389911361209954
7242,321000,9669000,-0.321592776113975
7243,322000,9669000,-0.354079114949487
7244,323000,9669000,-0.335516169986553
7245,324000,9669000,-0.330141211507716
7246,325000,9669000,-0.398073637879454
7247,326000,9669000,-0.365682362578231
7248,327000,9669000,-0.376704586249061
7249,328000,9669000,-0.374356379610349
7250,329000,9669000,-0.470105812219912
7251,330000,9669000,-0.472602721690958
7252,331000,9669000,-0.482846209529929
7253,332000,9669000,-0.477263410615975
7254,333000,9669000,-0.532104314561361
7255,334000,9669000,-0.568891802198638
7256,335000,9669000,-0.476187658915653
7257,336000,9669000,-0.510147985865674
7258,337000,9669000,-0.505694235403102
7259,338000,9669000,-0.495941851006053
7260,339000,9669000,-0.49847494557365
7261,340000,9669000,-0.490980361483173
7262,341000,9669000,-0.492148881271668
7263,342000,9669000,-0.493637147624042
7264,343000,9669000,-0.494067571084448
7265,344000,9669000,-0.492942976918551
7266,345000,9669000,-0.490461278270724
7267,346000,9669000,-0.49130720936121
7268,347000,9669000,-0.496904523630234
7269,348000,9669000,-0.47223099608376
7270,349000,9669000,-0.472951417249685
7271,350000,9669000,-0.436570931530708
7272,351000,9669000,-0.451489538111698
7273,352000,9669000,-0.445908424390308
7274,353000,9669000,-0.447163673861126
7275,354000,9669000,-0.437718507928983
7276,355000,9669000,-0.425940066953216
7277,356000,9669000,-0.46471386890251
7278,357000,9669000,-0.469003129672534
7279,358000,9669000,-0.480431578609084
7280,359000,9669000,-0.471650768643576
7281,360000,9669000,-0.502431876526505
7282,361000,9669000,-0.477519487728699
7283,362000,9669000,-0.472180205208323
7284,363000,9669000,-0.462866208519422
7285,364000,9669000,-0.464476257171866
7286,365000,9669000,-0.453986149694226
7287,366000,9669000,-0.448888041901758
7288,367000,9669000,-0.444441726398961
7289,368000,9669000,-0.452943170902684
7290,369000,9669000,-0.454886366324337
7291,370000,9669000,-0.447530194882449
7292,371000,9669000,-0.442371353669602
7293,372000,9669000,-0.431421122419898
7294,373000,9669000,-0.448457220878906
7295,374000,9669000,-0.452983581605216
7296,375000,9669000,-0.4213675647196
7297,262000,9670000,-0.332622059633768
7298,263000,9670000,-0.402364470027288
7299,264000,9670000,-0.409509030752934
7300,265000,9670000,-0.424359210353608
7301,266000,9670000,-0.421831118278517
7302,267000,9670000,-0.435773243410357
7303,268000,9670000,-0.422222618475892
7304,269000,9670000,-0.42061368639047
7305,270000,9670000,-0.408811937414063
7306,271000,9670000,-0.426288025723627
7307,272000,9670000,-0.4175407946332
7308,273000,9670000,-0.46155676801775
7309,274000,9670000,-0.422937747879177
7310,275000,9670000,-0.43695574603229
7311,276000,9670000,-0.453995782200297
7312,277000,9670000,-0.455095747894415
7313,278000,9670000,-0.447181110897841
7314,279000,9670000,-0.453650175445885
7315,280000,9670000,-0.466294839994226
7316,281000,9670000,-0.463006339314311
7317,282000,9670000,-0.488760618647997
7318,283000,9670000,-0.475474696058867
7319,284000,9670000,-0.475028035093927
7320,285000,9670000,-0.471704932033201
7321,286000,9670000,-0.475374687247395
7322,287000,9670000,-0.475295149970588
7323,288000,9670000,-0.480940454832188
7324,289000,9670000,-0.441162781849127
7325,290000,9670000,-0.424053351688848
7326,291000,9670000,-0.47078737495164
7327,292000,9670000,-0.524574627174786
7328,293000,9670000,-0.485335098899463
7329,294000,9670000,-0.496741155993834
7330,295000,9670000,-0.459807058000893
7331,296000,9670000,-0.461333216583685
7332,297000,9670000,-0.515713036778211
7333,298000,9670000,-0.48489742496954
7334,299000,9670000,-0.522301728239268
7335,3e+05,9670000,-0.530596079037009
7336,301000,9670000,-0.536586311839842
7337,302000,9670000,-0.539100081158128
7338,303000,9670000,-0.470746321823904
7339,304000,9670000,-0.398877879021267
7340,305000,9670000,-0.371256131279002
7341,306000,9670000,-0.362307442407087
7342,307000,9670000,-0.236700422974841
7343,308000,9670000,-0.39905170293626
7344,309000,9670000,-0.243089923971013
7345,310000,9670000,-0.428591318367787
7346,311000,9670000,-0.503290883999958
7347,312000,9670000,-0.47821634176121
7348,313000,9670000,-0.425118828709898
7349,314000,9670000,-0.440290015356262
7350,315000,9670000,-0.478284615000093
7351,316000,9670000,-0.469480726710777
7352,317000,9670000,-0.389681766839798
7353,318000,9670000,-0.394594214510334
7354,319000,9670000,-0.391791711880103
7355,320000,9670000,-0.358468119177733
7356,321000,9670000,-0.381078990313307
7357,322000,9670000,-0.352813498645164
7358,323000,9670000,-0.310530193259317
7359,324000,9670000,-0.373263427202012
7360,325000,9670000,-0.391025908981522
7361,326000,9670000,-0.337642597343908
7362,327000,9670000,-0.391533601905366
7363,328000,9670000,-0.442135586264283
7364,329000,9670000,-0.434221817888944
7365,330000,9670000,-0.492273626651299
7366,331000,9670000,-0.481761372162972
7367,332000,9670000,-0.465813511196321
7368,333000,9670000,-0.538914004140167
7369,334000,9670000,-0.51493884428388
7370,335000,9670000,-0.487919679427394
7371,336000,9670000,-0.496654570305711
7372,337000,9670000,-0.485032531981006
7373,338000,9670000,-0.51826248696914
7374,339000,9670000,-0.50155987771167
7375,340000,9670000,-0.496145606375206
7376,341000,9670000,-0.494353689951591
7377,342000,9670000,-0.495953674998529
7378,343000,9670000,-0.494675481352529
7379,344000,9670000,-0.484595186700421
7380,345000,9670000,-0.492841573902648
7381,346000,9670000,-0.479741884167799
7382,347000,9670000,-0.490885104612611
7383,348000,9670000,-0.472396363336395
7384,349000,9670000,-0.470246861446606
7385,350000,9670000,-0.461995268771548
7386,351000,9670000,-0.455682408809306
7387,352000,9670000,-0.454326208275014
7388,353000,9670000,-0.458553234383294
7389,354000,9670000,-0.464650598843062
7390,355000,9670000,-0.474456045582602
7391,356000,9670000,-0.44864916276387
7392,357000,9670000,-0.47415990975663
7393,358000,9670000,-0.470102826645061
7394,359000,9670000,-0.472360684014247
7395,360000,9670000,-0.480070160880266
7396,361000,9670000,-0.478098680017027
7397,362000,9670000,-0.487186935834199
7398,363000,9670000,-0.482148265923231
7399,364000,9670000,-0.487556629026038
7400,365000,9670000,-0.472285281756355
7401,366000,9670000,-0.477878204085071
7402,367000,9670000,-0.442525062711301
7403,368000,9670000,-0.449305470051431
7404,369000,9670000,-0.449003391756343
7405,370000,9670000,-0.464231497063383
7406,371000,9670000,-0.46426488455866
7407,372000,9670000,-0.461097367088541
7408,373000,9670000,-0.455116803706688
7409,374000,9670000,-0.457823389033745
7410,375000,9670000,-0.42473714499136
7411,262000,9671000,-0.326460274211284
7412,263000,9671000,-0.400961268795213
7413,264000,9671000,-0.401391969978098
7414,265000,9671000,-0.40440000211567
7415,266000,9671000,-0.405548458203779
7416,267000,9671000,-0.415832492338735
7417,268000,9671000,-0.413437381132378
7418,269000,9671000,-0.411238811793497
7419,270000,9671000,-0.408699840076655
7420,271000,9671000,-0.418738487051496
7421,272000,9671000,-0.43398360352929
7422,273000,9671000,-0.414498084847015
7423,274000,9671000,-0.40531878502567
7424,275000,9671000,-0.427134991799843
7425,276000,9671000,-0.471071367542309
7426,277000,9671000,-0.460395838355609
7427,278000,9671000,-0.44603268295034
7428,279000,9671000,-0.450055745372081
7429,280000,9671000,-0.484553337620864
7430,281000,9671000,-0.48458076161606
7431,282000,9671000,-0.486693235809321
7432,283000,9671000,-0.476378076331496
7433,284000,9671000,-0.479995081954284
7434,285000,9671000,-0.466309049453803
7435,286000,9671000,-0.470067400946178
7436,287000,9671000,-0.477568787925231
7437,288000,9671000,-0.481732290943853
7438,289000,9671000,-0.504890185384299
7439,290000,9671000,-0.495259265289008
7440,291000,9671000,-0.459229590977983
7441,292000,9671000,-0.457026745208304
7442,293000,9671000,-0.486281294143611
7443,294000,9671000,-0.47151034259694
7444,295000,9671000,-0.416092936786605
7445,296000,9671000,-0.37425164592316
7446,297000,9671000,-0.509327909938923
7447,298000,9671000,-0.522872232385112
7448,299000,9671000,-0.534722038102956
7449,3e+05,9671000,-0.517965989409853
7450,301000,9671000,-0.523124730530488
7451,302000,9671000,-0.54384184118226
7452,303000,9671000,-0.433212180349302
7453,304000,9671000,-0.426155531866744
7454,305000,9671000,-0.389545320764367
7455,306000,9671000,-0.313056299635203
7456,307000,9671000,-0.277595543087567
7457,308000,9671000,-0.402575055013619
7458,309000,9671000,-0.262754577912096
7459,310000,9671000,-0.421134608211734
7460,311000,9671000,-0.42871342676959
7461,312000,9671000,-0.481572995681164
7462,313000,9671000,-0.447982636170727
7463,314000,9671000,-0.450094984674368
7464,315000,9671000,-0.369440421245508
7465,316000,9671000,-0.38931755606844
7466,317000,9671000,-0.411087725302252
7467,318000,9671000,-0.421210641530616
7468,319000,9671000,-0.36620425090747
7469,320000,9671000,-0.271247159653758
7470,321000,9671000,-0.375459428913624
7471,322000,9671000,-0.307528145010181
7472,323000,9671000,-0.365223546713669
7473,324000,9671000,-0.354299611872963
7474,325000,9671000,-0.374943105477465
7475,326000,9671000,-0.359306247599695
7476,327000,9671000,-0.387652638023603
7477,328000,9671000,-0.368619297307672
7478,329000,9671000,-0.439496998604138
7479,330000,9671000,-0.485764465605748
7480,331000,9671000,-0.488982059403523
7481,332000,9671000,-0.524244546448743
7482,333000,9671000,-0.519378757088532
7483,334000,9671000,-0.538110609492209
7484,335000,9671000,-0.462169173548943
7485,336000,9671000,-0.507026247620528
7486,337000,9671000,-0.50963710248205
7487,338000,9671000,-0.506546412852456
7488,339000,9671000,-0.501704439336334
7489,340000,9671000,-0.495959633264528
7490,341000,9671000,-0.49291141835669
7491,342000,9671000,-0.493403071848657
7492,343000,9671000,-0.49371910346559
7493,344000,9671000,-0.489901304682623
7494,345000,9671000,-0.480996992691767
7495,346000,9671000,-0.492699205827556
7496,347000,9671000,-0.49100655439766
7497,348000,9671000,-0.483482098291344
7498,349000,9671000,-0.472631282166645
7499,350000,9671000,-0.464699616076588
7500,351000,9671000,-0.461589543440905
7501,352000,9671000,-0.461798207366702
7502,353000,9671000,-0.452543956279736
7503,354000,9671000,-0.472875846420661
7504,355000,9671000,-0.45877068201621
7505,356000,9671000,-0.469872893047111
7506,357000,9671000,-0.460746711329508
7507,358000,9671000,-0.465889625560837
7508,359000,9671000,-0.473121227210989
7509,360000,9671000,-0.478498939678761
7510,361000,9671000,-0.481578455531208
7511,362000,9671000,-0.482541251478879
7512,363000,9671000,-0.478392524915068
7513,364000,9671000,-0.478837706926208
7514,365000,9671000,-0.480635551856573
7515,366000,9671000,-0.48349047138917
7516,367000,9671000,-0.471903789928543
7517,368000,9671000,-0.466135879202871
7518,369000,9671000,-0.459663686293865
7519,370000,9671000,-0.47080395723829
7520,371000,9671000,-0.463602017180525
7521,372000,9671000,-0.466693096876152
7522,373000,9671000,-0.469034900258415
7523,374000,9671000,-0.464888978636699
7524,375000,9671000,-0.427305512556496
7525,262000,9672000,-0.327311498081218
7526,263000,9672000,-0.396218080649951
7527,264000,9672000,-0.403052368947053
7528,265000,9672000,-0.409340316017472
7529,266000,9672000,-0.407616358324738
7530,267000,9672000,-0.406957553471529
7531,268000,9672000,-0.410664994680838
7532,269000,9672000,-0.410700527218629
7533,270000,9672000,-0.4098126041989
7534,271000,9672000,-0.413748670619278
7535,272000,9672000,-0.409281692994416
7536,273000,9672000,-0.380096952857825
7537,274000,9672000,-0.404996705420221
7538,275000,9672000,-0.422320333746039
7539,276000,9672000,-0.430771782721684
7540,277000,9672000,-0.433317681479692
7541,278000,9672000,-0.433265757394007
7542,279000,9672000,-0.43876397486664
7543,280000,9672000,-0.473346654071721
7544,281000,9672000,-0.482128378909605
7545,282000,9672000,-0.485893363848626
7546,283000,9672000,-0.472637954323654
7547,284000,9672000,-0.470830230807888
7548,285000,9672000,-0.473868573385201
7549,286000,9672000,-0.470993700782651
7550,287000,9672000,-0.480382750610655
7551,288000,9672000,-0.476866141520297
7552,289000,9672000,-0.482990101283821
7553,290000,9672000,-0.490280281452992
7554,291000,9672000,-0.456548174420313
7555,292000,9672000,-0.472438781037648
7556,293000,9672000,-0.438700577886894
7557,294000,9672000,-0.399244581665675
7558,295000,9672000,-0.440412897985254
7559,296000,9672000,-0.385994469734329
7560,297000,9672000,-0.508390349250917
7561,298000,9672000,-0.509028173526131
7562,299000,9672000,-0.520561981936244
7563,3e+05,9672000,-0.536508919502913
7564,301000,9672000,-0.553705436758664
7565,302000,9672000,-0.553729191077221
7566,303000,9672000,-0.549386791911672
7567,304000,9672000,-0.457722327390763
7568,305000,9672000,-0.417911313711251
7569,306000,9672000,-0.502710388691201
7570,307000,9672000,-0.483784165864368
7571,308000,9672000,-0.427018531797245
7572,309000,9672000,-0.454583892785756
7573,310000,9672000,-0.465113278272618
7574,311000,9672000,-0.469356323139835
7575,312000,9672000,-0.469075411851927
7576,313000,9672000,-0.473456383739008
7577,314000,9672000,-0.452942865460976
7578,315000,9672000,-0.426638526787497
7579,316000,9672000,-0.419499931403788
7580,317000,9672000,-0.446475168994403
7581,318000,9672000,-0.40653655168082
7582,319000,9672000,-0.332891961169229
7583,320000,9672000,-0.371664969860578
7584,321000,9672000,-0.345722035753433
7585,322000,9672000,-0.32915258545948
7586,323000,9672000,-0.437563826015334
7587,324000,9672000,-0.453299411757513
7588,325000,9672000,-0.318265105117014
7589,326000,9672000,-0.444724502715079
7590,327000,9672000,-0.457145546926478
7591,328000,9672000,-0.49796014677589
7592,329000,9672000,-0.466491719259
7593,330000,9672000,-0.49578737013134
7594,331000,9672000,-0.51184922318538
7595,332000,9672000,-0.526366899466427
7596,333000,9672000,-0.450861404111536
7597,334000,9672000,-0.481043911897673
7598,335000,9672000,-0.492262901710011
7599,336000,9672000,-0.506245264222709
7600,337000,9672000,-0.518849763964597
7601,338000,9672000,-0.49783125544231
7602,339000,9672000,-0.499574341957673
7603,340000,9672000,-0.490719750447553
7604,341000,9672000,-0.489508893727749
7605,342000,9672000,-0.495144768805302
7606,343000,9672000,-0.494825523492348
7607,344000,9672000,-0.469669222430108
7608,345000,9672000,-0.468054439038279
7609,346000,9672000,-0.469540749274293
7610,347000,9672000,-0.470568633242798
7611,348000,9672000,-0.463897821817611
7612,349000,9672000,-0.462394731849504
7613,350000,9672000,-0.452845148803513
7614,351000,9672000,-0.455805892526843
7615,352000,9672000,-0.457099285013091
7616,353000,9672000,-0.474500978996423
7617,354000,9672000,-0.44625233348032
7618,355000,9672000,-0.46053197835408
7619,356000,9672000,-0.464511799342333
7620,357000,9672000,-0.46225635783874
7621,358000,9672000,-0.466882297796196
7622,359000,9672000,-0.474620623920113
7623,360000,9672000,-0.47594996851934
7624,361000,9672000,-0.470318430324558
7625,362000,9672000,-0.472382009935806
7626,363000,9672000,-0.470389462912432
7627,364000,9672000,-0.467890016420505
7628,365000,9672000,-0.481733781465585
7629,366000,9672000,-0.483738754531645
7630,367000,9672000,-0.465457264581599
7631,368000,9672000,-0.464366148375297
7632,369000,9672000,-0.465237398257168
7633,370000,9672000,-0.467233970981981
7634,371000,9672000,-0.471164101211831
7635,372000,9672000,-0.475682271121761
7636,373000,9672000,-0.470725722014738
7637,374000,9672000,-0.479798993539264
7638,375000,9672000,-0.427473295145643
7639,262000,9673000,-0.331350980474803
7640,263000,9673000,-0.393460253791226
7641,264000,9673000,-0.394298302496033
7642,265000,9673000,-0.399865473562802
7643,266000,9673000,-0.398644347337843
7644,267000,9673000,-0.401992280120717
7645,268000,9673000,-0.406768091644918
7646,269000,9673000,-0.407486047468088
7647,270000,9673000,-0.412163897199013
7648,271000,9673000,-0.40988821500447
7649,272000,9673000,-0.379745266604476
7650,273000,9673000,-0.38755479206478
7651,274000,9673000,-0.430109245091884
7652,275000,9673000,-0.434286035399125
7653,276000,9673000,-0.427135022325002
7654,277000,9673000,-0.424748855947277
7655,278000,9673000,-0.425318390579577
7656,279000,9673000,-0.437782466590817
7657,280000,9673000,-0.44584535623663
7658,281000,9673000,-0.45413470585472
7659,282000,9673000,-0.466181710227025
7660,283000,9673000,-0.459991744952554
7661,284000,9673000,-0.465655631316044
7662,285000,9673000,-0.482131540260537
7663,286000,9673000,-0.492021343108639
7664,287000,9673000,-0.463622310034042
7665,288000,9673000,-0.456341389507084
7666,289000,9673000,-0.482522334974132
7667,290000,9673000,-0.47402465412067
7668,291000,9673000,-0.49688803093105
7669,292000,9673000,-0.473645242215209
7670,293000,9673000,-0.462053675562166
7671,294000,9673000,-0.448089635409761
7672,295000,9673000,-0.435447765911034
7673,296000,9673000,-0.437402668944821
7674,297000,9673000,-0.464923331506461
7675,298000,9673000,-0.501784792954777
7676,299000,9673000,-0.484316854379876
7677,3e+05,9673000,-0.550064080751557
7678,301000,9673000,-0.498113816836532
7679,302000,9673000,-0.467831538548448
7680,303000,9673000,-0.490966038748528
7681,304000,9673000,-0.450327013808573
7682,305000,9673000,-0.436359086367565
7683,306000,9673000,-0.503189511150947
7684,307000,9673000,-0.487243952953578
7685,308000,9673000,-0.480926737858581
7686,309000,9673000,-0.472729338809566
7687,310000,9673000,-0.474444798279132
7688,311000,9673000,-0.48410275860955
7689,312000,9673000,-0.46206737552844
7690,313000,9673000,-0.457955924386748
7691,314000,9673000,-0.451561522463168
7692,315000,9673000,-0.449244725511489
7693,316000,9673000,-0.473699445963943
7694,317000,9673000,-0.47469852673462
7695,318000,9673000,-0.460420287104257
7696,319000,9673000,-0.435831853336485
7697,320000,9673000,-0.412912777913587
7698,321000,9673000,-0.40201144203951
7699,322000,9673000,-0.440157509751516
7700,323000,9673000,-0.482652131396513
7701,324000,9673000,-0.523956439391201
7702,325000,9673000,-0.38106431145617
7703,326000,9673000,-0.458512771072898
7704,327000,9673000,-0.485399825983998
7705,328000,9673000,-0.484678770362595
7706,329000,9673000,-0.506274686036287
7707,330000,9673000,-0.493400167942767
7708,331000,9673000,-0.543064395826324
7709,332000,9673000,-0.50942462947225
7710,333000,9673000,-0.533774625441546
7711,334000,9673000,-0.523522407749582
7712,335000,9673000,-0.502242842920722
7713,336000,9673000,-0.499155469524819
7714,337000,9673000,-0.504485624867591
7715,338000,9673000,-0.495620865822849
7716,339000,9673000,-0.490018880278414
7717,340000,9673000,-0.490639995050286
7718,341000,9673000,-0.488951972061891
7719,342000,9673000,-0.495880088892305
7720,343000,9673000,-0.496686795261995
7721,344000,9673000,-0.487195204953558
7722,345000,9673000,-0.481387735959532
7723,346000,9673000,-0.456490783499256
7724,347000,9673000,-0.47034626341805
7725,348000,9673000,-0.459575016022335
7726,349000,9673000,-0.454133225957385
7727,350000,9673000,-0.455467027111868
7728,351000,9673000,-0.449857467347862
7729,352000,9673000,-0.458926930759335
7730,353000,9673000,-0.450913236038932
7731,354000,9673000,-0.45891289436228
7732,355000,9673000,-0.453743953320034
7733,356000,9673000,-0.458694635070792
7734,357000,9673000,-0.457437200450899
7735,358000,9673000,-0.459160604972168
7736,359000,9673000,-0.470640634622905
7737,360000,9673000,-0.469060785442149
7738,361000,9673000,-0.472330905446914
7739,362000,9673000,-0.469755403505511
7740,363000,9673000,-0.471933921210673
7741,364000,9673000,-0.47706084574497
7742,365000,9673000,-0.478654386063399
7743,366000,9673000,-0.474596339599501
7744,367000,9673000,-0.454259271362211
7745,368000,9673000,-0.450836242359766
7746,369000,9673000,-0.462809311578083
7747,370000,9673000,-0.466438163138305
7748,371000,9673000,-0.467913610575046
7749,372000,9673000,-0.47585676439402
7750,373000,9673000,-0.473761358895436
7751,374000,9673000,-0.473957156873601
7752,375000,9673000,-0.428222974685283
7753,262000,9674000,-0.33307665486198
7754,263000,9674000,-0.391498695074728
7755,264000,9674000,-0.394758549587368
7756,265000,9674000,-0.395612781805762
7757,266000,9674000,-0.397859215611585
7758,267000,9674000,-0.398942969996544
7759,268000,9674000,-0.403661586557295
7760,269000,9674000,-0.410157699889071
7761,270000,9674000,-0.411131425298485
7762,271000,9674000,-0.431067211595306
7763,272000,9674000,-0.421523261037637
7764,273000,9674000,-0.389969322585148
7765,274000,9674000,-0.399430816808686
7766,275000,9674000,-0.411692558067522
7767,276000,9674000,-0.43193170553556
7768,277000,9674000,-0.424459841773113
7769,278000,9674000,-0.428331373417268
7770,279000,9674000,-0.445766603639683
7771,280000,9674000,-0.433402628773568
7772,281000,9674000,-0.445430829827236
7773,282000,9674000,-0.448813508057351
7774,283000,9674000,-0.454329462291325
7775,284000,9674000,-0.481096470138425
7776,285000,9674000,-0.497995335200667
7777,286000,9674000,-0.494766508512518
7778,287000,9674000,-0.482687156720526
7779,288000,9674000,-0.471971859454592
7780,289000,9674000,-0.503079609915688
7781,290000,9674000,-0.496803013463248
7782,291000,9674000,-0.46757893883892
7783,292000,9674000,-0.508452853465795
7784,293000,9674000,-0.438849327115285
7785,294000,9674000,-0.433646682441949
7786,295000,9674000,-0.455326918407348
7787,296000,9674000,-0.458306276548659
7788,297000,9674000,-0.455479432986688
7789,298000,9674000,-0.473737578038213
7790,299000,9674000,-0.47519270158717
7791,3e+05,9674000,-0.473260904852579
7792,301000,9674000,-0.490577599095819
7793,302000,9674000,-0.481750005238574
7794,303000,9674000,-0.482020832518638
7795,304000,9674000,-0.471736062889179
7796,305000,9674000,-0.471855132586269
7797,306000,9674000,-0.485409598406074
7798,307000,9674000,-0.493119143450427
7799,308000,9674000,-0.468014801242924
7800,309000,9674000,-0.488393303875417
7801,310000,9674000,-0.499383635105036
7802,311000,9674000,-0.483164574912304
7803,312000,9674000,-0.434208032576002
7804,313000,9674000,-0.480660924149372
7805,314000,9674000,-0.450219533859212
7806,315000,9674000,-0.442969593176309
7807,316000,9674000,-0.484602395612342
7808,317000,9674000,-0.482144490943542
7809,318000,9674000,-0.489813004166734
7810,319000,9674000,-0.470530920685665
7811,320000,9674000,-0.489970805201157
7812,321000,9674000,-0.467763456076555
7813,322000,9674000,-0.497163849383489
7814,323000,9674000,-0.471719131484444
7815,324000,9674000,-0.486072234841593
7816,325000,9674000,-0.390650078416617
7817,326000,9674000,-0.510400511865263
7818,327000,9674000,-0.515686875140225
7819,328000,9674000,-0.484925629506778
7820,329000,9674000,-0.487445047401282
7821,330000,9674000,-0.506016492454457
7822,331000,9674000,-0.570795730715665
7823,332000,9674000,-0.469391673531391
7824,333000,9674000,-0.47370103359092
7825,334000,9674000,-0.478494312079493
7826,335000,9674000,-0.506974036221152
7827,336000,9674000,-0.48094332857129
7828,337000,9674000,-0.498730726301506
7829,338000,9674000,-0.502672047564385
7830,339000,9674000,-0.498245393883536
7831,340000,9674000,-0.494600006637782
7832,341000,9674000,-0.493898760714857
7833,342000,9674000,-0.497151884738873
7834,343000,9674000,-0.485429593730401
7835,344000,9674000,-0.474062376618761
7836,345000,9674000,-0.468991420946349
7837,346000,9674000,-0.471129183580647
7838,347000,9674000,-0.448766512906419
7839,348000,9674000,-0.452136420469766
7840,349000,9674000,-0.442604838785662
7841,350000,9674000,-0.438787774510364
7842,351000,9674000,-0.447242679884804
7843,352000,9674000,-0.436434448176559
7844,353000,9674000,-0.459824041048031
7845,354000,9674000,-0.449476138899022
7846,355000,9674000,-0.450981293091213
7847,356000,9674000,-0.452733637785023
7848,357000,9674000,-0.451832963904226
7849,358000,9674000,-0.450824696590799
7850,359000,9674000,-0.457697574640722
7851,360000,9674000,-0.468769549335605
7852,361000,9674000,-0.46972316225907
7853,362000,9674000,-0.475876505714573
7854,363000,9674000,-0.469199061591333
7855,364000,9674000,-0.470133119602492
7856,365000,9674000,-0.469323432276952
7857,366000,9674000,-0.462196361467311
7858,367000,9674000,-0.452208289841608
7859,368000,9674000,-0.442901973036763
7860,369000,9674000,-0.452670463354603
7861,370000,9674000,-0.45719680806223
7862,371000,9674000,-0.463896971101214
7863,372000,9674000,-0.463634194637843
7864,373000,9674000,-0.464875015272792
7865,374000,9674000,-0.478134999203364
7866,375000,9674000,-0.429767786161684
7867,262000,9675000,-0.334144091372863
7868,263000,9675000,-0.391178394327267
7869,264000,9675000,-0.398412714731215
7870,265000,9675000,-0.398593209914058
7871,266000,9675000,-0.398343914308181
7872,267000,9675000,-0.399850733097306
7873,268000,9675000,-0.40461403434196
7874,269000,9675000,-0.41010558122872
7875,270000,9675000,-0.419185302797681
7876,271000,9675000,-0.446195473103361
7877,272000,9675000,-0.397998810742937
7878,273000,9675000,-0.398674352327944
7879,274000,9675000,-0.420999010416803
7880,275000,9675000,-0.403731101963271
7881,276000,9675000,-0.43090798833346
7882,277000,9675000,-0.43801377729004
7883,278000,9675000,-0.421093954288806
7884,279000,9675000,-0.437752561179911
7885,280000,9675000,-0.439453475263918
7886,281000,9675000,-0.433123168576475
7887,282000,9675000,-0.439514060540726
7888,283000,9675000,-0.454945659353778
7889,284000,9675000,-0.486869986784244
7890,285000,9675000,-0.495691354297873
7891,286000,9675000,-0.494653677861334
7892,287000,9675000,-0.48555004126653
7893,288000,9675000,-0.457846069240042
7894,289000,9675000,-0.460207977621731
7895,290000,9675000,-0.481166467767286
7896,291000,9675000,-0.437400512042522
7897,292000,9675000,-0.480495754490973
7898,293000,9675000,-0.459326419994665
7899,294000,9675000,-0.464506515640083
7900,295000,9675000,-0.475834981411564
7901,296000,9675000,-0.440307574355625
7902,297000,9675000,-0.437813510129481
7903,298000,9675000,-0.442018967537232
7904,299000,9675000,-0.470711559312238
7905,3e+05,9675000,-0.484339377544438
7906,301000,9675000,-0.482790698989719
7907,302000,9675000,-0.4631322602569
7908,303000,9675000,-0.442214260888068
7909,304000,9675000,-0.448157579005037
7910,305000,9675000,-0.449989764906577
7911,306000,9675000,-0.457375962998588
7912,307000,9675000,-0.47388959182499
7913,308000,9675000,-0.450085656157056
7914,309000,9675000,-0.473856225837282
7915,310000,9675000,-0.489767061734581
7916,311000,9675000,-0.508173904674899
7917,312000,9675000,-0.468579753848067
7918,313000,9675000,-0.49189178367423
7919,314000,9675000,-0.478688993924958
7920,315000,9675000,-0.494970047659932
7921,316000,9675000,-0.483005976459521
7922,317000,9675000,-0.494003309143914
7923,318000,9675000,-0.471323630652795
7924,319000,9675000,-0.486498382692825
7925,320000,9675000,-0.509947992622116
7926,321000,9675000,-0.468388753480515
7927,322000,9675000,-0.47706365071131
7928,323000,9675000,-0.474645003217124
7929,324000,9675000,-0.490235685639911
7930,325000,9675000,-0.487616145589679
7931,326000,9675000,-0.484951701245725
7932,327000,9675000,-0.5069619337517
7933,328000,9675000,-0.515945236218301
7934,329000,9675000,-0.50729957319175
7935,330000,9675000,-0.510704594034816
7936,331000,9675000,-0.546136388641372
7937,332000,9675000,-0.496277947296651
7938,333000,9675000,-0.48211384352896
7939,334000,9675000,-0.50630756729252
7940,335000,9675000,-0.503319427321621
7941,336000,9675000,-0.49881348858475
7942,337000,9675000,-0.490943332661673
7943,338000,9675000,-0.490521249407925
7944,339000,9675000,-0.488192948503181
7945,340000,9675000,-0.490751622911288
7946,341000,9675000,-0.476997556205008
7947,342000,9675000,-0.487354809966928
7948,343000,9675000,-0.478351974010785
7949,344000,9675000,-0.453551374577142
7950,345000,9675000,-0.468664768704519
7951,346000,9675000,-0.446547970353478
7952,347000,9675000,-0.418734483566104
7953,348000,9675000,-0.433619878399874
7954,349000,9675000,-0.444453437354731
7955,350000,9675000,-0.43790421275792
7956,351000,9675000,-0.439976373819345
7957,352000,9675000,-0.440026714920438
7958,353000,9675000,-0.4389260185763
7959,354000,9675000,-0.434664560314094
7960,355000,9675000,-0.439965987591114
7961,356000,9675000,-0.449499877746893
7962,357000,9675000,-0.453189477614466
7963,358000,9675000,-0.444754247696219
7964,359000,9675000,-0.450150997838455
7965,360000,9675000,-0.458181865250846
7966,361000,9675000,-0.467814473187742
7967,362000,9675000,-0.474717857789866
7968,363000,9675000,-0.468683633287533
7969,364000,9675000,-0.4593826843556
7970,365000,9675000,-0.468925304797248
7971,366000,9675000,-0.455338732440379
7972,367000,9675000,-0.447075979818044
7973,368000,9675000,-0.445336937466097
7974,369000,9675000,-0.445180837504912
7975,370000,9675000,-0.448422796239251
7976,371000,9675000,-0.461701677620816
7977,372000,9675000,-0.467328696949566
7978,373000,9675000,-0.467076529788407
7979,374000,9675000,-0.47027757879332
7980,375000,9675000,-0.433151316667131
7981,262000,9676000,-0.333293669598141
7982,263000,9676000,-0.393725843564396
7983,264000,9676000,-0.405527840509201
7984,265000,9676000,-0.404937955807124
7985,266000,9676000,-0.403384948661325
7986,267000,9676000,-0.402921471111784
7987,268000,9676000,-0.409005616468204
7988,269000,9676000,-0.423490353592275
7989,270000,9676000,-0.430796683132704
7990,271000,9676000,-0.451885641150442
7991,272000,9676000,-0.402516661388307
7992,273000,9676000,-0.402321314810665
7993,274000,9676000,-0.464984691107202
7994,275000,9676000,-0.409184837336029
7995,276000,9676000,-0.437866707567909
7996,277000,9676000,-0.441224998343126
7997,278000,9676000,-0.438949534358737
7998,279000,9676000,-0.437903599094153
7999,280000,9676000,-0.432455048845961
8000,281000,9676000,-0.450780252392082
8001,282000,9676000,-0.443490728783468
8002,283000,9676000,-0.445020713786745
8003,284000,9676000,-0.447334292594302
8004,285000,9676000,-0.488619694622175
8005,286000,9676000,-0.493224450605789
8006,287000,9676000,-0.465093420181773
8007,288000,9676000,-0.463984315648963
8008,289000,9676000,-0.472615819435438
8009,290000,9676000,-0.466972147021043
8010,291000,9676000,-0.473311484581158
8011,292000,9676000,-0.47568654027793
8012,293000,9676000,-0.472307665686593
8013,294000,9676000,-0.479548118986686
8014,295000,9676000,-0.469553650466919
8015,296000,9676000,-0.456633317515342
8016,297000,9676000,-0.420777603431984
8017,298000,9676000,-0.444333161327348
8018,299000,9676000,-0.44325949238519
8019,3e+05,9676000,-0.476979929997564
8020,301000,9676000,-0.475340109142505
8021,302000,9676000,-0.458722055532314
8022,303000,9676000,-0.445522430732694
8023,304000,9676000,-0.469984367600698
8024,305000,9676000,-0.469181172587692
8025,306000,9676000,-0.465678554919955
8026,307000,9676000,-0.467395976999844
8027,308000,9676000,-0.447470392055953
8028,309000,9676000,-0.444666248425077
8029,310000,9676000,-0.408891315092275
8030,311000,9676000,-0.452935999175955
8031,312000,9676000,-0.48110405485999
8032,313000,9676000,-0.468681330793252
8033,314000,9676000,-0.463754596158166
8034,315000,9676000,-0.411856188744675
8035,316000,9676000,-0.451931349951544
8036,317000,9676000,-0.487156238492309
8037,318000,9676000,-0.46793122065656
8038,319000,9676000,-0.483265880670077
8039,320000,9676000,-0.486174753449221
8040,321000,9676000,-0.487420898819411
8041,322000,9676000,-0.481252132963251
8042,323000,9676000,-0.512284563132274
8043,324000,9676000,-0.505861464689515
8044,325000,9676000,-0.477940396403516
8045,326000,9676000,-0.495297213821928
8046,327000,9676000,-0.507834071892206
8047,328000,9676000,-0.532795219901784
8048,329000,9676000,-0.485639450431414
8049,330000,9676000,-0.540485680972306
8050,331000,9676000,-0.475105942733637
8051,332000,9676000,-0.491910618827134
8052,333000,9676000,-0.534903784335291
8053,334000,9676000,-0.493711156062877
8054,335000,9676000,-0.499549236941593
8055,336000,9676000,-0.477344106168569
8056,337000,9676000,-0.497025699089227
8057,338000,9676000,-0.490075540731486
8058,339000,9676000,-0.486841257934444
8059,340000,9676000,-0.468176262104452
8060,341000,9676000,-0.490208939950269
8061,342000,9676000,-0.480819630666732
8062,343000,9676000,-0.489804089631145
8063,344000,9676000,-0.443641645303667
8064,345000,9676000,-0.440578361541729
8065,346000,9676000,-0.431856449877925
8066,347000,9676000,-0.420004923077812
8067,348000,9676000,-0.430996554759076
8068,349000,9676000,-0.443325999633186
8069,350000,9676000,-0.432566981758376
8070,351000,9676000,-0.442858518727275
8071,352000,9676000,-0.441184324711776
8072,353000,9676000,-0.447890033641026
8073,354000,9676000,-0.443619117265863
8074,355000,9676000,-0.450351580541087
8075,356000,9676000,-0.449863281136515
8076,357000,9676000,-0.446713711067414
8077,358000,9676000,-0.455047078957272
8078,359000,9676000,-0.460975709230277
8079,360000,9676000,-0.45351637355326
8080,361000,9676000,-0.458305891735257
8081,362000,9676000,-0.473679307610024
8082,363000,9676000,-0.472686672682947
8083,364000,9676000,-0.463500529463432
8084,365000,9676000,-0.46565964822647
8085,366000,9676000,-0.474007385328018
8086,367000,9676000,-0.45997383670564
8087,368000,9676000,-0.448279101481544
8088,369000,9676000,-0.465210838698377
8089,370000,9676000,-0.443165795280234
8090,371000,9676000,-0.458195942837783
8091,372000,9676000,-0.469873532967492
8092,373000,9676000,-0.472170970429593
8093,374000,9676000,-0.468931876561459
8094,375000,9676000,-0.43863692775052
8095,262000,9677000,-0.332328465001524
8096,263000,9677000,-0.390094481465914
8097,264000,9677000,-0.407063945336999
8098,265000,9677000,-0.411145606132275
8099,266000,9677000,-0.405372251625566
8100,267000,9677000,-0.407602195900348
8101,268000,9677000,-0.423115444963898
8102,269000,9677000,-0.407842159957405
8103,270000,9677000,-0.439599181392172
8104,271000,9677000,-0.442311860219159
8105,272000,9677000,-0.402137805711109
8106,273000,9677000,-0.417370992252017
8107,274000,9677000,-0.425052512367299
8108,275000,9677000,-0.42629686723309
8109,276000,9677000,-0.450518190854481
8110,277000,9677000,-0.451116098035274
8111,278000,9677000,-0.447613462337242
8112,279000,9677000,-0.437891145632866
8113,280000,9677000,-0.421578066113873
8114,281000,9677000,-0.437310834357845
8115,282000,9677000,-0.434554356075261
8116,283000,9677000,-0.431430047786745
8117,284000,9677000,-0.456898196100462
8118,285000,9677000,-0.460781652153803
8119,286000,9677000,-0.441316433158612
8120,287000,9677000,-0.452660133664828
8121,288000,9677000,-0.458378302959
8122,289000,9677000,-0.45512206650421
8123,290000,9677000,-0.48047943763411
8124,291000,9677000,-0.484159248798255
8125,292000,9677000,-0.478621249655147
8126,293000,9677000,-0.449000180944984
8127,294000,9677000,-0.451097869229741
8128,295000,9677000,-0.454263123422078
8129,296000,9677000,-0.458205782868056
8130,297000,9677000,-0.428829211574803
8131,298000,9677000,-0.475989706636152
8132,299000,9677000,-0.475549483820681
8133,3e+05,9677000,-0.471612673475768
8134,301000,9677000,-0.493692321284888
8135,302000,9677000,-0.480270871596407
8136,303000,9677000,-0.450216935292371
8137,304000,9677000,-0.474822043417108
8138,305000,9677000,-0.491468419385531
8139,306000,9677000,-0.468153050239385
8140,307000,9677000,-0.480826342955488
8141,308000,9677000,-0.479828610762843
8142,309000,9677000,-0.473866241327774
8143,310000,9677000,-0.45884249637728
8144,311000,9677000,-0.458751400336711
8145,312000,9677000,-0.476459698217007
8146,313000,9677000,-0.486203940060102
8147,314000,9677000,-0.479059043363461
8148,315000,9677000,-0.475942702101126
8149,316000,9677000,-0.472807387667197
8150,317000,9677000,-0.487322459544665
8151,318000,9677000,-0.488402062819205
8152,319000,9677000,-0.484315585981091
8153,320000,9677000,-0.466478551835446
8154,321000,9677000,-0.484669018748366
8155,322000,9677000,-0.500810247284488
8156,323000,9677000,-0.499882936422282
8157,324000,9677000,-0.484641089472094
8158,325000,9677000,-0.461224173145905
8159,326000,9677000,-0.431044749241468
8160,327000,9677000,-0.472489478933372
8161,328000,9677000,-0.471856132670909
8162,329000,9677000,-0.461292679738374
8163,330000,9677000,-0.454184403547568
8164,331000,9677000,-0.477489346786628
8165,332000,9677000,-0.488047607836223
8166,333000,9677000,-0.498135593752958
8167,334000,9677000,-0.488298134476375
8168,335000,9677000,-0.494363798161555
8169,336000,9677000,-0.506914708245297
8170,337000,9677000,-0.49483065607807
8171,338000,9677000,-0.488285420022328
8172,339000,9677000,-0.488493020196513
8173,340000,9677000,-0.48516402832013
8174,341000,9677000,-0.484286141831131
8175,342000,9677000,-0.470655988827755
8176,343000,9677000,-0.491380386637342
8177,344000,9677000,-0.454704410144055
8178,345000,9677000,-0.435086781980677
8179,346000,9677000,-0.440317847841307
8180,347000,9677000,-0.425870084205702
8181,348000,9677000,-0.420277818677265
8182,349000,9677000,-0.434238098257238
8183,350000,9677000,-0.433690630080684
8184,351000,9677000,-0.442400363484372
8185,352000,9677000,-0.442073279732019
8186,353000,9677000,-0.454299222808534
8187,354000,9677000,-0.457032709870597
8188,355000,9677000,-0.466487627087376
8189,356000,9677000,-0.456365137011103
8190,357000,9677000,-0.449813954258957
8191,358000,9677000,-0.45922485974354
8192,359000,9677000,-0.460582773745517
8193,360000,9677000,-0.453938487450023
8194,361000,9677000,-0.463546662013357
8195,362000,9677000,-0.464684703054889
8196,363000,9677000,-0.463772724757867
8197,364000,9677000,-0.472013972208935
8198,365000,9677000,-0.472831472127829
8199,366000,9677000,-0.465702434784089
8200,367000,9677000,-0.470671323113428
8201,368000,9677000,-0.460850269249426
8202,369000,9677000,-0.460596547117904
8203,370000,9677000,-0.45527545586844
8204,371000,9677000,-0.455415465972747
8205,372000,9677000,-0.462423815211307
8206,373000,9677000,-0.465330125822741
8207,374000,9677000,-0.462967948109545
8208,375000,9677000,-0.444904184509015
8209,262000,9678000,-0.331173917337694
8210,263000,9678000,-0.388812366001893
8211,264000,9678000,-0.398623823992156
8212,265000,9678000,-0.419616851123183
8213,266000,9678000,-0.408960265722304
8214,267000,9678000,-0.424913122211848
8215,268000,9678000,-0.439314579783807
8216,269000,9678000,-0.445084943781175
8217,270000,9678000,-0.440027790206471
8218,271000,9678000,-0.439645187132329
8219,272000,9678000,-0.422704477553733
8220,273000,9678000,-0.423989466963173
8221,274000,9678000,-0.428543430674218
8222,275000,9678000,-0.43724520032647
8223,276000,9678000,-0.44367318958318
8224,277000,9678000,-0.454110314353545
8225,278000,9678000,-0.461071441692426
8226,279000,9678000,-0.445981435244981
8227,280000,9678000,-0.442029553274743
8228,281000,9678000,-0.429209678199547
8229,282000,9678000,-0.425206631141438
8230,283000,9678000,-0.424154888872316
8231,284000,9678000,-0.433861844455308
8232,285000,9678000,-0.436985893422626
8233,286000,9678000,-0.444171757094844
8234,287000,9678000,-0.440358220429578
8235,288000,9678000,-0.458305477353312
8236,289000,9678000,-0.460928714247009
8237,290000,9678000,-0.481993036776476
8238,291000,9678000,-0.487272463242213
8239,292000,9678000,-0.480532485246658
8240,293000,9678000,-0.468741426468801
8241,294000,9678000,-0.467802903656
8242,295000,9678000,-0.487605757355339
8243,296000,9678000,-0.47417029842556
8244,297000,9678000,-0.442245334203632
8245,298000,9678000,-0.471584974061564
8246,299000,9678000,-0.47531833315437
8247,3e+05,9678000,-0.488815320387721
8248,301000,9678000,-0.485695614700184
8249,302000,9678000,-0.493837800240642
8250,303000,9678000,-0.503303348531809
8251,304000,9678000,-0.477724886696917
8252,305000,9678000,-0.481493526043055
8253,306000,9678000,-0.484376217931591
8254,307000,9678000,-0.487836567092557
8255,308000,9678000,-0.482367682536452
8256,309000,9678000,-0.492887511518266
8257,310000,9678000,-0.476303226538189
8258,311000,9678000,-0.474078850654172
8259,312000,9678000,-0.481280971462365
8260,313000,9678000,-0.468462001280275
8261,314000,9678000,-0.480423777650874
8262,315000,9678000,-0.477800719679138
8263,316000,9678000,-0.477056910372381
8264,317000,9678000,-0.48431458524214
8265,318000,9678000,-0.50673039403318
8266,319000,9678000,-0.50937478036524
8267,320000,9678000,-0.480305789104596
8268,321000,9678000,-0.486095894853446
8269,322000,9678000,-0.487926127894205
8270,323000,9678000,-0.496979716189506
8271,324000,9678000,-0.510328542052027
8272,325000,9678000,-0.478119378720944
8273,326000,9678000,-0.473040695275199
8274,327000,9678000,-0.480544907971667
8275,328000,9678000,-0.457971184802635
8276,329000,9678000,-0.469565827095398
8277,330000,9678000,-0.485557165908165
8278,331000,9678000,-0.498628644552877
8279,332000,9678000,-0.48601137978073
8280,333000,9678000,-0.490423614864648
8281,334000,9678000,-0.488648602001733
8282,335000,9678000,-0.500632305321198
8283,336000,9678000,-0.488749170060656
8284,337000,9678000,-0.494228882160478
8285,338000,9678000,-0.494213580998216
8286,339000,9678000,-0.487223463196102
8287,340000,9678000,-0.47988387395505
8288,341000,9678000,-0.47187020807621
8289,342000,9678000,-0.47691835667014
8290,343000,9678000,-0.476013529742782
8291,344000,9678000,-0.445250746484749
8292,345000,9678000,-0.422736680821168
8293,346000,9678000,-0.424095679535639
8294,347000,9678000,-0.435124644143256
8295,348000,9678000,-0.433573478213407
8296,349000,9678000,-0.417646424224315
8297,350000,9678000,-0.422394929716107
8298,351000,9678000,-0.429967002869317
8299,352000,9678000,-0.432823512322088
8300,353000,9678000,-0.450770046407232
8301,354000,9678000,-0.447840750302943
8302,355000,9678000,-0.468725336932952
8303,356000,9678000,-0.463554006390457
8304,357000,9678000,-0.457731919149001
8305,358000,9678000,-0.464511180822619
8306,359000,9678000,-0.461403222593304
8307,360000,9678000,-0.453541627410271
8308,361000,9678000,-0.451581502286752
8309,362000,9678000,-0.457190115484671
8310,363000,9678000,-0.467006413782624
8311,364000,9678000,-0.469788165601623
8312,365000,9678000,-0.468578574582601
8313,366000,9678000,-0.468305902228072
8314,367000,9678000,-0.462554656283396
8315,368000,9678000,-0.450037749277094
8316,369000,9678000,-0.445685061954792
8317,370000,9678000,-0.456265422175237
8318,371000,9678000,-0.449014339024819
8319,372000,9678000,-0.460708406789702
8320,373000,9678000,-0.464225311608044
8321,374000,9678000,-0.458902248581868
8322,375000,9678000,-0.450441298241905
8323,262000,9679000,-0.333572973431593
8324,263000,9679000,-0.386117368763054
8325,264000,9679000,-0.38936007259256
8326,265000,9679000,-0.3867241858301
8327,266000,9679000,-0.346345187973859
8328,267000,9679000,-0.424300509233758
8329,268000,9679000,-0.437846068848179
8330,269000,9679000,-0.442301545277237
8331,270000,9679000,-0.443837161274205
8332,271000,9679000,-0.448203270534338
8333,272000,9679000,-0.437857230650424
8334,273000,9679000,-0.448273632806149
8335,274000,9679000,-0.440238445755067
8336,275000,9679000,-0.442642237269852
8337,276000,9679000,-0.451496973432467
8338,277000,9679000,-0.413797943383474
8339,278000,9679000,-0.436654598125282
8340,279000,9679000,-0.419016740015661
8341,280000,9679000,-0.414930757879237
8342,281000,9679000,-0.404699058090061
8343,282000,9679000,-0.410940216283175
8344,283000,9679000,-0.421335589314887
8345,284000,9679000,-0.432932665624975
8346,285000,9679000,-0.427650070798253
8347,286000,9679000,-0.440712288819953
8348,287000,9679000,-0.433075998960725
8349,288000,9679000,-0.442916325023522
8350,289000,9679000,-0.452811145961503
8351,290000,9679000,-0.469558535046836
8352,291000,9679000,-0.478816493106379
8353,292000,9679000,-0.483324875287068
8354,293000,9679000,-0.487499437605583
8355,294000,9679000,-0.472373642196799
8356,295000,9679000,-0.484211753489059
8357,296000,9679000,-0.454050205093476
8358,297000,9679000,-0.465616654273118
8359,298000,9679000,-0.500081738546467
8360,299000,9679000,-0.498473211744519
8361,3e+05,9679000,-0.492177131968005
8362,301000,9679000,-0.500644812890181
8363,302000,9679000,-0.484391887955091
8364,303000,9679000,-0.480883019834749
8365,304000,9679000,-0.484839067157505
8366,305000,9679000,-0.494119939032255
8367,306000,9679000,-0.473194058041866
8368,307000,9679000,-0.470020815996247
8369,308000,9679000,-0.496465986084055
8370,309000,9679000,-0.473447610860989
8371,310000,9679000,-0.448084449179379
8372,311000,9679000,-0.494307696295147
8373,312000,9679000,-0.495202932736756
8374,313000,9679000,-0.488298536160273
8375,314000,9679000,-0.482652329037297
8376,315000,9679000,-0.491897813439159
8377,316000,9679000,-0.46954411767936
8378,317000,9679000,-0.498692750173225
8379,318000,9679000,-0.501488517450136
8380,319000,9679000,-0.502454443614759
8381,320000,9679000,-0.479390309450446
8382,321000,9679000,-0.487330366661481
8383,322000,9679000,-0.514201278018456
8384,323000,9679000,-0.502272158904244
8385,324000,9679000,-0.491365306574904
8386,325000,9679000,-0.501029393704716
8387,326000,9679000,-0.47901812502875
8388,327000,9679000,-0.488457738622206
8389,328000,9679000,-0.478484361965665
8390,329000,9679000,-0.485425257653094
8391,330000,9679000,-0.506559395406062
8392,331000,9679000,-0.493527427049075
8393,332000,9679000,-0.487928003602023
8394,333000,9679000,-0.485764690443376
8395,334000,9679000,-0.487395778531171
8396,335000,9679000,-0.493483316953622
8397,336000,9679000,-0.473973428667915
8398,337000,9679000,-0.491708670121377
8399,338000,9679000,-0.48968957812681
8400,339000,9679000,-0.492773678513591
8401,340000,9679000,-0.478103644975278
8402,341000,9679000,-0.472023801155309
8403,342000,9679000,-0.46415931834758
8404,343000,9679000,-0.466498770305938
8405,344000,9679000,-0.460847807977313
8406,345000,9679000,-0.441901041136472
8407,346000,9679000,-0.435642859727961
8408,347000,9679000,-0.412290910222584
8409,348000,9679000,-0.440132473208516
8410,349000,9679000,-0.431678387431684
8411,350000,9679000,-0.428902525546704
8412,351000,9679000,-0.423288748490937
8413,352000,9679000,-0.428965043490795
8414,353000,9679000,-0.44346446405966
8415,354000,9679000,-0.445562799227191
8416,355000,9679000,-0.464786194041205
8417,356000,9679000,-0.459903808972267
8418,357000,9679000,-0.462075260070972
8419,358000,9679000,-0.454929387788225
8420,359000,9679000,-0.446822286209536
8421,360000,9679000,-0.459483844025726
8422,361000,9679000,-0.447470613484281
8423,362000,9679000,-0.450853276030661
8424,363000,9679000,-0.446226110398242
8425,364000,9679000,-0.470108732360314
8426,365000,9679000,-0.483650132586622
8427,366000,9679000,-0.485769414668489
8428,367000,9679000,-0.485580178438671
8429,368000,9679000,-0.475493776356883
8430,369000,9679000,-0.454793736150214
8431,370000,9679000,-0.452040138379478
8432,371000,9679000,-0.450806802984166
8433,372000,9679000,-0.468010615860625
8434,373000,9679000,-0.468783906975744
8435,374000,9679000,-0.466313071291252
8436,375000,9679000,-0.454937670428667
8437,262000,9680000,-0.335469790322699
8438,263000,9680000,-0.380427822123323
8439,264000,9680000,-0.381363284900759
8440,265000,9680000,-0.387576453881924
8441,266000,9680000,-0.400511922248375
8442,267000,9680000,-0.432824360908612
8443,268000,9680000,-0.43733977581304
8444,269000,9680000,-0.444727117742363
8445,270000,9680000,-0.416224107662439
8446,271000,9680000,-0.439496539412443
8447,272000,9680000,-0.433222081601388
8448,273000,9680000,-0.436762810303245
8449,274000,9680000,-0.453838909484522
8450,275000,9680000,-0.449951735124579
8451,276000,9680000,-0.465511107802913
8452,277000,9680000,-0.443411450153186
8453,278000,9680000,-0.424521241307495
8454,279000,9680000,-0.42510759560471
8455,280000,9680000,-0.411526887836989
8456,281000,9680000,-0.427978110703886
8457,282000,9680000,-0.421204949526883
8458,283000,9680000,-0.422148363064601
8459,284000,9680000,-0.417321864990541
8460,285000,9680000,-0.428600335752435
8461,286000,9680000,-0.430963885002758
8462,287000,9680000,-0.438345608444777
8463,288000,9680000,-0.443370552464731
8464,289000,9680000,-0.451414789134953
8465,290000,9680000,-0.473354864815451
8466,291000,9680000,-0.477531242975603
8467,292000,9680000,-0.478889068501717
8468,293000,9680000,-0.475496192501392
8469,294000,9680000,-0.484440260844201
8470,295000,9680000,-0.497411143144813
8471,296000,9680000,-0.48493767452159
8472,297000,9680000,-0.472377711258553
8473,298000,9680000,-0.465039124710887
8474,299000,9680000,-0.476844850474213
8475,3e+05,9680000,-0.477609339585534
8476,301000,9680000,-0.478555440794931
8477,302000,9680000,-0.484137505776696
8478,303000,9680000,-0.48768649806211
8479,304000,9680000,-0.490567451646571
8480,305000,9680000,-0.489966052286139
8481,306000,9680000,-0.47972285755082
8482,307000,9680000,-0.472622934620419
8483,308000,9680000,-0.482240843651733
8484,309000,9680000,-0.493314892375688
8485,310000,9680000,-0.469235856540288
8486,311000,9680000,-0.474496811168429
8487,312000,9680000,-0.480462291500269
8488,313000,9680000,-0.482613805399113
8489,314000,9680000,-0.509046889460385
8490,315000,9680000,-0.489747238037707
8491,316000,9680000,-0.507330172480307
8492,317000,9680000,-0.513282279212491
8493,318000,9680000,-0.51986283352826
8494,319000,9680000,-0.518746486097668
8495,320000,9680000,-0.488662513700563
8496,321000,9680000,-0.484905095248212
8497,322000,9680000,-0.490843798408398
8498,323000,9680000,-0.495025114848985
8499,324000,9680000,-0.491772131952179
8500,325000,9680000,-0.482394239284836
8501,326000,9680000,-0.481030311106648
8502,327000,9680000,-0.487225273049319
8503,328000,9680000,-0.475440097740619
8504,329000,9680000,-0.479835847386593
8505,330000,9680000,-0.495881499686739
8506,331000,9680000,-0.48375628601152
8507,332000,9680000,-0.478733763401611
8508,333000,9680000,-0.483863560936759
8509,334000,9680000,-0.477109950171725
8510,335000,9680000,-0.486575446813463
8511,336000,9680000,-0.481798216253911
8512,337000,9680000,-0.48791286574784
8513,338000,9680000,-0.480077436846165
8514,339000,9680000,-0.479937939047286
8515,340000,9680000,-0.480005601931442
8516,341000,9680000,-0.452252223360861
8517,342000,9680000,-0.440065103933471
8518,343000,9680000,-0.450558390813909
8519,344000,9680000,-0.458943052407421
8520,345000,9680000,-0.432290696621621
8521,346000,9680000,-0.435309482057083
8522,347000,9680000,-0.424359565345909
8523,348000,9680000,-0.423578664522199
8524,349000,9680000,-0.425149563954249
8525,350000,9680000,-0.444838467258185
8526,351000,9680000,-0.433804395297002
8527,352000,9680000,-0.424298302462555
8528,353000,9680000,-0.443065084579213
8529,354000,9680000,-0.443458502264653
8530,355000,9680000,-0.463163484677167
8531,356000,9680000,-0.470789664980641
8532,357000,9680000,-0.457421072540747
8533,358000,9680000,-0.449027615006563
8534,359000,9680000,-0.454281834856267
8535,360000,9680000,-0.447151913046806
8536,361000,9680000,-0.451402592073903
8537,362000,9680000,-0.452484616490524
8538,363000,9680000,-0.446282393218766
8539,364000,9680000,-0.472678694012268
8540,365000,9680000,-0.490606358324826
8541,366000,9680000,-0.470534364997441
8542,367000,9680000,-0.472121907700998
8543,368000,9680000,-0.477213127085789
8544,369000,9680000,-0.480758271392761
8545,370000,9680000,-0.477106384516202
8546,371000,9680000,-0.469724501493871
8547,372000,9680000,-0.458820968788071
8548,373000,9680000,-0.459322599328222
8549,374000,9680000,-0.465935383372126
8550,375000,9680000,-0.460354513711346
8551,262000,9681000,-0.340338304589727
8552,263000,9681000,-0.38470892498896
8553,264000,9681000,-0.387779202796781
8554,265000,9681000,-0.40257466589753
8555,266000,9681000,-0.414799609349588
8556,267000,9681000,-0.43022312005105
8557,268000,9681000,-0.434937629559927
8558,269000,9681000,-0.413090904789535
8559,270000,9681000,-0.414938355910545
8560,271000,9681000,-0.41585671077622
8561,272000,9681000,-0.404313900041301
8562,273000,9681000,-0.448235373930088
8563,274000,9681000,-0.422320469853899
8564,275000,9681000,-0.440334830001368
8565,276000,9681000,-0.453228620675643
8566,277000,9681000,-0.449014440719092
8567,278000,9681000,-0.417888863468024
8568,279000,9681000,-0.40876728511424
8569,280000,9681000,-0.401270850718947
8570,281000,9681000,-0.405675296315129
8571,282000,9681000,-0.403164814694206
8572,283000,9681000,-0.409733646842165
8573,284000,9681000,-0.419523837019223
8574,285000,9681000,-0.430129027209177
8575,286000,9681000,-0.475592421841615
8576,287000,9681000,-0.444950109501895
8577,288000,9681000,-0.44606711679273
8578,289000,9681000,-0.468016581022567
8579,290000,9681000,-0.481028673357645
8580,291000,9681000,-0.476677671354046
8581,292000,9681000,-0.473376838248546
8582,293000,9681000,-0.476311807984344
8583,294000,9681000,-0.480515485954301
8584,295000,9681000,-0.486278949652659
8585,296000,9681000,-0.50291556902188
8586,297000,9681000,-0.508040006130688
8587,298000,9681000,-0.493946374722648
8588,299000,9681000,-0.482366610453563
8589,3e+05,9681000,-0.494804345384056
8590,301000,9681000,-0.506972917877598
8591,302000,9681000,-0.463458524013603
8592,303000,9681000,-0.47145733320904
8593,304000,9681000,-0.482952519184277
8594,305000,9681000,-0.476034317192087
8595,306000,9681000,-0.483892148782756
8596,307000,9681000,-0.47816169132319
8597,308000,9681000,-0.465701174198942
8598,309000,9681000,-0.498564570900293
8599,310000,9681000,-0.477019797298052
8600,311000,9681000,-0.483444294349477
8601,312000,9681000,-0.489337622395362
8602,313000,9681000,-0.499142674024643
8603,314000,9681000,-0.492311348135308
8604,315000,9681000,-0.48439622416527
8605,316000,9681000,-0.481871449304426
8606,317000,9681000,-0.495560820993423
8607,318000,9681000,-0.492169441177287
8608,319000,9681000,-0.46511511407663
8609,320000,9681000,-0.482638084587962
8610,321000,9681000,-0.495208557298482
8611,322000,9681000,-0.492188440434953
8612,323000,9681000,-0.495255474912866
8613,324000,9681000,-0.495107068970201
8614,325000,9681000,-0.483433001602113
8615,326000,9681000,-0.476754952705003
8616,327000,9681000,-0.472232088499581
8617,328000,9681000,-0.481153091082042
8618,329000,9681000,-0.473429956375482
8619,330000,9681000,-0.477776580881996
8620,331000,9681000,-0.483775416114752
8621,332000,9681000,-0.48220572446514
8622,333000,9681000,-0.471744554849533
8623,334000,9681000,-0.486052675274436
8624,335000,9681000,-0.482943959517436
8625,336000,9681000,-0.4712039124768
8626,337000,9681000,-0.49298112580043
8627,338000,9681000,-0.475463586737333
8628,339000,9681000,-0.479754423053994
8629,340000,9681000,-0.484146334908853
8630,341000,9681000,-0.470148115157382
8631,342000,9681000,-0.451686388470699
8632,343000,9681000,-0.444629941568411
8633,344000,9681000,-0.458496758175394
8634,345000,9681000,-0.44793406062469
8635,346000,9681000,-0.438517347760724
8636,347000,9681000,-0.426046827420423
8637,348000,9681000,-0.433529578089606
8638,349000,9681000,-0.427099159012509
8639,350000,9681000,-0.43220670381812
8640,351000,9681000,-0.434906554355041
8641,352000,9681000,-0.427471935915155
8642,353000,9681000,-0.441680660618337
8643,354000,9681000,-0.456076686626861
8644,355000,9681000,-0.452285963123721
8645,356000,9681000,-0.464099730607975
8646,357000,9681000,-0.451668596391114
8647,358000,9681000,-0.45731128625417
8648,359000,9681000,-0.453031448683862
8649,360000,9681000,-0.443842664862643
8650,361000,9681000,-0.446746266046274
8651,362000,9681000,-0.454602665178745
8652,363000,9681000,-0.465800053493771
8653,364000,9681000,-0.472932697075833
8654,365000,9681000,-0.462461413087698
8655,366000,9681000,-0.493354843936791
8656,367000,9681000,-0.49726436413458
8657,368000,9681000,-0.500329745151411
8658,369000,9681000,-0.470311049499542
8659,370000,9681000,-0.449705328120728
8660,371000,9681000,-0.462506564127147
8661,372000,9681000,-0.448140980942605
8662,373000,9681000,-0.455311710877353
8663,374000,9681000,-0.45925902717566
8664,375000,9681000,-0.465296444456941
8665,262000,9682000,-0.344344968871099
8666,263000,9682000,-0.387228504040006
8667,264000,9682000,-0.397740160832678
8668,265000,9682000,-0.406625171572516
8669,266000,9682000,-0.416428273507472
8670,267000,9682000,-0.420606244544941
8671,268000,9682000,-0.42793479375317
8672,269000,9682000,-0.398819030204963
8673,270000,9682000,-0.365835165908599
8674,271000,9682000,-0.404374185401523
8675,272000,9682000,-0.446975814796814
8676,273000,9682000,-0.449423419047077
8677,274000,9682000,-0.451879233604799
8678,275000,9682000,-0.4452643850822
8679,276000,9682000,-0.449878846832897
8680,277000,9682000,-0.460166077441839
8681,278000,9682000,-0.430471494886119
8682,279000,9682000,-0.420270067868142
8683,280000,9682000,-0.410296748821204
8684,281000,9682000,-0.404120951123659
8685,282000,9682000,-0.40214663745732
8686,283000,9682000,-0.41198039765141
8687,284000,9682000,-0.433234038133042
8688,285000,9682000,-0.451864982578969
8689,286000,9682000,-0.461343624062057
8690,287000,9682000,-0.462344359249784
8691,288000,9682000,-0.465959196399124
8692,289000,9682000,-0.471595377549386
8693,290000,9682000,-0.472551684855184
8694,291000,9682000,-0.482788366769305
8695,292000,9682000,-0.47093649449035
8696,293000,9682000,-0.470782666886573
8697,294000,9682000,-0.472366684632097
8698,295000,9682000,-0.48600959499645
8699,296000,9682000,-0.492774186386825
8700,297000,9682000,-0.495591006544741
8701,298000,9682000,-0.473913137479465
8702,299000,9682000,-0.479334667664894
8703,3e+05,9682000,-0.496845004600256
8704,301000,9682000,-0.491238027703102
8705,302000,9682000,-0.469573166239237
8706,303000,9682000,-0.483848172109571
8707,304000,9682000,-0.479452699780253
8708,305000,9682000,-0.466435821523454
8709,306000,9682000,-0.487640791228301
8710,307000,9682000,-0.483547437161109
8711,308000,9682000,-0.471487473964564
8712,309000,9682000,-0.472171200672134
8713,310000,9682000,-0.470238635469879
8714,311000,9682000,-0.480921488691759
8715,312000,9682000,-0.464830785270386
8716,313000,9682000,-0.478512058118391
8717,314000,9682000,-0.47080447413372
8718,315000,9682000,-0.465527530025268
8719,316000,9682000,-0.484218785288512
8720,317000,9682000,-0.480258148261185
8721,318000,9682000,-0.476804953874114
8722,319000,9682000,-0.484108301475427
8723,320000,9682000,-0.479737948127797
8724,321000,9682000,-0.478534262796021
8725,322000,9682000,-0.476944132755478
8726,323000,9682000,-0.488220767168786
8727,324000,9682000,-0.481503672359619
8728,325000,9682000,-0.472977569089011
8729,326000,9682000,-0.476719342227959
8730,327000,9682000,-0.473724494612491
8731,328000,9682000,-0.473656257790324
8732,329000,9682000,-0.471849044975837
8733,330000,9682000,-0.472976935044655
8734,331000,9682000,-0.478356691835309
8735,332000,9682000,-0.474901016401826
8736,333000,9682000,-0.477203879366348
8737,334000,9682000,-0.464763608533358
8738,335000,9682000,-0.463508660600205
8739,336000,9682000,-0.464920667321891
8740,337000,9682000,-0.469328151555648
8741,338000,9682000,-0.466733975052569
8742,339000,9682000,-0.48955789735076
8743,340000,9682000,-0.486142531095118
8744,341000,9682000,-0.475774237925755
8745,342000,9682000,-0.461636589195513
8746,343000,9682000,-0.446874342879521
8747,344000,9682000,-0.452403590904338
8748,345000,9682000,-0.438530166288435
8749,346000,9682000,-0.444996701049247
8750,347000,9682000,-0.437422630289139
8751,348000,9682000,-0.427251140231929
8752,349000,9682000,-0.421672583475347
8753,350000,9682000,-0.439429256784458
8754,351000,9682000,-0.435640867601461
8755,352000,9682000,-0.418837435587763
8756,353000,9682000,-0.430031985610625
8757,354000,9682000,-0.429197931554451
8758,355000,9682000,-0.452292331966543
8759,356000,9682000,-0.465966468015476
8760,357000,9682000,-0.454817214838933
8761,358000,9682000,-0.458769402635976
8762,359000,9682000,-0.450065597705283
8763,360000,9682000,-0.450285498350378
8764,361000,9682000,-0.455338953326487
8765,362000,9682000,-0.455223830898681
8766,363000,9682000,-0.458134878286468
8767,364000,9682000,-0.467794944889698
8768,365000,9682000,-0.491264882800038
8769,366000,9682000,-0.499332133347714
8770,367000,9682000,-0.498556539216068
8771,368000,9682000,-0.501091164139793
8772,369000,9682000,-0.489494456300471
8773,370000,9682000,-0.485431846696909
8774,371000,9682000,-0.460053927063943
8775,372000,9682000,-0.450889027249627
8776,373000,9682000,-0.446581917254168
8777,374000,9682000,-0.457318483124597
8778,375000,9682000,-0.469785260422284
8779,262000,9683000,-0.352006716279698
8780,263000,9683000,-0.3910151671331
8781,264000,9683000,-0.396519895500721
8782,265000,9683000,-0.407424030269089
8783,266000,9683000,-0.415628000946955
8784,267000,9683000,-0.412401556045669
8785,268000,9683000,-0.404836109159358
8786,269000,9683000,-0.372211556327607
8787,270000,9683000,-0.398493805357318
8788,271000,9683000,-0.388689367996703
8789,272000,9683000,-0.40856164102494
8790,273000,9683000,-0.432285091031076
8791,274000,9683000,-0.443685402579489
8792,275000,9683000,-0.443811047633525
8793,276000,9683000,-0.455523692611374
8794,277000,9683000,-0.45039438846551
8795,278000,9683000,-0.427103630391214
8796,279000,9683000,-0.434102227230773
8797,280000,9683000,-0.417068605160285
8798,281000,9683000,-0.40351125243251
8799,282000,9683000,-0.399445574759728
8800,283000,9683000,-0.395411566000095
8801,284000,9683000,-0.396903725345073
8802,285000,9683000,-0.402968022506976
8803,286000,9683000,-0.408978501053528
8804,287000,9683000,-0.435304839698428
8805,288000,9683000,-0.464121557271348
8806,289000,9683000,-0.468297051555068
8807,290000,9683000,-0.471588280996572
8808,291000,9683000,-0.473779928301187
8809,292000,9683000,-0.453089350099636
8810,293000,9683000,-0.456144746395213
8811,294000,9683000,-0.470061417167928
8812,295000,9683000,-0.476159880552223
8813,296000,9683000,-0.479893809718637
8814,297000,9683000,-0.475319603775284
8815,298000,9683000,-0.478087931342172
8816,299000,9683000,-0.475024058609466
8817,3e+05,9683000,-0.474519491353821
8818,301000,9683000,-0.471258961906034
8819,302000,9683000,-0.467457472030705
8820,303000,9683000,-0.466952635486552
8821,304000,9683000,-0.467742517122676
8822,305000,9683000,-0.465189832689937
8823,306000,9683000,-0.467230729351802
8824,307000,9683000,-0.477718504906008
8825,308000,9683000,-0.462630290070759
8826,309000,9683000,-0.469610551453952
8827,310000,9683000,-0.46816074470735
8828,311000,9683000,-0.474793439454258
8829,312000,9683000,-0.471248950407489
8830,313000,9683000,-0.473336707879505
8831,314000,9683000,-0.463828833635317
8832,315000,9683000,-0.461696915576654
8833,316000,9683000,-0.458495779306419
8834,317000,9683000,-0.467674243657467
8835,318000,9683000,-0.453050589326567
8836,319000,9683000,-0.472324371571974
8837,320000,9683000,-0.472036813780883
8838,321000,9683000,-0.474016298762286
8839,322000,9683000,-0.472526811333428
8840,323000,9683000,-0.474905692833592
8841,324000,9683000,-0.469878528112864
8842,325000,9683000,-0.469445815813836
8843,326000,9683000,-0.468901740755438
8844,327000,9683000,-0.470346219601079
8845,328000,9683000,-0.464997488559537
8846,329000,9683000,-0.469219877406665
8847,330000,9683000,-0.472708714254537
8848,331000,9683000,-0.474721975434556
8849,332000,9683000,-0.467558754158571
8850,333000,9683000,-0.457786454008081
8851,334000,9683000,-0.45071210350126
8852,335000,9683000,-0.454689324112101
8853,336000,9683000,-0.450653564900214
8854,337000,9683000,-0.453395470826769
8855,338000,9683000,-0.459861422001026
8856,339000,9683000,-0.481329179653756
8857,340000,9683000,-0.484157545879703
8858,341000,9683000,-0.465469729190809
8859,342000,9683000,-0.458006072123605
8860,343000,9683000,-0.455094998998885
8861,344000,9683000,-0.437122630240435
8862,345000,9683000,-0.438710526790384
8863,346000,9683000,-0.432152075902603
8864,347000,9683000,-0.431281813068764
8865,348000,9683000,-0.42468060445491
8866,349000,9683000,-0.417133415415157
8867,350000,9683000,-0.419644079016264
8868,351000,9683000,-0.431750082958629
8869,352000,9683000,-0.424852879692355
8870,353000,9683000,-0.423701304326898
8871,354000,9683000,-0.435845484327765
8872,355000,9683000,-0.447146341216179
8873,356000,9683000,-0.437249048109533
8874,357000,9683000,-0.45060559543192
8875,358000,9683000,-0.464596189523304
8876,359000,9683000,-0.458812504791067
8877,360000,9683000,-0.453185267269662
8878,361000,9683000,-0.447536840008035
8879,362000,9683000,-0.465653963325123
8880,363000,9683000,-0.465823592736495
8881,364000,9683000,-0.483348900439645
8882,365000,9683000,-0.501266769373785
8883,366000,9683000,-0.503134546690723
8884,367000,9683000,-0.502010493398386
8885,368000,9683000,-0.50838551986725
8886,369000,9683000,-0.497639216008866
8887,370000,9683000,-0.487213883015499
8888,371000,9683000,-0.477795716605284
8889,372000,9683000,-0.464670064785833
8890,373000,9683000,-0.445756141198473
8891,374000,9683000,-0.45957195148015
8892,375000,9683000,-0.474253298483741
8893,262000,9684000,-0.358492298981379
8894,263000,9684000,-0.395407823041391
8895,264000,9684000,-0.409318078584237
8896,265000,9684000,-0.404531995116859
8897,266000,9684000,-0.412424083943463
8898,267000,9684000,-0.414602105624013
8899,268000,9684000,-0.386872729047654
8900,269000,9684000,-0.417281422344547
8901,270000,9684000,-0.399580886905185
8902,271000,9684000,-0.411037268597095
8903,272000,9684000,-0.414713293168391
8904,273000,9684000,-0.424129478373754
8905,274000,9684000,-0.431055193352627
8906,275000,9684000,-0.442012443263481
8907,276000,9684000,-0.449033956635022
8908,277000,9684000,-0.430920373701685
8909,278000,9684000,-0.42764700190071
8910,279000,9684000,-0.434859416772911
8911,280000,9684000,-0.423089531140939
8912,281000,9684000,-0.410800796672508
8913,282000,9684000,-0.411557133841187
8914,283000,9684000,-0.402760944271508
8915,284000,9684000,-0.392118889534385
8916,285000,9684000,-0.418433938833898
8917,286000,9684000,-0.425254498202938
8918,287000,9684000,-0.406029864461748
8919,288000,9684000,-0.444334897180936
8920,289000,9684000,-0.462062575186037
8921,290000,9684000,-0.457803148484235
8922,291000,9684000,-0.442741742078712
8923,292000,9684000,-0.446224510076925
8924,293000,9684000,-0.433239609915825
8925,294000,9684000,-0.473094046312509
8926,295000,9684000,-0.46483264183438
8927,296000,9684000,-0.461007935758592
8928,297000,9684000,-0.459626630845035
8929,298000,9684000,-0.468236259180498
8930,299000,9684000,-0.467178757882656
8931,3e+05,9684000,-0.466479730610805
8932,301000,9684000,-0.466226737788203
8933,302000,9684000,-0.462726876198483
8934,303000,9684000,-0.463231722838974
8935,304000,9684000,-0.462331774651573
8936,305000,9684000,-0.461672130611225
8937,306000,9684000,-0.457139590213045
8938,307000,9684000,-0.472700861289531
8939,308000,9684000,-0.456505191344506
8940,309000,9684000,-0.460911130517352
8941,310000,9684000,-0.472078294168528
8942,311000,9684000,-0.465037404193193
8943,312000,9684000,-0.468790310464878
8944,313000,9684000,-0.450075376485987
8945,314000,9684000,-0.455391453217985
8946,315000,9684000,-0.459410989883825
8947,316000,9684000,-0.456199442239052
8948,317000,9684000,-0.467487389595413
8949,318000,9684000,-0.464728119234045
8950,319000,9684000,-0.470930130821277
8951,320000,9684000,-0.466883119263396
8952,321000,9684000,-0.471464576134714
8953,322000,9684000,-0.471867175831989
8954,323000,9684000,-0.472903317030662
8955,324000,9684000,-0.469506477354216
8956,325000,9684000,-0.465988044966695
8957,326000,9684000,-0.468819909171071
8958,327000,9684000,-0.469034533702451
8959,328000,9684000,-0.468568402586865
8960,329000,9684000,-0.470083518207944
8961,330000,9684000,-0.475940371787164
8962,331000,9684000,-0.472994395805424
8963,332000,9684000,-0.459932226203211
8964,333000,9684000,-0.450040542122558
8965,334000,9684000,-0.442084627484706
8966,335000,9684000,-0.448580380573159
8967,336000,9684000,-0.462903637060737
8968,337000,9684000,-0.463354358730683
8969,338000,9684000,-0.454781812946213
8970,339000,9684000,-0.454669201069815
8971,340000,9684000,-0.444821072438003
8972,341000,9684000,-0.460882061735056
8973,342000,9684000,-0.452359549799472
8974,343000,9684000,-0.45414543824316
8975,344000,9684000,-0.452740981468131
8976,345000,9684000,-0.457584830927411
8977,346000,9684000,-0.42105555943102
8978,347000,9684000,-0.418353201746635
8979,348000,9684000,-0.431601138061184
8980,349000,9684000,-0.414457432513517
8981,350000,9684000,-0.424973571004132
8982,351000,9684000,-0.42298995494874
8983,352000,9684000,-0.408769922295397
8984,353000,9684000,-0.402490065002133
8985,354000,9684000,-0.410240167030509
8986,355000,9684000,-0.434810966555474
8987,356000,9684000,-0.440212214333003
8988,357000,9684000,-0.428363950427055
8989,358000,9684000,-0.46409853537239
8990,359000,9684000,-0.468848819005502
8991,360000,9684000,-0.474753804279593
8992,361000,9684000,-0.462723557292996
8993,362000,9684000,-0.462878403921641
8994,363000,9684000,-0.480200007865695
8995,364000,9684000,-0.48953628376671
8996,365000,9684000,-0.493275296178601
8997,366000,9684000,-0.497645617691923
8998,367000,9684000,-0.497085567926584
8999,368000,9684000,-0.496933641134459
9000,369000,9684000,-0.494314756346423
9001,370000,9684000,-0.495355014532766
9002,371000,9684000,-0.485133053066336
9003,372000,9684000,-0.469322595002665
9004,373000,9684000,-0.445863971996887
9005,374000,9684000,-0.459966027056507
9006,375000,9684000,-0.478778122578913
9007,262000,9685000,-0.365551459138675
9008,263000,9685000,-0.402375511361789
9009,264000,9685000,-0.406822880150948
9010,265000,9685000,-0.40969563908228
9011,266000,9685000,-0.410493028325405
9012,267000,9685000,-0.401896386030251
9013,268000,9685000,-0.39646204164467
9014,269000,9685000,-0.395669643434076
9015,270000,9685000,-0.395917236052116
9016,271000,9685000,-0.408119872664003
9017,272000,9685000,-0.411802974846144
9018,273000,9685000,-0.42653979035265
9019,274000,9685000,-0.42932143529594
9020,275000,9685000,-0.433230710909621
9021,276000,9685000,-0.443199451771219
9022,277000,9685000,-0.440829654179559
9023,278000,9685000,-0.443059533543812
9024,279000,9685000,-0.441858335253905
9025,280000,9685000,-0.432321385132454
9026,281000,9685000,-0.401311034868444
9027,282000,9685000,-0.405284570725145
9028,283000,9685000,-0.422747659676007
9029,284000,9685000,-0.394744741596067
9030,285000,9685000,-0.411338986170233
9031,286000,9685000,-0.433647311946043
9032,287000,9685000,-0.408329241894282
9033,288000,9685000,-0.457986311580366
9034,289000,9685000,-0.448775842607099
9035,290000,9685000,-0.426592330717073
9036,291000,9685000,-0.423129551812575
9037,292000,9685000,-0.438168410867391
9038,293000,9685000,-0.451901153721739
9039,294000,9685000,-0.469317606666425
9040,295000,9685000,-0.461853633561809
9041,296000,9685000,-0.46592263549872
9042,297000,9685000,-0.456416364955991
9043,298000,9685000,-0.457352463636278
9044,299000,9685000,-0.474192393916625
9045,3e+05,9685000,-0.468131727834872
9046,301000,9685000,-0.465216930524283
9047,302000,9685000,-0.462852804533817
9048,303000,9685000,-0.463424057244053
9049,304000,9685000,-0.445541864637874
9050,305000,9685000,-0.465628562338895
9051,306000,9685000,-0.460705131489609
9052,307000,9685000,-0.453545091455132
9053,308000,9685000,-0.449601095541394
9054,309000,9685000,-0.461870717505285
9055,310000,9685000,-0.462700444839041
9056,311000,9685000,-0.441678565084708
9057,312000,9685000,-0.465487470602028
9058,313000,9685000,-0.448296087132038
9059,314000,9685000,-0.466167719816271
9060,315000,9685000,-0.449317865196639
9061,316000,9685000,-0.445568296810392
9062,317000,9685000,-0.454478115571378
9063,318000,9685000,-0.463850732944671
9064,319000,9685000,-0.463171814833812
9065,320000,9685000,-0.460405993084238
9066,321000,9685000,-0.478361441545314
9067,322000,9685000,-0.469542622665279
9068,323000,9685000,-0.47778764957022
9069,324000,9685000,-0.483573949022197
9070,325000,9685000,-0.462390229075091
9071,326000,9685000,-0.485409665103484
9072,327000,9685000,-0.471103651684341
9073,328000,9685000,-0.467836102841693
9074,329000,9685000,-0.471579799174481
9075,330000,9685000,-0.470735828102598
9076,331000,9685000,-0.464410014125272
9077,332000,9685000,-0.453281054671969
9078,333000,9685000,-0.455641494119156
9079,334000,9685000,-0.448011382638571
9080,335000,9685000,-0.447778754161711
9081,336000,9685000,-0.455961764410888
9082,337000,9685000,-0.457746926079622
9083,338000,9685000,-0.458655002776211
9084,339000,9685000,-0.445212515825577
9085,340000,9685000,-0.445894448968105
9086,341000,9685000,-0.457567458334257
9087,342000,9685000,-0.455912609015484
9088,343000,9685000,-0.445240508187979
9089,344000,9685000,-0.451414656774785
9090,345000,9685000,-0.455303139331688
9091,346000,9685000,-0.439115805895315
9092,347000,9685000,-0.429075207919284
9093,348000,9685000,-0.421643622392735
9094,349000,9685000,-0.41610877214753
9095,350000,9685000,-0.412729988641877
9096,351000,9685000,-0.423000869225649
9097,352000,9685000,-0.385320384373447
9098,353000,9685000,-0.380602466364168
9099,354000,9685000,-0.411324779520044
9100,355000,9685000,-0.416803400757448
9101,356000,9685000,-0.416715933875492
9102,357000,9685000,-0.421872423730047
9103,358000,9685000,-0.459619419846199
9104,359000,9685000,-0.470398354697734
9105,360000,9685000,-0.474033954611813
9106,361000,9685000,-0.470425497685988
9107,362000,9685000,-0.461982527219244
9108,363000,9685000,-0.47398027317903
9109,364000,9685000,-0.484789683337628
9110,365000,9685000,-0.496451580192879
9111,366000,9685000,-0.4984248974901
9112,367000,9685000,-0.494471460947256
9113,368000,9685000,-0.494383811735895
9114,369000,9685000,-0.491114595303023
9115,370000,9685000,-0.500534838468699
9116,371000,9685000,-0.497254872639471
9117,372000,9685000,-0.494520967913314
9118,373000,9685000,-0.456685557735222
9119,374000,9685000,-0.471305338355042
9120,375000,9685000,-0.486753309134187
9121,262000,9686000,-0.375380815100715
9122,263000,9686000,-0.397395795881891
9123,264000,9686000,-0.403228322253962
9124,265000,9686000,-0.403028913759427
9125,266000,9686000,-0.398599798888251
9126,267000,9686000,-0.390771220048308
9127,268000,9686000,-0.393710510038813
9128,269000,9686000,-0.395680587993223
9129,270000,9686000,-0.402869518280575
9130,271000,9686000,-0.411965415715855
9131,272000,9686000,-0.412859557138068
9132,273000,9686000,-0.420906481852223
9133,274000,9686000,-0.422533144612412
9134,275000,9686000,-0.443576692882443
9135,276000,9686000,-0.446770077496146
9136,277000,9686000,-0.434750004415352
9137,278000,9686000,-0.450166434981559
9138,279000,9686000,-0.431648320811711
9139,280000,9686000,-0.419341676571716
9140,281000,9686000,-0.401872583593707
9141,282000,9686000,-0.390224414712872
9142,283000,9686000,-0.400962528502605
9143,284000,9686000,-0.394187260709099
9144,285000,9686000,-0.405077040433191
9145,286000,9686000,-0.424261788512389
9146,287000,9686000,-0.410000318666884
9147,288000,9686000,-0.447618366178465
9148,289000,9686000,-0.45678987997183
9149,290000,9686000,-0.41224018859888
9150,291000,9686000,-0.432244762653682
9151,292000,9686000,-0.451078478555732
9152,293000,9686000,-0.441257109035111
9153,294000,9686000,-0.447010979529842
9154,295000,9686000,-0.451802122108871
9155,296000,9686000,-0.46979897211194
9156,297000,9686000,-0.468270964466346
9157,298000,9686000,-0.464667479350909
9158,299000,9686000,-0.465726280877769
9159,3e+05,9686000,-0.4721862266905
9160,301000,9686000,-0.459303028116033
9161,302000,9686000,-0.461720678812818
9162,303000,9686000,-0.461998335720699
9163,304000,9686000,-0.470683922978506
9164,305000,9686000,-0.451280758043059
9165,306000,9686000,-0.453105524612985
9166,307000,9686000,-0.455745249422421
9167,308000,9686000,-0.45768864209919
9168,309000,9686000,-0.461246756042541
9169,310000,9686000,-0.459455762109507
9170,311000,9686000,-0.454219889447249
9171,312000,9686000,-0.44399033175534
9172,313000,9686000,-0.439213690836709
9173,314000,9686000,-0.456719554755259
9174,315000,9686000,-0.448099330203883
9175,316000,9686000,-0.468791917695014
9176,317000,9686000,-0.453735923053833
9177,318000,9686000,-0.450096788011546
9178,319000,9686000,-0.460783550830577
9179,320000,9686000,-0.465719319597375
9180,321000,9686000,-0.464596692742412
9181,322000,9686000,-0.465701817302453
9182,323000,9686000,-0.471563536688061
9183,324000,9686000,-0.479282392375986
9184,325000,9686000,-0.466348613678119
9185,326000,9686000,-0.48232086340522
9186,327000,9686000,-0.472292984351347
9187,328000,9686000,-0.462181243218244
9188,329000,9686000,-0.466412835186414
9189,330000,9686000,-0.462749871912641
9190,331000,9686000,-0.456394587139423
9191,332000,9686000,-0.456812568711443
9192,333000,9686000,-0.448115849941605
9193,334000,9686000,-0.434689194353771
9194,335000,9686000,-0.444456592160038
9195,336000,9686000,-0.44717386923805
9196,337000,9686000,-0.44782474839835
9197,338000,9686000,-0.445298364729244
9198,339000,9686000,-0.446297260380308
9199,340000,9686000,-0.449385025247307
9200,341000,9686000,-0.447266468964925
9201,342000,9686000,-0.444369013471024
9202,343000,9686000,-0.450950711998152
9203,344000,9686000,-0.455962700732229
9204,345000,9686000,-0.453505140087622
9205,346000,9686000,-0.454693570727239
9206,347000,9686000,-0.410603191638124
9207,348000,9686000,-0.419464356135402
9208,349000,9686000,-0.418614902749073
9209,350000,9686000,-0.41149252320988
9210,351000,9686000,-0.416456988040982
9211,352000,9686000,-0.394871412889581
9212,353000,9686000,-0.391744586426946
9213,354000,9686000,-0.408555837686714
9214,355000,9686000,-0.414488285437581
9215,356000,9686000,-0.409876799204677
9216,357000,9686000,-0.436958913927577
9217,358000,9686000,-0.463067732646849
9218,359000,9686000,-0.472056444092575
9219,360000,9686000,-0.467838513245816
9220,361000,9686000,-0.480631773898146
9221,362000,9686000,-0.482790738802532
9222,363000,9686000,-0.476313322514819
9223,364000,9686000,-0.49290697418839
9224,365000,9686000,-0.494361403424156
9225,366000,9686000,-0.496514624526734
9226,367000,9686000,-0.494465675420493
9227,368000,9686000,-0.495903652424067
9228,369000,9686000,-0.493531071273168
9229,370000,9686000,-0.494170991819604
9230,371000,9686000,-0.495905027365902
9231,372000,9686000,-0.494111869449452
9232,373000,9686000,-0.476045733934449
9233,374000,9686000,-0.475001940211605
9234,375000,9686000,-0.49413630373863
9235,262000,9687000,-0.385613803822975
9236,263000,9687000,-0.394116863276129
9237,264000,9687000,-0.399141010110006
9238,265000,9687000,-0.396966811285088
9239,266000,9687000,-0.392573757213557
9240,267000,9687000,-0.393823451801982
9241,268000,9687000,-0.396686353838593
9242,269000,9687000,-0.399389978194528
9243,270000,9687000,-0.407666156463305
9244,271000,9687000,-0.41769763279183
9245,272000,9687000,-0.420710285786932
9246,273000,9687000,-0.425352963567142
9247,274000,9687000,-0.442386832435085
9248,275000,9687000,-0.445391561699218
9249,276000,9687000,-0.444395608850137
9250,277000,9687000,-0.417996755564211
9251,278000,9687000,-0.445142646254734
9252,279000,9687000,-0.426461565158081
9253,280000,9687000,-0.417433705485019
9254,281000,9687000,-0.407563738270471
9255,282000,9687000,-0.402872546452595
9256,283000,9687000,-0.398633234278022
9257,284000,9687000,-0.389287852347077
9258,285000,9687000,-0.399334487997292
9259,286000,9687000,-0.460322378314466
9260,287000,9687000,-0.412782132181195
9261,288000,9687000,-0.427002474369071
9262,289000,9687000,-0.422581338092209
9263,290000,9687000,-0.421066294051235
9264,291000,9687000,-0.443757120857944
9265,292000,9687000,-0.432784072332004
9266,293000,9687000,-0.422641907002512
9267,294000,9687000,-0.431894557920809
9268,295000,9687000,-0.449378849045672
9269,296000,9687000,-0.437594073189398
9270,297000,9687000,-0.444513060151529
9271,298000,9687000,-0.453322117636595
9272,299000,9687000,-0.466150478544132
9273,3e+05,9687000,-0.441999586466009
9274,301000,9687000,-0.464023879314934
9275,302000,9687000,-0.450702910568899
9276,303000,9687000,-0.447967595764855
9277,304000,9687000,-0.43784297773698
9278,305000,9687000,-0.449482973060703
9279,306000,9687000,-0.45459504153177
9280,307000,9687000,-0.467747888821061
9281,308000,9687000,-0.457749366549317
9282,309000,9687000,-0.466672475910637
9283,310000,9687000,-0.458310250477635
9284,311000,9687000,-0.437313357826119
9285,312000,9687000,-0.42572201465914
9286,313000,9687000,-0.428669137544738
9287,314000,9687000,-0.43370861522662
9288,315000,9687000,-0.438983985149087
9289,316000,9687000,-0.448459594657549
9290,317000,9687000,-0.442103951571628
9291,318000,9687000,-0.446427117712989
9292,319000,9687000,-0.426036705430415
9293,320000,9687000,-0.427750620161453
9294,321000,9687000,-0.462011421456671
9295,322000,9687000,-0.466386904780081
9296,323000,9687000,-0.474560574544392
9297,324000,9687000,-0.470446263441654
9298,325000,9687000,-0.46507734201388
9299,326000,9687000,-0.466334486184717
9300,327000,9687000,-0.452028886762722
9301,328000,9687000,-0.457980448195885
9302,329000,9687000,-0.461685078750431
9303,330000,9687000,-0.454232115032316
9304,331000,9687000,-0.449943647268917
9305,332000,9687000,-0.447732932720782
9306,333000,9687000,-0.442791875987363
9307,334000,9687000,-0.439584841483113
9308,335000,9687000,-0.436091324224913
9309,336000,9687000,-0.436714489277229
9310,337000,9687000,-0.437857366276357
9311,338000,9687000,-0.437422275613106
9312,339000,9687000,-0.441267102166442
9313,340000,9687000,-0.434482574442629
9314,341000,9687000,-0.447959028148979
9315,342000,9687000,-0.44702075174039
9316,343000,9687000,-0.450488266861214
9317,344000,9687000,-0.44927715676447
9318,345000,9687000,-0.460852265789194
9319,346000,9687000,-0.433566307683895
9320,347000,9687000,-0.456407123237235
9321,348000,9687000,-0.408651418569107
9322,349000,9687000,-0.401634682217786
9323,350000,9687000,-0.399514572513649
9324,351000,9687000,-0.40168317461528
9325,352000,9687000,-0.401977207532194
9326,353000,9687000,-0.382719374640189
9327,354000,9687000,-0.413704604729392
9328,355000,9687000,-0.408235398348235
9329,356000,9687000,-0.411059649230976
9330,357000,9687000,-0.439867478894637
9331,358000,9687000,-0.445318546019907
9332,359000,9687000,-0.458392412375114
9333,360000,9687000,-0.468327746185212
9334,361000,9687000,-0.478132921086598
9335,362000,9687000,-0.487938880434083
9336,363000,9687000,-0.492178206062586
9337,364000,9687000,-0.496997127087573
9338,365000,9687000,-0.497858468748125
9339,366000,9687000,-0.49621797089754
9340,367000,9687000,-0.495333312730041
9341,368000,9687000,-0.494513097112526
9342,369000,9687000,-0.493438822619883
9343,370000,9687000,-0.496774011401945
9344,371000,9687000,-0.499683136843859
9345,372000,9687000,-0.498415652829773
9346,373000,9687000,-0.484039167534805
9347,374000,9687000,-0.496484891945795
9348,375000,9687000,-0.500756143777677
9349,262000,9688000,-0.394557846443204
9350,263000,9688000,-0.39164526715427
9351,264000,9688000,-0.392879224478413
9352,265000,9688000,-0.392145274272187
9353,266000,9688000,-0.39283314135907
9354,267000,9688000,-0.394462955886398
9355,268000,9688000,-0.398658725295108
9356,269000,9688000,-0.401162207691732
9357,270000,9688000,-0.406898279619786
9358,271000,9688000,-0.414966247097459
9359,272000,9688000,-0.425145200468522
9360,273000,9688000,-0.42454336889346
9361,274000,9688000,-0.434737161918586
9362,275000,9688000,-0.446281542345915
9363,276000,9688000,-0.442485341029121
9364,277000,9688000,-0.433276699742975
9365,278000,9688000,-0.444705988791354
9366,279000,9688000,-0.434645901959691
9367,280000,9688000,-0.428571934813383
9368,281000,9688000,-0.41168080037062
9369,282000,9688000,-0.405585390196238
9370,283000,9688000,-0.407258210943072
9371,284000,9688000,-0.38737532438094
9372,285000,9688000,-0.391590391350515
9373,286000,9688000,-0.422072117393704
9374,287000,9688000,-0.437655249064957
9375,288000,9688000,-0.43008075089775
9376,289000,9688000,-0.42331093581727
9377,290000,9688000,-0.425526140415744
9378,291000,9688000,-0.418062445101035
9379,292000,9688000,-0.427834866659405
9380,293000,9688000,-0.430872742739768
9381,294000,9688000,-0.433200186435694
9382,295000,9688000,-0.435739780477664
9383,296000,9688000,-0.433605753446572
9384,297000,9688000,-0.435930800952806
9385,298000,9688000,-0.426333462420997
9386,299000,9688000,-0.448420815893547
9387,3e+05,9688000,-0.479733159130945
9388,301000,9688000,-0.460798788715422
9389,302000,9688000,-0.456618091280377
9390,303000,9688000,-0.452123457727414
9391,304000,9688000,-0.453670971221948
9392,305000,9688000,-0.44933940623228
9393,306000,9688000,-0.452259800440376
9394,307000,9688000,-0.45592763038984
9395,308000,9688000,-0.454131815676725
9396,309000,9688000,-0.457219003211397
9397,310000,9688000,-0.442299392416275
9398,311000,9688000,-0.436260436946113
9399,312000,9688000,-0.433764430210008
9400,313000,9688000,-0.443490119844524
9401,314000,9688000,-0.439303592660972
9402,315000,9688000,-0.426234480078049
9403,316000,9688000,-0.425472797298007
9404,317000,9688000,-0.429400826243423
9405,318000,9688000,-0.432897994497003
9406,319000,9688000,-0.418599709981414
9407,320000,9688000,-0.432771139046616
9408,321000,9688000,-0.428127603251677
9409,322000,9688000,-0.419291106487641
9410,323000,9688000,-0.44611762802339
9411,324000,9688000,-0.459154490309862
9412,325000,9688000,-0.450383751119469
9413,326000,9688000,-0.444990099765492
9414,327000,9688000,-0.449239038430159
9415,328000,9688000,-0.447240777851817
9416,329000,9688000,-0.44717342685002
9417,330000,9688000,-0.442861634494183
9418,331000,9688000,-0.443662904114619
9419,332000,9688000,-0.445358218895537
9420,333000,9688000,-0.444286777893211
9421,334000,9688000,-0.432191938549743
9422,335000,9688000,-0.436809101902984
9423,336000,9688000,-0.436336828592817
9424,337000,9688000,-0.428253155181244
9425,338000,9688000,-0.435592057347231
9426,339000,9688000,-0.439946935476489
9427,340000,9688000,-0.449058554978935
9428,341000,9688000,-0.446846269547333
9429,342000,9688000,-0.450363817507683
9430,343000,9688000,-0.450627379571664
9431,344000,9688000,-0.449840613153602
9432,345000,9688000,-0.433107850100025
9433,346000,9688000,-0.439762619940047
9434,347000,9688000,-0.44922191536052
9435,348000,9688000,-0.401911616946512
9436,349000,9688000,-0.408304752391165
9437,350000,9688000,-0.390436719857541
9438,351000,9688000,-0.401301156171226
9439,352000,9688000,-0.404111101206953
9440,353000,9688000,-0.406432148525413
9441,354000,9688000,-0.410120324708499
9442,355000,9688000,-0.419105782238885
9443,356000,9688000,-0.420104132044486
9444,357000,9688000,-0.442565897549957
9445,358000,9688000,-0.43363415643048
9446,359000,9688000,-0.439994860530166
9447,360000,9688000,-0.477476262062865
9448,361000,9688000,-0.477007242787765
9449,362000,9688000,-0.460067823632663
9450,363000,9688000,-0.490184731152299
9451,364000,9688000,-0.497173250421037
9452,365000,9688000,-0.494050769448592
9453,366000,9688000,-0.50023154484048
9454,367000,9688000,-0.493650804152112
9455,368000,9688000,-0.492429152989601
9456,369000,9688000,-0.494947354388178
9457,370000,9688000,-0.500098536739149
9458,371000,9688000,-0.495590925315534
9459,372000,9688000,-0.498486335599081
9460,373000,9688000,-0.480904725846124
9461,374000,9688000,-0.488591739947736
9462,375000,9688000,-0.503361393519223
9463,262000,9689000,-0.401941861483479
9464,263000,9689000,-0.3899998989885
9465,264000,9689000,-0.392128049086738
9466,265000,9689000,-0.392780448306457
9467,266000,9689000,-0.391763938489464
9468,267000,9689000,-0.394517149850794
9469,268000,9689000,-0.398708986223143
9470,269000,9689000,-0.401584958401835
9471,270000,9689000,-0.405029951974676
9472,271000,9689000,-0.403365337743272
9473,272000,9689000,-0.416865905635134
9474,273000,9689000,-0.42779232920485
9475,274000,9689000,-0.43005319067673
9476,275000,9689000,-0.438703120054712
9477,276000,9689000,-0.436081546814125
9478,277000,9689000,-0.43661552490022
9479,278000,9689000,-0.445484340966112
9480,279000,9689000,-0.438859086089532
9481,280000,9689000,-0.421964774165742
9482,281000,9689000,-0.409966495957867
9483,282000,9689000,-0.395221050850812
9484,283000,9689000,-0.394374141899279
9485,284000,9689000,-0.400691385044476
9486,285000,9689000,-0.389841331968498
9487,286000,9689000,-0.40418930179082
9488,287000,9689000,-0.43076795092245
9489,288000,9689000,-0.444560726893744
9490,289000,9689000,-0.432813129054334
9491,290000,9689000,-0.439608378006077
9492,291000,9689000,-0.440071075431333
9493,292000,9689000,-0.432653458420258
9494,293000,9689000,-0.433802460000726
9495,294000,9689000,-0.430085594952612
9496,295000,9689000,-0.428346462198384
9497,296000,9689000,-0.429643342479617
9498,297000,9689000,-0.435846073843559
9499,298000,9689000,-0.440201603998735
9500,299000,9689000,-0.429947217897319
9501,3e+05,9689000,-0.447339629203738
9502,301000,9689000,-0.448462818143866
9503,302000,9689000,-0.452724102094721
9504,303000,9689000,-0.460515850975097
9505,304000,9689000,-0.444618061742991
9506,305000,9689000,-0.456537876710913
9507,306000,9689000,-0.460198171103088
9508,307000,9689000,-0.459791921376157
9509,308000,9689000,-0.461526981812716
9510,309000,9689000,-0.459979595674425
9511,310000,9689000,-0.452260953251242
9512,311000,9689000,-0.460674097268183
9513,312000,9689000,-0.456892804550012
9514,313000,9689000,-0.453388544216069
9515,314000,9689000,-0.440826040859554
9516,315000,9689000,-0.439285683957308
9517,316000,9689000,-0.421481267428057
9518,317000,9689000,-0.417291384750974
9519,318000,9689000,-0.423979355116665
9520,319000,9689000,-0.418851049446026
9521,320000,9689000,-0.437533391813952
9522,321000,9689000,-0.420963699772994
9523,322000,9689000,-0.425609004650229
9524,323000,9689000,-0.427017534073762
9525,324000,9689000,-0.446848137753165
9526,325000,9689000,-0.447246284582521
9527,326000,9689000,-0.447825333947756
9528,327000,9689000,-0.443089500486987
9529,328000,9689000,-0.442356066946272
9530,329000,9689000,-0.444160013580015
9531,330000,9689000,-0.444056193227418
9532,331000,9689000,-0.444731707956543
9533,332000,9689000,-0.442513924852964
9534,333000,9689000,-0.440846999169354
9535,334000,9689000,-0.444282761901143
9536,335000,9689000,-0.431355246938398
9537,336000,9689000,-0.440874734553372
9538,337000,9689000,-0.441334170337448
9539,338000,9689000,-0.441211524039038
9540,339000,9689000,-0.446794067094195
9541,340000,9689000,-0.435983528066404
9542,341000,9689000,-0.43886728658347
9543,342000,9689000,-0.442507870744433
9544,343000,9689000,-0.437820355738464
9545,344000,9689000,-0.452987199144825
9546,345000,9689000,-0.442778873466735
9547,346000,9689000,-0.439826070363615
9548,347000,9689000,-0.425356999044661
9549,348000,9689000,-0.397888343078185
9550,349000,9689000,-0.390882717941565
9551,350000,9689000,-0.392328224554571
9552,351000,9689000,-0.403102721794746
9553,352000,9689000,-0.403459731672762
9554,353000,9689000,-0.412180598344917
9555,354000,9689000,-0.415919316143347
9556,355000,9689000,-0.416405328081823
9557,356000,9689000,-0.419311181307422
9558,357000,9689000,-0.425564130974106
9559,358000,9689000,-0.44547768199873
9560,359000,9689000,-0.472042223998222
9561,360000,9689000,-0.461664097971202
9562,361000,9689000,-0.484014334380449
9563,362000,9689000,-0.488715884177527
9564,363000,9689000,-0.493011584030193
9565,364000,9689000,-0.493163052098865
9566,365000,9689000,-0.496864634845283
9567,366000,9689000,-0.497461389352522
9568,367000,9689000,-0.499056251002691
9569,368000,9689000,-0.500557289595701
9570,369000,9689000,-0.501765169275845
9571,370000,9689000,-0.497964090882127
9572,371000,9689000,-0.497926187413025
9573,372000,9689000,-0.481607418644287
9574,373000,9689000,-0.479992896087125
9575,374000,9689000,-0.482037562517255
9576,375000,9689000,-0.505392764623105
9577,262000,9690000,-0.409315986871008
9578,263000,9690000,-0.392184519852329
9579,264000,9690000,-0.391778260681197
9580,265000,9690000,-0.393523512428386
9581,266000,9690000,-0.391265570936245
9582,267000,9690000,-0.395803488344462
9583,268000,9690000,-0.39795164534508
9584,269000,9690000,-0.397995978405597
9585,270000,9690000,-0.397321120405748
9586,271000,9690000,-0.404674275035475
9587,272000,9690000,-0.409824256699214
9588,273000,9690000,-0.419977865288686
9589,274000,9690000,-0.43595813037354
9590,275000,9690000,-0.429696773702516
9591,276000,9690000,-0.433873577210956
9592,277000,9690000,-0.454228720798649
9593,278000,9690000,-0.448514771952236
9594,279000,9690000,-0.437872253572593
9595,280000,9690000,-0.419443616102867
9596,281000,9690000,-0.414684798695906
9597,282000,9690000,-0.399630019594966
9598,283000,9690000,-0.39975993509774
9599,284000,9690000,-0.390573121782187
9600,285000,9690000,-0.40390321288844
9601,286000,9690000,-0.42051480421302
9602,287000,9690000,-0.435867806895544
9603,288000,9690000,-0.447720152554647
9604,289000,9690000,-0.432266444398358
9605,290000,9690000,-0.440856068691365
9606,291000,9690000,-0.453967592910337
9607,292000,9690000,-0.440405974275515
9608,293000,9690000,-0.435444601060973
9609,294000,9690000,-0.441997457880604
9610,295000,9690000,-0.447346209304045
9611,296000,9690000,-0.435414746301796
9612,297000,9690000,-0.427410850516061
9613,298000,9690000,-0.429593968979784
9614,299000,9690000,-0.448213230551821
9615,3e+05,9690000,-0.445985148095216
9616,301000,9690000,-0.462524788454563
9617,302000,9690000,-0.460936031588773
9618,303000,9690000,-0.461108716527512
9619,304000,9690000,-0.462309941621252
9620,305000,9690000,-0.465805664263039
9621,306000,9690000,-0.460146815356841
9622,307000,9690000,-0.460580497091701
9623,308000,9690000,-0.462593646933017
9624,309000,9690000,-0.465684713811338
9625,310000,9690000,-0.468062522311843
9626,311000,9690000,-0.470665619139807
9627,312000,9690000,-0.463554179879036
9628,313000,9690000,-0.462685918825593
9629,314000,9690000,-0.45229156354831
9630,315000,9690000,-0.441115945079008
9631,316000,9690000,-0.429756860406545
9632,317000,9690000,-0.435764497387115
9633,318000,9690000,-0.428533721629902
9634,319000,9690000,-0.44038423844164
9635,320000,9690000,-0.421381333495906
9636,321000,9690000,-0.42331385107068
9637,322000,9690000,-0.413663130330894
9638,323000,9690000,-0.418903513447753
9639,324000,9690000,-0.415782205295411
9640,325000,9690000,-0.42821799207515
9641,326000,9690000,-0.438853015677468
9642,327000,9690000,-0.442864831319708
9643,328000,9690000,-0.442506795116305
9644,329000,9690000,-0.444727466645202
9645,330000,9690000,-0.442942559507394
9646,331000,9690000,-0.444475382481775
9647,332000,9690000,-0.446379902505689
9648,333000,9690000,-0.446241396170174
9649,334000,9690000,-0.44738140678465
9650,335000,9690000,-0.451526641745276
9651,336000,9690000,-0.452899271746512
9652,337000,9690000,-0.447909843004757
9653,338000,9690000,-0.443089922261237
9654,339000,9690000,-0.441965282823662
9655,340000,9690000,-0.44726671240658
9656,341000,9690000,-0.427556674590965
9657,342000,9690000,-0.432720832788109
9658,343000,9690000,-0.440044950922472
9659,344000,9690000,-0.44316966676923
9660,345000,9690000,-0.445469630680779
9661,346000,9690000,-0.445308374310049
9662,347000,9690000,-0.430132501700955
9663,348000,9690000,-0.407873819920883
9664,349000,9690000,-0.395969632988022
9665,350000,9690000,-0.38935184497422
9666,351000,9690000,-0.408902181388398
9667,352000,9690000,-0.414121254153936
9668,353000,9690000,-0.419472453304388
9669,354000,9690000,-0.415083500016347
9670,355000,9690000,-0.424726681793163
9671,356000,9690000,-0.414662043429424
9672,357000,9690000,-0.428420360467096
9673,358000,9690000,-0.456548712586243
9674,359000,9690000,-0.459476947018386
9675,360000,9690000,-0.485289723245412
9676,361000,9690000,-0.47369643069344
9677,362000,9690000,-0.482772276944294
9678,363000,9690000,-0.481168181754891
9679,364000,9690000,-0.490317488063553
9680,365000,9690000,-0.497764273709702
9681,366000,9690000,-0.493050185005604
9682,367000,9690000,-0.494377533040612
9683,368000,9690000,-0.496272006182435
9684,369000,9690000,-0.49261155107754
9685,370000,9690000,-0.492643029636306
9686,371000,9690000,-0.48386438031044
9687,372000,9690000,-0.478840391344816
9688,373000,9690000,-0.480457749576339
9689,374000,9690000,-0.483564951824515
9690,375000,9690000,-0.506300259690985
9691,262000,9691000,-0.417656315000527
9692,263000,9691000,-0.398017756813145
9693,264000,9691000,-0.398373656536883
9694,265000,9691000,-0.397433713145325
9695,266000,9691000,-0.395857654656868
9696,267000,9691000,-0.394423888583475
9697,268000,9691000,-0.396133859183243
9698,269000,9691000,-0.394596324988391
9699,270000,9691000,-0.398433036118763
9700,271000,9691000,-0.408958558658208
9701,272000,9691000,-0.403671916266402
9702,273000,9691000,-0.415127741363958
9703,274000,9691000,-0.422785093457965
9704,275000,9691000,-0.426681560339592
9705,276000,9691000,-0.447256129187508
9706,277000,9691000,-0.458840347419103
9707,278000,9691000,-0.435997773695394
9708,279000,9691000,-0.438668579129741
9709,280000,9691000,-0.438505818955512
9710,281000,9691000,-0.444517813555197
9711,282000,9691000,-0.425205664813995
9712,283000,9691000,-0.398219488424943
9713,284000,9691000,-0.415691773807485
9714,285000,9691000,-0.41523429535799
9715,286000,9691000,-0.398612097155956
9716,287000,9691000,-0.423801534602809
9717,288000,9691000,-0.451640557226571
9718,289000,9691000,-0.456407373886938
9719,290000,9691000,-0.458943743803941
9720,291000,9691000,-0.445744077966709
9721,292000,9691000,-0.442879725983849
9722,293000,9691000,-0.444649693611945
9723,294000,9691000,-0.448920869309292
9724,295000,9691000,-0.449835543893221
9725,296000,9691000,-0.433537765220367
9726,297000,9691000,-0.440752700389281
9727,298000,9691000,-0.446475439709223
9728,299000,9691000,-0.439046433158141
9729,3e+05,9691000,-0.445720992094986
9730,301000,9691000,-0.45637512237468
9731,302000,9691000,-0.469682093468577
9732,303000,9691000,-0.465600966388778
9733,304000,9691000,-0.469935988576153
9734,305000,9691000,-0.467707917597986
9735,306000,9691000,-0.462138093536818
9736,307000,9691000,-0.462526467222762
9737,308000,9691000,-0.465316713146489
9738,309000,9691000,-0.46658320164689
9739,310000,9691000,-0.459760255338178
9740,311000,9691000,-0.465455482145463
9741,312000,9691000,-0.464276540064709
9742,313000,9691000,-0.461890964912096
9743,314000,9691000,-0.455534301809497
9744,315000,9691000,-0.451465102219095
9745,316000,9691000,-0.446039659579324
9746,317000,9691000,-0.433748813803594
9747,318000,9691000,-0.422043932071082
9748,319000,9691000,-0.415109513772138
9749,320000,9691000,-0.416039325915796
9750,321000,9691000,-0.413382037059128
9751,322000,9691000,-0.415284164798506
9752,323000,9691000,-0.417814335803622
9753,324000,9691000,-0.415643029029219
9754,325000,9691000,-0.435689076077366
9755,326000,9691000,-0.462388798739857
9756,327000,9691000,-0.459772399485591
9757,328000,9691000,-0.451513979078633
9758,329000,9691000,-0.450001895265691
9759,330000,9691000,-0.456712202245119
9760,331000,9691000,-0.456732295858977
9761,332000,9691000,-0.450581033675452
9762,333000,9691000,-0.448712760814044
9763,334000,9691000,-0.449330778617385
9764,335000,9691000,-0.457292492000401
9765,336000,9691000,-0.455251595506555
9766,337000,9691000,-0.451415243159489
9767,338000,9691000,-0.446034918033022
9768,339000,9691000,-0.444633115815054
9769,340000,9691000,-0.447294711306593
9770,341000,9691000,-0.446199871835812
9771,342000,9691000,-0.433538438778384
9772,343000,9691000,-0.43778866416877
9773,344000,9691000,-0.438023316247029
9774,345000,9691000,-0.436800695703463
9775,346000,9691000,-0.431722538587684
9776,347000,9691000,-0.437212589458208
9777,348000,9691000,-0.417982103470502
9778,349000,9691000,-0.395837180049179
9779,350000,9691000,-0.393352340825781
9780,351000,9691000,-0.400472031072981
9781,352000,9691000,-0.408251945256071
9782,353000,9691000,-0.407374580228131
9783,354000,9691000,-0.415233241889157
9784,355000,9691000,-0.422280637324763
9785,356000,9691000,-0.411957353961815
9786,357000,9691000,-0.426140859729608
9787,358000,9691000,-0.421304226610543
9788,359000,9691000,-0.467058043528946
9789,360000,9691000,-0.456478240231809
9790,361000,9691000,-0.477345885676493
9791,362000,9691000,-0.470052111155799
9792,363000,9691000,-0.469793794838398
9793,364000,9691000,-0.460611870572869
9794,365000,9691000,-0.488229085341482
9795,366000,9691000,-0.493468391489524
9796,367000,9691000,-0.497061758600187
9797,368000,9691000,-0.490451558256673
9798,369000,9691000,-0.484673368279819
9799,370000,9691000,-0.495434130718768
9800,371000,9691000,-0.477477684968557
9801,372000,9691000,-0.477112175347407
9802,373000,9691000,-0.480152321393661
9803,374000,9691000,-0.506171861122169
9804,375000,9691000,-0.50883394296675
9805,262000,9692000,-0.421384555369471
9806,263000,9692000,-0.398442336186542
9807,264000,9692000,-0.398819321210973
9808,265000,9692000,-0.397752513836716
9809,266000,9692000,-0.396790507998508
9810,267000,9692000,-0.39501467658334
9811,268000,9692000,-0.394376358909192
9812,269000,9692000,-0.394735141745935
9813,270000,9692000,-0.399739084186404
9814,271000,9692000,-0.408959591001471
9815,272000,9692000,-0.407704081856453
9816,273000,9692000,-0.420906724133122
9817,274000,9692000,-0.417687033077344
9818,275000,9692000,-0.425394757919868
9819,276000,9692000,-0.439439114967378
9820,277000,9692000,-0.444483807355972
9821,278000,9692000,-0.438096160832109
9822,279000,9692000,-0.439721806224139
9823,280000,9692000,-0.441045027075562
9824,281000,9692000,-0.44812222047706
9825,282000,9692000,-0.448707087985239
9826,283000,9692000,-0.433226770519929
9827,284000,9692000,-0.41971662832692
9828,285000,9692000,-0.45903794496751
9829,286000,9692000,-0.452955387635386
9830,287000,9692000,-0.442722655379268
9831,288000,9692000,-0.461444450969466
9832,289000,9692000,-0.448165040820248
9833,290000,9692000,-0.464778178965255
9834,291000,9692000,-0.458466698801051
9835,292000,9692000,-0.461742452937308
9836,293000,9692000,-0.453272363123045
9837,294000,9692000,-0.451829677020049
9838,295000,9692000,-0.453422704846849
9839,296000,9692000,-0.469076669422624
9840,297000,9692000,-0.472162713065356
9841,298000,9692000,-0.450717211668162
9842,299000,9692000,-0.452422065710549
9843,3e+05,9692000,-0.464806264378792
9844,301000,9692000,-0.465794640107699
9845,302000,9692000,-0.47013835553843
9846,303000,9692000,-0.475749399000753
9847,304000,9692000,-0.476758150420306
9848,305000,9692000,-0.469569368428608
9849,306000,9692000,-0.458397817750323
9850,307000,9692000,-0.465753115592028
9851,308000,9692000,-0.4682423266325
9852,309000,9692000,-0.468486171275409
9853,310000,9692000,-0.471755459925891
9854,311000,9692000,-0.466129592753845
9855,312000,9692000,-0.464436644155482
9856,313000,9692000,-0.461908509816365
9857,314000,9692000,-0.459034302675271
9858,315000,9692000,-0.453449045675783
9859,316000,9692000,-0.448871146635396
9860,317000,9692000,-0.450818628183077
9861,318000,9692000,-0.432727739994516
9862,319000,9692000,-0.419633968863501
9863,320000,9692000,-0.417814729181642
9864,321000,9692000,-0.419388676797182
9865,322000,9692000,-0.415296107502136
9866,323000,9692000,-0.417841143653729
9867,324000,9692000,-0.419914260408186
9868,325000,9692000,-0.422668852098658
9869,326000,9692000,-0.457896732147937
9870,327000,9692000,-0.468848878981163
9871,328000,9692000,-0.459004823263431
9872,329000,9692000,-0.458267873321791
9873,330000,9692000,-0.459456894586993
9874,331000,9692000,-0.459804636737124
9875,332000,9692000,-0.457901645448526
9876,333000,9692000,-0.450693893120055
9877,334000,9692000,-0.451522338964421
9878,335000,9692000,-0.432764436649037
9879,336000,9692000,-0.45773318897226
9880,337000,9692000,-0.453190396411449
9881,338000,9692000,-0.449168726159826
9882,339000,9692000,-0.445998007364834
9883,340000,9692000,-0.446283028678259
9884,341000,9692000,-0.447327218980597
9885,342000,9692000,-0.437756836314558
9886,343000,9692000,-0.429824036937765
9887,344000,9692000,-0.414168928241041
9888,345000,9692000,-0.437873089605699
9889,346000,9692000,-0.436819427345588
9890,347000,9692000,-0.434304493287788
9891,348000,9692000,-0.402747381408074
9892,349000,9692000,-0.401540818890508
9893,350000,9692000,-0.400246301636852
9894,351000,9692000,-0.400715692571994
9895,352000,9692000,-0.400344839100538
9896,353000,9692000,-0.408477392041257
9897,354000,9692000,-0.410805175997972
9898,355000,9692000,-0.40294219793265
9899,356000,9692000,-0.395552636052595
9900,357000,9692000,-0.398900922770315
9901,358000,9692000,-0.406701532257442
9902,359000,9692000,-0.412965587577584
9903,360000,9692000,-0.444898018743822
9904,361000,9692000,-0.46223369792893
9905,362000,9692000,-0.457105538949504
9906,363000,9692000,-0.453345049794323
9907,364000,9692000,-0.451763900484156
9908,365000,9692000,-0.463568182364724
9909,366000,9692000,-0.485345183786962
9910,367000,9692000,-0.489824355369939
9911,368000,9692000,-0.474845246538974
9912,369000,9692000,-0.471362947286906
9913,370000,9692000,-0.490729973098418
9914,371000,9692000,-0.472614827497166
9915,372000,9692000,-0.473277041298926
9916,373000,9692000,-0.477538154752212
9917,374000,9692000,-0.478919342993172
9918,375000,9692000,-0.515634964489735
9919,262000,9693000,-0.419537966971888
9920,263000,9693000,-0.397063956643366
9921,264000,9693000,-0.398082244571218
9922,265000,9693000,-0.396311864018079
9923,266000,9693000,-0.394808145397123
9924,267000,9693000,-0.394285434350578
9925,268000,9693000,-0.395335087958493
9926,269000,9693000,-0.396785187316647
9927,270000,9693000,-0.400161290880451
9928,271000,9693000,-0.408540985401024
9929,272000,9693000,-0.405098406238903
9930,273000,9693000,-0.416791426063007
9931,274000,9693000,-0.409166749025442
9932,275000,9693000,-0.421745230410086
9933,276000,9693000,-0.433155090883736
9934,277000,9693000,-0.434703922557802
9935,278000,9693000,-0.438071711545296
9936,279000,9693000,-0.436584335575046
9937,280000,9693000,-0.445020181809566
9938,281000,9693000,-0.452603189105659
9939,282000,9693000,-0.45404814251679
9940,283000,9693000,-0.442439715301866
9941,284000,9693000,-0.436988166447231
9942,285000,9693000,-0.443373956139799
9943,286000,9693000,-0.463991194395289
9944,287000,9693000,-0.452368209985647
9945,288000,9693000,-0.459487974388378
9946,289000,9693000,-0.455202656072115
9947,290000,9693000,-0.449310777644429
9948,291000,9693000,-0.46310453710157
9949,292000,9693000,-0.465306727512947
9950,293000,9693000,-0.462369892173987
9951,294000,9693000,-0.460816716062128
9952,295000,9693000,-0.43579853163104
9953,296000,9693000,-0.457268113760765
9954,297000,9693000,-0.456709615316603
9955,298000,9693000,-0.463878889627733
9956,299000,9693000,-0.457772242691635
9957,3e+05,9693000,-0.467042173104961
9958,301000,9693000,-0.465219734078131
9959,302000,9693000,-0.470831002534451
9960,303000,9693000,-0.477567931903068
9961,304000,9693000,-0.476106313343063
9962,305000,9693000,-0.464707221597145
9963,306000,9693000,-0.459117527086608
9964,307000,9693000,-0.472294511868667
9965,308000,9693000,-0.467218209096401
9966,309000,9693000,-0.466413520069428
9967,310000,9693000,-0.469743162383325
9968,311000,9693000,-0.465959219296358
9969,312000,9693000,-0.464296245390855
9970,313000,9693000,-0.463121809675913
9971,314000,9693000,-0.460567123172191
9972,315000,9693000,-0.455347435772288
9973,316000,9693000,-0.451743322089372
9974,317000,9693000,-0.453382038939271
9975,318000,9693000,-0.453136183221776
9976,319000,9693000,-0.443963663117043
9977,320000,9693000,-0.435326774516021
9978,321000,9693000,-0.441876687990693
9979,322000,9693000,-0.423543818255502
9980,323000,9693000,-0.422582832228171
9981,324000,9693000,-0.421963907660756
9982,325000,9693000,-0.431513760684091
9983,326000,9693000,-0.458855291278798
9984,327000,9693000,-0.47114703678104
9985,328000,9693000,-0.43346323096951
9986,329000,9693000,-0.449345369368882
9987,330000,9693000,-0.447354636097795
9988,331000,9693000,-0.457373931049056
9989,332000,9693000,-0.45559371565505
9990,333000,9693000,-0.45336331613128
9991,334000,9693000,-0.448999500920118
9992,335000,9693000,-0.461819161624185
9993,336000,9693000,-0.460418274851835
9994,337000,9693000,-0.452242992347196
9995,338000,9693000,-0.450561469750265
9996,339000,9693000,-0.449243901090339
9997,340000,9693000,-0.444232348847387
9998,341000,9693000,-0.44158133416805
9999,342000,9693000,-0.441384565528632
10000,343000,9693000,-0.422654163105938
10001,344000,9693000,-0.421095229268061
10002,345000,9693000,-0.42899247683541
10003,346000,9693000,-0.43845362215826
10004,347000,9693000,-0.412905115778049
10005,348000,9693000,-0.41638394085868
10006,349000,9693000,-0.395331199559235
10007,350000,9693000,-0.400590142279849
10008,351000,9693000,-0.407758825793102
10009,352000,9693000,-0.407239840480214
10010,353000,9693000,-0.415110615395374
10011,354000,9693000,-0.412922024896789
10012,355000,9693000,-0.406019218982773
10013,356000,9693000,-0.387323741403946
10014,357000,9693000,-0.3937984798311
10015,358000,9693000,-0.406400297018473
10016,359000,9693000,-0.436626057418665
10017,360000,9693000,-0.445088660583951
10018,361000,9693000,-0.449394258549957
10019,362000,9693000,-0.457011748376807
10020,363000,9693000,-0.457893265170648
10021,364000,9693000,-0.456832066860984
10022,365000,9693000,-0.458132234950651
10023,366000,9693000,-0.46435611775625
10024,367000,9693000,-0.455589867701871
10025,368000,9693000,-0.456198550108262
10026,369000,9693000,-0.471948266837594
10027,370000,9693000,-0.484802095031631
10028,371000,9693000,-0.473566760003899
10029,372000,9693000,-0.469285913021417
10030,373000,9693000,-0.473491561419517
10031,374000,9693000,-0.48197361270342
10032,375000,9693000,-0.522592430728499
10033,262000,9694000,-0.414918771032917
10034,263000,9694000,-0.399553461375323
10035,264000,9694000,-0.398356072962288
10036,265000,9694000,-0.397122028612352
10037,266000,9694000,-0.395486719521809
10038,267000,9694000,-0.395302594553561
10039,268000,9694000,-0.39674392237931
10040,269000,9694000,-0.399573672816495
10041,270000,9694000,-0.404093815833356
10042,271000,9694000,-0.406170715515031
10043,272000,9694000,-0.418086485098164
10044,273000,9694000,-0.415972309327191
10045,274000,9694000,-0.409782334213156
10046,275000,9694000,-0.420385279364044
10047,276000,9694000,-0.429172239775004
10048,277000,9694000,-0.438315096789095
10049,278000,9694000,-0.441517598222671
10050,279000,9694000,-0.442088450417534
10051,280000,9694000,-0.441766774170213
10052,281000,9694000,-0.453167197702036
10053,282000,9694000,-0.461001698467504
10054,283000,9694000,-0.44240563967687
10055,284000,9694000,-0.437345715424042
10056,285000,9694000,-0.454596476467083
10057,286000,9694000,-0.465856096831778
10058,287000,9694000,-0.464198173333518
10059,288000,9694000,-0.461555300247465
10060,289000,9694000,-0.46305513874087
10061,290000,9694000,-0.461861950713867
10062,291000,9694000,-0.45574114036133
10063,292000,9694000,-0.461371459648662
10064,293000,9694000,-0.466395578012509
10065,294000,9694000,-0.457622470656709
10066,295000,9694000,-0.466048239056687
10067,296000,9694000,-0.4644986964999
10068,297000,9694000,-0.469431659402312
10069,298000,9694000,-0.458355297650515
10070,299000,9694000,-0.461425158448313
10071,3e+05,9694000,-0.452747374159614
10072,301000,9694000,-0.465921883873985
10073,302000,9694000,-0.463509942737252
10074,303000,9694000,-0.473472392633044
10075,304000,9694000,-0.447127722250093
10076,305000,9694000,-0.446063730902825
10077,306000,9694000,-0.451196885371185
10078,307000,9694000,-0.463772943539878
10079,308000,9694000,-0.466165280044131
10080,309000,9694000,-0.46717879556082
10081,310000,9694000,-0.467092564856984
10082,311000,9694000,-0.465032162175112
10083,312000,9694000,-0.46484244224645
10084,313000,9694000,-0.465322656159829
10085,314000,9694000,-0.462606099610633
10086,315000,9694000,-0.456543348862589
10087,316000,9694000,-0.452880701459855
10088,317000,9694000,-0.454288281753951
10089,318000,9694000,-0.453970859914748
10090,319000,9694000,-0.448485061432354
10091,320000,9694000,-0.441239694117798
10092,321000,9694000,-0.455856060636384
10093,322000,9694000,-0.435280227284459
10094,323000,9694000,-0.427885752722338
10095,324000,9694000,-0.424544999052413
10096,325000,9694000,-0.405710923604129
10097,326000,9694000,-0.420576393885729
10098,327000,9694000,-0.40690454544084
10099,328000,9694000,-0.398735708606996
10100,329000,9694000,-0.400895782520985
10101,330000,9694000,-0.399302632991692
10102,331000,9694000,-0.435269686827958
10103,332000,9694000,-0.449873381977105
10104,333000,9694000,-0.447980175687426
10105,334000,9694000,-0.448121604471192
10106,335000,9694000,-0.464940912756813
10107,336000,9694000,-0.460494338177851
10108,337000,9694000,-0.453397647624406
10109,338000,9694000,-0.449485415240012
10110,339000,9694000,-0.447080215082129
10111,340000,9694000,-0.445394421814365
10112,341000,9694000,-0.443146494844073
10113,342000,9694000,-0.446108529572009
10114,343000,9694000,-0.39777450803397
10115,344000,9694000,-0.401132987993553
10116,345000,9694000,-0.395938593482649
10117,346000,9694000,-0.432646043107299
10118,347000,9694000,-0.431638733944601
10119,348000,9694000,-0.409710585317741
10120,349000,9694000,-0.413890756644564
10121,350000,9694000,-0.398797646594811
10122,351000,9694000,-0.401079392481512
10123,352000,9694000,-0.405405666555145
10124,353000,9694000,-0.403630584366225
10125,354000,9694000,-0.399024723187316
10126,355000,9694000,-0.403799699541339
10127,356000,9694000,-0.40401492167777
10128,357000,9694000,-0.407105698436611
10129,358000,9694000,-0.393586641280699
10130,359000,9694000,-0.430775832572552
10131,360000,9694000,-0.433891421652584
10132,361000,9694000,-0.447366415400336
10133,362000,9694000,-0.450344882706449
10134,363000,9694000,-0.457769656901065
10135,364000,9694000,-0.457852253810938
10136,365000,9694000,-0.452947885550469
10137,366000,9694000,-0.459258124828377
10138,367000,9694000,-0.45271688190413
10139,368000,9694000,-0.453359253307039
10140,369000,9694000,-0.467034288033903
10141,370000,9694000,-0.486358203307047
10142,371000,9694000,-0.466346474198748
10143,372000,9694000,-0.468778107575907
10144,373000,9694000,-0.473987822717538
10145,374000,9694000,-0.482211677003075
10146,375000,9694000,-0.52949600921783
10147,262000,9695000,-0.413799024473615
10148,263000,9695000,-0.404099565823969
10149,264000,9695000,-0.401982564079871
10150,265000,9695000,-0.39749120423533
10151,266000,9695000,-0.39542321251809
10152,267000,9695000,-0.401688178096696
10153,268000,9695000,-0.401870645672636
10154,269000,9695000,-0.403676511441535
10155,270000,9695000,-0.405720649898329
10156,271000,9695000,-0.407148216069555
10157,272000,9695000,-0.407019086304307
10158,273000,9695000,-0.408160387892183
10159,274000,9695000,-0.422583060154814
10160,275000,9695000,-0.435091031703458
10161,276000,9695000,-0.425552909508504
10162,277000,9695000,-0.430483136031985
10163,278000,9695000,-0.433478035627205
10164,279000,9695000,-0.440560628118104
10165,280000,9695000,-0.453043159078108
10166,281000,9695000,-0.450819894481106
10167,282000,9695000,-0.464176880368391
10168,283000,9695000,-0.449009288413175
10169,284000,9695000,-0.436499434455372
10170,285000,9695000,-0.45880910879451
10171,286000,9695000,-0.469520612002879
10172,287000,9695000,-0.463438634469052
10173,288000,9695000,-0.459141858067539
10174,289000,9695000,-0.463468231191224
10175,290000,9695000,-0.461034197997678
10176,291000,9695000,-0.460111081590987
10177,292000,9695000,-0.462407010554539
10178,293000,9695000,-0.465652337763568
10179,294000,9695000,-0.463614629361578
10180,295000,9695000,-0.462547021251463
10181,296000,9695000,-0.471039583432783
10182,297000,9695000,-0.472700181496138
10183,298000,9695000,-0.471915812802957
10184,299000,9695000,-0.470133497099257
10185,3e+05,9695000,-0.472726913037781
10186,301000,9695000,-0.472980790282921
10187,302000,9695000,-0.470470089179309
10188,303000,9695000,-0.470200316761228
10189,304000,9695000,-0.448815909621908
10190,305000,9695000,-0.450987353630885
10191,306000,9695000,-0.45851302231888
10192,307000,9695000,-0.462487932902113
10193,308000,9695000,-0.466174019750495
10194,309000,9695000,-0.466914286077247
10195,310000,9695000,-0.465553656950747
10196,311000,9695000,-0.466768427426389
10197,312000,9695000,-0.466031812314214
10198,313000,9695000,-0.463559452576868
10199,314000,9695000,-0.461481423469456
10200,315000,9695000,-0.459019497380535
10201,316000,9695000,-0.453068418672102
10202,317000,9695000,-0.453017297464389
10203,318000,9695000,-0.452213237074324
10204,319000,9695000,-0.447680437642662
10205,320000,9695000,-0.444919097117036
10206,321000,9695000,-0.454996137710117
10207,322000,9695000,-0.441708716815396
10208,323000,9695000,-0.432788163897228
10209,324000,9695000,-0.42500094789897
10210,325000,9695000,-0.432026170234399
10211,326000,9695000,-0.437781730917942
10212,327000,9695000,-0.406971725845722
10213,328000,9695000,-0.4037707373149
10214,329000,9695000,-0.405599564185709
10215,330000,9695000,-0.40747442429915
10216,331000,9695000,-0.42597380793682
10217,332000,9695000,-0.453737811811806
10218,333000,9695000,-0.44475860777149
10219,334000,9695000,-0.448624384696017
10220,335000,9695000,-0.459954672437194
10221,336000,9695000,-0.454807781532625
10222,337000,9695000,-0.45264544327963
10223,338000,9695000,-0.448217056439956
10224,339000,9695000,-0.446815632048752
10225,340000,9695000,-0.445890714951928
10226,341000,9695000,-0.442910563153219
10227,342000,9695000,-0.439053459761321
10228,343000,9695000,-0.389668858547248
10229,344000,9695000,-0.384495782953415
10230,345000,9695000,-0.391569414314367
10231,346000,9695000,-0.407079289810323
10232,347000,9695000,-0.413703417230552
10233,348000,9695000,-0.415264923635822
10234,349000,9695000,-0.410423417709206
10235,350000,9695000,-0.402237863972122
10236,351000,9695000,-0.405386939749224
10237,352000,9695000,-0.412984126867682
10238,353000,9695000,-0.408294821945146
10239,354000,9695000,-0.385624542506107
10240,355000,9695000,-0.388659934727853
10241,356000,9695000,-0.392989563176139
10242,357000,9695000,-0.394256300437061
10243,358000,9695000,-0.40484100603278
10244,359000,9695000,-0.429605062997867
10245,360000,9695000,-0.441926651731305
10246,361000,9695000,-0.445747428389922
10247,362000,9695000,-0.446027059782043
10248,363000,9695000,-0.45138270788377
10249,364000,9695000,-0.44824427491649
10250,365000,9695000,-0.445456953610949
10251,366000,9695000,-0.447547009635419
10252,367000,9695000,-0.447234190344225
10253,368000,9695000,-0.476905323341033
10254,369000,9695000,-0.468686860115317
10255,370000,9695000,-0.471592028694311
10256,371000,9695000,-0.481797493534407
10257,372000,9695000,-0.486439448468326
10258,373000,9695000,-0.476642783515036
10259,374000,9695000,-0.527810908563496
10260,375000,9695000,-0.533422593456369
10261,262000,9696000,-0.414667706615181
10262,263000,9696000,-0.406111504060256
10263,264000,9696000,-0.405388469195577
10264,265000,9696000,-0.403415490190595
10265,266000,9696000,-0.399213709518164
10266,267000,9696000,-0.402422018615221
10267,268000,9696000,-0.404199172283369
10268,269000,9696000,-0.403956245177941
10269,270000,9696000,-0.401300810469464
10270,271000,9696000,-0.400255728451902
10271,272000,9696000,-0.40058935945161
10272,273000,9696000,-0.406909567166496
10273,274000,9696000,-0.410111753423937
10274,275000,9696000,-0.432898664776353
10275,276000,9696000,-0.435558793210147
10276,277000,9696000,-0.423077519091749
10277,278000,9696000,-0.428536695992469
10278,279000,9696000,-0.446806814933047
10279,280000,9696000,-0.449137327866174
10280,281000,9696000,-0.444721605450984
10281,282000,9696000,-0.450455575648926
10282,283000,9696000,-0.466734875579063
10283,284000,9696000,-0.476007796997412
10284,285000,9696000,-0.460388568732
10285,286000,9696000,-0.464851811964373
10286,287000,9696000,-0.471979845120165
10287,288000,9696000,-0.465842711272997
10288,289000,9696000,-0.464901572966142
10289,290000,9696000,-0.46241073288856
10290,291000,9696000,-0.46146655119748
10291,292000,9696000,-0.463216883571221
10292,293000,9696000,-0.467402379489228
10293,294000,9696000,-0.469069676946762
10294,295000,9696000,-0.465580612262577
10295,296000,9696000,-0.473108954717499
10296,297000,9696000,-0.471820488677238
10297,298000,9696000,-0.473526862420604
10298,299000,9696000,-0.472254955628953
10299,3e+05,9696000,-0.473813948698473
10300,301000,9696000,-0.476297275352804
10301,302000,9696000,-0.470710348332523
10302,303000,9696000,-0.466795939490934
10303,304000,9696000,-0.452330937937453
10304,305000,9696000,-0.453683929392718
10305,306000,9696000,-0.461262657544694
10306,307000,9696000,-0.459518894943706
10307,308000,9696000,-0.465377523824235
10308,309000,9696000,-0.466814975645031
10309,310000,9696000,-0.464972711982045
10310,311000,9696000,-0.467016814525518
10311,312000,9696000,-0.467298078547626
10312,313000,9696000,-0.461701451377834
10313,314000,9696000,-0.471557093890258
10314,315000,9696000,-0.454724224389013
10315,316000,9696000,-0.452219254259323
10316,317000,9696000,-0.449934067047762
10317,318000,9696000,-0.448969114875161
10318,319000,9696000,-0.448653892781661
10319,320000,9696000,-0.451944607450075
10320,321000,9696000,-0.454313380516302
10321,322000,9696000,-0.441714725573409
10322,323000,9696000,-0.427603734073219
10323,324000,9696000,-0.410183314980099
10324,325000,9696000,-0.421068507101504
10325,326000,9696000,-0.411413949057439
10326,327000,9696000,-0.422965790087198
10327,328000,9696000,-0.414634393157238
10328,329000,9696000,-0.413738911114314
10329,330000,9696000,-0.421099594894801
10330,331000,9696000,-0.432212435804293
10331,332000,9696000,-0.44924643060794
10332,333000,9696000,-0.455065027366336
10333,334000,9696000,-0.458679468417145
10334,335000,9696000,-0.454629730370751
10335,336000,9696000,-0.44975347960705
10336,337000,9696000,-0.448249137501418
10337,338000,9696000,-0.441509543526204
10338,339000,9696000,-0.4449859291711
10339,340000,9696000,-0.442160089783823
10340,341000,9696000,-0.436383864164695
10341,342000,9696000,-0.433418968518092
10342,343000,9696000,-0.426741920748762
10343,344000,9696000,-0.401680694756549
10344,345000,9696000,-0.405574577321664
10345,346000,9696000,-0.409836875350684
10346,347000,9696000,-0.410516655048669
10347,348000,9696000,-0.414819072831262
10348,349000,9696000,-0.409192857287706
10349,350000,9696000,-0.403311829255847
10350,351000,9696000,-0.405053238544878
10351,352000,9696000,-0.415797207546898
10352,353000,9696000,-0.416222085033667
10353,354000,9696000,-0.40767863042557
10354,355000,9696000,-0.407621242618091
10355,356000,9696000,-0.399412030167574
10356,357000,9696000,-0.397050523429463
10357,358000,9696000,-0.426340868126064
10358,359000,9696000,-0.417907436468623
10359,360000,9696000,-0.422118942116668
10360,361000,9696000,-0.449741046201298
10361,362000,9696000,-0.442918670886228
10362,363000,9696000,-0.441421458738134
10363,364000,9696000,-0.43599692276126
10364,365000,9696000,-0.436885931586671
10365,366000,9696000,-0.446096078960083
10366,367000,9696000,-0.454313808231064
10367,368000,9696000,-0.44247886646271
10368,369000,9696000,-0.467020144803201
10369,370000,9696000,-0.455225542050506
10370,371000,9696000,-0.515988534209048
10371,372000,9696000,-0.494344552973705
10372,373000,9696000,-0.489303602664086
10373,374000,9696000,-0.53265071372631
10374,375000,9696000,-0.535169448474093
10375,262000,9697000,-0.415777529708753
10376,263000,9697000,-0.406942750923277
10377,264000,9697000,-0.407705592901121
10378,265000,9697000,-0.406618066309219
10379,266000,9697000,-0.404691460431432
10380,267000,9697000,-0.404374074198064
10381,268000,9697000,-0.402708444829319
10382,269000,9697000,-0.400289087176739
10383,270000,9697000,-0.404658991516653
10384,271000,9697000,-0.395456802505412
10385,272000,9697000,-0.407407101038872
10386,273000,9697000,-0.404035569573741
10387,274000,9697000,-0.420129576524296
10388,275000,9697000,-0.434070034357343
10389,276000,9697000,-0.43838977913989
10390,277000,9697000,-0.420308008774958
10391,278000,9697000,-0.428261151384838
10392,279000,9697000,-0.450185034328776
10393,280000,9697000,-0.444346470357669
10394,281000,9697000,-0.440832485140145
10395,282000,9697000,-0.431739922872397
10396,283000,9697000,-0.464994757706117
10397,284000,9697000,-0.477167989343105
10398,285000,9697000,-0.475468925365998
10399,286000,9697000,-0.467346800775543
10400,287000,9697000,-0.463843733767595
10401,288000,9697000,-0.46481996453465
10402,289000,9697000,-0.455351341923093
10403,290000,9697000,-0.462041273310993
10404,291000,9697000,-0.462794252674774
10405,292000,9697000,-0.462764572611526
10406,293000,9697000,-0.464078964070924
10407,294000,9697000,-0.465093964997587
10408,295000,9697000,-0.46993907604417
10409,296000,9697000,-0.483058020417664
10410,297000,9697000,-0.47687334574681
10411,298000,9697000,-0.47528587626244
10412,299000,9697000,-0.470537066653127
10413,3e+05,9697000,-0.472744717375963
10414,301000,9697000,-0.47838619983492
10415,302000,9697000,-0.472528424390507
10416,303000,9697000,-0.468585535001133
10417,304000,9697000,-0.452689904682025
10418,305000,9697000,-0.463268648914225
10419,306000,9697000,-0.460630833825309
10420,307000,9697000,-0.46233292836303
10421,308000,9697000,-0.458633389094637
10422,309000,9697000,-0.459731931737916
10423,310000,9697000,-0.459996712056278
10424,311000,9697000,-0.463697138932653
10425,312000,9697000,-0.464584232856613
10426,313000,9697000,-0.46731878224016
10427,314000,9697000,-0.432893554736757
10428,315000,9697000,-0.454400416130129
10429,316000,9697000,-0.448025543810729
10430,317000,9697000,-0.445521742541241
10431,318000,9697000,-0.445071996163451
10432,319000,9697000,-0.443880941237273
10433,320000,9697000,-0.4480139820253
10434,321000,9697000,-0.445600040382505
10435,322000,9697000,-0.452072032499882
10436,323000,9697000,-0.441876619240935
10437,324000,9697000,-0.433069203566165
10438,325000,9697000,-0.427255624720155
10439,326000,9697000,-0.425397130396265
10440,327000,9697000,-0.435641355891072
10441,328000,9697000,-0.43648630370646
10442,329000,9697000,-0.431418261433776
10443,330000,9697000,-0.426911544233134
10444,331000,9697000,-0.441623788880335
10445,332000,9697000,-0.456680360327897
10446,333000,9697000,-0.441813177810287
10447,334000,9697000,-0.440635800624426
10448,335000,9697000,-0.457646766695874
10449,336000,9697000,-0.443122369154656
10450,337000,9697000,-0.442876597670456
10451,338000,9697000,-0.438513433454292
10452,339000,9697000,-0.435292442581303
10453,340000,9697000,-0.433051436488792
10454,341000,9697000,-0.429767293822334
10455,342000,9697000,-0.429218813306898
10456,343000,9697000,-0.42184064256733
10457,344000,9697000,-0.414320590419892
10458,345000,9697000,-0.384486900615481
10459,346000,9697000,-0.40653773108813
10460,347000,9697000,-0.414418228987061
10461,348000,9697000,-0.416751087731892
10462,349000,9697000,-0.407114792323522
10463,350000,9697000,-0.414910028861706
10464,351000,9697000,-0.398693498726175
10465,352000,9697000,-0.395066286613388
10466,353000,9697000,-0.417076270549647
10467,354000,9697000,-0.423676573440112
10468,355000,9697000,-0.418494378274393
10469,356000,9697000,-0.417825378680805
10470,357000,9697000,-0.409611361031942
10471,358000,9697000,-0.431154529371982
10472,359000,9697000,-0.445903162434282
10473,360000,9697000,-0.44641603922291
10474,361000,9697000,-0.442151957226444
10475,362000,9697000,-0.436893504713554
10476,363000,9697000,-0.434908469355254
10477,364000,9697000,-0.431053643105416
10478,365000,9697000,-0.42454584209405
10479,366000,9697000,-0.43603777379074
10480,367000,9697000,-0.436049696042529
10481,368000,9697000,-0.432538679897431
10482,369000,9697000,-0.437073824150253
10483,370000,9697000,-0.431611904406542
10484,371000,9697000,-0.48875258396704
10485,372000,9697000,-0.495599970173444
10486,373000,9697000,-0.475683116766162
10487,374000,9697000,-0.483807385403499
10488,375000,9697000,-0.535658122774703
10489,262000,9698000,-0.412528264714333
10490,263000,9698000,-0.40816344917082
10491,264000,9698000,-0.406080787699694
10492,265000,9698000,-0.405319093981038
10493,266000,9698000,-0.406531577158725
10494,267000,9698000,-0.410141208734243
10495,268000,9698000,-0.412409398646218
10496,269000,9698000,-0.412667565453689
10497,270000,9698000,-0.411067221295467
10498,271000,9698000,-0.407832423743969
10499,272000,9698000,-0.403470993071704
10500,273000,9698000,-0.401252252139299
10501,274000,9698000,-0.398207272731433
10502,275000,9698000,-0.397035523855249
10503,276000,9698000,-0.398412166591071
10504,277000,9698000,-0.400453065236125
10505,278000,9698000,-0.403534706731892
10506,279000,9698000,-0.406059650752104
10507,280000,9698000,-0.411041584200013
10508,281000,9698000,-0.413302238644019
10509,282000,9698000,-0.414615266211089
10510,283000,9698000,-0.415540658543499
10511,284000,9698000,-0.416402160168221
10512,285000,9698000,-0.413364836071732
10513,286000,9698000,-0.409860597714664
10514,287000,9698000,-0.406822108623602
10515,288000,9698000,-0.406023153294025
10516,289000,9698000,-0.404320717372605
10517,290000,9698000,-0.403097984833199
10518,291000,9698000,-0.404756088513128
10519,292000,9698000,-0.40842960645044
10520,293000,9698000,-0.408278639612805
10521,294000,9698000,-0.409044284569559
10522,295000,9698000,-0.408620478523267
10523,296000,9698000,-0.406901287539209
10524,297000,9698000,-0.405898868755965
10525,298000,9698000,-0.403112589277365
10526,299000,9698000,-0.401018521659203
10527,3e+05,9698000,-0.397157864103695
10528,301000,9698000,-0.394144765461106
10529,302000,9698000,-0.391876041068598
10530,303000,9698000,-0.389648658367963
10531,304000,9698000,-0.390220180010704
10532,305000,9698000,-0.392922701514878
10533,306000,9698000,-0.39606762893325
10534,307000,9698000,-0.397170408945637
10535,308000,9698000,-0.397002111870265
10536,309000,9698000,-0.399404364482765
10537,310000,9698000,-0.403927070808159
10538,311000,9698000,-0.407363489125197
10539,312000,9698000,-0.408854878555958
10540,313000,9698000,-0.407366137168611
10541,314000,9698000,-0.407237832390359
10542,315000,9698000,-0.40729299413834
10543,316000,9698000,-0.407771136661191
10544,317000,9698000,-0.40840159960287
10545,318000,9698000,-0.411702948756056
10546,319000,9698000,-0.414478914181129
10547,320000,9698000,-0.413042053121186
10548,321000,9698000,-0.411059020000074
10549,322000,9698000,-0.410486297259143
10550,323000,9698000,-0.409618650978462
10551,324000,9698000,-0.407095377487475
10552,325000,9698000,-0.409106574757812
10553,326000,9698000,-0.413739300387116
10554,327000,9698000,-0.415783694326106
10555,328000,9698000,-0.41527962248938
10556,329000,9698000,-0.413300204636364
10557,330000,9698000,-0.410556379558339
10558,331000,9698000,-0.405275969489349
10559,332000,9698000,-0.400194058279869
10560,333000,9698000,-0.399876136714335
10561,334000,9698000,-0.396632321958491
10562,335000,9698000,-0.391290304402392
10563,336000,9698000,-0.38841621106721
10564,337000,9698000,-0.387291823666379
10565,338000,9698000,-0.384221623231778
10566,339000,9698000,-0.381459868210948
10567,340000,9698000,-0.383284088434664
10568,341000,9698000,-0.384644924833655
10569,342000,9698000,-0.385859077494155
10570,343000,9698000,-0.385765908162423
10571,344000,9698000,-0.389625029269545
10572,345000,9698000,-0.390103721621275
10573,346000,9698000,-0.387732888386259
10574,347000,9698000,-0.385107982896228
10575,348000,9698000,-0.383821583481917
10576,349000,9698000,-0.383939699701213
10577,350000,9698000,-0.382293410244888
10578,351000,9698000,-0.382865296537155
10579,352000,9698000,-0.385628326581127
10580,353000,9698000,-0.384666458490099
10581,354000,9698000,-0.386724538334046
10582,355000,9698000,-0.391916313509437
10583,356000,9698000,-0.39499504088046
10584,357000,9698000,-0.399923356605448
10585,358000,9698000,-0.431459937333642
10586,359000,9698000,-0.443850065533735
10587,360000,9698000,-0.441057909747128
10588,361000,9698000,-0.435593558353937
10589,362000,9698000,-0.433550262620531
10590,363000,9698000,-0.43399743127442
10591,364000,9698000,-0.431249035917114
10592,365000,9698000,-0.42890317051929
10593,366000,9698000,-0.429463476116139
10594,367000,9698000,-0.419199747106241
10595,368000,9698000,-0.43040468681432
10596,369000,9698000,-0.435408497685362
10597,370000,9698000,-0.432007502819323
10598,371000,9698000,-0.433349204658675
10599,372000,9698000,-0.44242882681693
10600,373000,9698000,-0.453699394378412
10601,374000,9698000,-0.480249068635443
10602,375000,9698000,-0.521095780966033
