"Path","Type","Parent","Description","DateCreated","LastModified","FileCount_Recursive"
".Rhistory","File","(root)","Stray R console history file (not part of the documented pipeline).","2026-06-10","2026-06-10",""
"code","Folder","(root)","All Jupyter notebooks, grouped by pipeline stage. See code/README.md.","2026-05-20","2026-07-03","31"
"code/Aesthetic_score_mod","Folder","code","Independent aesthetic-quality scoring (NIMA, CLIP-IQA+, Aesthetic Predictor V2.5).","2026-05-20","2026-05-20","3"
"code/Aesthetic_score_mod/Aesthetic_Predictor_V2_5.ipynb","File","code/Aesthetic_score_mod","Scores 1,009 photos on aesthetic quality (CLIP ViT-L14 + MLP head, ~4-10 scale).","2026-05-20","2026-05-20",""
"code/Aesthetic_score_mod/CLIP_IQA+.ipynb","File","code/Aesthetic_score_mod","Scores 897 outdoor photos on aesthetic quality (CLIP-IQA+, 0-1 scale).","2026-05-20","2026-05-20",""
"code/Aesthetic_score_mod/NIMA_class.ipynb","File","code/Aesthetic_score_mod","Scores 897 outdoor photos on aesthetic quality (NIMA, 1-10 scale).","2026-05-20","2026-05-20",""
"code/Aesthetic_score_mod/README.md","File","code/Aesthetic_score_mod","This folder's README - explains its contents.","2026-07-03","2026-07-03",""
"code/Annotation","Folder","code","Inter-annotator agreement + gold-standard vs. CLIP evaluation (Indoor/Outdoor).","2026-06-18","2026-06-28","3"
"code/Annotation/28062026_goldstandard_evaluation_indoor_outdoor_clip.ipynb","File","code/Annotation","Zero-shot CLIP vs. gold standard: Accuracy 96.33%, F1 95.91%.","2026-06-18","2026-06-18",""
"code/Annotation/28062026_interannotator_agreement_indoor_outdoor_2raters.ipynb","File","code/Annotation","2-rater (NB, LE) agreement on 300 indoor/outdoor images. Cohen's kappa = 0.813.","2026-06-18","2026-06-18",""
"code/Annotation/28062026_interannotator_agreement_indoor_outdoor_3raters.ipynb","File","code/Annotation","3-rater (NB, LE, MED) agreement; Fleiss' kappa. Known issue: missing annotator_MED column caused a KeyError in this run.","2026-06-18","2026-06-18",""
"code/Annotation/README.md","File","code/Annotation","This folder's README - explains its contents.","2026-07-03","2026-07-03",""
"code/Classification_mod","Folder","code","Single model/prompt classification experiments on gold-standard samples; first linear-probe training.","2026-05-20","2026-07-03","5"
"code/Classification_mod/01072026_class_individual_coeco_landscape_4models_annotation_predictions.ipynb.ipynb","File","code/Classification_mod","Classifies 297 images (individual/CoEco/landscape) with all 4 models, mixed prompts.","2026-07-01","2026-07-02",""
"code/Classification_mod/28062026_class_human_nonhuman_eva01clip_detailed_prompts.ipynb.ipynb","File","code/Classification_mod","Classifies 300 human/non-human images with EVA01-CLIP-g/14, detailed prompts.","2026-06-28","2026-06-28",""
"code/Classification_mod/28062026_class_human_nonhuman_vitl14clip_detailed_prompts.ipynb.ipynb","File","code/Classification_mod","Classifies 300 human/non-human images with CLIP ViT-L/14, detailed prompts.","2026-06-28","2026-06-28",""
"code/Classification_mod/28062026_class_indoor_outdoor_mobileclips1_simple_prompts.ipynb.ipynb","File","code/Classification_mod","Classifies 300 indoor/outdoor images with MobileCLIP-S1, simple prompts.","2026-06-28","2026-06-28",""
"code/Classification_mod/28062026_linear_probe_human_nonhuman_training.ipynb","File","code/Classification_mod","Trains first linear probe (LogisticRegression) on 298 MobileCLIP embeddings. 5-fold CV AUC=0.981.","2026-06-28","2026-06-28",""
"code/Classification_mod/README.md","File","code/Classification_mod","This folder's README - explains its contents.","2026-07-03","2026-07-03",""
"code/Evalu_Class_mod","Folder","code","Multi-model x multi-prompt dev/test evaluation; all-model linear-probe benchmarks; ResNet-50 evaluation.","2026-05-20","2026-07-03","6"
"code/Evalu_Class_mod/01072026_linear_probe_allmodels_individual_coeco_landscape.ipynb.ipynb","File","code/Evalu_Class_mod","Linear-probe benchmark, all 4 models, individual/CoEco/landscape task.","2026-07-02","2026-07-02",""
"code/Evalu_Class_mod/20062026_human_nonhuman_4models_prompttuning_evaluation.ipynb.ipynb","File","code/Evalu_Class_mod","Dev/test prompt-tuning evaluation, all 4 models, human/non-human task.","2026-06-28","2026-06-28",""
"code/Evalu_Class_mod/24062026_indoor_outdoor_4models_prompttuning_evaluation.ipynb.ipynb","File","code/Evalu_Class_mod","Dev/test prompt-tuning evaluation, all 4 models, indoor/outdoor task.","2026-06-28","2026-06-28",""
"code/Evalu_Class_mod/29062026_Evaluation_CLIP_with_linear_probe.ipynb","File","code/Evalu_Class_mod","Linear-probe benchmark, all 4 models, human/non-human task. Best: ViT-L14 AUC=0.9914.","2026-06-30","2026-06-30",""
"code/Evalu_Class_mod/30062026_individual_coeco_landscape_4models_prompttuning_evaluation.ipynb.ipynb","File","code/Evalu_Class_mod","Dev/test prompt-tuning evaluation, all 4 models, individual/CoEco/landscape task.","2026-07-01","2026-07-02",""
"code/Evalu_Class_mod/Eva_Resnet50.ipynb","File","code/Evalu_Class_mod","Evaluates fine-tuned ResNet-50 on 700 held-out images. Accuracy=74.57%.","2026-05-26","2026-05-26",""
"code/Evalu_Class_mod/README.md","File","code/Evalu_Class_mod","This folder's README - explains its contents.","2026-07-03","2026-07-03",""
"code/Final_classification","Folder","code","Applies best model/method per task to the full image corpus (production run).","2026-06-18","2026-07-03","5"
"code/Final_classification/01072026_final_class_individual_coeco_landscape_mobileclip_linearprobe.ipynb.ipynb","File","code/Final_classification","Applies MobileCLIP+linear-probe to 5,240 non-human images (Level 3, production run).","2026-07-02","2026-07-02",""
"code/Final_classification/01072026_final_class_individual_coeco_landscape_mobileclip_mixed.ipynb.ipynb","File","code/Final_classification","Applies MobileCLIP zero-shot mixed prompts to 5,240 non-human images (Level 3, production run).","2026-07-02","2026-07-02",""
"code/Final_classification/28062026_class_indoor_outdoor_mobileclips1_simple_prompts.ipynb.ipynb","File","code/Final_classification","Applies MobileCLIP-S1 simple prompts to full dataset (Level 1, production run).","2026-06-30","2026-06-28",""
"code/Final_classification/28062026_Final_class_mobile_clip_human_non_human_linear_probe.ipynb","File","code/Final_classification","Applies MobileCLIP+linear-probe to 8,219 outdoor images (Level 2, production run).","2026-06-30","2026-06-30",""
"code/Final_classification/30062026_Final_class_vitl14_human_non_human_linear_probe.ipynb","File","code/Final_classification","Applies CLIP ViT-L14+linear-probe to 8,219 outdoor images (Level 2, production run).","2026-06-30","2026-06-30",""
"code/Final_classification/README.md","File","code/Final_classification","This folder's README - explains its contents.","2026-07-03","2026-07-03",""
"code/Labels","Folder","code","Stage 2: label CSV generation from folder structure.","2026-05-26","2026-05-26","1"
"code/Labels/creating_photo_labels_17042026.ipynb","File","code/Labels","Generates label CSV from indoor/outdoor folder structure, skipping augmented copies.","2026-05-26","2026-05-20",""
"code/Labels/README.md","File","code/Labels","This folder's README - explains its contents.","2026-07-03","2026-07-03",""
"code/Linear_probe","Folder","code","Saved artifacts (embeddings, labels, trained probe) from the first MobileCLIP linear-probe experiment.","2026-06-28","2026-06-28","3"
"code/Linear_probe/embeddings_298_mobileclip.npy","File","code/Linear_probe","MobileCLIP-S1 embeddings for 298 gold-standard human/non-human samples.","2026-06-28","2026-06-27",""
"code/Linear_probe/labels_298_gold.npy","File","code/Linear_probe","Gold-standard labels for the 298 human/non-human samples.","2026-06-28","2026-06-27",""
"code/Linear_probe/linear_probe_mobileclip_human_nonhuman.joblib","File","code/Linear_probe","Trained LogisticRegression probe on MobileCLIP embeddings (human/non-human).","2026-06-28","2026-06-27",""
"code/Linear_probe/README.md","File","code/Linear_probe","This folder's README - explains its contents.","2026-07-03","2026-07-03",""
"code/Preprocessing","Folder","code","Stage 1: photo map, duplicate detection, random sampling.","2026-06-10","2026-06-10","3"
"code/Preprocessing/Duplicate_Detection.ipynb","File","code/Preprocessing","Detects near-duplicate images via perceptual hashing (pHash).","2026-06-10","2026-06-09",""
"code/Preprocessing/Flickr_Photo_Map.ipynb","File","code/Preprocessing","Visualizes photo distribution around Kilimanjaro on a 1km UTM grid with OSM basemap.","2026-06-10","2026-06-06",""
"code/Preprocessing/Random_selection_Outdoor_Images.ipynb","File","code/Preprocessing","Draws a stratified 300-image random sample (seed=44) from the outdoor subset for annotation.","2026-06-10","2026-06-09",""
"code/Preprocessing/README.md","File","code/Preprocessing","This folder's README - explains its contents.","2026-07-03","2026-07-03",""
"code/PUD","Folder","code","Photo-User-Days (PUD) landscape recreation-intensity calculation on a 1km grid.","2026-07-03","2026-07-03","1"
"code/PUD/01072026_pud_calculation_landscape_1km_grid.ipynb.ipynb","File","code/PUD","Computes Photo-User-Days per 1km grid cell on 3,422 landscape photos.","2026-07-02","2026-07-02",""
"code/PUD/README.md","File","code/PUD","This folder's README - explains its contents.","2026-07-03","2026-07-03",""
"code/README.md","File","code","This folder's README - explains its contents.","2026-07-03","2026-07-03",""
"code/Resnet50_Training","Folder","code","Fine-tunes ResNet-50 supervised CNN baseline (Indoor/Outdoor, 5-fold CV).","2026-05-26","2026-05-26","1"
"code/Resnet50_Training/README.md","File","code/Resnet50_Training","This folder's README - explains its contents.","2026-07-03","2026-07-03",""
"code/Resnet50_Training/Resnet50_training_indoor_outdoor.ipynb","File","code/Resnet50_Training","Fine-tunes ResNet-50 on 5,000 balanced indoor/outdoor images, 5-fold CV.","2026-05-26","2026-05-20",""
"data","Folder","(root)","All raw data, intermediate results, images and final outputs. See data/README.md.","2026-05-26","2026-07-02","84139"
"data/All_images","Folder","data","Raw dataset: 12,332 downloaded Flickr JPGs (image_<Photo_ID>.jpg).","2026-05-26","2026-05-26","12332"
"data/All_images/indoor_outdoor_classification.csv","File","data/All_images","Early/exploratory indoor-outdoor classification pass on the raw (non-deduplicated) image folder.","2026-05-26","2026-05-22",""
"data/All_images/README.md","File","data/All_images","This folder's README - explains its contents.","2026-07-03","2026-07-03",""
"data/All_images_deduplicated","Folder","data","Deduplicated working dataset (8,819 images) - entry point of the classification cascade.","2026-06-16","2026-06-16","8819"
"data/All_images_deduplicated/README.md","File","data/All_images_deduplicated","This folder's README - explains its contents.","2026-07-03","2026-07-03",""
"data/Annotation_Human_Non_Human","Folder","data","Level 2 gold standard: sampling, 3-model detailed-prompt classification, evaluation.","2026-06-18","2026-06-30","1519"
"data/Annotation_Human_Non_Human/18062026_Random_sample_for_annotation_human_non_human","Folder","data/Annotation_Human_Non_Human","Original 300-image random sample for manual annotation.","2026-06-28","2026-06-28","301"
"data/Annotation_Human_Non_Human/18062026_Random_sample_for_annotation_human_non_human/random_classification_sample_human_non_human.csv","File","data/Annotation_Human_Non_Human/18062026_Random_sample_for_annotation_human_non_human","Labels/predictions for the random annotation sample.","2026-06-18","2026-06-18",""
"data/Annotation_Human_Non_Human/18062026_Random_sample_for_annotation_human_non_human/random_sample_images_human_non_human","Folder","data/Annotation_Human_Non_Human/18062026_Random_sample_for_annotation_human_non_human","The 300 sampled JPGs.","2026-06-18","2026-06-18","300"
"data/Annotation_Human_Non_Human/23062026_annotations_human_non_human.csv","File","data/Annotation_Human_Non_Human","Per-image human annotations (NB, LE) + reconciled gold standard, human/non-human task.","2026-06-26","2026-06-26",""
"data/Annotation_Human_Non_Human/26062026_Annotation_model_classification_images_sorted_human_non_human","Folder","data/Annotation_Human_Non_Human","Zero-shot classification of the sample by 3 models with detailed prompts (MobileCLIP, EVA01-CLIP, ViT-L14).","2026-06-28","2026-06-28","903"
"data/Annotation_Human_Non_Human/26062026_Annotation_model_classification_images_sorted_human_non_human/22062026_random_sample_human_non_human_classification_detailed_prompts_mobile_CLIP.csv","File","data/Annotation_Human_Non_Human/26062026_Annotation_model_classification_images_sorted_human_non_human","Labels/predictions for the random annotation sample.","2026-06-22","2026-06-22",""
"data/Annotation_Human_Non_Human/26062026_Annotation_model_classification_images_sorted_human_non_human/22062026_random_sample_human_non_human_classification_mobile_CLIP_detailed_prompts_images_sorted","Folder","data/Annotation_Human_Non_Human/26062026_Annotation_model_classification_images_sorted_human_non_human","MobileCLIP-S1 detailed-prompt predictions, sorted: 145 human / 155 non-human.","2026-06-22","2026-06-22","300"
"data/Annotation_Human_Non_Human/26062026_Annotation_model_classification_images_sorted_human_non_human/22062026_random_sample_human_non_human_classification_mobile_CLIP_detailed_prompts_images_sorted/human","Folder","data/Annotation_Human_Non_Human/26062026_Annotation_model_classification_images_sorted_human_non_human/22062026_random_sample_human_non_human_classification_mobile_CLIP_detailed_prompts_images_sorted","Images predicted 'human' by MobileCLIP-S1 (detailed prompts).","2026-06-22","2026-06-22","145"
"data/Annotation_Human_Non_Human/26062026_Annotation_model_classification_images_sorted_human_non_human/22062026_random_sample_human_non_human_classification_mobile_CLIP_detailed_prompts_images_sorted/non-human","Folder","data/Annotation_Human_Non_Human/26062026_Annotation_model_classification_images_sorted_human_non_human/22062026_random_sample_human_non_human_classification_mobile_CLIP_detailed_prompts_images_sorted","Images predicted 'non-human' by MobileCLIP-S1 (detailed prompts).","2026-06-22","2026-06-22","155"
"data/Annotation_Human_Non_Human/26062026_Annotation_model_classification_images_sorted_human_non_human/26062026_random_sample_human_non_human_classification_detailed_prompts_eva01clip.csv","File","data/Annotation_Human_Non_Human/26062026_Annotation_model_classification_images_sorted_human_non_human","Labels/predictions for the random annotation sample.","2026-06-26","2026-06-26",""
"data/Annotation_Human_Non_Human/26062026_Annotation_model_classification_images_sorted_human_non_human/26062026_random_sample_human_non_human_classification_detailed_prompts_vitl14_CLIP.csv","File","data/Annotation_Human_Non_Human/26062026_Annotation_model_classification_images_sorted_human_non_human","Labels/predictions for the random annotation sample.","2026-06-26","2026-06-26",""
"data/Annotation_Human_Non_Human/26062026_Annotation_model_classification_images_sorted_human_non_human/26062026_random_sample_human_non_human_classification_eva01clip_detailed_prompts_images_sorted","Folder","data/Annotation_Human_Non_Human/26062026_Annotation_model_classification_images_sorted_human_non_human","EVA01-CLIP-g/14 detailed-prompt predictions, sorted: 140 human / 160 non-human.","2026-06-26","2026-06-26","300"
"data/Annotation_Human_Non_Human/26062026_Annotation_model_classification_images_sorted_human_non_human/26062026_random_sample_human_non_human_classification_eva01clip_detailed_prompts_images_sorted/human","Folder","data/Annotation_Human_Non_Human/26062026_Annotation_model_classification_images_sorted_human_non_human/26062026_random_sample_human_non_human_classification_eva01clip_detailed_prompts_images_sorted","Images predicted 'human' by EVA01-CLIP-g/14 (detailed prompts).","2026-06-26","2026-06-26","140"
"data/Annotation_Human_Non_Human/26062026_Annotation_model_classification_images_sorted_human_non_human/26062026_random_sample_human_non_human_classification_eva01clip_detailed_prompts_images_sorted/non-human","Folder","data/Annotation_Human_Non_Human/26062026_Annotation_model_classification_images_sorted_human_non_human/26062026_random_sample_human_non_human_classification_eva01clip_detailed_prompts_images_sorted","Images predicted 'non-human' by EVA01-CLIP-g/14 (detailed prompts).","2026-06-26","2026-06-26","160"
"data/Annotation_Human_Non_Human/26062026_Annotation_model_classification_images_sorted_human_non_human/26062026_random_sample_human_non_human_classification_vitl14_CLIP_detailed_prompts_images_sorted","Folder","data/Annotation_Human_Non_Human/26062026_Annotation_model_classification_images_sorted_human_non_human","CLIP ViT-L/14 detailed-prompt predictions, sorted: 124 human / 176 non-human.","2026-06-26","2026-06-26","300"
"data/Annotation_Human_Non_Human/26062026_Annotation_model_classification_images_sorted_human_non_human/26062026_random_sample_human_non_human_classification_vitl14_CLIP_detailed_prompts_images_sorted/human","Folder","data/Annotation_Human_Non_Human/26062026_Annotation_model_classification_images_sorted_human_non_human/26062026_random_sample_human_non_human_classification_vitl14_CLIP_detailed_prompts_images_sorted","Images predicted 'human' by CLIP ViT-L/14 (detailed prompts).","2026-06-26","2026-06-26","124"
"data/Annotation_Human_Non_Human/26062026_Annotation_model_classification_images_sorted_human_non_human/26062026_random_sample_human_non_human_classification_vitl14_CLIP_detailed_prompts_images_sorted/non-human","Folder","data/Annotation_Human_Non_Human/26062026_Annotation_model_classification_images_sorted_human_non_human/26062026_random_sample_human_non_human_classification_vitl14_CLIP_detailed_prompts_images_sorted","Images predicted 'non-human' by CLIP ViT-L/14 (detailed prompts).","2026-06-26","2026-06-26","176"
"data/Annotation_Human_Non_Human/26062026_Evaluation_human_non_human_all_models","Folder","data/Annotation_Human_Non_Human","Agreement/evaluation metrics: gold standard vs. each model, and human inter-annotator agreement.","2026-06-26","2026-06-28","11"
"data/Annotation_Human_Non_Human/26062026_Evaluation_human_non_human_all_models/agreement_metrics_human_nonhuman_NB_LE.csv","File","data/Annotation_Human_Non_Human/26062026_Evaluation_human_non_human_all_models","Inter-annotator agreement statistics (Cohen's kappa, raw agreement).","2026-06-26","2026-06-26",""
"data/Annotation_Human_Non_Human/26062026_Evaluation_human_non_human_all_models/confusion_matrix_gold_vs_evaclip_human_nonhuman.png","File","data/Annotation_Human_Non_Human/26062026_Evaluation_human_non_human_all_models","Confusion matrix: gold standard vs. model prediction.","2026-06-26","2026-06-26",""
"data/Annotation_Human_Non_Human/26062026_Evaluation_human_non_human_all_models/confusion_matrix_gold_vs_mobileclip_human_nonhuman.png","File","data/Annotation_Human_Non_Human/26062026_Evaluation_human_non_human_all_models","Confusion matrix: gold standard vs. model prediction.","2026-06-26","2026-06-26",""
"data/Annotation_Human_Non_Human/26062026_Evaluation_human_non_human_all_models/confusion_matrix_gold_vs_vitl14clip_human_nonhuman.png","File","data/Annotation_Human_Non_Human/26062026_Evaluation_human_non_human_all_models","Confusion matrix: gold standard vs. model prediction.","2026-06-26","2026-06-26",""
"data/Annotation_Human_Non_Human/26062026_Evaluation_human_non_human_all_models/confusion_matrix_le_vs_nb_human_nonhuman.png","File","data/Annotation_Human_Non_Human/26062026_Evaluation_human_non_human_all_models","Confusion matrix: gold standard vs. model prediction.","2026-06-26","2026-06-26",""
"data/Annotation_Human_Non_Human/26062026_Evaluation_human_non_human_all_models/disagreements_gold_vs_evaclip_human_nonhuman.csv","File","data/Annotation_Human_Non_Human/26062026_Evaluation_human_non_human_all_models","Individual disagreements: gold standard vs. evaclip_human_nonhuman predictions.","2026-06-26","2026-06-26",""
"data/Annotation_Human_Non_Human/26062026_Evaluation_human_non_human_all_models/disagreements_gold_vs_vitl14clip_human_nonhuman.csv","File","data/Annotation_Human_Non_Human/26062026_Evaluation_human_non_human_all_models","Individual disagreements: gold standard vs. vitl14clip_human_nonhuman predictions.","2026-06-26","2026-06-26",""
"data/Annotation_Human_Non_Human/26062026_Evaluation_human_non_human_all_models/evaluation_metrics_gold_vs_evaclip_human_nonhuman.csv","File","data/Annotation_Human_Non_Human/26062026_Evaluation_human_non_human_all_models","Accuracy/precision/recall/F1: gold standard vs. evaclip_human_nonhuman predictions.","2026-06-26","2026-06-26",""
"data/Annotation_Human_Non_Human/26062026_Evaluation_human_non_human_all_models/evaluation_metrics_gold_vs_mobileclip_human_nonhuman.csv","File","data/Annotation_Human_Non_Human/26062026_Evaluation_human_non_human_all_models","Accuracy/precision/recall/F1: gold standard vs. mobileclip_human_nonhuman predictions.","2026-06-26","2026-06-26",""
"data/Annotation_Human_Non_Human/26062026_Evaluation_human_non_human_all_models/evaluation_metrics_gold_vs_vitl14clip_human_nonhuman.csv","File","data/Annotation_Human_Non_Human/26062026_Evaluation_human_non_human_all_models","Accuracy/precision/recall/F1: gold standard vs. vitl14clip_human_nonhuman predictions.","2026-06-26","2026-06-26",""
"data/Annotation_Human_Non_Human/26062026_Evaluation_human_non_human_all_models/evaluation_metrics_le_vs_nb_human_nonhuman.csv","File","data/Annotation_Human_Non_Human/26062026_Evaluation_human_non_human_all_models","Human inter-annotator evaluation metrics (LE vs. NB).","2026-06-26","2026-06-26",""
"data/Annotation_Human_Non_Human/28062026_linearprobe_random_sample_for_final_annotation","Folder","data/Annotation_Human_Non_Human","Further 300-image sample + labels, sanity-checking the linear-probe approach.","2026-06-28","2026-06-28","301"
"data/Annotation_Human_Non_Human/28062026_linearprobe_random_sample_for_final_annotation/linear_probe_random_classification_sample_human_non_human.csv","File","data/Annotation_Human_Non_Human/28062026_linearprobe_random_sample_for_final_annotation","Labels/predictions for the random annotation sample.","2026-06-28","2026-06-28",""
"data/Annotation_Human_Non_Human/disagreements_le_vs_nb_human_nonhuman.csv","File","data/Annotation_Human_Non_Human","Raw disagreements between annotators LE and NB.","2026-06-26","2026-06-26",""
"data/Annotation_Human_Non_Human/disagreements_to_reconcile_human_non_human_NB_LE_22062026.csv","File","data/Annotation_Human_Non_Human","Annotator disagreements, manually reconciled into the gold standard.","2026-06-22","2026-06-22",""
"data/Annotation_Human_Non_Human/README.md","File","data/Annotation_Human_Non_Human","This folder's README - explains its contents.","2026-07-03","2026-07-03",""
"data/Annotation_Individual_CoEco_Landscape","Folder","data","Level 3 gold standard: sampling, 4-model classification, 3-rater evaluation.","2026-06-30","2026-07-02","1509"
"data/Annotation_Individual_CoEco_Landscape/01072026_annotations_Individual_CoEco_Landscape.csv","File","data/Annotation_Individual_CoEco_Landscape","Per-image annotations from 3 raters (NB, LE, MED) + reconciled gold standard.","2026-07-02","2026-07-02",""
"data/Annotation_Individual_CoEco_Landscape/01072026_disagreements_to_reconcile_Individual_CoEco_Landscape_NB_LE_MED.csv","File","data/Annotation_Individual_CoEco_Landscape","Annotator disagreements, manually reconciled into the gold standard.","2026-07-01","2026-07-01",""
"data/Annotation_Individual_CoEco_Landscape/30062026_Annotation_model_classification_images_sorted_Individual_CoEco_Landscape","Folder","data/Annotation_Individual_CoEco_Landscape","Zero-shot classification of the sample by all 4 models (mixed prompts).","2026-06-30","2026-07-01","1193"
"data/Annotation_Individual_CoEco_Landscape/30062026_Annotation_model_classification_images_sorted_Individual_CoEco_Landscape/all_models_predictions_combined.csv","File","data/Annotation_Individual_CoEco_Landscape/30062026_Annotation_model_classification_images_sorted_Individual_CoEco_Landscape","Combined predictions from all 4 models, merged into one table.","2026-07-01","2026-07-01",""
"data/Annotation_Individual_CoEco_Landscape/30062026_Annotation_model_classification_images_sorted_Individual_CoEco_Landscape/CLIP-ViT-B32","Folder","data/Annotation_Individual_CoEco_Landscape/30062026_Annotation_model_classification_images_sorted_Individual_CoEco_Landscape","Predictions/results for the CLIP-ViT-B32 model.","2026-07-01","2026-07-01","297"
"data/Annotation_Individual_CoEco_Landscape/30062026_Annotation_model_classification_images_sorted_Individual_CoEco_Landscape/CLIP-ViT-B32/community_ecosystem","Folder","data/Annotation_Individual_CoEco_Landscape/30062026_Annotation_model_classification_images_sorted_Individual_CoEco_Landscape/CLIP-ViT-B32","Images classified as community/ecosystem.","2026-07-01","2026-07-01","30"
"data/Annotation_Individual_CoEco_Landscape/30062026_Annotation_model_classification_images_sorted_Individual_CoEco_Landscape/CLIP-ViT-B32/individual","Folder","data/Annotation_Individual_CoEco_Landscape/30062026_Annotation_model_classification_images_sorted_Individual_CoEco_Landscape/CLIP-ViT-B32","Images classified as individual.","2026-07-01","2026-07-01","36"
"data/Annotation_Individual_CoEco_Landscape/30062026_Annotation_model_classification_images_sorted_Individual_CoEco_Landscape/CLIP-ViT-B32/landscape","Folder","data/Annotation_Individual_CoEco_Landscape/30062026_Annotation_model_classification_images_sorted_Individual_CoEco_Landscape/CLIP-ViT-B32","Images classified as landscape.","2026-07-01","2026-07-01","231"
"data/Annotation_Individual_CoEco_Landscape/30062026_Annotation_model_classification_images_sorted_Individual_CoEco_Landscape/CLIP-ViT-L14","Folder","data/Annotation_Individual_CoEco_Landscape/30062026_Annotation_model_classification_images_sorted_Individual_CoEco_Landscape","Predictions/results for the CLIP-ViT-L14 model.","2026-07-01","2026-07-01","297"
"data/Annotation_Individual_CoEco_Landscape/30062026_Annotation_model_classification_images_sorted_Individual_CoEco_Landscape/CLIP-ViT-L14/community_ecosystem","Folder","data/Annotation_Individual_CoEco_Landscape/30062026_Annotation_model_classification_images_sorted_Individual_CoEco_Landscape/CLIP-ViT-L14","Images classified as community/ecosystem.","2026-07-01","2026-07-01","61"
"data/Annotation_Individual_CoEco_Landscape/30062026_Annotation_model_classification_images_sorted_Individual_CoEco_Landscape/CLIP-ViT-L14/individual","Folder","data/Annotation_Individual_CoEco_Landscape/30062026_Annotation_model_classification_images_sorted_Individual_CoEco_Landscape/CLIP-ViT-L14","Images classified as individual.","2026-07-01","2026-07-01","28"
"data/Annotation_Individual_CoEco_Landscape/30062026_Annotation_model_classification_images_sorted_Individual_CoEco_Landscape/CLIP-ViT-L14/landscape","Folder","data/Annotation_Individual_CoEco_Landscape/30062026_Annotation_model_classification_images_sorted_Individual_CoEco_Landscape/CLIP-ViT-L14","Images classified as landscape.","2026-07-01","2026-07-01","208"
"data/Annotation_Individual_CoEco_Landscape/30062026_Annotation_model_classification_images_sorted_Individual_CoEco_Landscape/EVA01-CLIP-g14","Folder","data/Annotation_Individual_CoEco_Landscape/30062026_Annotation_model_classification_images_sorted_Individual_CoEco_Landscape","Predictions/results for the EVA01-CLIP-g14 model.","2026-07-01","2026-07-01","297"
"data/Annotation_Individual_CoEco_Landscape/30062026_Annotation_model_classification_images_sorted_Individual_CoEco_Landscape/EVA01-CLIP-g14/community_ecosystem","Folder","data/Annotation_Individual_CoEco_Landscape/30062026_Annotation_model_classification_images_sorted_Individual_CoEco_Landscape/EVA01-CLIP-g14","Images classified as community/ecosystem.","2026-07-01","2026-07-01","99"
"data/Annotation_Individual_CoEco_Landscape/30062026_Annotation_model_classification_images_sorted_Individual_CoEco_Landscape/EVA01-CLIP-g14/individual","Folder","data/Annotation_Individual_CoEco_Landscape/30062026_Annotation_model_classification_images_sorted_Individual_CoEco_Landscape/EVA01-CLIP-g14","Images classified as individual.","2026-07-01","2026-07-01","55"
"data/Annotation_Individual_CoEco_Landscape/30062026_Annotation_model_classification_images_sorted_Individual_CoEco_Landscape/EVA01-CLIP-g14/landscape","Folder","data/Annotation_Individual_CoEco_Landscape/30062026_Annotation_model_classification_images_sorted_Individual_CoEco_Landscape/EVA01-CLIP-g14","Images classified as landscape.","2026-07-01","2026-07-01","143"
"data/Annotation_Individual_CoEco_Landscape/30062026_Annotation_model_classification_images_sorted_Individual_CoEco_Landscape/MobileCLIP-S1","Folder","data/Annotation_Individual_CoEco_Landscape/30062026_Annotation_model_classification_images_sorted_Individual_CoEco_Landscape","Predictions/results for the MobileCLIP-S1 model.","2026-07-01","2026-07-01","297"
"data/Annotation_Individual_CoEco_Landscape/30062026_Annotation_model_classification_images_sorted_Individual_CoEco_Landscape/MobileCLIP-S1/community_ecosystem","Folder","data/Annotation_Individual_CoEco_Landscape/30062026_Annotation_model_classification_images_sorted_Individual_CoEco_Landscape/MobileCLIP-S1","Images classified as community/ecosystem.","2026-07-01","2026-07-01","53"
"data/Annotation_Individual_CoEco_Landscape/30062026_Annotation_model_classification_images_sorted_Individual_CoEco_Landscape/MobileCLIP-S1/individual","Folder","data/Annotation_Individual_CoEco_Landscape/30062026_Annotation_model_classification_images_sorted_Individual_CoEco_Landscape/MobileCLIP-S1","Images classified as individual.","2026-07-01","2026-07-01","33"
"data/Annotation_Individual_CoEco_Landscape/30062026_Annotation_model_classification_images_sorted_Individual_CoEco_Landscape/MobileCLIP-S1/landscape","Folder","data/Annotation_Individual_CoEco_Landscape/30062026_Annotation_model_classification_images_sorted_Individual_CoEco_Landscape/MobileCLIP-S1","Images classified as landscape.","2026-07-01","2026-07-01","211"
"data/Annotation_Individual_CoEco_Landscape/30062026_Annotation_model_classification_images_sorted_Individual_CoEco_Landscape/predictions_CLIP-ViT-B32.csv","File","data/Annotation_Individual_CoEco_Landscape/30062026_Annotation_model_classification_images_sorted_Individual_CoEco_Landscape","Zero-shot predictions from CLIP-ViT-B32.","2026-07-01","2026-07-01",""
"data/Annotation_Individual_CoEco_Landscape/30062026_Annotation_model_classification_images_sorted_Individual_CoEco_Landscape/predictions_CLIP-ViT-L14.csv","File","data/Annotation_Individual_CoEco_Landscape/30062026_Annotation_model_classification_images_sorted_Individual_CoEco_Landscape","Zero-shot predictions from CLIP-ViT-L14.","2026-07-01","2026-07-01",""
"data/Annotation_Individual_CoEco_Landscape/30062026_Annotation_model_classification_images_sorted_Individual_CoEco_Landscape/predictions_EVA01-CLIP-g14.csv","File","data/Annotation_Individual_CoEco_Landscape/30062026_Annotation_model_classification_images_sorted_Individual_CoEco_Landscape","Zero-shot predictions from EVA01-CLIP-g14.","2026-07-01","2026-07-01",""
"data/Annotation_Individual_CoEco_Landscape/30062026_Annotation_model_classification_images_sorted_Individual_CoEco_Landscape/predictions_MobileCLIP-S1.csv","File","data/Annotation_Individual_CoEco_Landscape/30062026_Annotation_model_classification_images_sorted_Individual_CoEco_Landscape","Zero-shot predictions from MobileCLIP-S1.","2026-07-01","2026-07-01",""
"data/Annotation_Individual_CoEco_Landscape/30062026_Evaluation_Individual_CoEco_Landscape_all_models","Folder","data/Annotation_Individual_CoEco_Landscape","Agreement/evaluation metrics: gold standard vs. each of the 4 models, 3-rater agreement.","2026-06-30","2026-07-01","16"
"data/Annotation_Individual_CoEco_Landscape/30062026_Evaluation_Individual_CoEco_Landscape_all_models/agreement_metrics_Individual_CoEco_Landscape_NB_LE_MED.csv","File","data/Annotation_Individual_CoEco_Landscape/30062026_Evaluation_Individual_CoEco_Landscape_all_models","Inter-annotator agreement statistics (3 raters: NB, LE, MED).","2026-07-01","2026-07-01",""
"data/Annotation_Individual_CoEco_Landscape/30062026_Evaluation_Individual_CoEco_Landscape_all_models/confusion_matrix_gold_vs_evaclip_Individual_CoEco_Landscape.png","File","data/Annotation_Individual_CoEco_Landscape/30062026_Evaluation_Individual_CoEco_Landscape_all_models","Confusion matrix: gold standard vs. model prediction.","2026-07-01","2026-07-01",""
"data/Annotation_Individual_CoEco_Landscape/30062026_Evaluation_Individual_CoEco_Landscape_all_models/confusion_matrix_gold_vs_mobileclip_Individual_CoEco_Landscape.png","File","data/Annotation_Individual_CoEco_Landscape/30062026_Evaluation_Individual_CoEco_Landscape_all_models","Confusion matrix: gold standard vs. model prediction.","2026-07-01","2026-07-01",""
"data/Annotation_Individual_CoEco_Landscape/30062026_Evaluation_Individual_CoEco_Landscape_all_models/confusion_matrix_gold_vs_vitl14_Individual_CoEco_Landscape.png","File","data/Annotation_Individual_CoEco_Landscape/30062026_Evaluation_Individual_CoEco_Landscape_all_models","Confusion matrix: gold standard vs. model prediction.","2026-07-01","2026-07-01",""
"data/Annotation_Individual_CoEco_Landscape/30062026_Evaluation_Individual_CoEco_Landscape_all_models/confusion_matrix_gold_vs_vitl32_Individual_CoEco_Landscape.png","File","data/Annotation_Individual_CoEco_Landscape/30062026_Evaluation_Individual_CoEco_Landscape_all_models","Confusion matrix: gold standard vs. model prediction.","2026-07-01","2026-07-01",""
"data/Annotation_Individual_CoEco_Landscape/30062026_Evaluation_Individual_CoEco_Landscape_all_models/confusion_matrix_NB_vs_LE_Individual_CoEco_Landscape.png","File","data/Annotation_Individual_CoEco_Landscape/30062026_Evaluation_Individual_CoEco_Landscape_all_models","Confusion matrix: gold standard vs. model prediction.","2026-07-01","2026-07-01",""
"data/Annotation_Individual_CoEco_Landscape/30062026_Evaluation_Individual_CoEco_Landscape_all_models/disagreements_gold_vs_evaclip_Individual_CoEco_Landscape.csv","File","data/Annotation_Individual_CoEco_Landscape/30062026_Evaluation_Individual_CoEco_Landscape_all_models","Individual disagreements: gold standard vs. evaclip_Individual_CoEco_Landscape predictions.","2026-07-01","2026-07-01",""
"data/Annotation_Individual_CoEco_Landscape/30062026_Evaluation_Individual_CoEco_Landscape_all_models/disagreements_gold_vs_mobileclip_Individual_CoEco_Landscape.csv","File","data/Annotation_Individual_CoEco_Landscape/30062026_Evaluation_Individual_CoEco_Landscape_all_models","Individual disagreements: gold standard vs. mobileclip_Individual_CoEco_Landscape predictions.","2026-07-01","2026-07-01",""
"data/Annotation_Individual_CoEco_Landscape/30062026_Evaluation_Individual_CoEco_Landscape_all_models/disagreements_gold_vs_vitl14_Individual_CoEco_Landscape.csv","File","data/Annotation_Individual_CoEco_Landscape/30062026_Evaluation_Individual_CoEco_Landscape_all_models","Individual disagreements: gold standard vs. vitl14_Individual_CoEco_Landscape predictions.","2026-07-01","2026-07-01",""
"data/Annotation_Individual_CoEco_Landscape/30062026_Evaluation_Individual_CoEco_Landscape_all_models/disagreements_gold_vs_vitl32_Individual_CoEco_Landscape.csv","File","data/Annotation_Individual_CoEco_Landscape/30062026_Evaluation_Individual_CoEco_Landscape_all_models","Individual disagreements: gold standard vs. vitl32_Individual_CoEco_Landscape predictions.","2026-07-01","2026-07-01",""
"data/Annotation_Individual_CoEco_Landscape/30062026_Evaluation_Individual_CoEco_Landscape_all_models/disagreements_to_reconcile_Individual_CoEco_Landscape_NB_LE_MED.csv","File","data/Annotation_Individual_CoEco_Landscape/30062026_Evaluation_Individual_CoEco_Landscape_all_models","Annotator disagreements, manually reconciled into the gold standard.","2026-07-01","2026-07-01",""
"data/Annotation_Individual_CoEco_Landscape/30062026_Evaluation_Individual_CoEco_Landscape_all_models/evaluation_metrics_gold_vs_evaclip_Individual_CoEco_Landscape.csv","File","data/Annotation_Individual_CoEco_Landscape/30062026_Evaluation_Individual_CoEco_Landscape_all_models","Accuracy/precision/recall/F1: gold standard vs. evaclip_Individual_CoEco_Landscape predictions.","2026-07-01","2026-07-01",""
"data/Annotation_Individual_CoEco_Landscape/30062026_Evaluation_Individual_CoEco_Landscape_all_models/evaluation_metrics_gold_vs_mobileclip_Individual_CoEco_Landscape.csv","File","data/Annotation_Individual_CoEco_Landscape/30062026_Evaluation_Individual_CoEco_Landscape_all_models","Accuracy/precision/recall/F1: gold standard vs. mobileclip_Individual_CoEco_Landscape predictions.","2026-07-01","2026-07-01",""
"data/Annotation_Individual_CoEco_Landscape/30062026_Evaluation_Individual_CoEco_Landscape_all_models/evaluation_metrics_gold_vs_vitl14_Individual_CoEco_Landscape.csv","File","data/Annotation_Individual_CoEco_Landscape/30062026_Evaluation_Individual_CoEco_Landscape_all_models","Accuracy/precision/recall/F1: gold standard vs. vitl14_Individual_CoEco_Landscape predictions.","2026-07-01","2026-07-01",""
"data/Annotation_Individual_CoEco_Landscape/30062026_Evaluation_Individual_CoEco_Landscape_all_models/evaluation_metrics_gold_vs_vitl32_Individual_CoEco_Landscape.csv","File","data/Annotation_Individual_CoEco_Landscape/30062026_Evaluation_Individual_CoEco_Landscape_all_models","Accuracy/precision/recall/F1: gold standard vs. vitl32_Individual_CoEco_Landscape predictions.","2026-07-01","2026-07-01",""
"data/Annotation_Individual_CoEco_Landscape/30062026_Evaluation_Individual_CoEco_Landscape_all_models/evaluation_metrics_NB_vs_LE_Individual_CoEco_Landscape.csv","File","data/Annotation_Individual_CoEco_Landscape/30062026_Evaluation_Individual_CoEco_Landscape_all_models","Human inter-annotator evaluation metrics (LE vs. NB).","2026-07-01","2026-07-01",""
"data/Annotation_Individual_CoEco_Landscape/30062026_random_sample_images_Individual_CoEco_Landscape","Folder","data/Annotation_Individual_CoEco_Landscape","297-image random sample (JPGs).","2026-06-30","2026-07-02","297"
"data/Annotation_Individual_CoEco_Landscape/random_classification_sample_Individual_CoEco_Landscape.csv","File","data/Annotation_Individual_CoEco_Landscape","Labels/predictions for the random annotation sample.","2026-06-30","2026-06-30",""
"data/Annotation_Individual_CoEco_Landscape/README.md","File","data/Annotation_Individual_CoEco_Landscape","This folder's README - explains its contents.","2026-07-03","2026-07-03",""
"data/Annotation_Indoor_Outdoor","Folder","data","Level 1 gold standard: sampling, human annotation, inter-annotator agreement, CLIP evaluation.","2026-06-18","2026-06-28","609"
"data/Annotation_Indoor_Outdoor/agreement_metrics_indoor_outdoor_NB_LE.csv","File","data/Annotation_Indoor_Outdoor","Inter-annotator agreement statistics (Cohen's kappa, raw agreement).","2026-06-18","2026-06-18",""
"data/Annotation_Indoor_Outdoor/annotations_indoor_outdoor.csv","File","data/Annotation_Indoor_Outdoor","Per-image labels: 2 human annotators, reconciled gold standard, zero-shot CLIP prediction.","2026-06-18","2026-06-22",""
"data/Annotation_Indoor_Outdoor/disagreements_to_reconcile_indoor_outdoor_NB_LE.csv","File","data/Annotation_Indoor_Outdoor","Annotator disagreements, manually reconciled into the gold standard.","2026-06-22","2026-06-22",""
"data/Annotation_Indoor_Outdoor/evaluation_indoor_outdoor","Folder","data/Annotation_Indoor_Outdoor","Zero-shot CLIP vs. gold-standard evaluation results (Accuracy 96.33%, F1 95.91%).","2026-06-18","2026-06-22","4"
"data/Annotation_Indoor_Outdoor/evaluation_indoor_outdoor/confusion_matrix.csv","File","data/Annotation_Indoor_Outdoor/evaluation_indoor_outdoor","Confusion matrix: gold standard vs. model prediction.","2026-06-22","2026-06-22",""
"data/Annotation_Indoor_Outdoor/evaluation_indoor_outdoor/confusion_matrix.png","File","data/Annotation_Indoor_Outdoor/evaluation_indoor_outdoor","Confusion matrix: gold standard vs. model prediction.","2026-06-22","2026-06-22",""
"data/Annotation_Indoor_Outdoor/evaluation_indoor_outdoor/disagreements_gold_vs_clip.csv","File","data/Annotation_Indoor_Outdoor/evaluation_indoor_outdoor","Individual disagreements: gold standard vs. clip predictions.","2026-06-22","2026-06-22",""
"data/Annotation_Indoor_Outdoor/evaluation_indoor_outdoor/evaluation_metrics.csv","File","data/Annotation_Indoor_Outdoor/evaluation_indoor_outdoor","Evaluation metrics (accuracy, F1, per-class precision/recall).","2026-06-22","2026-06-22",""
"data/Annotation_Indoor_Outdoor/Random_sample_for_annotation_indoor_outdoor","Folder","data/Annotation_Indoor_Outdoor","300-image random sample drawn for manual annotation + CLIP zero-shot predictions on it.","2026-06-28","2026-06-28","302"
"data/Annotation_Indoor_Outdoor/Random_sample_for_annotation_indoor_outdoor/random_sample_images_indoor_outdoor","Folder","data/Annotation_Indoor_Outdoor/Random_sample_for_annotation_indoor_outdoor","The 300 sampled JPGs.","2026-06-16","2026-06-22","301"
"data/Annotation_Indoor_Outdoor/Random_sample_for_annotation_indoor_outdoor/random_sample_images_indoor_outdoor/manual_classification_sample_all_images.csv","File","data/Annotation_Indoor_Outdoor/Random_sample_for_annotation_indoor_outdoor/random_sample_images_indoor_outdoor","Blank annotation template for the 300-image random sample.","2026-06-16","2026-06-16",""
"data/Annotation_Indoor_Outdoor/Random_sample_for_annotation_indoor_outdoor/random_sample_indoor_outdoor_classification_simple_prompts.csv","File","data/Annotation_Indoor_Outdoor/Random_sample_for_annotation_indoor_outdoor","Labels/predictions for the random annotation sample.","2026-06-22","2026-06-22",""
"data/Annotation_Indoor_Outdoor/random_sample_indoor_outdoor_classification_CLIP_simple_prompts_images_sorted","Folder","data/Annotation_Indoor_Outdoor","300 sample images sorted by CLIP zero-shot prediction (simple prompts).","2026-06-22","2026-06-22","300"
"data/Annotation_Indoor_Outdoor/random_sample_indoor_outdoor_classification_CLIP_simple_prompts_images_sorted/indoor","Folder","data/Annotation_Indoor_Outdoor/random_sample_indoor_outdoor_classification_CLIP_simple_prompts_images_sorted","Images classified as indoor.","2026-06-22","2026-06-22","14"
"data/Annotation_Indoor_Outdoor/random_sample_indoor_outdoor_classification_CLIP_simple_prompts_images_sorted/outdoor","Folder","data/Annotation_Indoor_Outdoor/random_sample_indoor_outdoor_classification_CLIP_simple_prompts_images_sorted","Images classified as outdoor.","2026-06-22","2026-06-22","286"
"data/Annotation_Indoor_Outdoor/README.md","File","data/Annotation_Indoor_Outdoor","This folder's README - explains its contents.","2026-07-03","2026-07-03",""
"data/Classification_Human_non_Human","Folder","data","FINAL Level 2 classification of the 8,219 outdoor images, 4 methods compared (zero-shot/linear-probe x MobileCLIP/ViT-L14).","2026-06-24","2026-06-30","33222"
"data/Classification_Human_non_Human/final_class_human_non_human_LINEARPROBE.csv","File","data/Classification_Human_non_Human","Full-dataset predictions: MobileCLIP-S1 + linear probe (human/non-human), 3,125 human / 5,094 non_human.","2026-06-27","2026-06-27",""
"data/Classification_Human_non_Human/final_class_human_non_human_LINEARPROBE_sorted","Folder","data/Classification_Human_non_Human","MobileCLIP-S1 + linear probe: 3,125 human / 5,094 non_human.","2026-06-27","2026-06-27","8219"
"data/Classification_Human_non_Human/final_class_human_non_human_LINEARPROBE_sorted/human","Folder","data/Classification_Human_non_Human/final_class_human_non_human_LINEARPROBE_sorted","Images classified as human.","2026-06-27","2026-06-27","3125"
"data/Classification_Human_non_Human/final_class_human_non_human_LINEARPROBE_sorted/non_human","Folder","data/Classification_Human_non_Human/final_class_human_non_human_LINEARPROBE_sorted","Images classified as non-human.","2026-06-27","2026-06-27","5094"
"data/Classification_Human_non_Human/final_class_human_non_human_LINEARPROBE_vitl14.csv","File","data/Classification_Human_non_Human","Full-dataset predictions: CLIP ViT-L14 + linear probe (human/non-human), 2,933 human / 5,286 non_human. Carried forward to Level 3.","2026-06-30","2026-06-30",""
"data/Classification_Human_non_Human/final_class_human_non_human_LINEARPROBE_vitl14_sorted","Folder","data/Classification_Human_non_Human","CLIP ViT-L/14 + linear probe: 2,933 human / 5,286 non_human. non_human/ feeds Classification_Individual_CoEco_Landscape.","2026-06-30","2026-06-30","8173"
"data/Classification_Human_non_Human/final_class_human_non_human_LINEARPROBE_vitl14_sorted/human","Folder","data/Classification_Human_non_Human/final_class_human_non_human_LINEARPROBE_vitl14_sorted","Images classified as human.","2026-06-30","2026-06-30","2933"
"data/Classification_Human_non_Human/final_class_human_non_human_LINEARPROBE_vitl14_sorted/non_human","Folder","data/Classification_Human_non_Human/final_class_human_non_human_LINEARPROBE_vitl14_sorted","Images classified as non-human.","2026-06-30","2026-07-02","5240"
"data/Classification_Human_non_Human/final_class_human_non_human_sorted.csv","File","data/Classification_Human_non_Human","Full-dataset predictions: MobileCLIP-S1 zero-shot mixed prompts (human/non-human), 3,866 human / 4,547 non-human.","2026-06-24","2026-06-24",""
"data/Classification_Human_non_Human/final_class_indoor_outdoor_sorted","Folder","data/Classification_Human_non_Human","NAMING QUIRK: contains human/non-human images (MobileCLIP zero-shot, mixed prompts), not indoor/outdoor. 3,866 human / 4,547 non-human.","2026-06-24","2026-06-24","8413"
"data/Classification_Human_non_Human/final_class_indoor_outdoor_sorted/human","Folder","data/Classification_Human_non_Human/final_class_indoor_outdoor_sorted","Images classified as human.","2026-06-24","2026-06-24","3866"
"data/Classification_Human_non_Human/final_class_indoor_outdoor_sorted/non-human","Folder","data/Classification_Human_non_Human/final_class_indoor_outdoor_sorted","Images classified as non-human.","2026-06-24","2026-06-24","4547"
"data/Classification_Human_non_Human/final_class_vitl14_human_non_human_sorted.csv","File","data/Classification_Human_non_Human","Full-dataset predictions: CLIP ViT-L14 zero-shot mixed prompts (human/non-human), 3,376 human / 5,037 non-human.","2026-06-25","2026-06-25",""
"data/Classification_Human_non_Human/final_class_vitl14_indoor_outdoor_sorted","Folder","data/Classification_Human_non_Human","NAMING QUIRK: contains human/non-human images (ViT-L14 zero-shot, mixed prompts), not indoor/outdoor. 3,376 human / 5,037 non-human.","2026-06-25","2026-06-25","8413"
"data/Classification_Human_non_Human/final_class_vitl14_indoor_outdoor_sorted/human","Folder","data/Classification_Human_non_Human/final_class_vitl14_indoor_outdoor_sorted","Images classified as human.","2026-06-25","2026-06-25","3376"
"data/Classification_Human_non_Human/final_class_vitl14_indoor_outdoor_sorted/non-human","Folder","data/Classification_Human_non_Human/final_class_vitl14_indoor_outdoor_sorted","Images classified as non-human.","2026-06-25","2026-06-25","5037"
"data/Classification_Human_non_Human/README.md","File","data/Classification_Human_non_Human","This folder's README - explains its contents.","2026-07-03","2026-07-03",""
"data/Classification_Individual_CoEco_Landscape","Folder","data","FINAL Level 3 classification of the 5,240 non_human images (from ViT-L14 linear-probe), 2 methods compared.","2026-07-02","2026-07-02","10482"
"data/Classification_Individual_CoEco_Landscape/final_class_individual_coeco_landscape.csv","File","data/Classification_Individual_CoEco_Landscape","Full-dataset predictions: MobileCLIP-S1 zero-shot mixed prompts (individual/CoEco/landscape).","2026-07-02","2026-07-02",""
"data/Classification_Individual_CoEco_Landscape/final_class_individual_coeco_landscape_LINEARPROBE.csv","File","data/Classification_Individual_CoEco_Landscape","Full-dataset predictions: MobileCLIP-S1 + linear probe (individual/CoEco/landscape). landscape/ feeds PUD_Analysis.","2026-07-02","2026-07-02",""
"data/Classification_Individual_CoEco_Landscape/final_class_individual_coeco_landscape_LINEARPROBE_sorted","Folder","data/Classification_Individual_CoEco_Landscape","MobileCLIP-S1 + linear probe: 517 individual / 1,301 community_ecosystem / 3,422 landscape. landscape/ feeds PUD_Analysis.","2026-07-02","2026-07-02","5240"
"data/Classification_Individual_CoEco_Landscape/final_class_individual_coeco_landscape_LINEARPROBE_sorted/community_ecosystem","Folder","data/Classification_Individual_CoEco_Landscape/final_class_individual_coeco_landscape_LINEARPROBE_sorted","Images classified as community/ecosystem.","2026-07-02","2026-07-02","1301"
"data/Classification_Individual_CoEco_Landscape/final_class_individual_coeco_landscape_LINEARPROBE_sorted/individual","Folder","data/Classification_Individual_CoEco_Landscape/final_class_individual_coeco_landscape_LINEARPROBE_sorted","Images classified as individual.","2026-07-02","2026-07-02","517"
"data/Classification_Individual_CoEco_Landscape/final_class_individual_coeco_landscape_LINEARPROBE_sorted/landscape","Folder","data/Classification_Individual_CoEco_Landscape/final_class_individual_coeco_landscape_LINEARPROBE_sorted","Images classified as landscape.","2026-07-02","2026-07-02","3422"
"data/Classification_Individual_CoEco_Landscape/final_class_individual_coeco_landscape_sorted","Folder","data/Classification_Individual_CoEco_Landscape","MobileCLIP-S1 zero-shot mixed prompts: 562 individual / 992 community_ecosystem / 3,686 landscape.","2026-07-02","2026-07-02","5240"
"data/Classification_Individual_CoEco_Landscape/final_class_individual_coeco_landscape_sorted/community_ecosystem","Folder","data/Classification_Individual_CoEco_Landscape/final_class_individual_coeco_landscape_sorted","Images classified as community/ecosystem.","2026-07-02","2026-07-02","992"
"data/Classification_Individual_CoEco_Landscape/final_class_individual_coeco_landscape_sorted/individual","Folder","data/Classification_Individual_CoEco_Landscape/final_class_individual_coeco_landscape_sorted","Images classified as individual.","2026-07-02","2026-07-02","562"
"data/Classification_Individual_CoEco_Landscape/final_class_individual_coeco_landscape_sorted/landscape","Folder","data/Classification_Individual_CoEco_Landscape/final_class_individual_coeco_landscape_sorted","Images classified as landscape.","2026-07-02","2026-07-02","3686"
"data/Classification_Individual_CoEco_Landscape/README.md","File","data/Classification_Individual_CoEco_Landscape","This folder's README - explains its contents.","2026-07-03","2026-07-03",""
"data/Classification_Indoor_Outdoor","Folder","data","FINAL Level 1 classification of the full 8,819-image dataset (MobileCLIP-S1, simple prompts).","2026-06-18","2026-06-21","8627"
"data/Classification_Indoor_Outdoor/final_class_indoor_outdoor_deduplicated_mobileclip_predictions.csv","File","data/Classification_Indoor_Outdoor","Full-dataset predictions: MobileCLIP-S1 simple prompts (indoor/outdoor) on all 8,819 deduplicated images.","2026-06-21","2026-06-21",""
"data/Classification_Indoor_Outdoor/final_class_indoor_outdoor_sorted","Folder","data/Classification_Indoor_Outdoor","Full dataset split by predicted label: 406 indoor / 8,219 outdoor. outdoor/ feeds Classification_Human_non_Human.","2026-06-21","2026-06-21","8625"
"data/Classification_Indoor_Outdoor/final_class_indoor_outdoor_sorted/indoor","Folder","data/Classification_Indoor_Outdoor/final_class_indoor_outdoor_sorted","Images classified as indoor.","2026-06-21","2026-06-21","406"
"data/Classification_Indoor_Outdoor/final_class_indoor_outdoor_sorted/outdoor","Folder","data/Classification_Indoor_Outdoor/final_class_indoor_outdoor_sorted","Images classified as outdoor.","2026-06-21","2026-06-26","8219"
"data/Classification_Indoor_Outdoor/indoor_outdoor_classification_CLIP_300sample_simple_prompts.csv","File","data/Classification_Indoor_Outdoor","Earlier exploratory 300-image indoor/outdoor run, superseded by the full-dataset predictions file.","2026-06-16","2026-06-16",""
"data/Classification_Indoor_Outdoor/README.md","File","data/Classification_Indoor_Outdoor","This folder's README - explains its contents.","2026-07-03","2026-07-03",""
"data/Duplicates","Folder","data","Duplicate-detection output (perceptual hashing).","2026-06-18","2026-06-18","1"
"data/Duplicates/duplicates_all_images.csv","File","data/Duplicates","List of images identified as duplicates within All_images/ (perceptual hashing).","2026-06-16","2026-06-16",""
"data/Duplicates/README.md","File","data/Duplicates","This folder's README - explains its contents.","2026-07-03","2026-07-03",""
"data/final_flickr_dataset_with_metadata.csv","File","data","Full raw dataset: 12,332 geotagged Flickr photos with metadata (owner, GPS, dates, view/fave counts, tags, image URL).","2026-05-26","2024-08-20",""
"data/LinearProbe_AllModels_Comparison","Folder","data","Linear-probe artifacts (Level 2, Human/Non-human), all 4 models. Best: ViT-L14 AUC=0.9914.","2026-06-29","2026-06-29","9"
"data/LinearProbe_AllModels_Comparison/embeddings_CLIP-ViT-B32.npy","File","data/LinearProbe_AllModels_Comparison","Cached image embeddings for CLIP-ViT-B32.","2026-06-29","2026-06-29",""
"data/LinearProbe_AllModels_Comparison/embeddings_CLIP-ViT-L14.npy","File","data/LinearProbe_AllModels_Comparison","Cached image embeddings for CLIP-ViT-L14.","2026-06-29","2026-06-29",""
"data/LinearProbe_AllModels_Comparison/embeddings_EVA01-CLIP-g14.npy","File","data/LinearProbe_AllModels_Comparison","Cached image embeddings for EVA01-CLIP-g14.","2026-06-29","2026-06-29",""
"data/LinearProbe_AllModels_Comparison/embeddings_MobileCLIP-S1.npy","File","data/LinearProbe_AllModels_Comparison","Cached image embeddings for MobileCLIP-S1.","2026-06-29","2026-06-29",""
"data/LinearProbe_AllModels_Comparison/linear_probe_CLIP-ViT-B32.joblib","File","data/LinearProbe_AllModels_Comparison","Trained linear-probe (LogisticRegression) model for CLIP-ViT-B32.","2026-06-29","2026-06-29",""
"data/LinearProbe_AllModels_Comparison/linear_probe_CLIP-ViT-L14.joblib","File","data/LinearProbe_AllModels_Comparison","Trained linear-probe (LogisticRegression) model for CLIP-ViT-L14.","2026-06-29","2026-06-29",""
"data/LinearProbe_AllModels_Comparison/linear_probe_EVA01-CLIP-g14.joblib","File","data/LinearProbe_AllModels_Comparison","Trained linear-probe (LogisticRegression) model for EVA01-CLIP-g14.","2026-06-29","2026-06-29",""
"data/LinearProbe_AllModels_Comparison/linear_probe_MobileCLIP-S1.joblib","File","data/LinearProbe_AllModels_Comparison","Trained linear-probe (LogisticRegression) model for MobileCLIP-S1.","2026-06-29","2026-06-29",""
"data/LinearProbe_AllModels_Comparison/linearprobe_model_comparison.csv","File","data/LinearProbe_AllModels_Comparison","5-fold CV comparison across all 4 models' linear probes.","2026-06-29","2026-06-29",""
"data/LinearProbe_AllModels_Comparison/README.md","File","data/LinearProbe_AllModels_Comparison","This folder's README - explains its contents.","2026-07-03","2026-07-03",""
"data/LinearProbe_AllModels_Comparison_IndividualCoEcoLandscape","Folder","data","Linear-probe artifacts (Level 3), all 4 models. Best: MobileCLIP-S1 Macro-F1=0.819.","2026-07-02","2026-07-02","9"
"data/LinearProbe_AllModels_Comparison_IndividualCoEcoLandscape/embeddings_CLIP-ViT-B32.npy","File","data/LinearProbe_AllModels_Comparison_IndividualCoEcoLandscape","Cached image embeddings for CLIP-ViT-B32.","2026-07-02","2026-07-02",""
"data/LinearProbe_AllModels_Comparison_IndividualCoEcoLandscape/embeddings_CLIP-ViT-L14.npy","File","data/LinearProbe_AllModels_Comparison_IndividualCoEcoLandscape","Cached image embeddings for CLIP-ViT-L14.","2026-07-02","2026-07-02",""
"data/LinearProbe_AllModels_Comparison_IndividualCoEcoLandscape/embeddings_EVA01-CLIP-g14.npy","File","data/LinearProbe_AllModels_Comparison_IndividualCoEcoLandscape","Cached image embeddings for EVA01-CLIP-g14.","2026-07-02","2026-07-02",""
"data/LinearProbe_AllModels_Comparison_IndividualCoEcoLandscape/embeddings_MobileCLIP-S1.npy","File","data/LinearProbe_AllModels_Comparison_IndividualCoEcoLandscape","Cached image embeddings for MobileCLIP-S1.","2026-07-02","2026-07-02",""
"data/LinearProbe_AllModels_Comparison_IndividualCoEcoLandscape/linear_probe_CLIP-ViT-B32_individual_coeco_landscape.joblib","File","data/LinearProbe_AllModels_Comparison_IndividualCoEcoLandscape","Trained linear-probe (LogisticRegression) model for CLIP-ViT-B32_individual_coeco_landscape.","2026-07-02","2026-07-02",""
"data/LinearProbe_AllModels_Comparison_IndividualCoEcoLandscape/linear_probe_CLIP-ViT-L14_individual_coeco_landscape.joblib","File","data/LinearProbe_AllModels_Comparison_IndividualCoEcoLandscape","Trained linear-probe (LogisticRegression) model for CLIP-ViT-L14_individual_coeco_landscape.","2026-07-02","2026-07-02",""
"data/LinearProbe_AllModels_Comparison_IndividualCoEcoLandscape/linear_probe_EVA01-CLIP-g14_individual_coeco_landscape.joblib","File","data/LinearProbe_AllModels_Comparison_IndividualCoEcoLandscape","Trained linear-probe (LogisticRegression) model for EVA01-CLIP-g14_individual_coeco_landscape.","2026-07-02","2026-07-02",""
"data/LinearProbe_AllModels_Comparison_IndividualCoEcoLandscape/linear_probe_MobileCLIP-S1_individual_coeco_landscape.joblib","File","data/LinearProbe_AllModels_Comparison_IndividualCoEcoLandscape","Trained linear-probe (LogisticRegression) model for MobileCLIP-S1_individual_coeco_landscape.","2026-07-02","2026-07-02",""
"data/LinearProbe_AllModels_Comparison_IndividualCoEcoLandscape/linearprobe_model_comparison_individual_coeco_landscape.csv","File","data/LinearProbe_AllModels_Comparison_IndividualCoEcoLandscape","5-fold CV comparison across all 4 models' linear probes.","2026-07-02","2026-07-02",""
"data/LinearProbe_AllModels_Comparison_IndividualCoEcoLandscape/README.md","File","data/LinearProbe_AllModels_Comparison_IndividualCoEcoLandscape","This folder's README - explains its contents.","2026-07-03","2026-07-03",""
"data/manual_deleted_images_outdoor_26062026","Folder","data","Outdoor images manually removed from the working dataset on 2026-06-26 (audit trail).","2026-06-26","2026-07-02","238"
"data/manual_deleted_images_outdoor_26062026/README.md","File","data/manual_deleted_images_outdoor_26062026","This folder's README - explains its contents.","2026-07-03","2026-07-03",""
"data/Model_Eva_Results_indoor_outdoor.xlsx","File","data","Aggregated side-by-side comparison of all models' Indoor/Outdoor evaluation results.","2026-05-26","2026-05-26",""
"data/Model_Evaluation_Human_Non_Human_28062026","Folder","data","Level 2 dev/test model benchmark, all 4 models, prompt tuning.","2026-06-21","2026-06-23","1865"
"data/Model_Evaluation_Human_Non_Human_28062026/Eva_AllModels_results_split","Folder","data/Model_Evaluation_Human_Non_Human_28062026","Prompt-tuning evaluation for all 4 models -> winning combo (ViT-L14 + mixed prompts).","2026-06-22","2026-06-28","1062"
"data/Model_Evaluation_Human_Non_Human_28062026/Eva_AllModels_results_split/all_models_prompt_comparison.csv","File","data/Model_Evaluation_Human_Non_Human_28062026/Eva_AllModels_results_split","Prompt-style comparison aggregated across all 4 models.","2026-06-28","2026-06-24",""
"data/Model_Evaluation_Human_Non_Human_28062026/Eva_AllModels_results_split/CLIP-ViT-B32","Folder","data/Model_Evaluation_Human_Non_Human_28062026/Eva_AllModels_results_split","Predictions/results for the CLIP-ViT-B32 model.","2026-06-22","2026-06-28","265"
"data/Model_Evaluation_Human_Non_Human_28062026/Eva_AllModels_results_split/CLIP-ViT-B32/CLIP-ViT-B32_confidence.png","File","data/Model_Evaluation_Human_Non_Human_28062026/Eva_AllModels_results_split/CLIP-ViT-B32","Confidence-score distribution plot for CLIP-ViT-B32.","2026-06-22","2026-06-24",""
"data/Model_Evaluation_Human_Non_Human_28062026/Eva_AllModels_results_split/CLIP-ViT-B32/CLIP-ViT-B32_confusion_matrix.png","File","data/Model_Evaluation_Human_Non_Human_28062026/Eva_AllModels_results_split/CLIP-ViT-B32","Confusion matrix: gold standard vs. model prediction.","2026-06-22","2026-06-24",""
"data/Model_Evaluation_Human_Non_Human_28062026/Eva_AllModels_results_split/CLIP-ViT-B32/CLIP-ViT-B32_metrics.csv","File","data/Model_Evaluation_Human_Non_Human_28062026/Eva_AllModels_results_split/CLIP-ViT-B32","Evaluation metrics for CLIP-ViT-B32.","2026-06-22","2026-06-24",""
"data/Model_Evaluation_Human_Non_Human_28062026/Eva_AllModels_results_split/CLIP-ViT-B32/CLIP-ViT-B32_prompt_comparison.csv","File","data/Model_Evaluation_Human_Non_Human_28062026/Eva_AllModels_results_split/CLIP-ViT-B32","Prompt-style comparison (simple/detailed/mixed) for CLIP-ViT-B32.","2026-06-28","2026-06-24",""
"data/Model_Evaluation_Human_Non_Human_28062026/Eva_AllModels_results_split/CLIP-ViT-B32/CLIP-ViT-B32_test_predictions.csv","File","data/Model_Evaluation_Human_Non_Human_28062026/Eva_AllModels_results_split/CLIP-ViT-B32","Test-set predictions for CLIP-ViT-B32.","2026-06-22","2026-06-24",""
"data/Model_Evaluation_Human_Non_Human_28062026/Eva_AllModels_results_split/CLIP-ViT-B32/sorted","Folder","data/Model_Evaluation_Human_Non_Human_28062026/Eva_AllModels_results_split/CLIP-ViT-B32","Images physically sorted into per-class subfolders (see subfolders).","2026-06-22","2026-06-22","260"
"data/Model_Evaluation_Human_Non_Human_28062026/Eva_AllModels_results_split/CLIP-ViT-B32/sorted/human","Folder","data/Model_Evaluation_Human_Non_Human_28062026/Eva_AllModels_results_split/CLIP-ViT-B32/sorted","Images classified as human.","2026-06-22","2026-06-22","76"
"data/Model_Evaluation_Human_Non_Human_28062026/Eva_AllModels_results_split/CLIP-ViT-B32/sorted/non-human","Folder","data/Model_Evaluation_Human_Non_Human_28062026/Eva_AllModels_results_split/CLIP-ViT-B32/sorted","Images classified as non-human.","2026-06-22","2026-06-22","184"
"data/Model_Evaluation_Human_Non_Human_28062026/Eva_AllModels_results_split/CLIP-ViT-L14","Folder","data/Model_Evaluation_Human_Non_Human_28062026/Eva_AllModels_results_split","Predictions/results for the CLIP-ViT-L14 model.","2026-06-22","2026-06-28","265"
"data/Model_Evaluation_Human_Non_Human_28062026/Eva_AllModels_results_split/CLIP-ViT-L14/CLIP-ViT-L14_confidence.png","File","data/Model_Evaluation_Human_Non_Human_28062026/Eva_AllModels_results_split/CLIP-ViT-L14","Confidence-score distribution plot for CLIP-ViT-L14.","2026-06-22","2026-06-24",""
"data/Model_Evaluation_Human_Non_Human_28062026/Eva_AllModels_results_split/CLIP-ViT-L14/CLIP-ViT-L14_confusion_matrix.png","File","data/Model_Evaluation_Human_Non_Human_28062026/Eva_AllModels_results_split/CLIP-ViT-L14","Confusion matrix: gold standard vs. model prediction.","2026-06-22","2026-06-24",""
"data/Model_Evaluation_Human_Non_Human_28062026/Eva_AllModels_results_split/CLIP-ViT-L14/CLIP-ViT-L14_metrics.csv","File","data/Model_Evaluation_Human_Non_Human_28062026/Eva_AllModels_results_split/CLIP-ViT-L14","Evaluation metrics for CLIP-ViT-L14.","2026-06-22","2026-06-24",""
"data/Model_Evaluation_Human_Non_Human_28062026/Eva_AllModels_results_split/CLIP-ViT-L14/CLIP-ViT-L14_prompt_comparison.csv","File","data/Model_Evaluation_Human_Non_Human_28062026/Eva_AllModels_results_split/CLIP-ViT-L14","Prompt-style comparison (simple/detailed/mixed) for CLIP-ViT-L14.","2026-06-28","2026-06-24",""
"data/Model_Evaluation_Human_Non_Human_28062026/Eva_AllModels_results_split/CLIP-ViT-L14/CLIP-ViT-L14_test_predictions.csv","File","data/Model_Evaluation_Human_Non_Human_28062026/Eva_AllModels_results_split/CLIP-ViT-L14","Test-set predictions for CLIP-ViT-L14.","2026-06-22","2026-06-24",""
"data/Model_Evaluation_Human_Non_Human_28062026/Eva_AllModels_results_split/CLIP-ViT-L14/sorted","Folder","data/Model_Evaluation_Human_Non_Human_28062026/Eva_AllModels_results_split/CLIP-ViT-L14","Images physically sorted into per-class subfolders (see subfolders).","2026-06-22","2026-06-22","260"
"data/Model_Evaluation_Human_Non_Human_28062026/Eva_AllModels_results_split/CLIP-ViT-L14/sorted/human","Folder","data/Model_Evaluation_Human_Non_Human_28062026/Eva_AllModels_results_split/CLIP-ViT-L14/sorted","Images classified as human.","2026-06-22","2026-06-22","137"
"data/Model_Evaluation_Human_Non_Human_28062026/Eva_AllModels_results_split/CLIP-ViT-L14/sorted/non-human","Folder","data/Model_Evaluation_Human_Non_Human_28062026/Eva_AllModels_results_split/CLIP-ViT-L14/sorted","Images classified as non-human.","2026-06-22","2026-06-22","123"
"data/Model_Evaluation_Human_Non_Human_28062026/Eva_AllModels_results_split/EVA01-CLIP-g14","Folder","data/Model_Evaluation_Human_Non_Human_28062026/Eva_AllModels_results_split","Predictions/results for the EVA01-CLIP-g14 model.","2026-06-22","2026-06-28","265"
"data/Model_Evaluation_Human_Non_Human_28062026/Eva_AllModels_results_split/EVA01-CLIP-g14/EVA01-CLIP-g14_confidence.png","File","data/Model_Evaluation_Human_Non_Human_28062026/Eva_AllModels_results_split/EVA01-CLIP-g14","Confidence-score distribution plot for EVA01-CLIP-g14.","2026-06-22","2026-06-24",""
"data/Model_Evaluation_Human_Non_Human_28062026/Eva_AllModels_results_split/EVA01-CLIP-g14/EVA01-CLIP-g14_confusion_matrix.png","File","data/Model_Evaluation_Human_Non_Human_28062026/Eva_AllModels_results_split/EVA01-CLIP-g14","Confusion matrix: gold standard vs. model prediction.","2026-06-22","2026-06-24",""
"data/Model_Evaluation_Human_Non_Human_28062026/Eva_AllModels_results_split/EVA01-CLIP-g14/EVA01-CLIP-g14_metrics.csv","File","data/Model_Evaluation_Human_Non_Human_28062026/Eva_AllModels_results_split/EVA01-CLIP-g14","Evaluation metrics for EVA01-CLIP-g14.","2026-06-22","2026-06-24",""
"data/Model_Evaluation_Human_Non_Human_28062026/Eva_AllModels_results_split/EVA01-CLIP-g14/EVA01-CLIP-g14_prompt_comparison.csv","File","data/Model_Evaluation_Human_Non_Human_28062026/Eva_AllModels_results_split/EVA01-CLIP-g14","Prompt-style comparison (simple/detailed/mixed) for EVA01-CLIP-g14.","2026-06-28","2026-06-24",""
"data/Model_Evaluation_Human_Non_Human_28062026/Eva_AllModels_results_split/EVA01-CLIP-g14/EVA01-CLIP-g14_test_predictions.csv","File","data/Model_Evaluation_Human_Non_Human_28062026/Eva_AllModels_results_split/EVA01-CLIP-g14","Test-set predictions for EVA01-CLIP-g14.","2026-06-22","2026-06-24",""
"data/Model_Evaluation_Human_Non_Human_28062026/Eva_AllModels_results_split/EVA01-CLIP-g14/sorted","Folder","data/Model_Evaluation_Human_Non_Human_28062026/Eva_AllModels_results_split/EVA01-CLIP-g14","Images physically sorted into per-class subfolders (see subfolders).","2026-06-22","2026-06-22","260"
"data/Model_Evaluation_Human_Non_Human_28062026/Eva_AllModels_results_split/EVA01-CLIP-g14/sorted/human","Folder","data/Model_Evaluation_Human_Non_Human_28062026/Eva_AllModels_results_split/EVA01-CLIP-g14/sorted","Images classified as human.","2026-06-22","2026-06-22","135"
"data/Model_Evaluation_Human_Non_Human_28062026/Eva_AllModels_results_split/EVA01-CLIP-g14/sorted/non-human","Folder","data/Model_Evaluation_Human_Non_Human_28062026/Eva_AllModels_results_split/EVA01-CLIP-g14/sorted","Images classified as non-human.","2026-06-22","2026-06-22","125"
"data/Model_Evaluation_Human_Non_Human_28062026/Eva_AllModels_results_split/MobileCLIP-S1","Folder","data/Model_Evaluation_Human_Non_Human_28062026/Eva_AllModels_results_split","Predictions/results for the MobileCLIP-S1 model.","2026-06-22","2026-06-28","265"
"data/Model_Evaluation_Human_Non_Human_28062026/Eva_AllModels_results_split/MobileCLIP-S1/MobileCLIP-S1_confidence.png","File","data/Model_Evaluation_Human_Non_Human_28062026/Eva_AllModels_results_split/MobileCLIP-S1","Confidence-score distribution plot for MobileCLIP-S1.","2026-06-22","2026-06-24",""
"data/Model_Evaluation_Human_Non_Human_28062026/Eva_AllModels_results_split/MobileCLIP-S1/MobileCLIP-S1_confusion_matrix.png","File","data/Model_Evaluation_Human_Non_Human_28062026/Eva_AllModels_results_split/MobileCLIP-S1","Confusion matrix: gold standard vs. model prediction.","2026-06-22","2026-06-24",""
"data/Model_Evaluation_Human_Non_Human_28062026/Eva_AllModels_results_split/MobileCLIP-S1/MobileCLIP-S1_metrics.csv","File","data/Model_Evaluation_Human_Non_Human_28062026/Eva_AllModels_results_split/MobileCLIP-S1","Evaluation metrics for MobileCLIP-S1.","2026-06-22","2026-06-24",""
"data/Model_Evaluation_Human_Non_Human_28062026/Eva_AllModels_results_split/MobileCLIP-S1/MobileCLIP-S1_prompt_comparison.csv","File","data/Model_Evaluation_Human_Non_Human_28062026/Eva_AllModels_results_split/MobileCLIP-S1","Prompt-style comparison (simple/detailed/mixed) for MobileCLIP-S1.","2026-06-28","2026-06-24",""
"data/Model_Evaluation_Human_Non_Human_28062026/Eva_AllModels_results_split/MobileCLIP-S1/MobileCLIP-S1_test_predictions.csv","File","data/Model_Evaluation_Human_Non_Human_28062026/Eva_AllModels_results_split/MobileCLIP-S1","Test-set predictions for MobileCLIP-S1.","2026-06-22","2026-06-24",""
"data/Model_Evaluation_Human_Non_Human_28062026/Eva_AllModels_results_split/MobileCLIP-S1/sorted","Folder","data/Model_Evaluation_Human_Non_Human_28062026/Eva_AllModels_results_split/MobileCLIP-S1","Images physically sorted into per-class subfolders (see subfolders).","2026-06-22","2026-06-22","260"
"data/Model_Evaluation_Human_Non_Human_28062026/Eva_AllModels_results_split/MobileCLIP-S1/sorted/human","Folder","data/Model_Evaluation_Human_Non_Human_28062026/Eva_AllModels_results_split/MobileCLIP-S1/sorted","Images classified as human.","2026-06-22","2026-06-22","145"
"data/Model_Evaluation_Human_Non_Human_28062026/Eva_AllModels_results_split/MobileCLIP-S1/sorted/non-human","Folder","data/Model_Evaluation_Human_Non_Human_28062026/Eva_AllModels_results_split/MobileCLIP-S1/sorted","Images classified as non-human.","2026-06-22","2026-06-22","115"
"data/Model_Evaluation_Human_Non_Human_28062026/Eva_AllModels_results_split/model_comparison.csv","File","data/Model_Evaluation_Human_Non_Human_28062026/Eva_AllModels_results_split","Cross-model comparison summary for this evaluation round.","2026-06-22","2026-06-24",""
"data/Model_Evaluation_Human_Non_Human_28062026/photo_labels_human_non_human_20062026.csv","File","data/Model_Evaluation_Human_Non_Human_28062026","Ground-truth labels for the evaluation sample.","2026-06-21","2026-06-21",""
"data/Model_Evaluation_Human_Non_Human_28062026/random_sample_images_human_non_human_model_eva","Folder","data/Model_Evaluation_Human_Non_Human_28062026","400-image balanced sample (200 human / 200 non-human).","2026-06-21","2026-06-21","400"
"data/Model_Evaluation_Human_Non_Human_28062026/random_sample_images_human_non_human_model_eva/human","Folder","data/Model_Evaluation_Human_Non_Human_28062026/random_sample_images_human_non_human_model_eva","Images classified as human.","2026-06-21","2026-06-21","200"
"data/Model_Evaluation_Human_Non_Human_28062026/random_sample_images_human_non_human_model_eva/non-human","Folder","data/Model_Evaluation_Human_Non_Human_28062026/random_sample_images_human_non_human_model_eva","Images classified as non-human.","2026-06-21","2026-06-21","200"
"data/Model_Evaluation_Human_Non_Human_28062026/README.md","File","data/Model_Evaluation_Human_Non_Human_28062026","This folder's README - explains its contents.","2026-07-03","2026-07-03",""
"data/Model_Evaluation_Human_Non_Human_28062026/split_eva","Folder","data/Model_Evaluation_Human_Non_Human_28062026","Sample split into dev (140) / test (260) sets.","2026-06-22","2026-06-22","402"
"data/Model_Evaluation_Human_Non_Human_28062026/split_eva/dev","Folder","data/Model_Evaluation_Human_Non_Human_28062026/split_eva","Dev split: 70 human / 70 non-human.","2026-06-22","2026-06-22","140"
"data/Model_Evaluation_Human_Non_Human_28062026/split_eva/dev/human","Folder","data/Model_Evaluation_Human_Non_Human_28062026/split_eva/dev","Images classified as human.","2026-06-22","2026-06-22","70"
"data/Model_Evaluation_Human_Non_Human_28062026/split_eva/dev/non-human","Folder","data/Model_Evaluation_Human_Non_Human_28062026/split_eva/dev","Images classified as non-human.","2026-06-22","2026-06-22","70"
"data/Model_Evaluation_Human_Non_Human_28062026/split_eva/dev_labels.csv","File","data/Model_Evaluation_Human_Non_Human_28062026/split_eva","Ground-truth labels for the dev split.","2026-06-22","2026-06-24",""
"data/Model_Evaluation_Human_Non_Human_28062026/split_eva/test","Folder","data/Model_Evaluation_Human_Non_Human_28062026/split_eva","Test split: 130 human / 130 non-human.","2026-06-22","2026-06-22","260"
"data/Model_Evaluation_Human_Non_Human_28062026/split_eva/test/human","Folder","data/Model_Evaluation_Human_Non_Human_28062026/split_eva/test","Images classified as human.","2026-06-22","2026-06-22","130"
"data/Model_Evaluation_Human_Non_Human_28062026/split_eva/test/non-human","Folder","data/Model_Evaluation_Human_Non_Human_28062026/split_eva/test","Images classified as non-human.","2026-06-22","2026-06-22","130"
"data/Model_Evaluation_Human_Non_Human_28062026/split_eva/test_labels.csv","File","data/Model_Evaluation_Human_Non_Human_28062026/split_eva","Ground-truth labels for the test split.","2026-06-22","2026-06-24",""
"data/Model_Evaluation_Individual_CoEco_Landscape_30062026","Folder","data","Level 3 dev/test model benchmark, all 4 models, prompt tuning.","2026-06-30","2026-07-01","1405"
"data/Model_Evaluation_Individual_CoEco_Landscape_30062026/Eva_AllModels_results_split","Folder","data/Model_Evaluation_Individual_CoEco_Landscape_30062026","Prompt-tuning evaluation for all 4 models.","2026-07-01","2026-07-01","802"
"data/Model_Evaluation_Individual_CoEco_Landscape_30062026/Eva_AllModels_results_split/all_models_prompt_comparison.csv","File","data/Model_Evaluation_Individual_CoEco_Landscape_30062026/Eva_AllModels_results_split","Prompt-style comparison aggregated across all 4 models.","2026-07-01","2026-07-01",""
"data/Model_Evaluation_Individual_CoEco_Landscape_30062026/Eva_AllModels_results_split/CLIP-ViT-B32","Folder","data/Model_Evaluation_Individual_CoEco_Landscape_30062026/Eva_AllModels_results_split","Predictions/results for the CLIP-ViT-B32 model.","2026-07-01","2026-07-01","200"
"data/Model_Evaluation_Individual_CoEco_Landscape_30062026/Eva_AllModels_results_split/CLIP-ViT-B32/CLIP-ViT-B32_confidence.png","File","data/Model_Evaluation_Individual_CoEco_Landscape_30062026/Eva_AllModels_results_split/CLIP-ViT-B32","Confidence-score distribution plot for CLIP-ViT-B32.","2026-07-01","2026-07-01",""
"data/Model_Evaluation_Individual_CoEco_Landscape_30062026/Eva_AllModels_results_split/CLIP-ViT-B32/CLIP-ViT-B32_confusion_matrix.png","File","data/Model_Evaluation_Individual_CoEco_Landscape_30062026/Eva_AllModels_results_split/CLIP-ViT-B32","Confusion matrix: gold standard vs. model prediction.","2026-07-01","2026-07-01",""
"data/Model_Evaluation_Individual_CoEco_Landscape_30062026/Eva_AllModels_results_split/CLIP-ViT-B32/CLIP-ViT-B32_metrics.csv","File","data/Model_Evaluation_Individual_CoEco_Landscape_30062026/Eva_AllModels_results_split/CLIP-ViT-B32","Evaluation metrics for CLIP-ViT-B32.","2026-07-01","2026-07-01",""
"data/Model_Evaluation_Individual_CoEco_Landscape_30062026/Eva_AllModels_results_split/CLIP-ViT-B32/CLIP-ViT-B32_prompt_comparison.csv","File","data/Model_Evaluation_Individual_CoEco_Landscape_30062026/Eva_AllModels_results_split/CLIP-ViT-B32","Prompt-style comparison (simple/detailed/mixed) for CLIP-ViT-B32.","2026-07-01","2026-07-01",""
"data/Model_Evaluation_Individual_CoEco_Landscape_30062026/Eva_AllModels_results_split/CLIP-ViT-B32/CLIP-ViT-B32_test_predictions.csv","File","data/Model_Evaluation_Individual_CoEco_Landscape_30062026/Eva_AllModels_results_split/CLIP-ViT-B32","Test-set predictions for CLIP-ViT-B32.","2026-07-01","2026-07-01",""
"data/Model_Evaluation_Individual_CoEco_Landscape_30062026/Eva_AllModels_results_split/CLIP-ViT-B32/sorted","Folder","data/Model_Evaluation_Individual_CoEco_Landscape_30062026/Eva_AllModels_results_split/CLIP-ViT-B32","Images physically sorted into per-class subfolders (see subfolders).","2026-07-01","2026-07-01","195"
"data/Model_Evaluation_Individual_CoEco_Landscape_30062026/Eva_AllModels_results_split/CLIP-ViT-B32/sorted/community_ecosystem","Folder","data/Model_Evaluation_Individual_CoEco_Landscape_30062026/Eva_AllModels_results_split/CLIP-ViT-B32/sorted","Images classified as community/ecosystem.","2026-07-01","2026-07-01","61"
"data/Model_Evaluation_Individual_CoEco_Landscape_30062026/Eva_AllModels_results_split/CLIP-ViT-B32/sorted/individual","Folder","data/Model_Evaluation_Individual_CoEco_Landscape_30062026/Eva_AllModels_results_split/CLIP-ViT-B32/sorted","Images classified as individual.","2026-07-01","2026-07-01","64"
"data/Model_Evaluation_Individual_CoEco_Landscape_30062026/Eva_AllModels_results_split/CLIP-ViT-B32/sorted/landscape","Folder","data/Model_Evaluation_Individual_CoEco_Landscape_30062026/Eva_AllModels_results_split/CLIP-ViT-B32/sorted","Images classified as landscape.","2026-07-01","2026-07-01","70"
"data/Model_Evaluation_Individual_CoEco_Landscape_30062026/Eva_AllModels_results_split/CLIP-ViT-L14","Folder","data/Model_Evaluation_Individual_CoEco_Landscape_30062026/Eva_AllModels_results_split","Predictions/results for the CLIP-ViT-L14 model.","2026-07-01","2026-07-01","200"
"data/Model_Evaluation_Individual_CoEco_Landscape_30062026/Eva_AllModels_results_split/CLIP-ViT-L14/CLIP-ViT-L14_confidence.png","File","data/Model_Evaluation_Individual_CoEco_Landscape_30062026/Eva_AllModels_results_split/CLIP-ViT-L14","Confidence-score distribution plot for CLIP-ViT-L14.","2026-07-01","2026-07-01",""
"data/Model_Evaluation_Individual_CoEco_Landscape_30062026/Eva_AllModels_results_split/CLIP-ViT-L14/CLIP-ViT-L14_confusion_matrix.png","File","data/Model_Evaluation_Individual_CoEco_Landscape_30062026/Eva_AllModels_results_split/CLIP-ViT-L14","Confusion matrix: gold standard vs. model prediction.","2026-07-01","2026-07-01",""
"data/Model_Evaluation_Individual_CoEco_Landscape_30062026/Eva_AllModels_results_split/CLIP-ViT-L14/CLIP-ViT-L14_metrics.csv","File","data/Model_Evaluation_Individual_CoEco_Landscape_30062026/Eva_AllModels_results_split/CLIP-ViT-L14","Evaluation metrics for CLIP-ViT-L14.","2026-07-01","2026-07-01",""
"data/Model_Evaluation_Individual_CoEco_Landscape_30062026/Eva_AllModels_results_split/CLIP-ViT-L14/CLIP-ViT-L14_prompt_comparison.csv","File","data/Model_Evaluation_Individual_CoEco_Landscape_30062026/Eva_AllModels_results_split/CLIP-ViT-L14","Prompt-style comparison (simple/detailed/mixed) for CLIP-ViT-L14.","2026-07-01","2026-07-01",""
"data/Model_Evaluation_Individual_CoEco_Landscape_30062026/Eva_AllModels_results_split/CLIP-ViT-L14/CLIP-ViT-L14_test_predictions.csv","File","data/Model_Evaluation_Individual_CoEco_Landscape_30062026/Eva_AllModels_results_split/CLIP-ViT-L14","Test-set predictions for CLIP-ViT-L14.","2026-07-01","2026-07-01",""
"data/Model_Evaluation_Individual_CoEco_Landscape_30062026/Eva_AllModels_results_split/CLIP-ViT-L14/sorted","Folder","data/Model_Evaluation_Individual_CoEco_Landscape_30062026/Eva_AllModels_results_split/CLIP-ViT-L14","Images physically sorted into per-class subfolders (see subfolders).","2026-07-01","2026-07-01","195"
"data/Model_Evaluation_Individual_CoEco_Landscape_30062026/Eva_AllModels_results_split/CLIP-ViT-L14/sorted/community_ecosystem","Folder","data/Model_Evaluation_Individual_CoEco_Landscape_30062026/Eva_AllModels_results_split/CLIP-ViT-L14/sorted","Images classified as community/ecosystem.","2026-07-01","2026-07-01","137"
"data/Model_Evaluation_Individual_CoEco_Landscape_30062026/Eva_AllModels_results_split/CLIP-ViT-L14/sorted/individual","Folder","data/Model_Evaluation_Individual_CoEco_Landscape_30062026/Eva_AllModels_results_split/CLIP-ViT-L14/sorted","Images classified as individual.","2026-07-01","2026-07-01","40"
"data/Model_Evaluation_Individual_CoEco_Landscape_30062026/Eva_AllModels_results_split/CLIP-ViT-L14/sorted/landscape","Folder","data/Model_Evaluation_Individual_CoEco_Landscape_30062026/Eva_AllModels_results_split/CLIP-ViT-L14/sorted","Images classified as landscape.","2026-07-01","2026-07-01","18"
"data/Model_Evaluation_Individual_CoEco_Landscape_30062026/Eva_AllModels_results_split/EVA01-CLIP-g14","Folder","data/Model_Evaluation_Individual_CoEco_Landscape_30062026/Eva_AllModels_results_split","Predictions/results for the EVA01-CLIP-g14 model.","2026-07-01","2026-07-01","200"
"data/Model_Evaluation_Individual_CoEco_Landscape_30062026/Eva_AllModels_results_split/EVA01-CLIP-g14/EVA01-CLIP-g14_confidence.png","File","data/Model_Evaluation_Individual_CoEco_Landscape_30062026/Eva_AllModels_results_split/EVA01-CLIP-g14","Confidence-score distribution plot for EVA01-CLIP-g14.","2026-07-01","2026-07-01",""
"data/Model_Evaluation_Individual_CoEco_Landscape_30062026/Eva_AllModels_results_split/EVA01-CLIP-g14/EVA01-CLIP-g14_confusion_matrix.png","File","data/Model_Evaluation_Individual_CoEco_Landscape_30062026/Eva_AllModels_results_split/EVA01-CLIP-g14","Confusion matrix: gold standard vs. model prediction.","2026-07-01","2026-07-01",""
"data/Model_Evaluation_Individual_CoEco_Landscape_30062026/Eva_AllModels_results_split/EVA01-CLIP-g14/EVA01-CLIP-g14_metrics.csv","File","data/Model_Evaluation_Individual_CoEco_Landscape_30062026/Eva_AllModels_results_split/EVA01-CLIP-g14","Evaluation metrics for EVA01-CLIP-g14.","2026-07-01","2026-07-01",""
"data/Model_Evaluation_Individual_CoEco_Landscape_30062026/Eva_AllModels_results_split/EVA01-CLIP-g14/EVA01-CLIP-g14_prompt_comparison.csv","File","data/Model_Evaluation_Individual_CoEco_Landscape_30062026/Eva_AllModels_results_split/EVA01-CLIP-g14","Prompt-style comparison (simple/detailed/mixed) for EVA01-CLIP-g14.","2026-07-01","2026-07-01",""
"data/Model_Evaluation_Individual_CoEco_Landscape_30062026/Eva_AllModels_results_split/EVA01-CLIP-g14/EVA01-CLIP-g14_test_predictions.csv","File","data/Model_Evaluation_Individual_CoEco_Landscape_30062026/Eva_AllModels_results_split/EVA01-CLIP-g14","Test-set predictions for EVA01-CLIP-g14.","2026-07-01","2026-07-01",""
"data/Model_Evaluation_Individual_CoEco_Landscape_30062026/Eva_AllModels_results_split/EVA01-CLIP-g14/sorted","Folder","data/Model_Evaluation_Individual_CoEco_Landscape_30062026/Eva_AllModels_results_split/EVA01-CLIP-g14","Images physically sorted into per-class subfolders (see subfolders).","2026-07-01","2026-07-01","195"
"data/Model_Evaluation_Individual_CoEco_Landscape_30062026/Eva_AllModels_results_split/EVA01-CLIP-g14/sorted/community_ecosystem","Folder","data/Model_Evaluation_Individual_CoEco_Landscape_30062026/Eva_AllModels_results_split/EVA01-CLIP-g14/sorted","Images classified as community/ecosystem.","2026-07-01","2026-07-01","56"
"data/Model_Evaluation_Individual_CoEco_Landscape_30062026/Eva_AllModels_results_split/EVA01-CLIP-g14/sorted/individual","Folder","data/Model_Evaluation_Individual_CoEco_Landscape_30062026/Eva_AllModels_results_split/EVA01-CLIP-g14/sorted","Images classified as individual.","2026-07-01","2026-07-01","76"
"data/Model_Evaluation_Individual_CoEco_Landscape_30062026/Eva_AllModels_results_split/EVA01-CLIP-g14/sorted/landscape","Folder","data/Model_Evaluation_Individual_CoEco_Landscape_30062026/Eva_AllModels_results_split/EVA01-CLIP-g14/sorted","Images classified as landscape.","2026-07-01","2026-07-01","63"
"data/Model_Evaluation_Individual_CoEco_Landscape_30062026/Eva_AllModels_results_split/MobileCLIP-S1","Folder","data/Model_Evaluation_Individual_CoEco_Landscape_30062026/Eva_AllModels_results_split","Predictions/results for the MobileCLIP-S1 model.","2026-07-01","2026-07-01","200"
"data/Model_Evaluation_Individual_CoEco_Landscape_30062026/Eva_AllModels_results_split/MobileCLIP-S1/MobileCLIP-S1_confidence.png","File","data/Model_Evaluation_Individual_CoEco_Landscape_30062026/Eva_AllModels_results_split/MobileCLIP-S1","Confidence-score distribution plot for MobileCLIP-S1.","2026-07-01","2026-07-01",""
"data/Model_Evaluation_Individual_CoEco_Landscape_30062026/Eva_AllModels_results_split/MobileCLIP-S1/MobileCLIP-S1_confusion_matrix.png","File","data/Model_Evaluation_Individual_CoEco_Landscape_30062026/Eva_AllModels_results_split/MobileCLIP-S1","Confusion matrix: gold standard vs. model prediction.","2026-07-01","2026-07-01",""
"data/Model_Evaluation_Individual_CoEco_Landscape_30062026/Eva_AllModels_results_split/MobileCLIP-S1/MobileCLIP-S1_metrics.csv","File","data/Model_Evaluation_Individual_CoEco_Landscape_30062026/Eva_AllModels_results_split/MobileCLIP-S1","Evaluation metrics for MobileCLIP-S1.","2026-07-01","2026-07-01",""
"data/Model_Evaluation_Individual_CoEco_Landscape_30062026/Eva_AllModels_results_split/MobileCLIP-S1/MobileCLIP-S1_prompt_comparison.csv","File","data/Model_Evaluation_Individual_CoEco_Landscape_30062026/Eva_AllModels_results_split/MobileCLIP-S1","Prompt-style comparison (simple/detailed/mixed) for MobileCLIP-S1.","2026-07-01","2026-07-01",""
"data/Model_Evaluation_Individual_CoEco_Landscape_30062026/Eva_AllModels_results_split/MobileCLIP-S1/MobileCLIP-S1_test_predictions.csv","File","data/Model_Evaluation_Individual_CoEco_Landscape_30062026/Eva_AllModels_results_split/MobileCLIP-S1","Test-set predictions for MobileCLIP-S1.","2026-07-01","2026-07-01",""
"data/Model_Evaluation_Individual_CoEco_Landscape_30062026/Eva_AllModels_results_split/MobileCLIP-S1/sorted","Folder","data/Model_Evaluation_Individual_CoEco_Landscape_30062026/Eva_AllModels_results_split/MobileCLIP-S1","Images physically sorted into per-class subfolders (see subfolders).","2026-07-01","2026-07-01","195"
"data/Model_Evaluation_Individual_CoEco_Landscape_30062026/Eva_AllModels_results_split/MobileCLIP-S1/sorted/community_ecosystem","Folder","data/Model_Evaluation_Individual_CoEco_Landscape_30062026/Eva_AllModels_results_split/MobileCLIP-S1/sorted","Images classified as community/ecosystem.","2026-07-01","2026-07-01","52"
"data/Model_Evaluation_Individual_CoEco_Landscape_30062026/Eva_AllModels_results_split/MobileCLIP-S1/sorted/individual","Folder","data/Model_Evaluation_Individual_CoEco_Landscape_30062026/Eva_AllModels_results_split/MobileCLIP-S1/sorted","Images classified as individual.","2026-07-01","2026-07-01","69"
"data/Model_Evaluation_Individual_CoEco_Landscape_30062026/Eva_AllModels_results_split/MobileCLIP-S1/sorted/landscape","Folder","data/Model_Evaluation_Individual_CoEco_Landscape_30062026/Eva_AllModels_results_split/MobileCLIP-S1/sorted","Images classified as landscape.","2026-07-01","2026-07-01","74"
"data/Model_Evaluation_Individual_CoEco_Landscape_30062026/Eva_AllModels_results_split/model_comparison.csv","File","data/Model_Evaluation_Individual_CoEco_Landscape_30062026/Eva_AllModels_results_split","Cross-model comparison summary for this evaluation round.","2026-07-01","2026-07-01",""
"data/Model_Evaluation_Individual_CoEco_Landscape_30062026/random_sample_images_landscape_CoEco_Individual_model_eva","Folder","data/Model_Evaluation_Individual_CoEco_Landscape_30062026","300-image balanced sample (100 each: CoEco / Individual / Landscape).","2026-07-01","2026-07-01","301"
"data/Model_Evaluation_Individual_CoEco_Landscape_30062026/random_sample_images_landscape_CoEco_Individual_model_eva/CoEco","Folder","data/Model_Evaluation_Individual_CoEco_Landscape_30062026/random_sample_images_landscape_CoEco_Individual_model_eva","Images classified as community/ecosystem.","2026-07-01","2026-07-01","100"
"data/Model_Evaluation_Individual_CoEco_Landscape_30062026/random_sample_images_landscape_CoEco_Individual_model_eva/Individual","Folder","data/Model_Evaluation_Individual_CoEco_Landscape_30062026/random_sample_images_landscape_CoEco_Individual_model_eva","Images classified as individual.","2026-07-01","2026-07-01","100"
"data/Model_Evaluation_Individual_CoEco_Landscape_30062026/random_sample_images_landscape_CoEco_Individual_model_eva/Landscape","Folder","data/Model_Evaluation_Individual_CoEco_Landscape_30062026/random_sample_images_landscape_CoEco_Individual_model_eva","Images classified as landscape.","2026-07-01","2026-07-01","100"
"data/Model_Evaluation_Individual_CoEco_Landscape_30062026/random_sample_images_landscape_CoEco_Individual_model_eva/photo_labels_individual_coeco_landscape_30062026.csv","File","data/Model_Evaluation_Individual_CoEco_Landscape_30062026/random_sample_images_landscape_CoEco_Individual_model_eva","Ground-truth labels for the evaluation sample.","2026-07-01","2026-07-01",""
"data/Model_Evaluation_Individual_CoEco_Landscape_30062026/README.md","File","data/Model_Evaluation_Individual_CoEco_Landscape_30062026","This folder's README - explains its contents.","2026-07-03","2026-07-03",""
"data/Model_Evaluation_Individual_CoEco_Landscape_30062026/split_eva","Folder","data/Model_Evaluation_Individual_CoEco_Landscape_30062026","Sample split into dev (105) / test (195) sets.","2026-07-01","2026-07-01","302"
"data/Model_Evaluation_Individual_CoEco_Landscape_30062026/split_eva/dev","Folder","data/Model_Evaluation_Individual_CoEco_Landscape_30062026/split_eva","Dev split: 36 CoEco / 34 individual / 35 landscape.","2026-07-01","2026-07-01","105"
"data/Model_Evaluation_Individual_CoEco_Landscape_30062026/split_eva/dev/community_ecosystem","Folder","data/Model_Evaluation_Individual_CoEco_Landscape_30062026/split_eva/dev","Images classified as community/ecosystem.","2026-07-01","2026-07-01","36"
"data/Model_Evaluation_Individual_CoEco_Landscape_30062026/split_eva/dev/individual","Folder","data/Model_Evaluation_Individual_CoEco_Landscape_30062026/split_eva/dev","Images classified as individual.","2026-07-01","2026-07-01","34"
"data/Model_Evaluation_Individual_CoEco_Landscape_30062026/split_eva/dev/landscape","Folder","data/Model_Evaluation_Individual_CoEco_Landscape_30062026/split_eva/dev","Images classified as landscape.","2026-07-01","2026-07-01","35"
"data/Model_Evaluation_Individual_CoEco_Landscape_30062026/split_eva/dev_labels.csv","File","data/Model_Evaluation_Individual_CoEco_Landscape_30062026/split_eva","Ground-truth labels for the dev split.","2026-07-01","2026-07-01",""
"data/Model_Evaluation_Individual_CoEco_Landscape_30062026/split_eva/test","Folder","data/Model_Evaluation_Individual_CoEco_Landscape_30062026/split_eva","Test split: 65 CoEco / 65 individual / 65 landscape.","2026-07-01","2026-07-01","195"
"data/Model_Evaluation_Individual_CoEco_Landscape_30062026/split_eva/test/community_ecosystem","Folder","data/Model_Evaluation_Individual_CoEco_Landscape_30062026/split_eva/test","Images classified as community/ecosystem.","2026-07-01","2026-07-01","65"
"data/Model_Evaluation_Individual_CoEco_Landscape_30062026/split_eva/test/individual","Folder","data/Model_Evaluation_Individual_CoEco_Landscape_30062026/split_eva/test","Images classified as individual.","2026-07-01","2026-07-01","65"
"data/Model_Evaluation_Individual_CoEco_Landscape_30062026/split_eva/test/landscape","Folder","data/Model_Evaluation_Individual_CoEco_Landscape_30062026/split_eva/test","Images classified as landscape.","2026-07-01","2026-07-01","65"
"data/Model_Evaluation_Individual_CoEco_Landscape_30062026/split_eva/test_labels.csv","File","data/Model_Evaluation_Individual_CoEco_Landscape_30062026/split_eva","Ground-truth labels for the test split.","2026-07-01","2026-07-01",""
"data/Model_Evaluation_Indoor_Outdoor_28062026","Folder","data","Level 1 dev/test model benchmark, all 4 models, prompt tuning.","2026-06-20","2026-06-21","3482"
"data/Model_Evaluation_Indoor_Outdoor_28062026/Eva_AllModels_results","Folder","data/Model_Evaluation_Indoor_Outdoor_28062026","Earlier, non-prompt-tuned evaluation round for all 4 models.","2026-06-20","2026-06-21","1617"
"data/Model_Evaluation_Indoor_Outdoor_28062026/Eva_AllModels_results/all_models_summary.csv","File","data/Model_Evaluation_Indoor_Outdoor_28062026/Eva_AllModels_results","Summary metrics aggregated across all 4 models.","2026-06-21","2026-06-21",""
"data/Model_Evaluation_Indoor_Outdoor_28062026/Eva_AllModels_results/CLIP-ViT-B32","Folder","data/Model_Evaluation_Indoor_Outdoor_28062026/Eva_AllModels_results","Predictions/results for the CLIP-ViT-B32 model.","2026-06-20","2026-06-20","404"
"data/Model_Evaluation_Indoor_Outdoor_28062026/Eva_AllModels_results/CLIP-ViT-B32/CLIP-ViT-B32_confidence.png","File","data/Model_Evaluation_Indoor_Outdoor_28062026/Eva_AllModels_results/CLIP-ViT-B32","Confidence-score distribution plot for CLIP-ViT-B32.","2026-06-20","2026-06-20",""
"data/Model_Evaluation_Indoor_Outdoor_28062026/Eva_AllModels_results/CLIP-ViT-B32/CLIP-ViT-B32_confusion_matrix.png","File","data/Model_Evaluation_Indoor_Outdoor_28062026/Eva_AllModels_results/CLIP-ViT-B32","Confusion matrix: gold standard vs. model prediction.","2026-06-20","2026-06-20",""
"data/Model_Evaluation_Indoor_Outdoor_28062026/Eva_AllModels_results/CLIP-ViT-B32/CLIP-ViT-B32_labels.csv","File","data/Model_Evaluation_Indoor_Outdoor_28062026/Eva_AllModels_results/CLIP-ViT-B32","Predicted labels for CLIP-ViT-B32.","2026-06-20","2026-06-20",""
"data/Model_Evaluation_Indoor_Outdoor_28062026/Eva_AllModels_results/CLIP-ViT-B32/CLIP-ViT-B32_metrics.csv","File","data/Model_Evaluation_Indoor_Outdoor_28062026/Eva_AllModels_results/CLIP-ViT-B32","Evaluation metrics for CLIP-ViT-B32.","2026-06-20","2026-06-20",""
"data/Model_Evaluation_Indoor_Outdoor_28062026/Eva_AllModels_results/CLIP-ViT-B32/sorted","Folder","data/Model_Evaluation_Indoor_Outdoor_28062026/Eva_AllModels_results/CLIP-ViT-B32","Images physically sorted into per-class subfolders (see subfolders).","2026-06-20","2026-06-20","400"
"data/Model_Evaluation_Indoor_Outdoor_28062026/Eva_AllModels_results/CLIP-ViT-B32/sorted/indoor","Folder","data/Model_Evaluation_Indoor_Outdoor_28062026/Eva_AllModels_results/CLIP-ViT-B32/sorted","Images classified as indoor.","2026-06-20","2026-06-20","144"
"data/Model_Evaluation_Indoor_Outdoor_28062026/Eva_AllModels_results/CLIP-ViT-B32/sorted/outdoor","Folder","data/Model_Evaluation_Indoor_Outdoor_28062026/Eva_AllModels_results/CLIP-ViT-B32/sorted","Images classified as outdoor.","2026-06-20","2026-06-20","256"
"data/Model_Evaluation_Indoor_Outdoor_28062026/Eva_AllModels_results/CLIP-ViT-L14","Folder","data/Model_Evaluation_Indoor_Outdoor_28062026/Eva_AllModels_results","Predictions/results for the CLIP-ViT-L14 model.","2026-06-20","2026-06-20","404"
"data/Model_Evaluation_Indoor_Outdoor_28062026/Eva_AllModels_results/CLIP-ViT-L14/CLIP-ViT-L14_confidence.png","File","data/Model_Evaluation_Indoor_Outdoor_28062026/Eva_AllModels_results/CLIP-ViT-L14","Confidence-score distribution plot for CLIP-ViT-L14.","2026-06-20","2026-06-20",""
"data/Model_Evaluation_Indoor_Outdoor_28062026/Eva_AllModels_results/CLIP-ViT-L14/CLIP-ViT-L14_confusion_matrix.png","File","data/Model_Evaluation_Indoor_Outdoor_28062026/Eva_AllModels_results/CLIP-ViT-L14","Confusion matrix: gold standard vs. model prediction.","2026-06-20","2026-06-20",""
"data/Model_Evaluation_Indoor_Outdoor_28062026/Eva_AllModels_results/CLIP-ViT-L14/CLIP-ViT-L14_labels.csv","File","data/Model_Evaluation_Indoor_Outdoor_28062026/Eva_AllModels_results/CLIP-ViT-L14","Predicted labels for CLIP-ViT-L14.","2026-06-20","2026-06-20",""
"data/Model_Evaluation_Indoor_Outdoor_28062026/Eva_AllModels_results/CLIP-ViT-L14/CLIP-ViT-L14_metrics.csv","File","data/Model_Evaluation_Indoor_Outdoor_28062026/Eva_AllModels_results/CLIP-ViT-L14","Evaluation metrics for CLIP-ViT-L14.","2026-06-20","2026-06-20",""
"data/Model_Evaluation_Indoor_Outdoor_28062026/Eva_AllModels_results/CLIP-ViT-L14/sorted","Folder","data/Model_Evaluation_Indoor_Outdoor_28062026/Eva_AllModels_results/CLIP-ViT-L14","Images physically sorted into per-class subfolders (see subfolders).","2026-06-20","2026-06-20","400"
"data/Model_Evaluation_Indoor_Outdoor_28062026/Eva_AllModels_results/CLIP-ViT-L14/sorted/indoor","Folder","data/Model_Evaluation_Indoor_Outdoor_28062026/Eva_AllModels_results/CLIP-ViT-L14/sorted","Images classified as indoor.","2026-06-20","2026-06-20","177"
"data/Model_Evaluation_Indoor_Outdoor_28062026/Eva_AllModels_results/CLIP-ViT-L14/sorted/outdoor","Folder","data/Model_Evaluation_Indoor_Outdoor_28062026/Eva_AllModels_results/CLIP-ViT-L14/sorted","Images classified as outdoor.","2026-06-20","2026-06-20","223"
"data/Model_Evaluation_Indoor_Outdoor_28062026/Eva_AllModels_results/EVA01-CLIP-g14","Folder","data/Model_Evaluation_Indoor_Outdoor_28062026/Eva_AllModels_results","Predictions/results for the EVA01-CLIP-g14 model.","2026-06-21","2026-06-21","404"
"data/Model_Evaluation_Indoor_Outdoor_28062026/Eva_AllModels_results/EVA01-CLIP-g14/EVA01-CLIP-g14_confidence.png","File","data/Model_Evaluation_Indoor_Outdoor_28062026/Eva_AllModels_results/EVA01-CLIP-g14","Confidence-score distribution plot for EVA01-CLIP-g14.","2026-06-21","2026-06-21",""
"data/Model_Evaluation_Indoor_Outdoor_28062026/Eva_AllModels_results/EVA01-CLIP-g14/EVA01-CLIP-g14_confusion_matrix.png","File","data/Model_Evaluation_Indoor_Outdoor_28062026/Eva_AllModels_results/EVA01-CLIP-g14","Confusion matrix: gold standard vs. model prediction.","2026-06-21","2026-06-21",""
"data/Model_Evaluation_Indoor_Outdoor_28062026/Eva_AllModels_results/EVA01-CLIP-g14/EVA01-CLIP-g14_labels.csv","File","data/Model_Evaluation_Indoor_Outdoor_28062026/Eva_AllModels_results/EVA01-CLIP-g14","Predicted labels for EVA01-CLIP-g14.","2026-06-21","2026-06-21",""
"data/Model_Evaluation_Indoor_Outdoor_28062026/Eva_AllModels_results/EVA01-CLIP-g14/EVA01-CLIP-g14_metrics.csv","File","data/Model_Evaluation_Indoor_Outdoor_28062026/Eva_AllModels_results/EVA01-CLIP-g14","Evaluation metrics for EVA01-CLIP-g14.","2026-06-21","2026-06-21",""
"data/Model_Evaluation_Indoor_Outdoor_28062026/Eva_AllModels_results/EVA01-CLIP-g14/sorted","Folder","data/Model_Evaluation_Indoor_Outdoor_28062026/Eva_AllModels_results/EVA01-CLIP-g14","Images physically sorted into per-class subfolders (see subfolders).","2026-06-21","2026-06-21","400"
"data/Model_Evaluation_Indoor_Outdoor_28062026/Eva_AllModels_results/EVA01-CLIP-g14/sorted/indoor","Folder","data/Model_Evaluation_Indoor_Outdoor_28062026/Eva_AllModels_results/EVA01-CLIP-g14/sorted","Images classified as indoor.","2026-06-21","2026-06-21","173"
"data/Model_Evaluation_Indoor_Outdoor_28062026/Eva_AllModels_results/EVA01-CLIP-g14/sorted/outdoor","Folder","data/Model_Evaluation_Indoor_Outdoor_28062026/Eva_AllModels_results/EVA01-CLIP-g14/sorted","Images classified as outdoor.","2026-06-21","2026-06-21","227"
"data/Model_Evaluation_Indoor_Outdoor_28062026/Eva_AllModels_results/MobileCLIP-S1","Folder","data/Model_Evaluation_Indoor_Outdoor_28062026/Eva_AllModels_results","Predictions/results for the MobileCLIP-S1 model.","2026-06-21","2026-06-21","404"
"data/Model_Evaluation_Indoor_Outdoor_28062026/Eva_AllModels_results/MobileCLIP-S1/MobileCLIP-S1_confidence.png","File","data/Model_Evaluation_Indoor_Outdoor_28062026/Eva_AllModels_results/MobileCLIP-S1","Confidence-score distribution plot for MobileCLIP-S1.","2026-06-21","2026-06-21",""
"data/Model_Evaluation_Indoor_Outdoor_28062026/Eva_AllModels_results/MobileCLIP-S1/MobileCLIP-S1_confusion_matrix.png","File","data/Model_Evaluation_Indoor_Outdoor_28062026/Eva_AllModels_results/MobileCLIP-S1","Confusion matrix: gold standard vs. model prediction.","2026-06-21","2026-06-21",""
"data/Model_Evaluation_Indoor_Outdoor_28062026/Eva_AllModels_results/MobileCLIP-S1/MobileCLIP-S1_labels.csv","File","data/Model_Evaluation_Indoor_Outdoor_28062026/Eva_AllModels_results/MobileCLIP-S1","Predicted labels for MobileCLIP-S1.","2026-06-21","2026-06-21",""
"data/Model_Evaluation_Indoor_Outdoor_28062026/Eva_AllModels_results/MobileCLIP-S1/MobileCLIP-S1_metrics.csv","File","data/Model_Evaluation_Indoor_Outdoor_28062026/Eva_AllModels_results/MobileCLIP-S1","Evaluation metrics for MobileCLIP-S1.","2026-06-21","2026-06-21",""
"data/Model_Evaluation_Indoor_Outdoor_28062026/Eva_AllModels_results/MobileCLIP-S1/sorted","Folder","data/Model_Evaluation_Indoor_Outdoor_28062026/Eva_AllModels_results/MobileCLIP-S1","Images physically sorted into per-class subfolders (see subfolders).","2026-06-21","2026-06-21","400"
"data/Model_Evaluation_Indoor_Outdoor_28062026/Eva_AllModels_results/MobileCLIP-S1/sorted/indoor","Folder","data/Model_Evaluation_Indoor_Outdoor_28062026/Eva_AllModels_results/MobileCLIP-S1/sorted","Images classified as indoor.","2026-06-21","2026-06-21","173"
"data/Model_Evaluation_Indoor_Outdoor_28062026/Eva_AllModels_results/MobileCLIP-S1/sorted/outdoor","Folder","data/Model_Evaluation_Indoor_Outdoor_28062026/Eva_AllModels_results/MobileCLIP-S1/sorted","Images classified as outdoor.","2026-06-21","2026-06-21","227"
"data/Model_Evaluation_Indoor_Outdoor_28062026/Eva_AllModels_results_split","Folder","data/Model_Evaluation_Indoor_Outdoor_28062026","Full prompt-tuning evaluation (simple/detailed/mixed) for all 4 models -> winning combo used in Final_classification.","2026-06-21","2026-06-28","1062"
"data/Model_Evaluation_Indoor_Outdoor_28062026/Eva_AllModels_results_split/all_models_prompt_comparison.csv","File","data/Model_Evaluation_Indoor_Outdoor_28062026/Eva_AllModels_results_split","Prompt-style comparison aggregated across all 4 models.","2026-06-28","2026-06-24",""
"data/Model_Evaluation_Indoor_Outdoor_28062026/Eva_AllModels_results_split/CLIP-ViT-B32","Folder","data/Model_Evaluation_Indoor_Outdoor_28062026/Eva_AllModels_results_split","Predictions/results for the CLIP-ViT-B32 model.","2026-06-21","2026-06-28","265"
"data/Model_Evaluation_Indoor_Outdoor_28062026/Eva_AllModels_results_split/CLIP-ViT-B32/CLIP-ViT-B32_confidence.png","File","data/Model_Evaluation_Indoor_Outdoor_28062026/Eva_AllModels_results_split/CLIP-ViT-B32","Confidence-score distribution plot for CLIP-ViT-B32.","2026-06-21","2026-06-24",""
"data/Model_Evaluation_Indoor_Outdoor_28062026/Eva_AllModels_results_split/CLIP-ViT-B32/CLIP-ViT-B32_confusion_matrix.png","File","data/Model_Evaluation_Indoor_Outdoor_28062026/Eva_AllModels_results_split/CLIP-ViT-B32","Confusion matrix: gold standard vs. model prediction.","2026-06-21","2026-06-24",""
"data/Model_Evaluation_Indoor_Outdoor_28062026/Eva_AllModels_results_split/CLIP-ViT-B32/CLIP-ViT-B32_metrics.csv","File","data/Model_Evaluation_Indoor_Outdoor_28062026/Eva_AllModels_results_split/CLIP-ViT-B32","Evaluation metrics for CLIP-ViT-B32.","2026-06-21","2026-06-24",""
"data/Model_Evaluation_Indoor_Outdoor_28062026/Eva_AllModels_results_split/CLIP-ViT-B32/CLIP-ViT-B32_prompt_comparison.csv","File","data/Model_Evaluation_Indoor_Outdoor_28062026/Eva_AllModels_results_split/CLIP-ViT-B32","Prompt-style comparison (simple/detailed/mixed) for CLIP-ViT-B32.","2026-06-28","2026-06-24",""
"data/Model_Evaluation_Indoor_Outdoor_28062026/Eva_AllModels_results_split/CLIP-ViT-B32/CLIP-ViT-B32_test_predictions.csv","File","data/Model_Evaluation_Indoor_Outdoor_28062026/Eva_AllModels_results_split/CLIP-ViT-B32","Test-set predictions for CLIP-ViT-B32.","2026-06-21","2026-06-24",""
"data/Model_Evaluation_Indoor_Outdoor_28062026/Eva_AllModels_results_split/CLIP-ViT-B32/sorted","Folder","data/Model_Evaluation_Indoor_Outdoor_28062026/Eva_AllModels_results_split/CLIP-ViT-B32","Images physically sorted into per-class subfolders (see subfolders).","2026-06-21","2026-06-21","260"
"data/Model_Evaluation_Indoor_Outdoor_28062026/Eva_AllModels_results_split/CLIP-ViT-B32/sorted/indoor","Folder","data/Model_Evaluation_Indoor_Outdoor_28062026/Eva_AllModels_results_split/CLIP-ViT-B32/sorted","Images classified as indoor.","2026-06-21","2026-06-21","91"
"data/Model_Evaluation_Indoor_Outdoor_28062026/Eva_AllModels_results_split/CLIP-ViT-B32/sorted/outdoor","Folder","data/Model_Evaluation_Indoor_Outdoor_28062026/Eva_AllModels_results_split/CLIP-ViT-B32/sorted","Images classified as outdoor.","2026-06-21","2026-06-21","169"
"data/Model_Evaluation_Indoor_Outdoor_28062026/Eva_AllModels_results_split/CLIP-ViT-L14","Folder","data/Model_Evaluation_Indoor_Outdoor_28062026/Eva_AllModels_results_split","Predictions/results for the CLIP-ViT-L14 model.","2026-06-21","2026-06-28","265"
"data/Model_Evaluation_Indoor_Outdoor_28062026/Eva_AllModels_results_split/CLIP-ViT-L14/CLIP-ViT-L14_confidence.png","File","data/Model_Evaluation_Indoor_Outdoor_28062026/Eva_AllModels_results_split/CLIP-ViT-L14","Confidence-score distribution plot for CLIP-ViT-L14.","2026-06-21","2026-06-24",""
"data/Model_Evaluation_Indoor_Outdoor_28062026/Eva_AllModels_results_split/CLIP-ViT-L14/CLIP-ViT-L14_confusion_matrix.png","File","data/Model_Evaluation_Indoor_Outdoor_28062026/Eva_AllModels_results_split/CLIP-ViT-L14","Confusion matrix: gold standard vs. model prediction.","2026-06-21","2026-06-24",""
"data/Model_Evaluation_Indoor_Outdoor_28062026/Eva_AllModels_results_split/CLIP-ViT-L14/CLIP-ViT-L14_metrics.csv","File","data/Model_Evaluation_Indoor_Outdoor_28062026/Eva_AllModels_results_split/CLIP-ViT-L14","Evaluation metrics for CLIP-ViT-L14.","2026-06-21","2026-06-24",""
"data/Model_Evaluation_Indoor_Outdoor_28062026/Eva_AllModels_results_split/CLIP-ViT-L14/CLIP-ViT-L14_prompt_comparison.csv","File","data/Model_Evaluation_Indoor_Outdoor_28062026/Eva_AllModels_results_split/CLIP-ViT-L14","Prompt-style comparison (simple/detailed/mixed) for CLIP-ViT-L14.","2026-06-28","2026-06-24",""
"data/Model_Evaluation_Indoor_Outdoor_28062026/Eva_AllModels_results_split/CLIP-ViT-L14/CLIP-ViT-L14_test_predictions.csv","File","data/Model_Evaluation_Indoor_Outdoor_28062026/Eva_AllModels_results_split/CLIP-ViT-L14","Test-set predictions for CLIP-ViT-L14.","2026-06-21","2026-06-24",""
"data/Model_Evaluation_Indoor_Outdoor_28062026/Eva_AllModels_results_split/CLIP-ViT-L14/sorted","Folder","data/Model_Evaluation_Indoor_Outdoor_28062026/Eva_AllModels_results_split/CLIP-ViT-L14","Images physically sorted into per-class subfolders (see subfolders).","2026-06-21","2026-06-21","260"
"data/Model_Evaluation_Indoor_Outdoor_28062026/Eva_AllModels_results_split/CLIP-ViT-L14/sorted/indoor","Folder","data/Model_Evaluation_Indoor_Outdoor_28062026/Eva_AllModels_results_split/CLIP-ViT-L14/sorted","Images classified as indoor.","2026-06-21","2026-06-21","113"
"data/Model_Evaluation_Indoor_Outdoor_28062026/Eva_AllModels_results_split/CLIP-ViT-L14/sorted/outdoor","Folder","data/Model_Evaluation_Indoor_Outdoor_28062026/Eva_AllModels_results_split/CLIP-ViT-L14/sorted","Images classified as outdoor.","2026-06-21","2026-06-21","147"
"data/Model_Evaluation_Indoor_Outdoor_28062026/Eva_AllModels_results_split/EVA01-CLIP-g14","Folder","data/Model_Evaluation_Indoor_Outdoor_28062026/Eva_AllModels_results_split","Predictions/results for the EVA01-CLIP-g14 model.","2026-06-21","2026-06-28","265"
"data/Model_Evaluation_Indoor_Outdoor_28062026/Eva_AllModels_results_split/EVA01-CLIP-g14/EVA01-CLIP-g14_confidence.png","File","data/Model_Evaluation_Indoor_Outdoor_28062026/Eva_AllModels_results_split/EVA01-CLIP-g14","Confidence-score distribution plot for EVA01-CLIP-g14.","2026-06-21","2026-06-24",""
"data/Model_Evaluation_Indoor_Outdoor_28062026/Eva_AllModels_results_split/EVA01-CLIP-g14/EVA01-CLIP-g14_confusion_matrix.png","File","data/Model_Evaluation_Indoor_Outdoor_28062026/Eva_AllModels_results_split/EVA01-CLIP-g14","Confusion matrix: gold standard vs. model prediction.","2026-06-21","2026-06-24",""
"data/Model_Evaluation_Indoor_Outdoor_28062026/Eva_AllModels_results_split/EVA01-CLIP-g14/EVA01-CLIP-g14_metrics.csv","File","data/Model_Evaluation_Indoor_Outdoor_28062026/Eva_AllModels_results_split/EVA01-CLIP-g14","Evaluation metrics for EVA01-CLIP-g14.","2026-06-21","2026-06-24",""
"data/Model_Evaluation_Indoor_Outdoor_28062026/Eva_AllModels_results_split/EVA01-CLIP-g14/EVA01-CLIP-g14_prompt_comparison.csv","File","data/Model_Evaluation_Indoor_Outdoor_28062026/Eva_AllModels_results_split/EVA01-CLIP-g14","Prompt-style comparison (simple/detailed/mixed) for EVA01-CLIP-g14.","2026-06-28","2026-06-24",""
"data/Model_Evaluation_Indoor_Outdoor_28062026/Eva_AllModels_results_split/EVA01-CLIP-g14/EVA01-CLIP-g14_test_predictions.csv","File","data/Model_Evaluation_Indoor_Outdoor_28062026/Eva_AllModels_results_split/EVA01-CLIP-g14","Test-set predictions for EVA01-CLIP-g14.","2026-06-21","2026-06-24",""
"data/Model_Evaluation_Indoor_Outdoor_28062026/Eva_AllModels_results_split/EVA01-CLIP-g14/sorted","Folder","data/Model_Evaluation_Indoor_Outdoor_28062026/Eva_AllModels_results_split/EVA01-CLIP-g14","Images physically sorted into per-class subfolders (see subfolders).","2026-06-21","2026-06-21","260"
"data/Model_Evaluation_Indoor_Outdoor_28062026/Eva_AllModels_results_split/EVA01-CLIP-g14/sorted/indoor","Folder","data/Model_Evaluation_Indoor_Outdoor_28062026/Eva_AllModels_results_split/EVA01-CLIP-g14/sorted","Images classified as indoor.","2026-06-21","2026-06-21","107"
"data/Model_Evaluation_Indoor_Outdoor_28062026/Eva_AllModels_results_split/EVA01-CLIP-g14/sorted/outdoor","Folder","data/Model_Evaluation_Indoor_Outdoor_28062026/Eva_AllModels_results_split/EVA01-CLIP-g14/sorted","Images classified as outdoor.","2026-06-21","2026-06-21","153"
"data/Model_Evaluation_Indoor_Outdoor_28062026/Eva_AllModels_results_split/MobileCLIP-S1","Folder","data/Model_Evaluation_Indoor_Outdoor_28062026/Eva_AllModels_results_split","Predictions/results for the MobileCLIP-S1 model.","2026-06-21","2026-06-28","265"
"data/Model_Evaluation_Indoor_Outdoor_28062026/Eva_AllModels_results_split/MobileCLIP-S1/MobileCLIP-S1_confidence.png","File","data/Model_Evaluation_Indoor_Outdoor_28062026/Eva_AllModels_results_split/MobileCLIP-S1","Confidence-score distribution plot for MobileCLIP-S1.","2026-06-21","2026-06-24",""
"data/Model_Evaluation_Indoor_Outdoor_28062026/Eva_AllModels_results_split/MobileCLIP-S1/MobileCLIP-S1_confusion_matrix.png","File","data/Model_Evaluation_Indoor_Outdoor_28062026/Eva_AllModels_results_split/MobileCLIP-S1","Confusion matrix: gold standard vs. model prediction.","2026-06-21","2026-06-24",""
"data/Model_Evaluation_Indoor_Outdoor_28062026/Eva_AllModels_results_split/MobileCLIP-S1/MobileCLIP-S1_metrics.csv","File","data/Model_Evaluation_Indoor_Outdoor_28062026/Eva_AllModels_results_split/MobileCLIP-S1","Evaluation metrics for MobileCLIP-S1.","2026-06-21","2026-06-24",""
"data/Model_Evaluation_Indoor_Outdoor_28062026/Eva_AllModels_results_split/MobileCLIP-S1/MobileCLIP-S1_prompt_comparison.csv","File","data/Model_Evaluation_Indoor_Outdoor_28062026/Eva_AllModels_results_split/MobileCLIP-S1","Prompt-style comparison (simple/detailed/mixed) for MobileCLIP-S1.","2026-06-28","2026-06-24",""
"data/Model_Evaluation_Indoor_Outdoor_28062026/Eva_AllModels_results_split/MobileCLIP-S1/MobileCLIP-S1_test_predictions.csv","File","data/Model_Evaluation_Indoor_Outdoor_28062026/Eva_AllModels_results_split/MobileCLIP-S1","Test-set predictions for MobileCLIP-S1.","2026-06-21","2026-06-24",""
"data/Model_Evaluation_Indoor_Outdoor_28062026/Eva_AllModels_results_split/MobileCLIP-S1/sorted","Folder","data/Model_Evaluation_Indoor_Outdoor_28062026/Eva_AllModels_results_split/MobileCLIP-S1","Images physically sorted into per-class subfolders (see subfolders).","2026-06-21","2026-06-21","260"
"data/Model_Evaluation_Indoor_Outdoor_28062026/Eva_AllModels_results_split/MobileCLIP-S1/sorted/indoor","Folder","data/Model_Evaluation_Indoor_Outdoor_28062026/Eva_AllModels_results_split/MobileCLIP-S1/sorted","Images classified as indoor.","2026-06-21","2026-06-21","111"
"data/Model_Evaluation_Indoor_Outdoor_28062026/Eva_AllModels_results_split/MobileCLIP-S1/sorted/outdoor","Folder","data/Model_Evaluation_Indoor_Outdoor_28062026/Eva_AllModels_results_split/MobileCLIP-S1/sorted","Images classified as outdoor.","2026-06-21","2026-06-21","149"
"data/Model_Evaluation_Indoor_Outdoor_28062026/Eva_AllModels_results_split/model_comparison.csv","File","data/Model_Evaluation_Indoor_Outdoor_28062026/Eva_AllModels_results_split","Cross-model comparison summary for this evaluation round.","2026-06-21","2026-06-24",""
"data/Model_Evaluation_Indoor_Outdoor_28062026/photo_labels_indoor_outdoor_20062026.csv","File","data/Model_Evaluation_Indoor_Outdoor_28062026","Ground-truth labels for the evaluation sample.","2026-06-20","2026-06-20",""
"data/Model_Evaluation_Indoor_Outdoor_28062026/random_sample_images_indoor_outdoor_model_eva","Folder","data/Model_Evaluation_Indoor_Outdoor_28062026","400-image balanced sample (200 indoor / 200 outdoor).","2026-06-20","2026-06-20","400"
"data/Model_Evaluation_Indoor_Outdoor_28062026/random_sample_images_indoor_outdoor_model_eva/indoor","Folder","data/Model_Evaluation_Indoor_Outdoor_28062026/random_sample_images_indoor_outdoor_model_eva","Images classified as indoor.","2026-06-20","2026-06-20","200"
"data/Model_Evaluation_Indoor_Outdoor_28062026/random_sample_images_indoor_outdoor_model_eva/outdoor","Folder","data/Model_Evaluation_Indoor_Outdoor_28062026/random_sample_images_indoor_outdoor_model_eva","Images classified as outdoor.","2026-06-20","2026-06-20","200"
"data/Model_Evaluation_Indoor_Outdoor_28062026/README.md","File","data/Model_Evaluation_Indoor_Outdoor_28062026","This folder's README - explains its contents.","2026-07-03","2026-07-03",""
"data/Model_Evaluation_Indoor_Outdoor_28062026/split_eva","Folder","data/Model_Evaluation_Indoor_Outdoor_28062026","Sample split into dev (140) / test (260) sets.","2026-06-21","2026-06-21","402"
"data/Model_Evaluation_Indoor_Outdoor_28062026/split_eva/dev","Folder","data/Model_Evaluation_Indoor_Outdoor_28062026/split_eva","Dev split: 70 indoor / 70 outdoor.","2026-06-21","2026-06-21","140"
"data/Model_Evaluation_Indoor_Outdoor_28062026/split_eva/dev/indoor","Folder","data/Model_Evaluation_Indoor_Outdoor_28062026/split_eva/dev","Images classified as indoor.","2026-06-21","2026-06-21","70"
"data/Model_Evaluation_Indoor_Outdoor_28062026/split_eva/dev/outdoor","Folder","data/Model_Evaluation_Indoor_Outdoor_28062026/split_eva/dev","Images classified as outdoor.","2026-06-21","2026-06-21","70"
"data/Model_Evaluation_Indoor_Outdoor_28062026/split_eva/dev_labels.csv","File","data/Model_Evaluation_Indoor_Outdoor_28062026/split_eva","Ground-truth labels for the dev split.","2026-06-21","2026-06-24",""
"data/Model_Evaluation_Indoor_Outdoor_28062026/split_eva/test","Folder","data/Model_Evaluation_Indoor_Outdoor_28062026/split_eva","Test split: 130 indoor / 130 outdoor.","2026-06-21","2026-06-21","260"
"data/Model_Evaluation_Indoor_Outdoor_28062026/split_eva/test/indoor","Folder","data/Model_Evaluation_Indoor_Outdoor_28062026/split_eva/test","Images classified as indoor.","2026-06-21","2026-06-21","130"
"data/Model_Evaluation_Indoor_Outdoor_28062026/split_eva/test/outdoor","Folder","data/Model_Evaluation_Indoor_Outdoor_28062026/split_eva/test","Images classified as outdoor.","2026-06-21","2026-06-21","130"
"data/Model_Evaluation_Indoor_Outdoor_28062026/split_eva/test_labels.csv","File","data/Model_Evaluation_Indoor_Outdoor_28062026/split_eva","Ground-truth labels for the test split.","2026-06-21","2026-06-24",""
"data/PUD_Analysis","Folder","data","Photo-User-Days recreation-intensity grid analysis on 3,422 landscape photos (228 cells with PUD>=1).","2026-07-02","2026-07-02","7"
"data/PUD_Analysis/landscape_puds_1km_grid_polygons.csv","File","data/PUD_Analysis","Per-cell PUD statistics (PUD_total, n_images, n_unique_users, etc.).","2026-07-02","2026-07-02",""
"data/PUD_Analysis/landscape_puds_1km_grid_polygons_utm.gpkg","File","data/PUD_Analysis","PUD grid polygons, UTM 37S projection.","2026-07-02","2026-07-02",""
"data/PUD_Analysis/landscape_puds_1km_grid_polygons_wgs84.gpkg","File","data/PUD_Analysis","PUD grid polygons, WGS84 projection.","2026-07-02","2026-07-02",""
"data/PUD_Analysis/landscape_puds_map_final.png","File","data/PUD_Analysis","PUD intensity choropleth map.","2026-07-02","2026-07-02",""
"data/PUD_Analysis/landscape_puds_map_osm.png","File","data/PUD_Analysis","PUD intensity choropleth map with OSM basemap.","2026-07-02","2026-07-02",""
"data/PUD_Analysis/landscape_puds_per_user_map_osm.png","File","data/PUD_Analysis","PUD map normalized by unique users per cell.","2026-07-02","2026-07-02",""
"data/PUD_Analysis/landscape_unique_users_map_final.png","File","data/PUD_Analysis","Map of unique-user counts per grid cell.","2026-07-02","2026-07-02",""
"data/PUD_Analysis/README.md","File","data/PUD_Analysis","This folder's README - explains its contents.","2026-07-03","2026-07-03",""
"data/README.md","File","data","This folder's README - explains its contents.","2026-07-03","2026-07-03",""
"data/README_FinalDATASET.xlsx","File","data","Documentation of the dataset fields and the Flickr collection/query process.","2026-05-26","2024-08-12",""
"data/weights","Folder","data","Downloaded pretrained model weights.","2026-05-26","2026-05-26","1"
"data/weights/mobileclip_weights","Folder","data/weights","MobileCLIP-S1 checkpoint (mobileclip_s1.pt).","2026-05-26","2026-05-26","1"
"data/weights/mobileclip_weights/mobileclip_s1.pt","File","data/weights/mobileclip_weights","Pretrained MobileCLIP-S1 checkpoint.","2026-05-26","2026-05-22",""
"data/weights/README.md","File","data/weights","This folder's README - explains its contents.","2026-07-03","2026-07-03",""
"figures","Folder","(root)","Standalone figures for the thesis manuscript.","2026-05-20","2026-05-20","1"
"figures/maps","Folder","figures","Kilimanjaro photo-distribution map.","2026-05-20","2026-06-30","1"
"figures/maps/kilimanjaro_photo_map.png","File","figures/maps","Flickr photo-distribution map around Kilimanjaro.","2026-06-30","2026-06-06",""
"figures/plots","Folder","figures","Empty - reserved for result plots.","2026-05-20","2026-05-20","0"
"figures/README.md","File","figures","This folder's README - explains its contents.","2026-07-03","2026-07-03",""
"literature","Folder","(root)","Bibliography (.bib).","2026-05-20","2026-05-20","1"
"literature/Masterthesis_Lit.bib","File","literature","BibTeX bibliography for the thesis (~95 entries).","2026-05-20","2026-05-20",""
"literature/README.md","File","literature","This folder's README - explains its contents.","2026-07-03","2026-07-03",""
"README.md","File","(root)","Root overview README - project pipeline, folder map, links to all sub-READMEs.","2026-07-03","2026-07-03",""
"texts","Folder","(root)","LaTeX thesis manuscript and literature-review document.","2026-05-20","2026-05-20","5"
"texts/MT_doc","Folder","texts","Master's thesis manuscript (main.tex, titlepage.tex, Masterthesis.bib).","2026-05-20","2026-05-20","3"
"texts/MT_doc/main.tex","File","texts/MT_doc","Master's thesis manuscript main LaTeX file.","2026-05-20","2026-05-20",""
"texts/MT_doc/Masterthesis.bib","File","texts/MT_doc","Working-copy bibliography for the manuscript.","2026-05-20","2026-05-20",""
"texts/MT_doc/titlepage.tex","File","texts/MT_doc","Thesis title page (University Marburg, Fachbereich 19 Geographie).","2026-05-20","2026-05-20",""
"texts/README.md","File","texts","This folder's README - explains its contents.","2026-07-03","2026-07-03",""
"texts/Sota_Landscape_Indicators","Folder","texts","State-of-the-art literature review on landscape indicators.","2026-05-20","2026-05-20","2"
"texts/Sota_Landscape_Indicators/main.tex","File","texts/Sota_Landscape_Indicators","State-of-the-art literature review on landscape indicators, main LaTeX file.","2026-05-20","2026-05-20",""
"texts/Sota_Landscape_Indicators/titlepage.tex","File","texts/Sota_Landscape_Indicators","Title page for the literature-review document.","2026-05-20","2026-05-20",""
"mother_table.csv","File","(root)","This file - master catalog of every folder/file in the repo, with description, dates and file counts.","2026-07-03","2026-07-03",""
